Date,Security,SecurityName,Action,Quantity,Price,Total,Area,AMD,AKAM,APH,CSCO,INTC,IBM,INTU,IPGP,BAX,GILD,HCA,HSIC,PFE,C,CFG,GS,HIG,HBAN,JPM,KEY,AMGN,ANTM,MDT,CINF,ICE,IVZ,CDW,CDNS
2019-10-31,AMD,Advanced Micro Devices Inc,Deposit,1,33.13,33.13,Information Technology,33.13,87.39,100.82,47.56,56.6,135.25,260.29,133.56,76.88,63.15,134.77,62.8,36.51,72.97,35.5,215.81,56.94,14.21,125.73,18.27,210.88,273.46,108.55,112.78,93.18,16.88,127.38,66.94
2019-11-01,AKAM,Akamai Technologies Inc,Deposit,2,86.5,173.0,Information Technology,33.93,86.5,100.33,47.51,56.53,133.73,257.5,134.28,76.7,63.71,133.54,62.59,36.4,71.86,35.16,213.38,57.08,14.13,124.92,17.97,213.25,269.08,108.9,113.21,94.32,16.82,127.91,65.35
2019-11-02,APH,Amphenol Corp,Buy,4,102.78,411.12,Information Technology,34.89,87.5,102.78,47.03,56.51,135.53,256.48,139.69,77.91,64.66,133.65,63.3,36.42,73.84,36.05,217.39,57.52,14.34,127.8,18.29,217.95,270.75,108.57,112.1,92.93,17.21,131.2,65.48
2019-11-05,CSCO,Cisco Systems,Deposit,10,47.48,474.8,Information Technology,36.29,87.51,104.2,47.48,57.61,137.67,254.06,145.51,77.83,65.21,136.22,65.73,36.08,75.15,37.15,219.87,57.53,14.7,128.82,18.96,214.41,271.72,107.15,110.18,91.17,17.78,131.8,66.88
2019-11-06,INTC,Intel Corp.,Buy,6,57.55,345.3,Information Technology,36.15,87.79,104.41,47.76,57.55,137.89,253.16,153.1,77.48,65.39,134.34,67.73,35.56,74.83,37.9,218.64,60.39,14.87,129.1,19.19,215.08,273.0,105.53,110.03,89.41,18.12,135.81,67.2
2019-11-07,IBM,International Business Machines,Deposit,6,138.78,832.68,Information Technology,35.93,87.4,102.89,48.27,57.6,138.78,253.42,148.54,78.37,65.41,134.87,68.6,35.68,74.42,37.68,218.42,61.08,14.91,129.3,19.13,216.4,277.32,106.87,110.89,91.11,18.04,132.96,67.14
2019-11-08,INTU,Intuit Inc.,Deposit,2,259.35,518.7,Information Technology,36.28,85.75,102.53,48.42,58.05,137.69,259.35,148.01,78.0,63.96,136.21,68.74,35.02,75.81,38.19,223.29,61.0,14.98,130.0,19.3,217.99,279.77,106.8,109.03,90.64,18.18,132.93,66.87
2019-11-09,IPGP,IPG Photonics Corp.,Deposit,8,147.25,1178.0,Information Technology,36.29,84.53,102.7,48.83,58.27,137.61,256.85,147.25,78.51,65.38,136.84,68.91,35.15,76.12,38.52,222.91,61.09,14.98,130.38,19.36,221.11,282.09,107.03,108.7,90.47,17.82,133.52,67.1
2019-11-12,BAX,Baxter International Inc.,Buy,1,78.86,78.86,Health Care,36.31,85.19,102.17,48.1,58.35,135.47,258.03,142.79,78.86,64.64,135.33,67.4,35.04,75.6,38.38,219.03,61.35,14.93,129.92,19.2,220.7,279.15,107.96,109.14,91.18,17.64,134.11,67.45
2019-11-13,GILD,Gilead Sciences,Deposit,8,64.32,514.56,Health Care,36.71,84.72,101.51,48.37,58.2,135.59,259.98,140.9,80.1,64.32,135.14,67.88,35.08,75.07,38.39,220.41,61.65,14.91,129.16,19.2,221.31,283.67,108.63,108.57,91.4,17.6,133.82,67.58
2019-11-14,HCA,HCA Healthcare,Buy,1,134.39,134.39,Health Care,37.52,85.6,101.67,48.46,57.89,134.48,261.75,139.82,80.88,63.33,134.39,68.28,34.72,73.91,37.9,219.32,61.49,14.67,128.48,18.88,219.67,283.74,109.01,108.37,92.67,17.42,135.48,67.21
2019-11-15,HSIC,Henry Schein,Deposit,7,68.18,477.26,Health Care,38.35,85.65,101.1,44.91,57.81,134.0,264.78,139.16,80.74,63.81,134.49,68.18,34.68,73.84,37.57,219.43,61.62,14.69,128.6,18.87,218.5,282.01,109.21,108.0,93.17,17.28,132.82,67.16
2019-11-16,PFE,Pfizer Inc.,Deposit,6,35.37,212.22,Health Care,38.56,87.71,102.25,45.09,57.96,134.4,266.05,140.85,81.44,65.07,138.05,68.46,35.37,74.4,38.0,220.25,62.0,14.79,129.53,18.97,220.86,297.82,112.06,107.1,92.96,17.45,136.55,67.48
2019-11-19,C,Citigroup Inc.,Buy,10,74.4,744.0,Financials,39.88,88.41,102.45,45.15,58.25,134.31,268.4,136.52,81.12,64.29,136.78,68.69,35.31,74.4,38.0,219.73,62.03,14.73,130.62,18.97,220.67,294.0,111.25,107.86,92.82,17.37,137.64,67.23
2019-11-20,CFG,Citizens Financial Group,Buy,1,38.03,38.03,Financials,41.29,88.51,103.26,45.47,58.35,134.52,272.26,137.55,81.67,65.0,138.81,69.5,35.73,74.82,38.03,220.04,62.15,14.79,130.58,19.11,224.5,292.72,111.07,107.9,93.98,17.52,137.8,68.49
2019-11-21,GS,Goldman Sachs Group,Deposit,1,217.91,217.91,Financials,40.98,86.86,102.22,45.08,57.9,133.2,273.48,137.14,82.0,64.88,139.76,68.35,35.15,73.91,38.0,217.91,61.9,14.66,129.63,19.08,225.51,292.7,111.79,107.93,94.48,17.19,137.7,67.7
2019-11-22,HIG,Hartford Financial Svc.Gp.,Buy,6,61.63,369.78,Financials,39.52,87.57,101.78,44.84,58.22,133.84,271.15,138.53,82.25,65.73,139.29,68.44,35.81,73.9,38.11,218.23,61.63,14.69,129.93,19.1,227.82,293.73,110.49,106.09,93.89,17.07,137.59,67.19
2019-11-23,HBAN,Huntington Bancshares,Deposit,3,14.86,44.58,Financials,39.15,87.97,101.74,44.85,57.61,134.34,259.81,139.42,82.02,65.26,139.2,69.3,36.37,74.87,38.59,220.28,61.59,14.86,130.79,19.26,230.74,291.83,110.82,105.75,93.75,17.33,136.44,67.19
2019-11-26,JPM,JPMorgan Chase & Co.,Buy,5,131.49,657.45,Financials,39.79,87.74,103.25,45.45,58.81,135.97,257.07,142.78,82.04,67.22,141.54,70.36,36.7,75.68,38.74,222.75,61.85,14.91,131.49,19.42,234.54,293.89,111.78,105.94,94.32,17.75,138.02,68.17
2019-11-27,KEY,KeyCorp,Buy,7,19.29,135.03,Financials,38.99,88.69,103.03,45.31,58.9,135.09,265.88,140.85,82.01,67.28,138.9,69.98,36.33,75.46,38.49,222.45,62.59,14.77,131.67,19.29,234.39,287.24,111.33,107.28,94.47,17.55,136.99,69.53
2019-11-28,AMD,Advanced Micro Devices Inc,Buy,10,39.41,394.1,Information Technology,39.41,87.29,103.77,45.24,58.51,133.77,262.15,144.82,82.46,67.12,139.93,69.96,36.65,75.72,38.65,222.95,62.52,14.92,132.06,19.45,234.54,289.45,112.47,107.4,93.43,17.7,136.45,70.9
2019-11-30,APH,Amphenol Corp,Buy,2,104.0,208.0,Information Technology,39.15,87.12,104.0,45.31,58.05,134.45,258.89,142.09,81.97,67.24,138.66,68.9,36.55,75.12,38.46,221.35,61.86,14.89,131.76,19.39,234.72,288.66,111.39,107.05,94.17,17.56,135.05,70.25
2019-12-03,CSCO,Cisco Systems,Buy,10,44.7,447.0,Information Technology,38.73,85.62,102.7,44.7,57.66,132.91,256.55,139.26,81.86,66.12,138.49,69.08,36.33,74.52,38.31,217.64,61.45,14.83,131.47,19.06,233.48,287.43,110.91,105.63,93.3,17.29,134.08,67.48
2019-12-04,INTC,Intel Corp.,Buy,6,56.07,336.42,Information Technology,38.9,85.92,101.78,44.28,56.07,132.12,253.68,139.57,81.01,66.07,138.17,68.84,36.1,73.33,37.76,212.24,60.3,14.65,129.78,18.77,232.77,286.19,110.99,104.39,93.45,16.69,133.14,65.22
2019-12-05,IBM,International Business Machines,Buy,2,131.99,263.98,Information Technology,39.69,86.43,102.99,43.89,56.02,131.99,254.25,143.25,82.43,66.75,140.61,69.15,36.19,74.23,38.36,215.94,60.8,14.85,132.34,19.09,233.88,287.38,111.94,104.55,93.32,16.76,135.33,65.93
2019-12-06,INTU,Intuit Inc.,Deposit,4,253.78,1015.12,Information Technology,39.62,84.33,102.98,43.52,56.08,131.91,253.78,140.17,82.48,65.93,140.68,69.17,36.08,74.71,38.56,217.14,60.52,14.89,133.06,19.3,233.41,286.3,112.2,104.7,93.65,16.61,134.42,65.81
2019-12-07,IPGP,IPG Photonics Corp.,Buy,9,141.98,1277.82,Information Technology,39.63,85.25,104.03,43.84,56.81,133.22,256.18,141.98,83.17,67.08,144.61,69.42,36.33,75.81,39.03,224.61,60.84,15.21,135.04,19.66,233.77,285.27,113.09,105.37,93.8,16.79,136.66,67.18
2019-12-10,BAX,Baxter International Inc.,Deposit,10,81.55,815.5,Health Care,38.93,84.11,104.46,43.9,56.53,133.92,255.77,137.38,81.55,66.93,142.84,68.68,36.36,75.33,38.95,221.81,61.04,15.28,134.41,19.64,232.82,282.33,111.13,106.26,92.88,16.66,134.34,66.03
2019-12-11,GILD,Gilead Sciences,Buy,6,67.08,402.48,Health Care,39.44,84.09,105.12,44.1,56.59,133.91,252.32,136.81,82.29,67.08,142.44,68.33,36.51,75.78,39.33,221.88,61.17,15.37,134.5,19.71,233.84,283.85,111.04,105.71,92.33,16.85,135.75,65.85
2019-12-12,HCA,HCA Healthcare,Buy,8,142.53,1140.24,Health Care,39.47,83.85,105.93,44.28,57.07,133.76,251.9,138.64,83.01,67.78,142.53,69.1,36.26,75.55,39.14,221.19,60.92,15.21,134.18,19.65,234.01,280.6,111.72,105.32,92.31,17.09,135.66,65.89
2019-12-13,HSIC,Henry Schein,Buy,7,68.82,481.74,Health Care,42.59,83.34,108.02,45.67,57.55,135.32,252.75,143.2,83.51,67.63,143.58,68.82,36.57,77.05,40.56,226.05,61.28,15.6,138.02,20.39,235.99,284.42,112.38,106.18,90.72,17.71,136.8,66.88
2019-12-14,PFE,Pfizer Inc.,Deposit,4,36.37,145.48,Health Care,41.15,84.69,107.14,45.3,57.79,134.21,259.64,144.62,83.96,65.77,142.86,68.49,36.37,76.39,40.12,225.0,61.07,15.35,136.81,20.06,236.74,284.12,113.52,105.45,91.91,17.62,137.77,67.92
2019-12-17,C,Citigroup Inc.,Deposit,6,76.91,461.46,Financials,42.35,85.5,107.79,45.98,57.7,134.13,263.5,145.78,83.86,66.12,143.67,68.69,37.13,76.91,40.29,228.04,61.06,15.34,137.34,20.11,243.2,291.78,114.54,105.7,92.27,17.9,140.69,69.06
2019-12-18,CFG,Citizens Financial Group,Deposit,10,40.53,405.3,Financials,42.77,84.29,106.9,46.44,57.3,134.22,260.4,148.72,83.25,66.2,143.43,68.15,36.91,77.74,40.53,231.15,60.89,15.33,138.18,20.36,242.84,290.74,114.35,105.58,92.6,18.22,139.36,69.13
2019-12-19,GS,Goldman Sachs Group,Buy,10,230.45,2304.5,Financials,42.3,84.9,106.22,46.64,57.17,134.41,263.2,147.39,83.66,65.68,144.08,68.36,36.9,77.92,40.4,230.45,60.91,15.3,138.04,20.31,241.94,293.18,113.8,103.81,91.86,18.36,140.62,69.94
2019-12-20,HIG,Hartford Financial Svc.Gp.,Buy,1,60.78,60.78,Financials,42.83,84.51,107.05,47.88,57.96,134.56,264.05,146.29,82.22,65.29,145.39,69.06,36.97,78.2,40.31,229.94,60.78,15.16,137.35,20.22,241.84,298.22,113.49,103.29,93.49,18.43,142.25,69.68
2019-12-21,HBAN,Huntington Bancshares,Buy,3,15.15,45.45,Financials,44.15,86.86,107.15,47.45,58.95,135.59,267.1,142.97,82.49,66.85,147.53,66.66,37.22,78.51,40.54,228.93,60.91,15.15,137.24,20.4,243.06,303.0,113.74,104.13,93.03,17.98,143.92,70.09
2019-12-24,JPM,JPMorgan Chase & Co.,Deposit,8,137.2,1097.6,Financials,45.46,85.91,107.26,48.1,59.23,135.55,266.28,144.64,84.52,66.75,148.76,66.38,37.31,78.76,40.44,229.09,60.1,15.12,137.2,20.25,243.03,303.18,113.89,102.99,92.36,18.18,142.87,70.14
2019-12-25,KEY,KeyCorp,Deposit,4,20.35,81.4,Financials,46.54,85.73,107.23,47.78,59.41,134.98,264.33,144.65,84.69,66.72,147.98,66.53,37.28,78.59,40.51,229.91,60.06,15.15,137.58,20.35,242.33,304.5,113.77,103.27,92.19,17.79,142.97,69.65
2019-12-27,AKAM,Akamai Technologies Inc,Buy,1,86.34,86.34,Information Technology,46.63,86.34,107.99,47.85,59.82,134.91,266.87,146.15,84.33,66.39,148.27,66.27,37.36,79.83,40.75,231.21,60.27,15.18,139.04,20.37,241.9,304.76,112.58,103.55,92.87,17.93,144.63,70.05
2019-12-28,APH,Amphenol Corp,Buy,5,108.06,540.3,Information Technology,46.18,86.5,108.06,47.77,60.08,135.27,267.06,143.92,84.05,65.95,149.26,66.58,37.31,79.67,40.48,230.66,60.56,15.12,139.14,20.28,241.53,306.42,113.35,103.9,93.0,17.83,143.96,70.29
2019-12-31,CSCO,Cisco Systems,Buy,7,47.59,333.13,Information Technology,45.52,85.88,108.28,47.59,59.62,132.81,262.84,143.42,83.43,64.93,147.55,66.44,36.92,79.51,40.43,229.8,60.69,15.04,138.63,20.22,240.27,305.31,112.93,104.44,92.44,17.93,142.78,69.99
2020-01-01,INTC,Intel Corp.,Deposit,3,59.85,179.55,Information Technology,45.86,86.38,108.23,47.96,59.85,134.04,261.93,144.92,83.62,64.98,147.81,66.72,37.17,79.89,40.61,229.93,60.77,15.08,139.4,20.24,241.07,302.03,113.45,105.15,92.55,17.98,142.84,69.36
2020-01-03,INTU,Intuit Inc.,Buy,7,266.16,1863.12,Information Technology,49.1,87.64,109.23,48.42,60.84,135.42,266.16,146.48,85.87,65.23,147.49,67.12,37.13,81.23,40.75,234.32,60.95,14.99,141.09,20.26,240.1,300.87,114.56,105.96,92.67,17.99,143.88,71.44
2020-01-04,IPGP,IPG Photonics Corp.,Buy,1,141.82,141.82,Information Technology,48.6,87.24,108.09,47.63,60.1,134.34,264.38,141.82,85.5,65.07,147.94,66.56,36.94,79.7,39.91,231.58,60.64,14.81,138.34,19.91,238.47,296.88,113.88,106.5,94.67,17.67,142.15,70.42
2020-01-07,BAX,Baxter International Inc.,Buy,4,85.29,341.16,Health Care,48.39,87.55,107.53,47.8,59.93,134.1,266.41,143.27,85.29,65.65,148.5,67.29,36.89,79.45,39.7,233.95,60.48,14.57,138.23,19.61,240.3,300.45,114.89,105.68,94.7,17.79,141.08,70.85
2020-01-08,GILD,Gilead Sciences,Deposit,4,65.12,260.48,Health Care,48.25,90.2,108.11,47.49,58.93,134.19,266.47,144.1,85.49,65.12,148.3,67.74,36.76,78.76,39.45,235.49,59.94,14.41,135.88,19.46,238.04,299.54,114.49,103.69,94.43,17.76,140.92,71.07
2020-01-09,HCA,HCA Healthcare,Deposit,2,149.28,298.56,Health Care,47.83,91.4,108.37,47.52,58.97,135.31,272.88,144.05,86.73,65.8,149.28,67.93,37.06,79.36,39.76,237.76,60.26,14.53,136.94,19.65,238.22,307.48,116.5,103.1,93.6,17.82,140.71,72.28
2020-01-10,HSIC,Henry Schein,Deposit,2,66.2,132.4,Health Care,48.97,93.19,108.75,47.32,59.3,136.74,274.9,139.64,86.54,65.84,147.42,66.2,36.9,80.08,40.02,242.6,60.62,14.56,137.44,19.69,238.93,306.41,118.39,104.94,94.43,18.01,141.97,73.36
2020-01-11,PFE,Pfizer Inc.,Buy,8,37.47,299.76,Health Care,48.17,93.53,108.32,47.13,58.94,136.69,275.25,135.27,85.9,65.03,148.14,66.62,37.47,79.25,39.52,242.11,59.76,14.38,136.07,19.45,238.26,307.74,118.64,104.7,94.25,17.7,142.36,73.03
2020-01-14,C,Citigroup Inc.,Deposit,6,80.65,483.9,Financials,48.75,94.68,109.11,47.97,59.59,136.6,276.04,137.08,89.37,64.31,147.16,66.22,37.39,80.65,39.86,245.21,59.5,14.46,137.2,19.48,236.92,296.74,118.01,105.09,95.03,18.06,143.35,73.39
2020-01-15,CFG,Citizens Financial Group,Buy,2,40.01,80.02,Financials,48.21,93.93,109.5,47.79,59.43,135.82,272.68,139.21,89.21,64.2,147.91,67.47,38.02,81.91,40.01,245.66,59.76,14.6,138.8,19.5,240.0,296.88,117.04,104.86,93.77,17.9,143.96,72.61
2020-01-16,GS,Goldman Sachs Group,Deposit,2,245.21,490.42,Financials,48.55,95.12,108.71,48.01,58.94,136.62,273.0,139.75,89.56,64.1,147.25,68.5,38.59,81.24,38.98,245.21,59.6,14.46,136.72,19.17,241.7,301.55,117.33,105.4,95.77,18.0,144.6,71.94
2020-01-17,HIG,Hartford Financial Svc.Gp.,Deposit,8,60.27,482.16,Financials,49.77,95.82,109.79,49.05,59.66,137.98,276.87,145.02,89.99,63.2,147.77,69.38,38.53,81.0,39.59,249.72,60.27,14.66,137.25,19.41,240.5,305.05,118.86,105.53,96.27,18.26,144.2,73.06
2020-01-18,HBAN,Huntington Bancshares,Deposit,8,14.71,117.68,Financials,50.93,95.31,109.45,49.02,59.6,138.31,282.85,145.95,89.73,62.98,148.4,69.29,38.43,81.12,40.87,249.46,61.22,14.71,138.2,19.59,241.49,305.39,119.03,107.31,96.77,18.32,136.85,73.73
2020-01-22,KEY,KeyCorp,Deposit,2,19.5,39.0,Financials,51.05,94.95,108.26,48.8,60.55,139.17,285.01,144.85,91.07,62.63,147.24,69.61,38.27,79.9,40.09,245.7,60.49,14.61,136.84,19.5,237.6,305.99,120.32,106.33,96.76,18.31,136.08,74.6
2020-01-23,AMD,Advanced Micro Devices Inc,Buy,2,51.43,102.86,Information Technology,51.43,95.6,106.63,49.07,62.73,143.89,290.28,146.21,91.16,63.4,147.14,70.74,38.13,80.1,40.15,247.05,59.9,14.73,136.68,19.62,236.75,303.51,121.09,107.14,96.43,18.51,136.58,74.8
2020-01-24,AKAM,Akamai Technologies Inc,Deposit,9,96.44,867.96,Information Technology,51.71,96.44,106.34,49.0,63.32,142.87,288.58,146.84,91.1,63.94,146.69,71.0,38.62,79.8,39.86,245.58,58.81,14.27,136.54,19.83,235.04,304.4,120.97,105.98,97.3,18.47,138.73,75.42
2020-01-25,APH,Amphenol Corp,Deposit,9,105.36,948.24,Information Technology,50.35,95.52,105.36,48.85,68.47,140.56,288.08,144.33,90.78,63.15,143.45,71.2,37.78,78.42,39.13,241.92,58.98,13.72,133.15,19.29,225.59,297.28,119.26,106.02,97.11,18.17,137.92,74.58
2020-01-28,CSCO,Cisco Systems,Buy,4,47.47,189.88,Information Technology,49.26,94.23,102.63,47.47,65.69,138.62,283.76,134.67,90.53,63.83,141.6,70.79,38.1,76.71,38.1,238.14,58.09,13.49,132.03,18.84,222.95,283.79,119.23,104.75,98.18,17.7,133.87,72.62
2020-01-29,INTC,Intel Corp.,Buy,5,67.31,336.55,Information Technology,50.53,94.83,103.41,47.77,67.31,139.55,288.16,136.69,90.55,64.36,145.5,70.41,36.19,77.24,38.01,242.58,58.68,13.6,134.43,19.09,224.84,290.32,119.18,105.35,98.94,17.97,135.46,74.18
2020-01-30,IBM,International Business Machines,Deposit,4,137.69,550.76,Information Technology,47.51,94.84,103.42,47.05,66.33,137.69,285.92,130.07,90.5,64.3,145.24,70.45,35.65,76.48,37.62,240.12,58.52,13.48,134.23,18.88,227.15,272.91,118.37,105.04,98.91,17.63,134.86,73.14
2020-01-31,INTU,Intuit Inc.,Buy,1,286.63,286.63,Information Technology,48.78,94.61,101.87,47.24,66.47,136.77,286.63,131.13,90.64,64.03,143.45,71.47,35.17,77.43,37.91,244.13,59.52,13.75,135.89,19.08,226.15,265.89,118.15,106.8,100.17,17.63,133.83,73.16
2020-02-01,IPGP,IPG Photonics Corp.,Deposit,7,127.67,893.69,Information Technology,47.0,93.35,99.47,45.97,63.93,143.73,280.38,127.67,89.22,63.2,138.8,68.94,35.33,74.41,37.28,237.75,59.28,13.57,132.36,18.71,216.05,265.28,115.44,104.95,99.74,17.3,130.45,72.11
2020-02-04,BAX,Baxter International Inc.,Buy,2,89.69,179.38,Health Care,48.02,93.68,99.95,46.53,64.42,146.27,282.8,132.81,89.69,66.36,141.8,69.62,35.59,75.13,37.68,239.01,60.14,13.72,133.37,18.98,216.88,266.43,117.99,106.31,100.04,17.28,132.89,72.83
2020-02-05,GILD,Gilead Sciences,Buy,5,67.4,337.0,Health Care,49.45,95.22,103.84,47.62,65.46,149.11,290.92,140.29,90.87,67.4,144.37,69.75,35.76,76.5,38.29,241.94,57.72,13.87,135.29,19.35,221.81,273.37,119.99,106.04,92.59,17.85,136.15,74.42
2020-02-06,HCA,HCA Healthcare,Deposit,5,151.04,755.2,Health Care,49.84,95.95,104.63,48.45,67.34,156.33,289.81,140.41,91.31,65.87,151.04,71.11,36.21,78.85,39.51,244.3,59.41,14.09,137.59,20.01,231.94,287.33,120.62,108.01,92.88,18.39,136.04,74.32
2020-02-07,HSIC,Henry Schein,Buy,5,70.97,354.85,Health Care,49.32,96.95,103.96,48.69,67.09,156.76,294.21,141.45,93.3,68.21,149.26,70.97,36.3,78.97,38.72,241.82,59.62,13.97,137.61,19.61,231.45,282.33,121.3,112.84,90.11,18.2,134.64,74.54
2020-02-08,PFE,Pfizer Inc.,Deposit,9,36.1,324.9,Health Care,49.73,96.12,103.36,47.97,66.02,153.41,294.71,133.55,91.25,68.87,145.93,69.97,36.1,78.69,38.42,238.0,59.81,13.96,137.17,19.6,229.33,276.48,118.95,112.83,92.63,18.22,132.66,73.55
2020-02-11,C,Citigroup Inc.,Buy,2,78.48,156.96,Financials,52.26,95.76,102.8,48.87,66.39,154.43,297.74,138.17,91.28,68.99,146.68,70.18,35.87,78.48,38.49,237.36,59.0,13.93,137.74,19.52,227.42,276.55,119.38,114.08,94.82,18.58,133.99,74.63
2020-02-12,CFG,Citizens Financial Group,Buy,9,39.0,351.0,Financials,53.8,96.37,102.62,49.13,67.41,153.48,296.92,140.75,91.85,67.76,149.56,70.89,36.14,79.09,39.0,236.46,59.48,14.03,138.0,19.7,228.96,279.91,118.95,114.92,94.76,18.89,135.97,75.71
2020-02-13,GS,Goldman Sachs Group,Buy,2,238.65,477.3,Financials,53.89,97.45,103.55,49.93,67.46,155.31,298.65,147.07,91.43,66.95,150.56,71.86,35.81,79.33,38.88,238.65,58.9,14.05,138.0,19.71,227.0,296.0,116.49,113.74,94.39,18.58,136.59,77.1
2020-02-14,HIG,Hartford Financial Svc.Gp.,Deposit,8,59.24,473.92,Financials,54.53,99.6,104.37,47.32,67.44,154.31,297.84,149.97,92.57,66.8,150.88,71.51,35.04,79.0,38.95,238.35,59.24,14.15,137.88,19.72,223.04,298.87,116.83,114.85,94.19,18.01,137.28,79.25
2020-02-15,HBAN,Huntington Bancshares,Buy,4,14.08,56.32,Financials,55.31,99.67,104.07,46.97,67.27,150.7,304.29,139.49,93.14,67.56,149.57,72.13,34.64,78.79,38.67,237.08,59.1,14.08,137.46,19.73,223.48,297.82,117.33,115.21,96.86,17.78,138.29,78.76
2020-02-19,KEY,KeyCorp,Deposit,5,19.56,97.8,Financials,56.89,100.96,101.39,46.59,66.14,151.1,303.57,135.81,92.22,67.01,148.23,72.99,34.46,77.58,37.96,233.21,58.53,13.91,135.64,19.56,221.69,302.45,112.66,113.85,96.2,17.62,134.87,78.58
2020-02-20,AMD,Advanced Micro Devices Inc,Deposit,2,58.9,117.8,Information Technology,58.9,102.56,103.11,46.29,67.11,150.86,305.61,143.94,93.16,67.35,150.08,73.71,34.37,78.05,38.35,237.33,58.09,14.03,137.49,19.73,222.96,304.06,113.77,113.02,95.42,17.69,136.63,80.02
2020-02-21,AKAM,Akamai Technologies Inc,Buy,7,101.47,710.29,Information Technology,57.27,101.47,103.71,46.85,65.45,151.22,301.24,140.87,93.06,67.0,148.11,68.92,34.01,78.22,38.78,232.73,58.08,14.14,137.49,20.02,222.14,293.94,113.86,112.12,95.21,18.03,138.24,76.97
2020-02-22,APH,Amphenol Corp,Buy,9,101.75,915.75,Information Technology,53.28,100.52,101.75,46.3,64.34,149.84,297.57,135.01,92.67,69.7,148.0,67.54,33.89,76.44,37.61,230.62,58.05,13.91,135.81,19.67,222.79,294.71,113.28,111.32,94.75,17.48,133.91,74.73
2020-02-25,CSCO,Cisco Systems,Buy,8,44.0,352.0,Information Technology,49.12,97.11,97.67,44.0,61.76,146.43,286.43,132.17,89.53,72.9,140.02,64.93,32.89,72.53,36.06,224.54,56.59,13.5,132.16,18.98,217.88,277.5,111.35,107.48,93.85,16.78,129.54,71.39
2020-02-26,INTC,Intel Corp.,Deposit,8,59.73,477.84,Information Technology,47.57,93.73,95.47,42.74,59.73,141.71,284.8,127.05,86.99,70.1,133.0,63.13,32.19,69.43,34.44,217.61,55.27,12.83,126.26,18.04,210.38,267.4,108.53,104.72,91.97,15.86,125.15,68.45
2020-02-27,IBM,International Business Machines,Deposit,5,139.75,698.75,Information Technology,47.49,92.54,95.67,42.16,59.65,139.75,280.09,126.73,87.03,74.7,128.37,63.18,32.94,68.18,33.69,215.78,54.45,12.7,126.64,17.67,214.54,268.15,106.15,103.13,93.86,15.46,124.84,68.88
2020-02-28,INTU,Intuit Inc.,Deposit,6,268.77,1612.62,Information Technology,44.01,89.31,92.58,40.04,55.83,133.11,268.77,122.81,84.27,72.66,127.36,62.52,32.35,64.45,32.44,205.69,51.96,12.35,121.37,16.71,203.5,257.86,100.98,97.66,91.82,14.6,116.08,65.84
2020-02-29,IPGP,IPG Photonics Corp.,Buy,8,127.64,1021.12,Information Technology,45.48,86.51,91.68,39.93,55.52,130.15,265.85,127.64,83.47,69.36,127.01,60.94,31.71,63.46,31.69,200.77,49.95,12.27,116.11,16.35,199.73,257.09,100.67,93.24,89.22,14.4,114.22,66.14
2020-03-03,BAX,Baxter International Inc.,Deposit,6,87.18,523.08,Health Care,47.46,90.91,94.93,41.17,58.18,134.3,281.18,130.35,87.18,75.4,135.05,62.92,33.09,67.59,33.32,209.47,53.12,12.94,121.52,16.97,212.2,271.27,102.62,101.36,93.4,14.78,119.98,68.36
2020-03-04,GILD,Gilead Sciences,Buy,10,74.21,742.1,Health Care,46.75,90.28,92.97,40.04,55.97,128.9,268.24,127.75,85.91,74.21,128.77,60.56,32.54,65.05,31.15,203.43,51.58,12.58,116.96,16.21,204.42,256.38,100.4,99.77,94.94,14.29,115.61,66.23
2020-03-05,HCA,HCA Healthcare,Deposit,2,135.23,270.46,Health Care,50.11,94.9,97.0,41.39,58.68,134.22,285.55,131.59,91.06,76.01,135.23,61.63,34.54,67.39,31.71,208.74,53.9,12.65,119.85,16.69,215.11,296.42,103.59,104.43,100.17,14.62,119.19,70.27
2020-03-06,HSIC,Henry Schein,Deposit,7,59.25,414.75,Health Care,48.11,92.98,93.42,39.57,56.96,129.55,287.18,127.61,87.65,76.13,127.83,59.25,33.64,63.49,29.77,198.79,51.7,11.78,113.97,15.98,212.12,287.16,100.18,101.14,97.91,13.42,113.81,67.84
2020-03-07,PFE,Pfizer Inc.,Deposit,10,33.23,332.3,Health Care,48.59,90.62,92.56,39.68,55.77,127.73,276.18,121.47,85.38,80.22,127.2,57.69,33.23,61.28,27.98,192.85,50.96,11.12,108.08,14.87,210.65,282.19,99.06,98.21,94.04,13.12,111.58,64.73
2020-03-10,C,Citigroup Inc.,Buy,5,51.37,256.85,Financials,43.27,82.62,85.53,37.96,50.85,117.81,260.04,116.93,78.4,73.52,116.74,54.51,32.03,51.37,22.76,172.81,46.62,9.45,93.44,12.16,198.37,269.82,92.4,90.7,88.62,11.59,98.21,59.75
2020-03-11,CFG,Citizens Financial Group,Deposit,7,25.41,177.87,Financials,45.38,86.15,90.49,40.08,53.98,124.77,269.66,123.35,82.98,72.34,120.87,57.87,32.82,55.58,25.41,184.35,48.3,9.97,100.7,13.37,206.8,286.05,96.36,95.99,90.55,12.47,104.09,62.92
2020-03-12,GS,Goldman Sachs Group,Buy,1,171.89,171.89,Financials,45.7,87.02,84.27,37.05,51.66,117.97,261.12,110.85,77.97,73.7,112.59,57.68,30.52,50.79,23.34,171.89,45.13,9.13,95.96,12.25,198.65,281.69,92.44,90.0,86.2,11.16,102.87,62.23
2020-03-13,HIG,Hartford Financial Svc.Gp.,Deposit,1,40.18,40.18,Financials,39.01,80.05,75.12,33.2,45.54,102.81,237.94,105.88,75.47,68.58,101.51,55.06,28.48,43.26,21.25,150.68,40.18,8.38,88.05,10.87,182.24,256.21,84.4,80.56,75.61,9.45,91.47,56.94
2020-03-14,HBAN,Huntington Bancshares,Deposit,8,9.5,76.0,Financials,43.9,85.73,79.6,37.64,54.43,107.95,261.25,112.15,80.99,70.75,104.28,56.71,31.03,51.04,23.66,177.17,42.52,9.5,103.91,12.73,202.1,270.34,88.82,90.58,83.12,10.8,101.3,62.47
2020-03-17,JPM,JPMorgan Chase & Co.,Buy,7,88.36,618.52,Financials,38.71,83.23,68.34,33.71,44.61,99.08,223.43,105.36,71.57,68.9,84.45,51.65,28.63,41.19,18.51,154.66,33.5,8.43,88.36,9.99,188.68,224.04,77.43,78.52,74.13,8.75,86.97,54.6
2020-03-18,KEY,KeyCorp,Buy,4,10.24,40.96,Financials,41.88,88.43,71.33,35.5,50.08,106.65,239.17,124.25,80.51,74.52,77.46,54.61,30.51,40.25,19.11,158.67,33.31,8.37,93.76,10.24,207.8,238.32,80.21,84.98,76.79,10.18,87.28,58.94
2020-03-19,AMGN,Amgen Inc.,Deposit,10,204.88,2048.8,Health Care,39.12,97.1,68.41,37.12,47.61,103.55,225.07,118.66,84.59,79.42,68.13,50.74,30.7,36.43,15.32,140.02,26.25,7.72,83.89,8.16,204.88,206.96,74.54,85.37,70.08,9.83,84.39,54.32
2020-03-20,ANTM,Anthem,Buy,2,200.87,401.74,Health Care,39.82,88.85,68.76,37.71,45.94,100.34,215.89,109.94,78.17,78.55,83.5,49.81,28.86,39.64,17.37,149.49,33.52,7.68,85.3,9.35,198.76,200.87,79.22,81.93,73.68,9.84,88.27,55.72
2020-03-21,BAX,Baxter International Inc.,Deposit,10,75.75,757.5,Health Care,39.61,82.37,70.04,35.6,45.83,95.39,201.84,109.08,75.75,73.26,78.5,45.01,27.52,38.06,17.52,138.41,31.27,7.62,83.5,9.19,188.25,191.59,77.46,75.03,72.99,8.55,79.56,55.08
2020-03-24,HSIC,Henry Schein,Buy,2,43.18,86.36,Health Care,41.64,85.54,69.0,34.6,49.58,94.77,194.72,110.02,71.81,72.61,78.76,43.18,27.03,35.39,15.87,134.97,30.71,7.0,79.03,8.56,185.93,174.68,72.92,66.78,66.85,7.61,85.6,55.86
2020-03-25,PFE,Pfizer Inc.,Buy,7,28.18,197.26,Health Care,46.22,89.98,74.15,38.6,52.4,105.48,233.82,121.2,73.91,73.96,86.75,46.98,28.18,40.66,17.8,153.6,34.63,7.43,88.43,9.77,202.34,196.84,80.35,78.02,73.66,8.52,93.83,63.34
2020-03-26,MDT,Medtronic plc,Deposit,3,86.82,260.46,Health Care,44.63,89.35,74.92,37.67,51.26,105.85,232.58,116.75,73.57,69.66,92.6,50.03,28.23,41.86,17.71,155.13,33.21,7.64,91.73,9.82,193.14,216.37,86.82,74.23,74.52,8.98,91.91,61.35
2020-03-27,CINF,Cincinnati Financial,Buy,2,78.72,157.44,Financials,47.5,94.38,79.17,40.58,55.54,112.89,248.39,116.98,80.17,73.86,94.44,53.56,30.12,46.02,20.72,165.79,34.94,8.5,98.12,11.46,198.49,235.67,91.94,78.72,79.82,9.81,101.06,66.94
2020-03-28,C,Citigroup Inc.,Deposit,7,43.8,306.6,Financials,46.58,90.61,74.27,38.82,52.37,108.03,229.69,109.03,79.79,72.85,87.33,50.0,29.32,43.8,19.96,158.34,35.13,8.3,91.13,11.2,198.27,222.96,89.89,75.95,81.25,9.37,93.75,62.28
2020-03-31,HIG,Hartford Financial Svc.Gp.,Buy,6,35.84,215.04,Financials,47.86,94.19,75.83,40.32,55.49,112.93,238.05,109.2,82.19,75.93,90.96,52.09,31.0,44.08,19.65,159.62,35.84,8.38,93.5,10.79,208.48,230.58,92.05,79.74,83.81,9.56,96.91,66.91
2020-04-01,HBAN,Huntington Bancshares,Buy,9,8.21,73.89,Financials,45.48,91.49,72.88,39.31,54.12,110.93,230.0,110.28,81.19,74.76,89.85,50.52,30.97,42.12,18.81,154.59,35.24,8.21,90.03,10.37,202.73,227.04,90.18,75.45,80.75,9.08,93.27,66.04
2020-04-02,ICE,Intercontinental Exchange,Buy,4,79.31,317.24,Financials,43.66,91.6,69.52,38.33,51.88,105.14,218.12,105.8,78.66,72.51,83.73,48.57,30.12,38.51,17.3,145.29,33.46,7.45,84.36,9.45,197.81,214.3,84.11,73.57,79.31,8.01,88.83,65.24
2020-04-03,IVZ,Invesco Ltd.,Deposit,8,8.22,65.76,Financials,44.49,93.12,68.76,39.8,54.35,110.0,225.22,102.92,82.22,76.98,83.9,48.44,31.19,39.23,17.42,149.93,33.27,7.37,87.51,9.48,208.88,211.39,86.15,72.92,81.14,8.22,87.97,65.93
2020-04-04,JPM,JPMorgan Chase & Co.,Buy,1,84.05,84.05,Financials,42.59,95.36,68.42,39.06,54.13,106.34,218.39,102.74,81.42,78.21,81.83,46.35,31.92,37.49,16.94,146.93,32.15,6.83,84.05,9.07,205.41,203.3,86.27,71.03,80.99,7.81,86.89,63.93
2020-04-07,ANTM,Anthem,Deposit,10,225.72,2257.2,Health Care,47.52,97.79,75.34,41.43,58.43,114.82,240.12,113.95,84.93,77.73,93.58,47.14,32.8,41.12,18.79,158.23,33.95,7.49,89.46,9.95,211.58,225.72,94.09,77.41,84.43,8.96,95.84,69.42
2020-04-08,BAX,Baxter International Inc.,Deposit,4,82.51,330.04,Health Care,47.56,95.23,75.71,40.64,58.4,114.94,239.76,114.35,82.51,74.67,98.61,49.3,31.89,41.25,19.53,166.02,36.92,8.13,90.64,10.45,208.78,224.05,94.46,79.88,82.3,9.14,98.63,69.05
2020-04-09,GILD,Gilead Sciences,Deposit,1,74.99,74.99,Health Care,48.79,97.37,79.62,41.74,58.98,119.29,245.93,117.31,84.48,74.99,108.06,52.37,32.83,44.26,20.53,176.96,38.7,8.81,94.3,11.33,219.19,247.02,99.28,81.08,85.34,9.47,102.27,71.84
2020-04-10,HCA,HCA Healthcare,Buy,9,108.06,972.54,Health Care,48.38,95.39,81.91,41.2,57.14,121.5,252.1,119.05,86.89,73.51,108.06,52.25,33.58,47.41,22.11,184.26,41.88,9.03,102.76,12.01,218.21,242.46,101.03,83.58,87.38,9.86,106.26,71.65
2020-04-14,CINF,Cincinnati Financial,Buy,8,82.64,661.12,Financials,50.94,95.19,80.66,41.22,58.7,121.15,250.09,116.99,86.0,75.28,103.61,51.7,33.34,46.68,21.19,179.18,40.93,8.72,98.19,11.56,218.27,240.53,99.52,82.64,85.18,9.57,103.88,71.55
2020-04-15,C,Citigroup Inc.,Deposit,1,45.42,45.42,Financials,54.93,100.5,82.47,42.78,60.66,123.91,261.32,120.75,88.25,77.75,112.54,53.55,34.57,45.42,20.33,178.23,41.23,8.4,95.5,11.14,226.8,252.01,101.2,87.1,87.0,9.81,106.75,76.33
2020-04-16,CFG,Citizens Financial Group,Deposit,9,18.58,167.22,Financials,54.99,100.39,80.37,41.52,58.87,118.69,251.96,114.44,86.89,74.63,109.48,52.16,34.13,42.86,18.58,178.52,38.73,7.73,90.79,10.31,221.8,250.47,97.32,82.94,86.25,8.96,103.68,75.7
2020-04-17,GS,Goldman Sachs Group,Deposit,2,177.04,354.08,Financials,56.95,105.84,80.86,41.5,60.79,115.73,257.44,115.48,90.53,76.54,108.32,52.58,34.04,40.52,17.19,177.04,37.42,7.18,87.33,9.74,230.9,271.84,95.7,82.47,88.1,8.71,104.25,78.59
2020-04-18,HIG,Hartford Financial Svc.Gp.,Buy,2,40.01,80.02,Financials,56.6,105.35,84.22,42.48,60.36,120.12,265.36,119.05,92.95,83.99,115.66,53.64,35.02,45.45,19.87,183.49,40.01,8.06,95.18,10.81,234.97,267.82,103.33,85.8,90.4,9.07,108.82,78.65
2020-04-21,IVZ,Invesco Ltd.,Deposit,8,9.09,72.72,Financials,56.97,106.24,81.25,42.54,59.18,120.41,264.0,117.94,94.14,81.26,110.43,53.15,34.23,44.01,20.3,180.4,38.64,8.14,91.71,10.93,236.6,263.2,101.54,82.48,89.4,9.09,105.6,77.84
2020-04-22,JPM,JPMorgan Chase & Co.,Buy,1,89.05,89.05,Financials,52.92,103.36,76.92,40.55,56.36,116.76,249.15,111.65,90.1,78.53,105.47,52.03,33.8,41.57,19.29,173.81,36.76,7.8,89.05,10.32,230.75,249.37,97.61,80.17,87.53,8.93,98.85,74.59
2020-04-23,KEY,KeyCorp,Deposit,10,10.23,102.3,Financials,55.92,104.29,81.67,41.76,60.1,119.31,263.85,116.51,90.54,81.31,104.52,51.71,34.39,42.24,19.58,175.98,35.68,8.04,89.34,10.23,229.29,262.96,96.08,79.69,89.19,9.18,101.74,79.8
2020-04-24,AMD,Advanced Micro Devices Inc,Deposit,10,55.9,559.0,Information Technology,55.9,102.26,83.98,41.62,59.04,121.35,258.06,116.34,91.32,77.78,104.74,51.63,34.81,42.46,20.25,175.05,35.93,7.92,89.39,10.63,232.49,261.55,95.83,78.4,88.5,7.24,100.86,79.83
2020-04-25,AKAM,Akamai Technologies Inc,Deposit,3,102.78,308.34,Information Technology,56.18,102.78,86.17,42.52,59.26,124.72,263.66,120.9,92.92,79.64,107.83,52.39,35.46,43.1,20.6,177.0,36.04,8.16,90.71,10.9,236.28,264.12,99.3,78.53,88.92,7.8,104.77,80.52
2020-04-28,CDW,CDW,Buy,2,106.28,212.56,Information Technology,56.49,103.07,87.53,43.06,59.47,125.92,271.83,126.08,92.67,79.9,110.89,54.86,36.37,46.56,22.43,183.54,38.03,8.91,94.62,11.61,242.43,270.06,100.76,82.03,92.35,7.95,106.28,81.31
2020-04-29,CSCO,Cisco Systems,Deposit,4,42.49,169.96,Information Technology,55.51,101.93,88.34,42.49,58.75,126.27,266.31,131.09,91.0,78.67,109.26,55.27,35.97,47.21,22.29,187.01,39.34,9.14,95.29,11.83,237.67,268.22,98.04,71.81,90.29,8.51,107.12,78.47
2020-04-30,INTC,Intel Corp.,Buy,2,61.8,123.6,Information Technology,53.66,97.87,92.16,43.34,61.8,128.69,273.43,133.0,91.49,83.14,113.33,56.95,36.17,50.26,23.33,190.03,41.15,9.64,97.86,12.25,235.69,280.61,99.14,70.42,90.7,8.62,111.29,82.0
2020-05-01,IBM,International Business Machines,Deposit,6,125.56,753.36,Information Technology,52.39,97.71,88.26,42.38,59.98,125.56,269.81,129.33,88.78,84.0,109.88,54.56,36.39,48.56,22.39,183.42,37.99,9.24,95.76,11.65,239.22,280.73,97.63,65.8,89.45,8.62,110.8,81.13
2020-05-02,INTU,Intuit Inc.,Deposit,5,261.13,1305.65,Information Technology,49.88,95.86,85.5,40.92,57.47,121.87,261.13,119.37,87.84,79.95,104.86,52.15,35.71,45.52,21.42,177.1,35.69,8.57,93.25,11.07,230.98,269.57,95.14,60.95,88.67,7.99,106.82,75.84
2020-05-05,C,Citigroup Inc.,Buy,7,45.12,315.84,Financials,52.56,97.6,83.92,41.35,57.99,121.68,267.78,119.07,87.27,80.25,103.61,52.49,35.69,45.12,21.2,176.03,35.39,8.43,92.14,10.7,230.91,271.0,95.26,60.15,89.67,8.09,108.19,77.64
2020-05-06,CFG,Citizens Financial Group,Buy,5,21.18,105.9,Financials,52.19,99.19,86.25,41.46,58.75,122.58,274.48,144.1,88.74,79.14,106.46,53.7,36.54,43.95,21.18,178.3,35.16,8.28,92.0,10.63,236.36,275.07,97.9,59.0,92.97,7.86,109.99,79.67
2020-05-07,GS,Goldman Sachs Group,Deposit,4,176.92,707.68,Financials,52.16,99.17,86.08,41.15,59.18,123.17,275.87,144.2,87.92,77.47,99.48,52.69,36.54,42.95,20.54,176.92,33.53,8.23,90.27,10.36,236.59,270.62,96.76,53.12,91.74,7.62,106.77,80.99
2020-05-08,HIG,Hartford Financial Svc.Gp.,Buy,4,34.91,139.64,Financials,51.95,100.6,87.24,41.37,59.17,121.23,280.8,147.39,88.44,77.61,102.54,53.89,35.07,44.64,21.25,182.32,34.91,8.25,91.21,10.76,233.33,265.73,98.94,55.01,93.09,7.67,106.67,81.37
2020-05-09,HBAN,Huntington Bancshares,Deposit,10,8.65,86.5,Financials,53.19,101.15,89.56,42.99,59.67,122.99,280.36,152.06,88.08,77.49,107.92,54.03,35.31,46.32,22.2,185.39,36.35,8.65,92.7,11.28,234.82,274.33,99.03,55.73,93.52,7.98,108.54,82.46
2020-05-12,JPM,JPMorgan Chase & Co.,Buy,9,89.97,809.73,Financials,55.74,101.89,87.1,43.32,60.13,122.59,287.84,153.77,88.93,80.8,104.14,55.47,36.15,44.07,21.08,183.16,34.93,8.23,89.97,10.7,242.74,272.37,98.74,53.85,94.1,7.82,104.97,83.0
2020-05-13,KEY,KeyCorp,Buy,7,10.17,71.19,Financials,53.76,95.76,84.27,43.22,58.39,120.26,281.68,151.52,85.89,77.95,99.55,53.06,35.45,42.35,20.13,177.21,34.15,7.86,87.03,10.17,237.21,272.96,95.2,51.45,92.55,7.24,101.98,81.05
2020-05-14,AMD,Advanced Micro Devices Inc,Deposit,6,52.18,313.08,Information Technology,52.18,95.37,81.82,41.95,57.74,115.73,277.16,145.21,85.55,77.06,100.31,51.13,35.15,40.6,19.33,171.8,32.07,7.39,84.03,9.66,236.83,267.8,93.28,48.54,93.3,6.77,98.01,81.0
2020-05-15,AKAM,Akamai Technologies Inc,Buy,2,97.23,194.46,Information Technology,54.51,97.23,83.28,43.85,59.08,116.95,280.27,146.02,86.92,77.23,99.17,52.0,35.98,42.06,20.15,174.45,33.3,7.71,87.52,9.92,237.98,273.28,93.82,50.48,93.25,6.99,99.7,81.85
2020-05-16,APH,Amphenol Corp,Deposit,6,82.31,493.86,Information Technology,54.2,98.09,82.31,44.27,58.28,116.98,284.39,146.18,87.16,76.26,98.74,51.76,35.83,41.92,19.92,171.87,33.25,7.51,85.9,9.72,240.2,278.09,93.89,49.25,93.47,6.7,97.81,82.07
2020-05-19,CSCO,Cisco Systems,Buy,6,45.06,270.36,Information Technology,54.59,98.1,88.44,45.06,59.92,121.56,290.37,150.22,86.82,74.76,105.6,56.41,36.12,45.67,21.58,181.88,35.25,8.26,90.45,10.71,233.19,279.96,98.9,53.17,96.0,7.29,106.51,83.37
2020-05-20,INTC,Intel Corp.,Buy,3,60.29,180.87,Information Technology,55.47,97.3,89.12,44.61,60.29,120.29,286.75,154.16,86.52,72.34,103.86,57.05,35.75,44.43,20.67,177.83,34.34,7.88,88.67,10.21,227.43,281.1,97.03,52.09,92.96,7.24,105.99,85.44
2020-05-21,IBM,International Business Machines,Buy,9,121.38,1092.42,Information Technology,56.39,100.58,90.96,45.44,63.1,121.38,290.49,158.28,87.42,73.89,106.42,57.78,35.7,45.47,21.67,181.44,35.01,8.21,91.33,10.74,227.87,280.0,98.08,53.56,93.45,7.37,109.23,88.09
2020-05-22,INTU,Intuit Inc.,Deposit,7,290.0,2030.0,Information Technology,54.65,101.0,90.21,44.64,61.98,119.12,290.0,155.86,86.56,73.5,108.05,57.18,35.35,45.0,21.35,180.1,37.11,8.17,90.17,10.71,224.78,278.68,95.41,57.45,92.86,7.35,107.21,86.11
2020-05-23,IPGP,IPG Photonics Corp.,Buy,10,157.39,1573.9,Information Technology,55.17,100.42,90.8,44.9,62.26,118.39,287.61,157.39,86.93,73.34,106.69,56.71,35.58,44.1,21.28,179.93,36.99,8.1,89.47,10.74,226.43,277.11,94.72,57.32,93.77,7.27,105.74,86.05
2020-05-27,GS,Goldman Sachs Group,Deposit,1,196.06,196.06,Financials,53.19,100.08,93.99,44.84,62.34,121.76,282.2,152.99,85.51,73.18,109.07,59.57,35.57,48.17,23.91,196.06,38.61,8.99,95.82,11.86,222.4,283.42,97.15,59.24,94.23,8.09,108.01,85.01
2020-05-28,HIG,Hartford Financial Svc.Gp.,Deposit,10,39.27,392.7,Financials,52.74,99.97,95.53,45.96,63.56,125.54,281.21,154.41,86.44,74.9,113.66,62.24,35.49,52.26,25.63,209.66,39.27,9.52,101.37,12.74,224.81,287.25,96.0,61.4,92.83,8.37,110.34,85.2
2020-05-29,HBAN,Huntington Bancshares,Buy,8,9.11,72.88,Financials,51.74,102.91,95.35,45.6,61.7,124.53,283.87,152.17,88.2,75.32,109.77,61.45,36.22,49.16,24.66,201.22,39.23,9.11,99.86,12.09,224.13,291.37,98.14,60.57,94.87,8.13,109.65,88.06
2020-05-30,ICE,Intercontinental Exchange,Buy,5,97.25,486.25,Financials,53.8,105.8,96.56,47.82,62.93,124.9,290.32,155.4,90.01,77.83,106.9,60.72,36.23,47.91,24.1,196.49,38.29,8.89,97.31,11.85,229.7,294.11,98.58,58.95,97.25,7.97,110.91,91.29
2020-06-02,KEY,KeyCorp,Buy,4,11.85,47.4,Financials,53.63,105.71,97.73,46.3,61.86,124.89,289.95,159.81,90.39,75.16,108.83,61.13,33.64,49.45,24.73,199.93,38.87,9.1,98.6,11.85,226.91,290.03,97.11,59.64,97.62,8.22,111.91,91.68
2020-06-03,AMD,Advanced Micro Devices Inc,Deposit,4,53.54,214.16,Information Technology,53.54,105.53,98.94,46.89,62.12,126.0,287.18,159.89,90.98,73.26,109.02,63.22,34.31,50.84,25.12,204.14,40.41,9.2,98.93,11.98,223.72,294.2,97.25,60.79,96.35,8.37,113.27,92.38
2020-06-04,AKAM,Akamai Technologies Inc,Deposit,4,103.01,412.04,Information Technology,52.73,103.01,103.19,46.94,61.93,129.05,290.1,162.94,90.48,74.4,107.94,63.24,34.31,53.34,26.82,210.57,42.08,9.9,104.27,12.58,221.0,289.27,97.1,63.87,97.88,9.15,115.09,92.96
2020-06-05,APH,Amphenol Corp,Deposit,10,101.57,1015.7,Information Technology,52.63,101.84,101.57,46.86,62.97,128.89,282.92,161.29,88.63,77.54,106.96,63.28,34.17,55.65,28.46,214.82,44.28,10.47,106.44,13.53,220.88,282.09,96.99,64.63,95.79,9.56,116.75,91.27
2020-06-06,CDNS,Cadence Design Systems,Buy,9,91.4,822.6,Information Technology,53.1,99.0,107.0,47.83,64.34,132.06,288.11,169.47,89.19,76.75,115.56,65.83,34.15,58.86,29.25,217.92,46.67,10.99,111.23,14.56,225.67,287.89,102.04,68.78,97.81,10.41,125.34,91.4
2020-06-09,INTC,Intel Corp.,Deposit,2,63.67,127.34,Information Technology,52.97,103.38,104.08,48.13,63.67,135.75,293.05,167.03,88.78,76.97,118.04,66.96,34.72,61.24,30.41,220.81,46.64,11.35,113.45,15.21,225.75,300.59,101.33,71.43,97.48,11.55,128.29,92.13
2020-06-10,IBM,International Business Machines,Buy,8,131.87,1054.96,Information Technology,56.39,102.73,101.72,48.05,63.04,131.87,291.25,165.59,87.01,77.59,116.0,61.16,34.35,59.5,29.51,218.1,44.98,11.0,110.54,14.79,224.9,291.01,99.11,68.81,97.44,11.14,124.41,92.56
2020-06-11,INTU,Intuit Inc.,Deposit,10,295.87,2958.7,Information Technology,57.44,103.85,100.34,47.42,63.87,129.87,295.87,165.39,86.84,77.07,110.09,58.82,34.08,55.86,27.25,213.52,42.9,10.4,106.06,13.88,227.12,288.54,97.55,65.23,97.31,10.32,121.71,93.19
2020-06-12,IPGP,IPG Photonics Corp.,Deposit,8,155.73,1245.84,Information Technology,52.83,100.48,94.51,43.67,59.7,118.01,277.87,155.73,83.57,72.84,101.11,55.82,31.59,48.39,24.48,194.13,39.09,9.48,97.21,12.7,218.9,264.54,90.87,58.66,92.04,9.82,110.54,88.41
2020-06-13,HIG,Hartford Financial Svc.Gp.,Deposit,6,40.03,240.18,Financials,53.5,100.34,95.01,45.07,59.33,121.91,280.68,156.14,83.97,73.2,100.55,56.63,32.02,52.25,25.82,201.78,40.03,9.89,99.87,13.22,217.9,265.74,93.21,61.03,93.26,10.34,114.1,89.46
2020-06-16,IVZ,Invesco Ltd.,Buy,6,10.74,64.44,Financials,54.68,100.54,96.48,45.35,60.1,121.65,283.14,160.43,83.78,73.97,103.54,58.18,31.65,52.98,26.65,206.31,40.86,10.12,101.25,13.37,219.78,262.33,93.62,61.94,93.77,10.74,113.9,90.85
2020-06-17,JPM,JPMorgan Chase & Co.,Deposit,5,102.06,510.3,Financials,54.46,100.04,98.57,46.48,60.4,125.15,288.58,161.97,84.99,74.62,104.26,59.79,31.69,54.45,27.24,209.59,41.49,10.28,102.06,13.72,226.87,267.43,95.55,63.22,94.66,11.14,119.37,92.02
2020-06-18,KEY,KeyCorp,Buy,4,13.48,53.92,Financials,54.55,101.41,98.47,46.17,60.49,124.15,286.49,163.64,85.1,73.76,99.1,59.77,31.84,53.0,26.37,206.19,41.07,10.12,99.48,13.48,225.97,265.72,95.48,62.06,94.62,11.22,117.18,93.07
2020-06-19,AMGN,Amgen Inc.,Deposit,6,230.32,1381.92,Health Care,54.04,100.69,97.96,45.83,60.08,124.16,287.23,162.52,83.85,74.04,100.1,59.37,31.54,53.04,26.15,203.84,41.21,10.16,98.94,13.58,230.32,265.53,94.43,63.13,94.39,11.33,117.24,93.73
2020-06-20,ANTM,Anthem,Deposit,8,266.43,2131.44,Health Care,54.23,100.47,97.03,45.32,59.62,122.47,286.32,162.24,84.49,77.47,97.53,60.42,31.71,52.92,25.35,201.63,39.98,10.29,97.81,13.35,238.7,266.43,93.91,63.17,94.52,11.09,116.95,91.9
2020-06-23,HCA,HCA Healthcare,Buy,7,98.32,688.24,Health Care,54.76,101.59,97.56,45.16,60.09,121.07,294.12,163.3,83.96,75.67,98.32,59.5,31.41,52.06,25.43,203.42,39.13,10.12,96.75,13.39,234.19,265.21,93.33,62.8,94.31,11.33,116.19,94.46
2020-06-24,HSIC,Henry Schein,Buy,5,59.35,296.75,Health Care,53.99,100.88,97.15,45.47,59.92,119.41,293.83,161.11,83.49,75.05,99.08,59.35,31.09,52.95,25.8,204.78,39.51,10.2,97.93,13.35,235.75,268.99,93.39,63.79,93.5,11.41,115.95,94.55
2020-06-25,PFE,Pfizer Inc.,Deposit,3,30.54,91.62,Health Care,52.39,100.97,94.61,44.75,59.09,116.42,286.13,157.21,82.47,75.93,93.73,56.18,30.54,50.81,24.08,198.02,37.86,9.54,94.66,12.49,232.51,257.31,88.93,62.01,90.71,10.72,111.49,91.99
2020-06-26,MDT,Medtronic plc,Buy,2,88.86,177.72,Health Care,51.93,102.89,95.2,45.22,58.51,119.03,288.75,157.58,85.33,75.49,93.35,56.4,30.66,52.68,25.26,207.1,38.36,9.89,97.96,12.91,235.11,261.0,88.86,63.74,92.83,10.73,112.44,92.66
2020-06-27,CSCO,Cisco Systems,Deposit,8,46.31,370.48,Information Technology,50.1,105.37,93.97,46.31,57.5,117.19,286.52,155.22,84.31,74.57,92.48,56.67,30.4,49.58,23.16,189.19,37.44,8.8,92.59,11.76,232.84,255.65,88.77,62.0,90.4,10.0,108.49,93.84
2020-06-30,INTU,Intuit Inc.,Buy,2,287.92,575.84,Information Technology,50.28,104.99,95.23,46.15,58.27,119.75,287.92,157.16,84.23,74.56,96.2,58.06,30.97,50.29,23.53,193.47,38.33,8.87,93.0,11.87,231.56,259.27,90.26,63.75,90.4,10.39,114.0,94.03
2020-07-01,IPGP,IPG Photonics Corp.,Buy,10,160.39,1603.9,Information Technology,52.61,107.09,95.81,46.64,59.83,120.77,296.19,160.39,86.1,76.94,97.06,58.39,31.02,51.1,25.24,197.62,38.55,9.04,94.06,12.18,235.86,262.98,91.7,64.03,91.6,10.76,116.18,95.96
2020-07-02,HIG,Hartford Financial Svc.Gp.,Deposit,4,37.7,150.8,Financials,52.58,106.33,95.08,46.06,58.81,118.54,302.58,155.78,87.31,76.06,98.08,58.86,32.01,50.35,24.23,197.57,37.7,8.64,93.26,11.69,255.12,268.68,92.32,64.1,93.3,10.26,115.53,97.07
2020-07-03,HBAN,Huntington Bancshares,Buy,7,8.6,60.2,Financials,52.34,113.12,95.87,45.63,59.13,119.7,305.3,159.08,87.21,76.35,97.97,59.07,32.74,50.55,23.76,197.4,37.5,8.6,92.66,11.71,258.24,267.0,93.16,64.87,92.26,10.55,117.11,97.82
2020-07-07,CSCO,Cisco Systems,Sell,-4,46.42,-185.68,Information Technology,53.4,112.61,98.14,46.42,59.54,120.19,309.65,164.84,88.11,76.76,99.21,59.52,32.74,51.97,24.27,207.36,38.3,8.77,95.0,11.95,256.25,269.0,93.21,68.06,92.53,10.76,117.55,98.74
2020-07-08,INTC,Intel Corp.,Sell,-4,58.31,-233.24,Information Technology,52.93,110.98,96.22,45.63,58.31,117.58,307.93,162.01,85.5,76.42,96.24,58.51,32.29,50.32,23.5,199.36,37.18,8.39,92.32,11.45,253.15,264.89,91.67,68.3,92.57,10.34,114.06,98.77
2020-07-09,IBM,International Business Machines,Sell,-1,117.71,-117.71,Information Technology,53.43,112.67,95.05,45.81,58.61,117.71,310.38,161.7,84.18,75.61,95.63,57.19,32.02,50.88,23.66,202.25,37.65,8.44,93.3,11.6,251.59,262.54,91.61,69.14,93.84,10.6,113.38,99.6
2020-07-10,INTU,Intuit Inc.,Sell,-5,307.91,-1539.55,Information Technology,57.26,114.22,94.49,46.7,58.42,115.71,307.91,164.08,85.69,74.71,94.34,56.08,31.75,49.45,22.73,196.83,35.81,8.06,91.28,11.03,251.66,255.0,90.13,67.36,92.14,10.04,112.51,101.53
2020-07-11,IPGP,IPG Photonics Corp.,Sell,-5,161.62,-808.1,Information Technology,55.88,114.26,94.93,46.66,59.53,118.35,307.55,161.62,85.23,76.32,96.72,57.16,32.1,52.65,24.18,205.56,37.41,8.51,96.27,11.55,249.04,255.0,90.81,70.48,92.55,10.53,113.84,100.97
2020-07-14,CFG,Citizens Financial Group,Sell,-2,24.37,-48.74,Financials,53.59,109.94,94.46,45.93,58.58,119.2,297.64,159.24,83.46,76.68,96.83,57.85,33.41,52.2,24.37,208.88,37.6,8.67,97.65,11.76,250.04,257.58,92.77,70.09,91.83,10.62,112.58,98.21
2020-07-15,GS,Goldman Sachs Group,Sell,-5,214.01,-1070.05,Financials,54.72,112.27,97.4,46.26,58.98,120.6,285.37,164.74,84.65,77.19,98.96,59.69,33.43,50.15,23.89,214.01,38.74,8.63,98.21,11.39,253.09,263.47,94.65,72.71,91.72,10.49,114.4,99.03
2020-07-16,HIG,Hartford Financial Svc.Gp.,Sell,-3,40.41,-121.23,Financials,55.34,112.78,100.44,46.4,59.03,123.0,289.97,171.1,87.09,76.65,105.65,63.68,33.89,51.84,25.45,216.9,40.41,9.11,99.73,11.99,253.31,267.28,97.16,73.52,93.24,10.93,117.7,99.11
2020-07-17,HBAN,Huntington Bancshares,Sell,-3,9.07,-27.21,Financials,54.92,111.66,100.91,45.78,59.14,124.01,285.7,171.0,85.81,76.64,107.14,64.76,33.78,51.46,25.45,214.67,42.31,9.07,100.01,11.98,255.2,264.09,95.75,75.81,92.37,10.73,116.7,98.68
2020-07-18,ANTM,Anthem,Sell,-4,266.37,-1065.48,Health Care,55.04,112.65,102.02,46.75,60.0,125.11,289.27,175.92,87.56,77.51,106.06,66.97,34.39,50.22,25.15,211.41,41.95,8.92,98.16,11.69,258.46,266.37,98.58,76.66,93.83,10.49,118.51,100.23
2020-07-21,HCA,HCA Healthcare,Sell,-3,104.97,-314.91,Health Care,57.46,115.24,101.48,46.97,61.15,126.37,298.72,179.89,87.82,78.08,104.97,66.44,34.63,50.14,24.67,211.71,41.09,8.73,97.3,11.46,260.95,259.0,95.73,77.06,94.25,10.29,118.18,103.7
2020-07-22,HSIC,Henry Schein,Sell,-3,67.66,-202.98,Health Care,57.0,113.45,102.1,47.02,60.7,126.06,297.88,179.99,88.67,76.78,109.33,67.66,34.81,51.73,25.55,212.02,41.64,9.22,99.41,12.14,257.91,265.71,96.81,78.15,95.11,10.74,117.0,103.58
2020-07-23,INTU,Intuit Inc.,Sell,-3,296.44,-889.32,Information Technology,61.79,113.81,103.27,46.9,61.05,128.67,296.44,177.94,89.2,76.25,122.42,67.75,36.58,51.66,25.51,206.0,42.12,9.23,98.69,11.97,256.98,268.09,97.49,80.22,96.06,10.53,119.08,103.67
2020-07-24,IPGP,IPG Photonics Corp.,Sell,-3,178.74,-536.22,Information Technology,59.57,112.69,105.6,47.41,60.4,127.33,291.55,178.74,89.49,75.56,126.97,68.38,36.44,52.08,26.05,203.02,42.4,9.7,98.98,12.41,252.24,269.93,96.57,82.67,95.85,10.68,118.79,102.94
2020-07-25,AMGN,Amgen Inc.,Buy,3,247.98,743.94,Health Care,69.4,111.74,104.39,46.4,50.59,125.79,288.68,175.29,89.26,73.64,125.51,67.03,35.73,51.67,25.58,201.47,41.48,9.6,98.28,12.25,247.98,270.49,96.35,83.23,96.32,10.44,114.56,102.59
2020-07-28,GILD,Gilead Sciences,Buy,1,74.54,74.54,Health Care,68.97,114.65,106.17,47.19,49.57,126.21,296.15,183.07,89.29,74.54,125.33,67.03,35.62,51.29,24.86,203.02,40.84,9.27,96.9,12.09,253.65,263.99,96.43,82.45,94.54,10.71,116.3,105.27
2020-07-29,HCA,HCA Healthcare,Deposit,9,123.96,1115.64,Health Care,67.61,111.99,104.21,46.28,49.24,124.47,296.8,180.53,89.26,73.73,123.96,65.9,37.02,51.27,24.18,201.62,40.45,9.13,97.32,11.99,255.27,265.23,96.35,83.4,92.92,10.37,113.85,104.05
2020-07-30,HSIC,Henry Schein,Deposit,7,68.71,480.97,Health Care,76.09,110.68,105.83,46.71,48.07,125.32,302.18,181.5,90.73,73.01,129.78,68.71,37.25,52.52,25.35,202.58,41.44,9.45,99.68,12.56,248.85,281.56,98.72,83.44,94.3,10.6,115.64,105.97
2020-07-31,PFE,Pfizer Inc.,Deposit,1,36.76,36.76,Health Care,78.2,110.5,105.17,46.44,47.99,122.9,303.94,180.97,86.01,72.33,128.05,68.65,36.76,50.87,24.78,199.53,40.5,9.31,97.02,12.21,246.14,277.19,96.47,79.81,94.37,10.1,115.69,107.65
2020-08-01,MDT,Medtronic plc,Deposit,8,96.48,771.84,Health Care,77.43,112.44,105.76,47.1,47.73,122.94,306.37,179.01,86.38,69.53,126.64,68.73,36.51,50.01,24.81,197.96,42.32,9.27,96.64,12.01,244.67,273.8,96.48,77.93,96.78,10.04,116.25,109.25
2020-08-04,CFG,Citizens Financial Group,Buy,6,24.23,145.38,Financials,77.67,112.98,107.39,47.16,48.3,124.31,311.7,180.01,83.16,71.73,125.87,70.9,36.39,50.39,24.23,199.39,42.0,9.27,96.1,12.03,247.36,270.75,97.33,78.4,96.28,10.0,117.46,111.77
2020-08-05,GS,Goldman Sachs Group,Buy,2,201.64,403.28,Financials,85.04,111.73,108.42,47.67,49.13,125.84,310.64,167.66,81.08,70.88,128.39,69.13,36.42,50.14,24.21,201.64,40.57,9.17,95.55,12.08,243.59,270.89,96.29,77.46,95.78,9.77,119.52,109.14
2020-08-06,HIG,Hartford Financial Svc.Gp.,Deposit,8,42.03,336.24,Financials,85.31,110.73,108.65,47.33,48.92,125.45,310.95,166.67,80.46,69.0,130.41,67.13,36.48,51.04,24.87,204.52,42.03,9.39,97.21,12.28,241.47,275.65,97.02,79.56,96.16,10.27,116.75,109.65
2020-08-07,HBAN,Huntington Bancshares,Buy,4,9.3,37.2,Financials,86.71,109.18,108.35,47.77,48.57,126.12,312.23,165.02,80.37,68.81,132.32,66.98,36.31,50.89,24.76,204.25,41.58,9.3,97.24,12.18,241.55,271.48,96.73,79.45,97.46,10.32,114.79,110.52
2020-08-08,ICE,Intercontinental Exchange,Deposit,5,100.96,504.8,Financials,84.85,109.22,107.96,47.43,48.03,124.96,309.43,163.26,80.73,69.35,130.27,67.8,36.48,52.12,25.43,208.27,42.8,9.66,99.38,12.53,240.69,276.66,100.05,81.67,100.96,10.78,114.77,108.53
2020-08-11,HIG,Hartford Financial Svc.Gp.,Buy,6,43.66,261.96,Financials,82.24,107.87,108.12,47.73,49.22,127.11,304.18,158.2,83.1,68.51,132.47,67.99,36.42,52.86,25.88,209.38,43.66,9.87,100.64,12.71,238.17,278.85,100.38,83.42,99.16,10.79,113.0,107.19
2020-08-12,HBAN,Huntington Bancshares,Buy,9,10.09,90.81,Financials,76.88,106.22,108.81,47.19,48.19,126.75,299.2,158.94,82.94,68.1,131.59,67.2,35.85,53.76,26.65,211.06,43.82,10.09,103.82,13.08,234.65,280.33,100.72,83.12,98.61,10.94,117.21,105.18
2020-08-13,ICE,Intercontinental Exchange,Buy,5,99.43,497.15,Financials,82.61,107.0,109.79,48.1,49.19,126.7,304.75,160.75,83.48,68.84,132.13,66.67,36.37,53.35,26.49,212.13,42.8,9.97,102.94,12.89,241.72,283.18,102.09,81.01,99.43,11.39,116.61,107.28
2020-08-14,IVZ,Invesco Ltd.,Sell,-2,10.7,-21.4,Financials,81.84,109.23,110.57,42.72,48.56,125.03,306.71,160.01,84.64,68.18,130.67,66.96,36.21,52.89,25.69,208.39,42.46,9.77,102.37,12.63,240.46,282.33,101.29,79.58,100.2,10.7,114.58,108.66
2020-08-15,JPM,JPMorgan Chase & Co.,Sell,-1,102.41,-102.41,Financials,81.3,107.9,109.78,42.5,48.89,125.27,305.54,158.25,83.5,68.5,134.43,67.23,36.11,52.93,25.9,207.97,42.81,9.9,102.41,12.75,239.71,283.23,100.71,80.11,102.49,10.68,113.52,108.0
2020-08-18,ANTM,Anthem,Sell,-5,283.11,-1415.55,Health Care,82.42,107.87,109.89,42.09,48.93,124.44,308.01,161.7,83.7,69.15,134.3,66.78,36.39,51.42,25.44,203.07,41.83,9.78,99.71,12.44,243.01,283.11,101.86,78.23,104.05,10.57,113.62,109.52
2020-08-19,BAX,Baxter International Inc.,Sell,-1,84.27,-84.27,Health Care,81.66,108.73,109.15,41.98,48.65,124.92,308.9,154.89,84.27,69.06,133.91,66.28,36.39,50.34,24.76,201.31,41.28,9.53,98.32,12.17,241.5,282.45,101.56,78.98,104.38,10.28,110.98,109.15
2020-08-20,GILD,Gilead Sciences,Sell,-1,65.7,-65.7,Health Care,81.09,109.21,109.14,41.87,48.33,123.84,310.55,154.24,82.89,65.7,133.04,65.14,36.3,50.29,24.8,203.02,40.79,9.52,98.55,12.17,240.49,283.4,100.82,78.21,103.53,10.33,111.99,108.53
2020-08-21,HCA,HCA Healthcare,Sell,-5,131.15,-655.75,Health Care,82.77,110.35,107.3,42.31,49.17,123.15,320.06,150.44,82.89,66.05,131.15,65.14,36.74,49.58,24.3,201.85,40.29,9.2,97.37,11.99,238.73,281.75,100.28,77.98,103.75,10.02,112.32,111.26
2020-08-22,HSIC,Henry Schein,Sell,-2,66.15,-132.3,Health Care,83.81,110.65,108.24,42.25,49.28,123.16,322.23,150.58,83.09,66.5,132.51,66.15,36.89,49.3,24.19,202.43,39.85,9.11,97.32,11.95,237.64,284.63,98.73,77.34,104.2,10.14,111.15,110.57
2020-08-25,AMD,Advanced Micro Devices Inc,Sell,-1,83.08,-83.08,Information Technology,83.08,110.87,108.75,42.18,49.14,125.68,333.12,151.74,83.85,66.08,134.38,65.66,36.85,51.06,25.23,207.34,41.35,9.55,100.06,12.39,235.57,279.16,100.13,79.52,105.81,10.6,112.29,111.28
2020-08-26,AKAM,Akamai Technologies Inc,Sell,-4,111.0,-444.0,Information Technology,86.35,111.0,108.91,41.96,49.43,124.64,336.42,152.58,84.6,66.05,134.11,65.49,36.44,51.65,25.54,206.0,41.52,9.58,100.5,12.51,248.22,276.47,102.59,79.35,104.44,10.7,112.15,111.26
2020-08-27,APH,Amphenol Corp,Sell,-2,109.05,-218.1,Information Technology,86.02,112.38,109.05,42.25,49.55,124.17,342.34,156.66,84.35,65.6,131.63,65.67,36.1,50.85,25.36,207.22,40.46,9.41,99.09,12.26,250.18,270.21,104.08,78.5,105.0,10.57,111.17,112.67
2020-08-28,CDNS,Cadence Design Systems,Sell,-4,109.36,-437.44,Information Technology,83.8,114.06,108.1,42.29,49.4,124.65,345.0,155.31,86.27,65.55,134.42,66.45,35.92,51.72,26.01,210.15,41.49,9.64,102.35,12.67,252.81,274.59,106.86,80.46,105.01,10.82,114.84,109.36
2020-08-29,CDW,CDW,Sell,-4,115.34,-461.36,Information Technology,85.55,115.63,109.78,42.2,50.43,125.07,346.11,159.65,86.03,65.26,135.99,66.44,35.97,52.28,26.29,207.71,41.51,9.57,102.77,12.77,253.12,277.28,107.86,80.39,105.56,10.73,115.34,110.86
2020-09-01,IBM,International Business Machines,Sell,-5,123.31,-616.55,Information Technology,90.82,116.43,109.8,42.22,50.95,123.31,345.39,161.73,87.07,66.75,135.72,66.44,35.85,51.12,25.87,204.87,40.45,9.41,100.19,12.32,253.32,281.52,107.47,79.41,106.23,10.2,113.65,110.91
2020-09-02,INTU,Intuit Inc.,Sell,-5,347.18,-1735.9,Information Technology,92.18,119.03,110.79,42.03,50.79,123.4,347.18,160.82,85.55,65.83,134.2,65.16,34.99,51.2,26.17,205.46,41.04,9.44,100.14,12.53,250.86,273.08,107.52,80.0,106.52,10.18,112.59,113.98
2020-09-03,IPGP,IPG Photonics Corp.,Deposit,9,168.45,1516.05,Information Technology,90.22,119.57,112.96,42.42,52.25,128.18,354.18,168.45,85.91,66.79,138.17,66.89,35.29,51.95,26.79,210.04,41.56,9.69,101.65,12.71,258.12,279.97,108.78,81.67,106.33,10.63,117.53,117.09
2020-09-04,AMD,Advanced Micro Devices Inc,Buy,4,82.54,330.16,Information Technology,82.54,113.4,108.47,40.95,50.39,124.45,339.63,163.2,83.47,65.91,136.6,65.98,34.54,51.5,26.76,207.56,41.03,9.65,101.33,12.63,247.91,277.0,106.15,80.59,103.22,11.14,112.17,108.06
2020-09-05,AKAM,Akamai Technologies Inc,Buy,2,108.43,216.86,Information Technology,82.01,108.43,108.45,40.82,50.08,122.3,333.11,162.65,82.3,66.01,137.05,65.64,34.5,52.52,27.36,210.94,40.94,9.94,103.52,12.89,248.4,276.22,105.74,81.08,100.08,11.39,114.25,105.88
2020-09-09,CSCO,Cisco Systems,Deposit,6,40.0,240.0,Information Technology,78.69,104.11,105.06,40.0,48.91,121.21,320.82,161.0,81.29,64.14,132.53,63.74,34.09,51.04,26.62,202.48,39.55,9.72,99.92,12.52,241.18,267.21,104.58,79.15,98.82,10.7,111.72,100.44
2020-09-10,INTC,Intel Corp.,Deposit,5,49.62,248.1,Information Technology,81.91,108.94,106.78,40.13,49.62,122.26,328.21,164.89,82.86,64.51,133.81,64.77,34.33,51.4,27.13,202.22,39.48,9.79,100.87,12.55,245.57,267.42,106.66,78.84,101.21,10.69,110.55,104.34
2020-09-11,IBM,International Business Machines,Deposit,9,120.56,1085.04,Information Technology,78.98,106.34,104.53,39.57,48.96,120.56,320.39,159.3,83.13,63.77,134.67,63.75,33.82,50.95,26.72,200.01,38.9,9.58,99.83,12.29,240.64,260.84,104.78,77.23,98.25,10.26,110.08,102.22
2020-09-12,INTU,Intuit Inc.,Buy,6,315.0,1890.0,Information Technology,76.34,106.49,104.29,39.88,49.28,121.46,315.0,158.53,83.1,65.58,134.0,64.37,34.22,51.0,27.11,200.92,38.64,9.68,101.07,12.36,243.21,258.03,104.77,76.92,98.23,10.7,111.32,101.51
2020-09-15,HBAN,Huntington Bancshares,Deposit,3,10.12,30.36,Financials,77.9,108.19,106.78,40.37,49.41,122.09,318.31,162.88,83.19,66.34,135.72,63.73,35.11,48.15,27.99,201.34,38.89,10.12,102.47,12.81,246.75,265.6,106.97,77.67,100.46,10.68,113.15,103.23
2020-09-16,ICE,Intercontinental Exchange,Buy,3,100.53,301.59,Financials,78.93,108.86,108.33,40.6,50.0,122.44,322.47,166.21,80.51,66.2,135.8,63.75,35.07,44.81,26.69,198.0,37.48,10.0,99.28,12.53,248.35,260.15,107.57,75.98,100.53,10.53,114.18,105.23
2020-09-17,IVZ,Invesco Ltd.,Deposit,8,10.89,87.12,Financials,76.66,107.07,109.08,40.42,50.37,124.22,313.38,168.37,81.68,65.65,138.01,64.15,34.9,46.02,27.62,200.68,38.14,9.89,99.7,12.71,247.76,263.62,107.49,77.2,100.91,10.89,113.91,102.55
2020-09-18,JPM,JPMorgan Chase & Co.,Deposit,6,98.56,591.36,Financials,76.55,106.88,109.88,40.37,50.32,124.92,307.23,168.8,82.32,65.04,137.14,62.85,34.93,45.53,27.49,194.83,37.65,9.79,98.56,12.68,248.08,263.0,107.81,77.44,99.96,11.15,114.23,101.15
2020-09-19,KEY,KeyCorp,Deposit,5,12.65,63.25,Financials,74.93,109.06,108.87,39.81,49.89,122.76,300.13,167.22,82.97,65.05,132.25,60.97,34.75,44.86,27.16,194.86,37.25,9.69,98.35,12.65,247.72,264.19,107.6,78.01,99.21,10.98,112.82,99.76
2020-09-22,BAX,Baxter International Inc.,Buy,2,80.25,160.5,Health Care,77.94,110.16,103.49,39.04,49.72,120.25,307.7,157.79,80.25,64.21,125.45,59.8,34.17,43.93,25.83,194.0,36.24,9.16,95.31,12.05,243.19,257.71,104.8,75.44,99.27,10.22,108.81,102.1
2020-09-23,GILD,Gilead Sciences,Deposit,10,63.4,634.0,Health Care,77.7,112.75,104.62,39.32,49.95,120.51,317.28,162.28,79.05,63.4,120.65,59.03,34.39,43.29,24.51,191.62,35.84,8.89,94.27,11.74,247.5,247.44,104.35,75.88,98.8,10.19,110.17,102.83
2020-09-24,HCA,HCA Healthcare,Buy,8,116.33,930.64,Health Care,74.73,110.08,103.29,38.28,48.82,118.83,304.93,160.1,78.33,63.09,116.33,57.18,34.16,41.85,23.95,186.12,35.29,8.69,92.74,11.54,242.59,245.73,102.98,74.95,97.0,10.42,109.21,99.72
2020-09-25,HSIC,Henry Schein,Deposit,5,58.28,291.4,Health Care,75.82,110.47,104.19,37.85,49.16,118.09,308.59,163.46,78.7,62.25,116.95,58.28,33.93,42.19,23.83,195.11,35.41,8.67,92.66,11.55,240.32,248.78,101.27,76.31,98.33,10.8,110.43,102.12
2020-09-26,PFE,Pfizer Inc.,Deposit,4,34.2,136.8,Health Care,78.06,111.47,105.66,38.45,49.94,118.95,318.5,164.98,79.64,62.25,120.55,58.79,34.2,42.02,24.43,194.95,35.8,8.82,93.47,11.71,243.82,255.25,103.16,76.87,100.56,10.81,112.74,103.72
2020-09-29,AKAM,Akamai Technologies Inc,Buy,10,110.97,1109.7,Information Technology,79.48,110.97,108.18,39.13,51.43,121.73,325.55,167.22,79.54,62.85,121.36,59.65,34.53,43.34,25.34,199.07,36.88,9.12,96.16,12.13,247.03,257.06,103.63,79.02,101.23,11.49,116.5,105.25
2020-09-30,APH,Amphenol Corp,Buy,2,108.63,217.26,Information Technology,81.77,111.21,108.63,39.06,51.19,120.94,323.64,168.26,79.09,62.1,120.18,58.57,34.32,42.42,24.78,196.79,36.53,9.05,95.35,11.83,248.3,259.79,102.69,77.89,99.17,11.43,118.11,105.78
2020-10-01,CDNS,Cadence Design Systems,Deposit,6,106.63,639.78,Information Technology,81.99,110.54,108.27,39.39,51.78,121.67,326.21,169.97,80.42,63.19,124.68,58.78,34.82,43.11,25.28,200.97,36.86,9.17,96.27,11.93,254.16,268.59,103.92,77.97,100.05,11.41,119.53,106.63
2020-10-02,CDW,CDW,Buy,5,123.5,617.5,Information Technology,84.86,109.93,109.79,38.8,52.24,121.09,332.34,173.0,79.72,63.32,124.56,57.92,34.51,43.44,25.43,198.55,36.77,9.15,96.97,11.92,255.39,270.17,102.3,76.49,101.43,11.25,123.5,108.63
2020-10-03,CSCO,Cisco Systems,Deposit,3,38.27,114.81,Information Technology,81.8,108.61,109.36,38.27,51.01,120.57,321.89,168.83,78.83,62.17,127.05,57.97,34.52,43.66,26.21,199.9,37.56,9.33,97.89,12.22,245.41,275.01,101.96,77.78,101.34,11.85,123.49,105.32
2020-10-06,INTU,Intuit Inc.,Buy,4,331.36,1325.44,Information Technology,86.15,109.1,111.53,38.57,51.69,122.01,331.36,173.88,80.57,63.6,130.17,60.51,34.87,44.91,27.48,201.8,39.23,9.67,99.04,12.76,256.01,284.79,103.71,82.03,101.81,11.87,125.88,107.46
2020-10-07,IPGP,IPG Photonics Corp.,Buy,4,173.97,695.88,Information Technology,84.48,108.16,110.14,38.57,51.37,121.97,325.38,173.97,80.46,62.52,128.37,58.84,34.32,44.41,27.13,201.09,37.91,9.54,98.02,12.6,252.69,283.64,103.38,79.92,101.01,11.85,123.07,105.52
2020-10-08,AMGN,Amgen Inc.,Buy,3,257.67,773.01,Health Care,86.69,109.68,113.03,39.4,52.67,124.07,334.91,176.45,81.65,62.84,129.07,59.46,34.6,44.84,28.12,203.6,37.95,9.88,99.73,13.16,257.67,293.12,105.66,79.44,100.85,12.62,125.93,108.44
2020-10-09,ANTM,Anthem,Deposit,10,293.29,2932.9,Health Care,86.51,111.08,113.5,39.79,53.37,131.49,334.99,179.83,78.85,63.32,131.83,61.09,35.0,44.72,28.56,207.98,39.33,10.03,101.78,13.31,240.09,293.29,107.8,80.64,101.44,12.95,126.2,109.32
2020-10-10,BAX,Baxter International Inc.,Buy,7,78.5,549.5,Health Care,83.1,112.53,113.49,39.85,52.82,127.79,341.81,181.03,78.5,63.84,133.96,60.46,34.91,44.93,27.96,207.54,38.61,9.85,101.2,13.12,236.7,294.41,108.68,79.69,101.39,13.11,125.99,111.93
2020-10-13,HSIC,Henry Schein,Deposit,5,59.89,299.45,Health Care,84.29,114.09,114.76,40.36,53.88,127.21,350.93,181.91,79.63,64.55,130.23,59.89,34.93,45.88,28.47,214.12,39.04,9.95,102.44,13.29,239.51,298.57,109.06,81.22,102.96,13.4,130.01,115.56
2020-10-14,PFE,Pfizer Inc.,Buy,5,35.01,175.05,Health Care,85.28,115.46,112.98,39.81,53.83,125.1,349.59,183.85,80.1,64.49,132.94,59.66,35.01,43.68,28.02,210.81,37.74,9.56,100.78,12.81,239.34,297.44,106.94,79.15,102.65,13.83,129.93,116.77
2020-10-15,MDT,Medtronic plc,Buy,10,107.56,1075.6,Health Care,84.21,113.33,113.48,39.89,53.55,125.94,345.3,181.9,80.04,64.05,134.66,60.87,34.97,43.03,27.58,211.23,37.42,9.46,100.22,12.67,237.65,292.34,107.56,78.77,102.31,14.03,129.52,116.97
2020-10-16,CINF,Cincinnati Financial,Buy,2,78.82,157.64,Financials,83.13,109.05,114.36,39.97,53.85,124.89,341.97,185.97,80.56,62.96,137.79,61.36,34.68,43.61,27.9,208.6,37.83,9.66,101.72,12.98,235.01,294.9,107.52,78.82,102.07,14.25,129.8,115.96
2020-10-17,C,Citigroup Inc.,Deposit,2,43.19,86.38,Financials,83.17,110.71,115.16,40.16,54.16,125.93,341.15,183.31,81.82,62.0,135.12,62.34,36.01,43.19,26.61,206.21,37.7,9.67,101.51,12.93,235.72,296.87,110.13,78.58,101.3,14.04,130.62,115.69
2020-10-20,HIG,Hartford Financial Svc.Gp.,Deposit,5,37.19,185.95,Financials,82.0,109.41,113.1,39.3,54.58,125.52,335.27,186.5,81.19,60.57,134.33,61.87,35.86,42.9,26.64,205.69,37.19,9.52,99.8,12.78,230.71,292.21,108.48,77.67,98.45,13.91,128.86,113.56
2020-10-21,HBAN,Huntington Bancshares,Deposit,2,9.88,19.76,Financials,81.56,109.3,114.6,39.2,53.43,117.37,334.51,192.52,81.14,60.55,136.42,62.51,35.57,43.52,27.62,208.03,38.39,9.88,100.37,13.08,231.1,291.19,109.15,79.82,99.95,14.09,129.32,112.61
2020-10-22,ICE,Intercontinental Exchange,Buy,5,99.47,497.35,Financials,79.2,109.02,114.94,39.06,53.5,115.06,332.79,191.7,81.74,60.21,135.98,63.62,35.18,43.01,27.55,202.91,40.4,9.69,99.37,12.42,228.97,296.16,109.23,84.29,99.47,13.82,128.84,111.23
2020-10-23,IVZ,Invesco Ltd.,Buy,4,14.05,56.2,Financials,79.42,108.0,118.51,38.82,53.9,115.76,331.82,198.08,81.45,60.67,135.21,66.63,35.51,43.95,28.86,205.4,39.97,10.38,102.88,13.08,227.98,305.17,111.84,76.74,99.36,14.05,129.44,109.32
2020-10-24,JPM,JPMorgan Chase & Co.,Buy,5,103.81,519.05,Financials,81.96,106.75,119.75,38.82,48.2,116.0,334.42,200.18,81.09,60.79,136.59,67.79,36.22,43.95,29.13,205.04,40.61,10.47,103.81,13.45,227.16,310.76,111.42,77.4,98.95,13.98,130.0,112.05
2020-10-27,AKAM,Akamai Technologies Inc,Deposit,5,106.06,530.3,Information Technology,82.23,106.06,116.45,37.67,46.72,112.22,328.09,195.33,80.01,59.96,135.43,66.87,35.98,43.26,28.36,201.14,39.0,10.28,101.24,13.0,224.89,299.75,107.93,76.81,97.76,13.79,125.67,109.88
2020-10-28,APH,Amphenol Corp,Deposit,8,115.05,920.4,Information Technology,78.88,106.71,115.05,36.87,45.64,110.56,330.27,201.79,80.62,60.01,130.56,65.61,35.51,41.88,26.66,195.68,37.56,9.94,99.33,12.63,223.46,298.88,105.21,73.85,97.56,13.97,123.28,109.84
2020-10-29,CDNS,Cadence Design Systems,Deposit,7,107.64,753.48,Information Technology,76.4,97.4,111.51,35.71,44.25,106.65,318.51,185.39,78.15,58.72,126.55,61.98,33.63,41.13,25.88,189.77,37.35,9.83,96.54,12.4,216.38,285.8,102.59,71.17,93.77,13.33,118.73,107.64
2020-10-30,CDW,CDW,Buy,4,120.95,483.8,Information Technology,78.02,95.82,113.17,35.69,44.11,108.91,325.61,187.05,78.08,58.53,125.4,62.9,33.47,41.66,26.71,189.94,38.69,10.14,97.17,12.75,217.82,273.26,101.37,71.65,95.7,13.4,120.95,110.21
2020-10-31,CSCO,Cisco Systems,Buy,3,35.9,107.7,Information Technology,75.29,95.12,112.84,35.9,44.28,111.66,314.68,185.96,77.57,58.15,123.94,63.58,33.66,41.42,27.25,189.04,38.52,10.44,98.04,12.98,216.94,272.8,100.57,70.74,94.4,13.11,122.6,109.37
2020-11-03,INTU,Intuit Inc.,Buy,8,316.42,2531.36,Information Technology,74.7,95.81,115.07,35.9,44.46,112.91,316.42,190.65,78.67,58.53,130.6,62.22,34.37,42.21,28.03,190.2,39.34,10.81,100.25,13.43,220.21,278.25,102.43,72.22,94.66,13.48,126.45,110.51
2020-11-04,IPGP,IPG Photonics Corp.,Deposit,10,194.97,1949.7,Information Technology,76.58,95.67,116.5,36.68,44.85,114.16,324.73,194.97,77.26,58.83,136.09,60.41,34.34,43.53,29.01,197.93,39.52,11.09,103.41,13.77,220.06,293.46,103.13,73.69,96.06,13.98,130.72,113.59
2020-11-05,AMGN,Amgen Inc.,Deposit,9,230.33,2072.97,Health Care,81.35,99.34,115.92,36.57,45.7,111.9,343.0,193.87,75.67,59.87,131.8,59.94,35.42,42.08,26.72,197.87,38.21,10.08,100.25,12.54,230.33,327.86,102.46,72.29,98.36,13.75,133.85,120.99
2020-11-06,ANTM,Anthem,Deposit,3,319.6,958.8,Health Care,83.0,102.71,119.46,37.23,45.68,114.77,350.96,197.55,77.76,59.63,137.56,61.57,34.53,43.07,28.91,202.96,39.94,10.57,104.35,13.16,231.97,319.6,104.01,74.55,100.96,14.43,138.18,124.07
2020-11-07,BAX,Baxter International Inc.,Buy,9,78.93,710.37,Health Care,85.88,101.63,120.34,37.53,45.39,114.04,352.26,198.89,78.93,59.07,138.5,61.67,34.54,42.71,27.71,201.26,39.4,10.15,102.96,12.82,231.67,313.32,103.56,74.25,100.66,13.88,138.05,125.5
2020-11-10,HSIC,Henry Schein,Deposit,8,68.0,544.0,Health Care,83.12,99.27,121.59,38.2,45.6,115.53,360.14,204.34,80.97,59.05,147.32,68.0,37.19,47.64,32.33,214.93,44.87,11.95,116.9,15.2,235.0,322.41,113.22,85.73,98.22,14.84,143.95,118.57
2020-11-11,PFE,Pfizer Inc.,Buy,8,36.7,293.6,Health Care,77.99,96.68,121.85,38.72,45.44,117.91,342.26,206.52,81.55,60.62,152.11,68.08,36.7,47.65,32.8,217.47,45.82,12.13,116.52,15.55,241.6,328.56,114.56,86.64,98.0,14.53,137.53,112.39
2020-11-12,MDT,Medtronic plc,Deposit,4,110.24,440.96,Health Care,81.28,97.2,124.28,39.33,46.35,117.2,352.4,209.74,80.93,60.1,145.47,63.58,36.53,48.93,31.68,218.05,45.21,11.64,114.78,15.02,240.69,323.37,110.24,84.52,99.98,15.28,138.7,116.68
2020-11-13,CINF,Cincinnati Financial,Deposit,7,82.99,580.93,Financials,81.84,98.23,120.21,38.67,44.95,114.5,349.51,203.52,81.66,59.98,144.59,63.36,35.63,48.28,30.68,214.51,44.73,11.29,113.37,14.48,237.14,329.92,109.6,82.99,98.31,14.96,135.56,114.56
2020-11-14,C,Citigroup Inc.,Deposit,5,48.66,243.3,Financials,81.43,101.53,123.4,41.4,45.46,116.85,356.95,201.0,82.36,60.59,149.75,65.65,36.64,48.66,31.75,219.08,45.21,11.59,114.08,14.87,237.36,332.96,112.5,78.78,99.35,15.53,137.59,115.82
2020-11-17,HIG,Hartford Financial Svc.Gp.,Buy,7,46.34,324.38,Financials,83.73,101.68,126.28,42.54,46.19,118.36,357.06,201.0,80.98,61.09,151.82,64.45,35.42,50.4,33.04,222.38,46.34,12.03,117.3,15.8,236.66,333.15,111.62,79.84,99.71,15.99,139.08,114.86
2020-11-18,HBAN,Huntington Bancshares,Deposit,2,12.02,24.04,Financials,83.36,102.45,127.06,41.88,45.53,117.7,358.75,199.32,80.78,60.97,153.03,64.61,36.04,50.73,33.07,224.65,46.43,12.02,116.11,15.67,232.44,329.84,110.14,79.71,100.03,16.3,136.78,113.48
2020-11-19,ICE,Intercontinental Exchange,Buy,6,99.46,596.76,Financials,82.54,100.59,125.8,41.32,45.06,116.77,354.74,198.27,80.42,60.9,151.24,64.24,36.32,51.05,32.51,224.3,45.88,11.87,115.25,15.51,227.76,322.38,109.47,79.5,99.46,16.01,135.73,111.03
2020-11-20,IVZ,Invesco Ltd.,Deposit,5,15.96,79.8,Financials,85.54,101.5,127.2,41.17,45.62,117.18,361.44,201.0,78.88,60.63,150.85,63.5,36.19,52.14,32.81,224.57,46.24,11.95,115.56,15.62,224.67,311.85,111.0,78.35,100.9,15.96,132.78,112.6
2020-11-21,JPM,JPMorgan Chase & Co.,Deposit,5,114.57,572.85,Financials,84.64,102.32,127.39,40.97,45.39,116.94,347.69,200.73,77.02,60.11,147.34,63.58,36.7,51.65,32.28,223.35,45.77,11.75,114.57,15.33,223.17,305.62,110.16,77.4,101.06,15.72,131.95,112.79
2020-11-24,AKAM,Akamai Technologies Inc,Buy,5,102.81,514.05,Information Technology,85.31,102.81,128.07,41.64,46.06,120.09,343.33,203.0,75.77,59.89,149.4,63.71,36.52,53.3,33.25,228.83,46.34,12.18,117.87,15.66,222.22,310.66,110.97,77.63,102.36,16.33,131.22,111.25
2020-11-25,APH,Amphenol Corp,Buy,2,131.25,262.5,Information Technology,85.07,102.52,131.25,42.61,47.01,124.42,345.2,204.8,76.03,60.25,155.06,64.57,36.6,57.06,35.06,237.5,47.53,12.93,123.32,16.75,220.46,313.94,114.06,79.56,103.07,17.13,136.82,110.74
2020-11-26,CDNS,Cadence Design Systems,Deposit,7,113.04,791.28,Information Technology,86.71,103.74,130.83,42.5,47.05,124.2,350.47,202.25,75.39,59.5,153.62,64.13,36.53,57.06,34.7,236.54,46.58,12.69,122.03,16.51,220.31,309.05,113.31,78.53,103.93,17.03,131.94,113.04
2020-11-28,CSCO,Cisco Systems,Deposit,8,42.7,341.6,Information Technology,87.19,104.32,131.95,42.7,47.45,124.35,354.24,203.52,75.97,60.03,153.05,63.68,37.23,56.67,34.14,235.4,45.83,12.46,121.22,16.33,224.81,312.8,114.59,77.81,104.99,17.01,132.23,116.58
2020-12-01,INTU,Intuit Inc.,Buy,4,352.02,1408.08,Information Technology,92.66,103.51,130.81,43.02,48.35,123.52,352.02,207.01,76.07,60.67,150.11,64.31,38.31,55.07,32.66,230.58,44.2,12.08,117.88,15.46,222.04,311.52,113.7,76.35,105.51,16.23,130.49,116.3
2020-12-02,IPGP,IPG Photonics Corp.,Buy,4,207.88,831.52,Information Technology,92.63,104.21,131.61,43.54,49.56,123.16,356.82,207.88,75.51,61.12,151.91,64.91,39.41,55.47,33.62,232.08,45.43,12.5,119.74,15.84,225.08,313.9,112.14,80.0,107.16,16.46,132.02,115.65
2020-12-03,AMGN,Amgen Inc.,Buy,10,226.56,2265.6,Health Care,93.74,103.46,131.09,43.89,49.9,124.62,355.49,207.69,76.35,61.13,152.6,66.49,40.8,57.2,34.36,237.65,45.46,12.83,122.04,15.95,226.56,318.45,113.6,79.93,106.56,16.76,131.21,116.43
2020-12-04,ANTM,Anthem,Deposit,6,323.03,1938.18,Health Care,92.31,104.09,131.7,44.11,50.99,123.61,363.7,206.97,76.32,60.86,152.75,66.47,40.09,56.58,34.59,235.47,45.84,12.98,121.24,15.96,226.91,323.03,112.47,81.7,107.46,17.8,131.25,116.68
2020-12-05,BAX,Baxter International Inc.,Buy,4,78.0,312.0,Health Care,94.04,104.19,132.91,44.38,51.99,127.2,368.6,212.07,78.0,61.56,157.68,68.42,40.34,58.62,35.43,239.58,46.49,13.11,122.34,16.12,229.21,323.27,113.85,82.96,109.23,17.79,133.5,118.34
2020-12-08,HSIC,Henry Schein,Deposit,6,68.73,412.38,Health Care,94.07,102.78,132.43,44.35,50.2,124.7,372.19,213.99,77.77,60.83,155.37,68.73,41.25,58.13,35.31,238.45,45.54,13.01,121.88,15.87,226.45,319.24,112.61,80.18,110.28,18.02,132.94,119.02
2020-12-09,PFE,Pfizer Inc.,Buy,7,42.56,297.92,Health Care,92.92,104.1,133.24,44.37,50.69,125.71,372.59,215.66,77.93,61.17,159.19,70.45,42.56,58.36,35.59,238.84,46.2,12.9,122.0,15.96,228.94,322.69,111.18,81.26,110.06,18.07,132.94,118.41
2020-12-10,MDT,Medtronic plc,Buy,1,112.95,112.95,Health Care,89.83,104.43,133.62,44.69,50.07,126.79,364.18,207.87,79.3,60.82,159.93,71.15,41.85,58.95,35.81,242.82,47.57,12.91,121.05,16.05,229.85,318.44,112.95,81.33,110.17,17.7,131.95,115.49
2020-12-11,CINF,Cincinnati Financial,Buy,2,80.97,161.94,Financials,91.66,103.41,131.41,44.32,50.26,124.96,362.5,206.92,79.16,60.45,161.79,71.31,41.73,60.5,36.0,244.4,47.4,13.03,120.27,16.08,228.16,313.75,112.68,80.97,109.24,17.51,131.71,117.45
2020-12-12,C,Citigroup Inc.,Deposit,1,58.93,58.93,Financials,91.65,103.53,131.01,44.32,49.73,124.27,364.32,209.03,79.34,60.76,157.57,69.95,41.12,58.93,35.37,239.99,46.24,12.93,119.56,15.84,227.4,311.4,112.38,80.17,108.82,17.86,130.7,118.52
2020-12-15,HIG,Hartford Financial Svc.Gp.,Deposit,8,45.54,364.32,Financials,94.78,103.27,130.3,44.24,50.47,123.53,365.51,209.11,78.83,59.84,160.86,68.07,39.21,58.74,34.62,237.79,45.54,12.51,118.3,15.43,229.46,310.1,111.97,79.61,107.71,17.1,131.73,121.31
2020-12-16,HBAN,Huntington Bancshares,Deposit,5,12.59,62.95,Financials,97.12,103.87,131.55,44.72,50.67,125.93,360.43,213.91,79.62,59.43,160.95,68.94,38.71,59.67,35.29,242.43,45.75,12.59,120.32,15.69,230.53,313.22,114.89,80.93,110.98,17.59,132.83,122.82
2020-12-17,ICE,Intercontinental Exchange,Buy,2,111.31,222.62,Financials,96.85,104.52,130.86,44.72,51.12,125.55,369.26,213.78,80.0,58.94,161.56,69.15,37.84,59.75,35.38,243.77,46.29,12.52,120.67,15.76,228.44,310.24,114.97,82.04,111.31,17.45,132.26,125.4
2020-12-18,IVZ,Invesco Ltd.,Buy,3,17.48,52.44,Financials,96.84,105.61,132.17,44.82,50.65,125.55,380.32,217.02,81.04,59.07,164.75,68.89,38.03,60.05,34.78,244.43,46.78,12.34,119.67,15.58,231.24,314.08,115.34,84.29,112.79,17.48,135.24,127.3
2020-12-19,JPM,JPMorgan Chase & Co.,Buy,5,119.08,595.4,Financials,95.92,107.08,130.65,45.44,47.46,125.85,380.11,216.82,80.86,59.08,164.34,67.78,37.68,59.06,34.21,242.13,47.65,12.39,119.08,15.42,228.49,308.64,116.71,83.04,112.83,17.45,134.37,132.02
2020-12-22,ANTM,Anthem,Deposit,1,306.38,306.38,Health Care,93.23,105.98,129.36,44.88,46.36,123.39,375.93,216.33,79.05,58.54,163.09,66.46,37.38,61.23,34.76,256.98,47.5,12.26,123.55,15.75,227.31,306.38,114.45,84.05,112.54,17.42,130.99,131.73
2020-12-23,BAX,Baxter International Inc.,Deposit,1,78.66,78.66,Health Care,93.16,106.64,128.87,44.69,46.17,123.61,379.97,218.76,78.66,57.0,163.27,66.1,36.74,59.26,34.24,250.09,47.64,12.13,121.67,15.74,220.99,303.3,114.63,83.96,113.16,16.98,130.75,134.37
2020-12-24,GILD,Gilead Sciences,Deposit,3,57.38,172.14,Health Care,91.55,107.06,128.76,44.38,46.57,123.9,376.92,220.16,78.75,57.38,165.86,66.44,37.44,60.78,35.36,256.45,48.27,12.45,125.07,16.33,222.94,308.35,113.94,85.71,112.18,17.55,129.85,133.06
2020-12-25,HCA,HCA Healthcare,Buy,3,164.24,492.72,Health Care,91.81,107.46,129.17,44.54,47.07,124.69,381.16,220.97,79.59,57.07,164.24,65.83,37.27,60.57,35.12,256.16,48.41,12.35,124.52,16.19,222.93,308.67,114.03,85.23,112.69,17.61,129.23,134.0
2020-12-29,CINF,Cincinnati Financial,Buy,9,87.37,786.33,Financials,91.6,107.28,129.84,44.92,47.07,124.82,381.12,225.05,79.26,56.89,164.0,66.22,36.82,61.13,35.11,259.59,48.2,12.46,125.34,16.25,223.65,312.89,115.13,87.37,113.59,17.2,131.06,134.76
2020-12-30,C,Citigroup Inc.,Deposit,1,60.91,60.91,Financials,90.62,106.71,128.44,44.64,49.39,123.8,378.33,221.54,80.0,56.83,163.83,65.72,37.05,60.91,34.88,258.01,47.53,12.32,125.01,15.97,226.87,314.33,115.57,86.23,112.9,17.01,129.47,133.98
2020-12-31,CFG,Citizens Financial Group,Deposit,5,35.4,177.0,Financials,92.29,104.65,129.84,44.48,48.75,124.34,375.55,224.29,79.2,56.65,162.35,65.84,36.74,60.86,35.4,259.45,47.94,12.56,125.36,16.25,227.17,314.05,115.64,86.46,113.15,17.34,130.0,135.25
2021-01-01,GS,Goldman Sachs Group,Deposit,9,263.71,2373.39,Financials,91.71,104.99,130.77,44.75,49.82,125.88,379.85,223.79,80.24,58.26,164.46,66.86,36.81,61.66,35.76,263.71,48.98,12.63,127.07,16.41,229.92,321.09,117.14,87.37,115.29,17.43,131.79,136.43
2021-01-05,IVZ,Invesco Ltd.,Deposit,10,16.95,169.5,Financials,92.3,105.24,128.52,43.96,49.67,123.94,371.7,218.21,80.12,60.11,163.64,66.49,36.81,60.14,35.52,265.0,48.29,12.56,125.87,16.29,226.66,318.58,116.02,84.5,113.3,16.95,127.16,135.76
2021-01-06,JPM,JPMorgan Chase & Co.,Buy,5,125.65,628.25,Financials,92.77,105.42,130.74,43.98,50.61,126.14,368.87,220.45,81.22,60.0,165.01,67.78,37.19,61.7,36.29,270.93,47.97,12.84,125.65,16.55,227.76,315.1,116.95,83.7,113.54,17.46,127.84,136.14
2021-01-07,KEY,KeyCorp,Deposit,2,18.16,36.32,Financials,90.33,101.53,133.99,44.4,51.1,129.29,361.0,224.39,80.94,61.95,170.56,69.56,36.87,65.25,38.81,285.55,50.86,14.1,131.55,18.16,233.25,328.32,118.86,87.64,115.74,18.41,128.9,130.64
2021-01-08,AMGN,Amgen Inc.,Sell,-5,234.02,-1170.1,Health Care,95.16,102.81,135.91,44.96,52.19,128.99,368.63,235.19,81.49,62.52,173.6,70.01,37.06,66.02,40.17,291.65,50.4,14.44,135.87,18.49,234.02,337.38,118.7,87.68,115.81,18.33,131.97,137.05
2021-01-09,ANTM,Anthem,Sell,-1,337.08,-337.08,Health Care,94.58,103.46,135.36,45.06,51.65,128.53,374.46,241.52,81.7,63.04,172.28,72.1,37.13,65.37,39.56,290.08,49.89,14.43,136.02,18.24,238.49,337.08,119.71,87.78,117.63,18.65,134.59,136.19
2021-01-12,HCA,HCA Healthcare,Sell,-5,171.37,-856.85,Health Care,97.25,102.37,135.68,45.36,51.54,128.58,372.34,245.51,82.47,62.51,171.37,72.38,37.77,66.44,39.83,293.83,50.25,14.73,138.05,18.48,237.57,338.77,118.5,88.67,117.65,18.94,133.65,134.69
2021-01-13,HSIC,Henry Schein,Sell,-3,73.79,-221.37,Health Care,95.36,101.68,134.94,45.79,53.24,129.21,365.67,247.61,80.56,62.08,172.24,73.79,37.18,66.67,40.3,302.21,51.86,14.9,140.22,18.84,236.59,334.78,117.29,92.47,117.86,19.58,134.42,133.72
2021-01-14,PFE,Pfizer Inc.,Sell,-5,36.86,-184.3,Health Care,91.78,101.68,134.46,45.36,56.95,126.92,364.96,240.5,82.4,61.54,170.47,73.88,36.86,66.86,40.25,302.94,51.9,14.87,140.35,18.79,237.74,330.43,118.72,91.81,117.84,19.52,134.95,134.12
2021-01-15,MDT,Medtronic plc,Sell,-3,117.77,-353.31,Health Care,90.79,102.85,133.84,45.15,59.25,128.97,365.51,246.14,80.05,62.4,168.27,73.03,36.75,69.01,41.45,307.87,52.37,15.0,141.17,18.93,241.66,322.52,117.77,93.49,115.62,20.27,134.8,135.4
2021-01-16,CINF,Cincinnati Financial,Sell,-1,93.7,-93.7,Financials,88.21,106.45,131.74,45.43,57.58,128.39,371.01,243.92,80.04,63.33,168.77,71.46,36.7,64.23,40.63,301.01,51.67,14.76,138.64,18.41,245.49,326.42,116.81,93.7,115.19,20.0,133.66,134.64
2021-01-20,HIG,Hartford Financial Svc.Gp.,Sell,-5,52.66,-263.3,Financials,89.45,110.01,132.35,45.19,57.99,129.02,384.95,258.58,78.83,67.07,166.1,70.43,36.73,63.69,40.83,294.2,52.66,14.88,138.04,18.55,248.27,323.69,118.31,93.77,114.88,20.25,132.97,137.62
2021-01-21,HBAN,Huntington Bancshares,Sell,-5,14.68,-73.4,Financials,88.75,109.36,133.95,45.34,58.67,130.08,389.46,251.12,79.52,67.99,167.95,70.18,36.5,63.25,40.09,290.47,52.49,14.68,135.97,18.29,252.36,321.52,119.29,92.48,114.69,21.57,136.15,140.1
2021-01-22,ICE,Intercontinental Exchange,Sell,-4,112.92,-451.68,Financials,91.53,109.95,133.1,45.11,62.46,131.65,381.75,251.84,80.01,66.98,167.4,68.44,36.48,61.87,38.92,289.37,51.02,14.51,134.83,18.15,252.03,321.7,117.91,88.28,112.92,20.9,137.67,138.62
2021-01-23,IVZ,Invesco Ltd.,Sell,-3,20.97,-62.91,Financials,92.79,109.06,132.24,44.77,56.66,118.61,374.85,251.0,79.51,66.94,166.97,69.13,36.55,61.33,38.39,289.39,50.37,13.84,133.79,18.2,253.5,314.09,116.58,87.32,111.92,20.97,135.32,137.42
