{"chunk_definitions":[{"chunk_id":"csetup_chunk","chunk_label":"setup","document_id":"A4991AB7","expansion_state":0,"options":{"engine":"r","include":false,"label":"setup"},"row":30,"row_count":1,"visible":true},{"chunk_id":"cniluwj98jwfb","chunk_label":"unnamed-chunk-1","document_id":"A4991AB7","expansion_state":0,"options":{"engine":"r","fig.height":2,"label":"unnamed-chunk-120"},"row":62,"row_count":1,"visible":true},{"chunk_id":"cl8wfl2ao73tr","chunk_label":"unnamed-chunk-2","document_id":"A4991AB7","expansion_state":0,"options":{"engine":"r","label":"unnamed-chunk-121"},"row":68,"row_count":1,"visible":true},{"chunk_id":"c1yhn669ur5nc","chunk_label":"unnamed-chunk-3","document_id":"A4991AB7","expansion_state":0,"options":{"engine":"r","label":"unnamed-chunk-122"},"row":77,"row_count":1,"visible":true},{"chunk_id":"c70khjxynt1xh","chunk_label":"unnamed-chunk-4","document_id":"A4991AB7","expansion_state":0,"options":{"engine":"r","label":"unnamed-chunk-123"},"row":82,"row_count":1,"visible":true},{"chunk_id":"czt942wbgxkpa","chunk_label":"unnamed-chunk-5","document_id":"A4991AB7","expansion_state":0,"options":{"engine":"r","label":"unnamed-chunk-124"},"row":89,"row_count":1,"visible":true},{"chunk_id":"ca0lpiyklqkxx","chunk_label":"unnamed-chunk-6","document_id":"A4991AB7","expansion_state":0,"options":{"engine":"r","label":"unnamed-chunk-125"},"row":107,"row_count":1,"visible":true},{"chunk_id":"ctcp93h52rau1","chunk_label":"unnamed-chunk-7","document_id":"A4991AB7","expansion_state":0,"options":{"engine":"r","label":"unnamed-chunk-126"},"row":134,"row_count":1,"visible":true},{"chunk_id":"cskdyab1mzgvb","chunk_label":"unnamed-chunk-8","document_id":"A4991AB7","expansion_state":0,"options":{"engine":"r","label":"unnamed-chunk-127"},"row":139,"row_count":1,"visible":true},{"chunk_id":"cp82ewydvt5w9","chunk_label":"unnamed-chunk-9","document_id":"A4991AB7","expansion_state":0,"options":{"engine":"r","fig.height":6,"label":"unnamed-chunk-128"},"row":154,"row_count":1,"visible":true},{"chunk_id":"ci0oiv2yj3n1f","chunk_label":"unnamed-chunk-10","document_id":"A4991AB7","expansion_state":0,"options":{"engine":"r","label":"unnamed-chunk-129","warning":false},"row":181,"row_count":1,"visible":true},{"chunk_id":"c190wnko93ruq","chunk_label":"unnamed-chunk-11","document_id":"A4991AB7","expansion_state":0,"options":{"engine":"r","label":"unnamed-chunk-130","warning":false},"row":192,"row_count":1,"visible":true},{"chunk_id":"c4op3jm77lmkw","chunk_label":"unnamed-chunk-12","document_id":"A4991AB7","expansion_state":0,"options":{"engine":"r","label":"unnamed-chunk-131","warning":false},"row":206,"row_count":1,"visible":true},{"chunk_id":"c49asxtma00t3","chunk_label":"unnamed-chunk-13","document_id":"A4991AB7","expansion_state":0,"options":{"engine":"r","fig.width":10,"label":"unnamed-chunk-132","out.height":"50%"},"row":227,"row_count":1,"visible":true},{"chunk_id":"cf2kwsaod9axp","chunk_label":"unnamed-chunk-14","document_id":"A4991AB7","expansion_state":0,"options":{"engine":"r","label":"unnamed-chunk-133"},"row":235,"row_count":1,"visible":true},{"chunk_id":"ctz25e6qji3em","chunk_label":"unnamed-chunk-15","document_id":"A4991AB7","expansion_state":0,"options":{"engine":"r","label":"unnamed-chunk-134"},"row":248,"row_count":1,"visible":true},{"chunk_id":"cx4324fk74786","chunk_label":"unnamed-chunk-16","document_id":"A4991AB7","expansion_state":0,"options":{"engine":"r","label":"unnamed-chunk-135"},"row":258,"row_count":1,"visible":true},{"chunk_id":"ct0fspfp2m4q9","chunk_label":"unnamed-chunk-17","document_id":"A4991AB7","expansion_state":0,"options":{"engine":"r","label":"unnamed-chunk-136"},"row":265,"row_count":1,"visible":true},{"chunk_id":"cjae6h9uwhf6d","chunk_label":"unnamed-chunk-18","document_id":"A4991AB7","expansion_state":0,"options":{"engine":"r","label":"unnamed-chunk-137"},"row":279,"row_count":1,"visible":true},{"chunk_id":"cb74tcf4mfw4t","chunk_label":"unnamed-chunk-19","document_id":"A4991AB7","expansion_state":0,"options":{"engine":"r","label":"unnamed-chunk-138"},"row":297,"row_count":1,"visible":true},{"chunk_id":"cp0jtadu1fsr0","chunk_label":"unnamed-chunk-20","document_id":"A4991AB7","expansion_state":0,"options":{},"row":307,"row_count":1,"visible":true},{"chunk_id":"cn29rvo8q322z","chunk_label":"unnamed-chunk-21","document_id":"A4991AB7","expansion_state":0,"options":{},"row":316,"row_count":1,"visible":true},{"chunk_id":"cnyxm4p2emj38","chunk_label":"unnamed-chunk-22","document_id":"A4991AB7","expansion_state":0,"options":{},"row":326,"row_count":1,"visible":true},{"chunk_id":"cgmk3f75emal0","chunk_label":"unnamed-chunk-23","document_id":"A4991AB7","expansion_state":0,"options":{},"row":342,"row_count":1,"visible":true},{"chunk_id":"cjtop55c95au3","chunk_label":"unnamed-chunk-24","document_id":"A4991AB7","expansion_state":0,"options":{},"row":351,"row_count":1,"visible":true},{"chunk_id":"cnsr7csitl69b","chunk_label":"unnamed-chunk-25","document_id":"A4991AB7","expansion_state":0,"options":{},"row":376,"row_count":1,"visible":true},{"chunk_id":"ca5zlhwkezh3c","chunk_label":"unnamed-chunk-26","document_id":"A4991AB7","expansion_state":0,"options":{},"row":404,"row_count":1,"visible":true},{"chunk_id":"colvcqpvwofzj","chunk_label":"unnamed-chunk-27","document_id":"A4991AB7","expansion_state":0,"options":{},"row":426,"row_count":1,"visible":true},{"chunk_id":"cz9s1314nuewe","chunk_label":"unnamed-chunk-28","document_id":"A4991AB7","expansion_state":0,"options":{},"row":444,"row_count":1,"visible":true},{"chunk_id":"ceba233qmplkw","chunk_label":"unnamed-chunk-29","document_id":"A4991AB7","expansion_state":0,"options":{},"row":460,"row_count":1,"visible":true},{"chunk_id":"c2umnd8xh1d0e","chunk_label":"unnamed-chunk-30","document_id":"A4991AB7","expansion_state":0,"options":{},"row":470,"row_count":1,"visible":true},{"chunk_id":"c6wnuwsqnkc2d","chunk_label":"unnamed-chunk-31","document_id":"A4991AB7","expansion_state":0,"options":{},"row":485,"row_count":1,"visible":true},{"chunk_id":"cfgy7mia0zjvl","chunk_label":"unnamed-chunk-32","document_id":"A4991AB7","expansion_state":0,"options":{},"row":500,"row_count":1,"visible":true},{"chunk_id":"c8rmpsr0akaz9","chunk_label":"unnamed-chunk-33","document_id":"A4991AB7","expansion_state":0,"options":{},"row":509,"row_count":1,"visible":true},{"chunk_id":"c7wfzldhl9zvl","chunk_label":"unnamed-chunk-34","document_id":"A4991AB7","expansion_state":0,"options":{},"row":520,"row_count":1,"visible":true},{"chunk_id":"cxt2oi0vrmp3o","chunk_label":"unnamed-chunk-35","document_id":"A4991AB7","expansion_state":0,"options":{},"row":532,"row_count":1,"visible":true},{"chunk_id":"cmyia87nfjztk","chunk_label":"unnamed-chunk-36","document_id":"A4991AB7","expansion_state":0,"options":{},"row":548,"row_count":1,"visible":true},{"chunk_id":"c7kabnfnxopzr","chunk_label":"unnamed-chunk-37","document_id":"A4991AB7","expansion_state":0,"options":{},"row":553,"row_count":1,"visible":true},{"chunk_id":"cxtcdk0o5vuzc","chunk_label":"unnamed-chunk-38","document_id":"A4991AB7","expansion_state":0,"options":{},"row":590,"row_count":1,"visible":true},{"chunk_id":"ce9g50qwlx5o8","chunk_label":"unnamed-chunk-39","document_id":"A4991AB7","expansion_state":0,"options":{},"row":613,"row_count":1,"visible":true},{"chunk_id":"cp5ph22xhjhf5","chunk_label":"unnamed-chunk-40","document_id":"A4991AB7","expansion_state":0,"options":{},"row":625,"row_count":1,"visible":true},{"chunk_id":"cdqklmvbmhwjd","chunk_label":"unnamed-chunk-41","document_id":"A4991AB7","expansion_state":0,"options":{},"row":643,"row_count":1,"visible":true},{"chunk_id":"cz0cwoabg7ibj","chunk_label":"unnamed-chunk-42","document_id":"A4991AB7","expansion_state":0,"options":{},"row":656,"row_count":1,"visible":true},{"chunk_id":"clhi5fgxr5v3m","chunk_label":"unnamed-chunk-43","document_id":"A4991AB7","expansion_state":0,"options":{},"row":669,"row_count":1,"visible":true},{"chunk_id":"c2e7bvow8g6dg","chunk_label":"unnamed-chunk-44","document_id":"A4991AB7","expansion_state":0,"options":{},"row":684,"row_count":1,"visible":true},{"chunk_id":"ce4587ratqnyn","chunk_label":"unnamed-chunk-45","document_id":"A4991AB7","expansion_state":0,"options":{},"row":693,"row_count":1,"visible":true},{"chunk_id":"c7lt29hb5jeqn","chunk_label":"unnamed-chunk-46","document_id":"A4991AB7","expansion_state":0,"options":{},"row":702,"row_count":1,"visible":true},{"chunk_id":"cbkrhordpftty","chunk_label":"unnamed-chunk-47","document_id":"A4991AB7","expansion_state":0,"options":{},"row":718,"row_count":1,"visible":true},{"chunk_id":"cmifb3mpw0mla","chunk_label":"unnamed-chunk-48","document_id":"A4991AB7","expansion_state":0,"options":{},"row":731,"row_count":1,"visible":true},{"chunk_id":"c1n2aafvnj5hr","chunk_label":"unnamed-chunk-49","document_id":"A4991AB7","expansion_state":0,"options":{},"row":745,"row_count":1,"visible":true},{"chunk_id":"coua8c580felr","chunk_label":"unnamed-chunk-50","document_id":"A4991AB7","expansion_state":0,"options":{},"row":757,"row_count":1,"visible":true},{"chunk_id":"crsq6a142dybe","chunk_label":"unnamed-chunk-51","document_id":"A4991AB7","expansion_state":0,"options":{},"row":768,"row_count":1,"visible":true},{"chunk_id":"c16rtdbmd2tm5","chunk_label":"unnamed-chunk-52","document_id":"A4991AB7","expansion_state":0,"options":{},"row":775,"row_count":1,"visible":true},{"chunk_id":"cl0xfjzywgssi","chunk_label":"unnamed-chunk-53","document_id":"A4991AB7","expansion_state":0,"options":{},"row":789,"row_count":1,"visible":true},{"chunk_id":"c6156h0a5iemr","chunk_label":"unnamed-chunk-54","document_id":"A4991AB7","expansion_state":0,"options":{},"row":800,"row_count":1,"visible":true},{"chunk_id":"cd9tdk9hsxopr","chunk_label":"unnamed-chunk-55","document_id":"A4991AB7","expansion_state":0,"options":{},"row":811,"row_count":1,"visible":true},{"chunk_id":"cqrhl9os4vkf4","chunk_label":"unnamed-chunk-56","document_id":"A4991AB7","expansion_state":0,"options":{},"row":827,"row_count":1,"visible":true},{"chunk_id":"cumirpuyu491o","chunk_label":"unnamed-chunk-57","document_id":"A4991AB7","expansion_state":0,"options":{},"row":835,"row_count":1,"visible":true},{"chunk_id":"c95io3zgohxcy","chunk_label":"unnamed-chunk-58","document_id":"A4991AB7","expansion_state":0,"options":{},"row":842,"row_count":1,"visible":true},{"chunk_id":"c87tamzl1mt4b","chunk_label":"unnamed-chunk-59","document_id":"A4991AB7","expansion_state":0,"options":{},"row":858,"row_count":1,"visible":true},{"chunk_id":"c358faftay627","chunk_label":"unnamed-chunk-60","document_id":"A4991AB7","expansion_state":0,"options":{},"row":881,"row_count":1,"visible":true},{"chunk_id":"co6zptrcb8126","chunk_label":"unnamed-chunk-61","document_id":"A4991AB7","expansion_state":0,"options":{},"row":905,"row_count":1,"visible":true},{"chunk_id":"cbgntcjos7jk9","chunk_label":"unnamed-chunk-62","document_id":"A4991AB7","expansion_state":0,"options":{},"row":917,"row_count":1,"visible":true},{"chunk_id":"cg1laoz8aflw4","chunk_label":"unnamed-chunk-63","document_id":"A4991AB7","expansion_state":0,"options":{},"row":924,"row_count":1,"visible":true},{"chunk_id":"c1hihhhgi2zzf","chunk_label":"unnamed-chunk-64","document_id":"A4991AB7","expansion_state":0,"options":{},"row":934,"row_count":1,"visible":true},{"chunk_id":"cdnwfwv6s7f3c","chunk_label":"unnamed-chunk-65","document_id":"A4991AB7","expansion_state":0,"options":{},"row":947,"row_count":1,"visible":true},{"chunk_id":"cnfjjqtuyst9e","chunk_label":"unnamed-chunk-66","document_id":"A4991AB7","expansion_state":0,"options":{},"row":981,"row_count":1,"visible":true},{"chunk_id":"cihjhlhsto9lo","chunk_label":"unnamed-chunk-67","document_id":"A4991AB7","expansion_state":0,"options":{},"row":1004,"row_count":1,"visible":true},{"chunk_id":"c5fm2ut27fc6q","chunk_label":"unnamed-chunk-68","document_id":"A4991AB7","expansion_state":0,"options":{},"row":1012,"row_count":1,"visible":true},{"chunk_id":"czt35n2gkubsy","chunk_label":"unnamed-chunk-69","document_id":"A4991AB7","expansion_state":0,"options":{},"row":1035,"row_count":1,"visible":true}],"default_chunk_options":{"dev.args":{"bg":"white","pointsize":10.00000000000000},"echo":true,"eval":true,"fig.height":4.000000000000000,"fig.path":"figuras/","fig.width":8.000000000000000,"message":false,"tidy":true,"tidy.opts":{"blank":false,"size":"normalsize","width.cutoff":60.00000000000000},"warning":false},"doc_write_time":1606220943,"working_dir":null}