{"created_at":"Sat Apr 25 21:42:36 +0000 2020","id":1254163929389023233,"id_str":"1254163929389023233","text":"RT @CoreysDigs: \ud83d\ude02 I didn't organize it, but I approve this message. Go Texas!","source":"\u003ca href=\"http:\/\/twitter.com\/download\/android\" rel=\"nofollow\"\u003eTwitter for Android\u003c\/a\u003e","truncated":false,"in_reply_to_status_id":null,"in_reply_to_status_id_str":null,"in_reply_to_user_id":null,"in_reply_to_user_id_str":null,"in_reply_to_screen_name":null,"user":{"id":1565741676,"id_str":"1565741676","name":"dan","screen_name":"whiz6059","location":null,"url":null,"description":"Husband, Father, and Grandfather. #maga #build the wall.","translator_type":"none","protected":false,"verified":false,"followers_count":558,"friends_count":47,"listed_count":0,"favourites_count":26952,"statuses_count":112495,"created_at":"Wed Jul 03 13:18:34 +0000 2013","utc_offset":null,"time_zone":null,"geo_enabled":false,"lang":null,"contributors_enabled":false,"is_translator":false,"profile_background_color":"C0DEED","profile_background_image_url":"http:\/\/abs.twimg.com\/images\/themes\/theme1\/bg.png","profile_background_image_url_https":"https:\/\/abs.twimg.com\/images\/themes\/theme1\/bg.png","profile_background_tile":false,"profile_link_color":"1DA1F2","profile_sidebar_border_color":"C0DEED","profile_sidebar_fill_color":"DDEEF6","profile_text_color":"333333","profile_use_background_image":true,"profile_image_url":"http:\/\/pbs.twimg.com\/profile_images\/1012758152066957312\/3WzeJUPU_normal.jpg","profile_image_url_https":"https:\/\/pbs.twimg.com\/profile_images\/1012758152066957312\/3WzeJUPU_normal.jpg","profile_banner_url":"https:\/\/pbs.twimg.com\/profile_banners\/1565741676\/1549391903","default_profile":true,"default_profile_image":false,"following":null,"follow_request_sent":null,"notifications":null},"geo":null,"coordinates":null,"place":null,"contributors":null,"retweeted_status":{"created_at":"Sat Apr 25 18:49:21 +0000 2020","id":1254120328499953667,"id_str":"1254120328499953667","text":"\ud83d\ude02 I didn't organize it, but I approve this message. Go Texas!","source":"\u003ca href=\"https:\/\/mobile.twitter.com\" rel=\"nofollow\"\u003eTwitter Web App\u003c\/a\u003e","truncated":false,"in_reply_to_status_id":null,"in_reply_to_status_id_str":null,"in_reply_to_user_id":null,"in_reply_to_user_id_str":null,"in_reply_to_screen_name":null,"user":{"id":809974521746911232,"id_str":"809974521746911232","name":"Corey Lynn - Corey's Digs","screen_name":"CoreysDigs","location":"Zen","url":"http:\/\/coreysdigs.com","description":"Investigative Journalist. Dig It! Podcast: https:\/\/t.co\/WnzzrGrHbN, https:\/\/t.co\/mgnC1bUot5, https:\/\/t.co\/vL2JamB6OH, https:\/\/t.co\/MWJDbNTiI7","translator_type":"none","protected":false,"verified":false,"followers_count":73412,"friends_count":358,"listed_count":481,"favourites_count":43148,"statuses_count":35018,"created_at":"Sat Dec 17 04:12:29 +0000 2016","utc_offset":null,"time_zone":null,"geo_enabled":false,"lang":null,"contributors_enabled":false,"is_translator":false,"profile_background_color":"000000","profile_background_image_url":"http:\/\/abs.twimg.com\/images\/themes\/theme1\/bg.png","profile_background_image_url_https":"https:\/\/abs.twimg.com\/images\/themes\/theme1\/bg.png","profile_background_tile":false,"profile_link_color":"E81C4F","profile_sidebar_border_color":"000000","profile_sidebar_fill_color":"000000","profile_text_color":"000000","profile_use_background_image":false,"profile_image_url":"http:\/\/pbs.twimg.com\/profile_images\/1095051691408441344\/RHrxYMTR_normal.jpg","profile_image_url_https":"https:\/\/pbs.twimg.com\/profile_images\/1095051691408441344\/RHrxYMTR_normal.jpg","profile_banner_url":"https:\/\/pbs.twimg.com\/profile_banners\/809974521746911232\/1542833181","default_profile":false,"default_profile_image":false,"following":null,"follow_request_sent":null,"notifications":null},"geo":null,"coordinates":null,"place":null,"contributors":null,"quoted_status_id":1254119729385467904,"quoted_status_id_str":"1254119729385467904","quoted_status":{"created_at":"Sat Apr 25 18:46:58 +0000 2020","id":1254119729385467904,"id_str":"1254119729385467904","text":"Another \u201cliberate\u201d protest in Texas.\n\nThey\u2019re  chanting \u201cArrest Bill Gates!\u201d \ud83d\ude02\n\nI feel you organised this rally\u2026 https:\/\/t.co\/a6Cg3vHZo8","source":"\u003ca href=\"http:\/\/twitter.com\/download\/iphone\" rel=\"nofollow\"\u003eTwitter for iPhone\u003c\/a\u003e","truncated":true,"in_reply_to_status_id":null,"in_reply_to_status_id_str":null,"in_reply_to_user_id":null,"in_reply_to_user_id_str":null,"in_reply_to_screen_name":null,"user":{"id":973493306108739584,"id_str":"973493306108739584","name":"TheSpeaker2018","screen_name":"TheSpeaker2018","location":null,"url":"https:\/\/www.youtube.com\/channel\/UCTufdZpLym57Q9TZm_l1KdA","description":"I\u2019m a truth seeker a red piller, every second I can remember I\u2019ve walked around the edges..I was born a fringe dweller..","translator_type":"none","protected":false,"verified":false,"followers_count":30157,"friends_count":1312,"listed_count":153,"favourites_count":147413,"statuses_count":41213,"created_at":"Tue Mar 13 09:37:45 +0000 2018","utc_offset":null,"time_zone":null,"geo_enabled":true,"lang":null,"contributors_enabled":false,"is_translator":false,"profile_background_color":"000000","profile_background_image_url":"http:\/\/abs.twimg.com\/images\/themes\/theme1\/bg.png","profile_background_image_url_https":"https:\/\/abs.twimg.com\/images\/themes\/theme1\/bg.png","profile_background_tile":false,"profile_link_color":"981CEB","profile_sidebar_border_color":"000000","profile_sidebar_fill_color":"000000","profile_text_color":"000000","profile_use_background_image":false,"profile_image_url":"http:\/\/pbs.twimg.com\/profile_images\/1198305041565675520\/yDBB-W--_normal.jpg","profile_image_url_https":"https:\/\/pbs.twimg.com\/profile_images\/1198305041565675520\/yDBB-W--_normal.jpg","profile_banner_url":"https:\/\/pbs.twimg.com\/profile_banners\/973493306108739584\/1550725907","default_profile":false,"default_profile_image":false,"following":null,"follow_request_sent":null,"notifications":null},"geo":null,"coordinates":null,"place":null,"contributors":null,"is_quote_status":false,"extended_tweet":{"full_text":"Another \u201cliberate\u201d protest in Texas.\n\nThey\u2019re  chanting \u201cArrest Bill Gates!\u201d \ud83d\ude02\n\nI feel you organised this rally @CoreysDigs \n\n https:\/\/t.co\/KPhlhILUpF","display_text_range":[0,150],"entities":{"hashtags":[],"urls":[],"user_mentions":[{"screen_name":"CoreysDigs","name":"Corey Lynn - Corey's Digs","id":809974521746911232,"id_str":"809974521746911232","indices":[112,123]}],"symbols":[],"media":[{"id":1254103515573690368,"id_str":"1254103515573690368","indices":[127,150],"additional_media_info":{"monetizable":false},"media_url":"http:\/\/pbs.twimg.com\/ext_tw_video_thumb\/1254103515573690368\/pu\/img\/AcPveKqi3JEttSiK.jpg","media_url_https":"https:\/\/pbs.twimg.com\/ext_tw_video_thumb\/1254103515573690368\/pu\/img\/AcPveKqi3JEttSiK.jpg","url":"https:\/\/t.co\/KPhlhILUpF","display_url":"pic.twitter.com\/KPhlhILUpF","expanded_url":"https:\/\/twitter.com\/sav_says_\/status\/1254103563866865665\/video\/1","type":"video","video_info":{"aspect_ratio":[16,9],"duration_millis":16797,"variants":[{"bitrate":256000,"content_type":"video\/mp4","url":"https:\/\/video.twimg.com\/ext_tw_video\/1254103515573690368\/pu\/vid\/480x270\/LTd7ZHvahE9cebHT.mp4?tag=10"},{"bitrate":832000,"content_type":"video\/mp4","url":"https:\/\/video.twimg.com\/ext_tw_video\/1254103515573690368\/pu\/vid\/640x360\/beyjzy2uc3k8ec4j.mp4?tag=10"},{"bitrate":2176000,"content_type":"video\/mp4","url":"https:\/\/video.twimg.com\/ext_tw_video\/1254103515573690368\/pu\/vid\/1280x720\/W8shCC9uvjG2sl--.mp4?tag=10"},{"content_type":"application\/x-mpegURL","url":"https:\/\/video.twimg.com\/ext_tw_video\/1254103515573690368\/pu\/pl\/hKc_gjPCrp4mFsNA.m3u8?tag=10"}]},"sizes":{"thumb":{"w":150,"h":150,"resize":"crop"},"medium":{"w":1200,"h":675,"resize":"fit"},"small":{"w":680,"h":383,"resize":"fit"},"large":{"w":1280,"h":720,"resize":"fit"}},"source_status_id":1254103563866865665,"source_status_id_str":"1254103563866865665","source_user_id":971841850695979010,"source_user_id_str":"971841850695979010"}]},"extended_entities":{"media":[{"id":1254103515573690368,"id_str":"1254103515573690368","indices":[127,150],"additional_media_info":{"monetizable":false},"media_url":"http:\/\/pbs.twimg.com\/ext_tw_video_thumb\/1254103515573690368\/pu\/img\/AcPveKqi3JEttSiK.jpg","media_url_https":"https:\/\/pbs.twimg.com\/ext_tw_video_thumb\/1254103515573690368\/pu\/img\/AcPveKqi3JEttSiK.jpg","url":"https:\/\/t.co\/KPhlhILUpF","display_url":"pic.twitter.com\/KPhlhILUpF","expanded_url":"https:\/\/twitter.com\/sav_says_\/status\/1254103563866865665\/video\/1","type":"video","video_info":{"aspect_ratio":[16,9],"duration_millis":16797,"variants":[{"bitrate":256000,"content_type":"video\/mp4","url":"https:\/\/video.twimg.com\/ext_tw_video\/1254103515573690368\/pu\/vid\/480x270\/LTd7ZHvahE9cebHT.mp4?tag=10"},{"bitrate":832000,"content_type":"video\/mp4","url":"https:\/\/video.twimg.com\/ext_tw_video\/1254103515573690368\/pu\/vid\/640x360\/beyjzy2uc3k8ec4j.mp4?tag=10"},{"bitrate":2176000,"content_type":"video\/mp4","url":"https:\/\/video.twimg.com\/ext_tw_video\/1254103515573690368\/pu\/vid\/1280x720\/W8shCC9uvjG2sl--.mp4?tag=10"},{"content_type":"application\/x-mpegURL","url":"https:\/\/video.twimg.com\/ext_tw_video\/1254103515573690368\/pu\/pl\/hKc_gjPCrp4mFsNA.m3u8?tag=10"}]},"sizes":{"thumb":{"w":150,"h":150,"resize":"crop"},"medium":{"w":1200,"h":675,"resize":"fit"},"small":{"w":680,"h":383,"resize":"fit"},"large":{"w":1280,"h":720,"resize":"fit"}},"source_status_id":1254103563866865665,"source_status_id_str":"1254103563866865665","source_user_id":971841850695979010,"source_user_id_str":"971841850695979010"}]}},"quote_count":137,"reply_count":103,"retweet_count":1146,"favorite_count":2103,"entities":{"hashtags":[],"urls":[{"url":"https:\/\/t.co\/a6Cg3vHZo8","expanded_url":"https:\/\/twitter.com\/i\/web\/status\/1254119729385467904","display_url":"twitter.com\/i\/web\/status\/1\u2026","indices":[113,136]}],"user_mentions":[],"symbols":[]},"favorited":false,"retweeted":false,"possibly_sensitive":false,"filter_level":"low","lang":"en"},"quoted_status_permalink":{"url":"https:\/\/t.co\/B3YVR01TLR","expanded":"https:\/\/twitter.com\/TheSpeaker2018\/status\/1254119729385467904","display":"twitter.com\/TheSpeaker2018\u2026"},"is_quote_status":true,"quote_count":28,"reply_count":33,"retweet_count":468,"favorite_count":1051,"entities":{"hashtags":[],"urls":[],"user_mentions":[],"symbols":[]},"favorited":false,"retweeted":false,"filter_level":"low","lang":"en"},"quoted_status_id":1254119729385467904,"quoted_status_id_str":"1254119729385467904","quoted_status":{"created_at":"Sat Apr 25 18:46:58 +0000 2020","id":1254119729385467904,"id_str":"1254119729385467904","text":"Another \u201cliberate\u201d protest in Texas.\n\nThey\u2019re  chanting \u201cArrest Bill Gates!\u201d \ud83d\ude02\n\nI feel you organised this rally\u2026 https:\/\/t.co\/a6Cg3vHZo8","source":"\u003ca href=\"http:\/\/twitter.com\/download\/iphone\" rel=\"nofollow\"\u003eTwitter for iPhone\u003c\/a\u003e","truncated":true,"in_reply_to_status_id":null,"in_reply_to_status_id_str":null,"in_reply_to_user_id":null,"in_reply_to_user_id_str":null,"in_reply_to_screen_name":null,"user":{"id":973493306108739584,"id_str":"973493306108739584","name":"TheSpeaker2018","screen_name":"TheSpeaker2018","location":null,"url":"https:\/\/www.youtube.com\/channel\/UCTufdZpLym57Q9TZm_l1KdA","description":"I\u2019m a truth seeker a red piller, every second I can remember I\u2019ve walked around the edges..I was born a fringe dweller..","translator_type":"none","protected":false,"verified":false,"followers_count":30157,"friends_count":1312,"listed_count":153,"favourites_count":147413,"statuses_count":41213,"created_at":"Tue Mar 13 09:37:45 +0000 2018","utc_offset":null,"time_zone":null,"geo_enabled":true,"lang":null,"contributors_enabled":false,"is_translator":false,"profile_background_color":"000000","profile_background_image_url":"http:\/\/abs.twimg.com\/images\/themes\/theme1\/bg.png","profile_background_image_url_https":"https:\/\/abs.twimg.com\/images\/themes\/theme1\/bg.png","profile_background_tile":false,"profile_link_color":"981CEB","profile_sidebar_border_color":"000000","profile_sidebar_fill_color":"000000","profile_text_color":"000000","profile_use_background_image":false,"profile_image_url":"http:\/\/pbs.twimg.com\/profile_images\/1198305041565675520\/yDBB-W--_normal.jpg","profile_image_url_https":"https:\/\/pbs.twimg.com\/profile_images\/1198305041565675520\/yDBB-W--_normal.jpg","profile_banner_url":"https:\/\/pbs.twimg.com\/profile_banners\/973493306108739584\/1550725907","default_profile":false,"default_profile_image":false,"following":null,"follow_request_sent":null,"notifications":null},"geo":null,"coordinates":null,"place":null,"contributors":null,"is_quote_status":false,"extended_tweet":{"full_text":"Another \u201cliberate\u201d protest in Texas.\n\nThey\u2019re  chanting \u201cArrest Bill Gates!\u201d \ud83d\ude02\n\nI feel you organised this rally @CoreysDigs \n\n https:\/\/t.co\/KPhlhILUpF","display_text_range":[0,150],"entities":{"hashtags":[],"urls":[],"user_mentions":[{"screen_name":"CoreysDigs","name":"Corey Lynn - Corey's Digs","id":809974521746911232,"id_str":"809974521746911232","indices":[112,123]}],"symbols":[],"media":[{"id":1254103515573690368,"id_str":"1254103515573690368","indices":[127,150],"additional_media_info":{"monetizable":false},"media_url":"http:\/\/pbs.twimg.com\/ext_tw_video_thumb\/1254103515573690368\/pu\/img\/AcPveKqi3JEttSiK.jpg","media_url_https":"https:\/\/pbs.twimg.com\/ext_tw_video_thumb\/1254103515573690368\/pu\/img\/AcPveKqi3JEttSiK.jpg","url":"https:\/\/t.co\/KPhlhILUpF","display_url":"pic.twitter.com\/KPhlhILUpF","expanded_url":"https:\/\/twitter.com\/sav_says_\/status\/1254103563866865665\/video\/1","type":"video","video_info":{"aspect_ratio":[16,9],"duration_millis":16797,"variants":[{"bitrate":256000,"content_type":"video\/mp4","url":"https:\/\/video.twimg.com\/ext_tw_video\/1254103515573690368\/pu\/vid\/480x270\/LTd7ZHvahE9cebHT.mp4?tag=10"},{"bitrate":832000,"content_type":"video\/mp4","url":"https:\/\/video.twimg.com\/ext_tw_video\/1254103515573690368\/pu\/vid\/640x360\/beyjzy2uc3k8ec4j.mp4?tag=10"},{"bitrate":2176000,"content_type":"video\/mp4","url":"https:\/\/video.twimg.com\/ext_tw_video\/1254103515573690368\/pu\/vid\/1280x720\/W8shCC9uvjG2sl--.mp4?tag=10"},{"content_type":"application\/x-mpegURL","url":"https:\/\/video.twimg.com\/ext_tw_video\/1254103515573690368\/pu\/pl\/hKc_gjPCrp4mFsNA.m3u8?tag=10"}]},"sizes":{"thumb":{"w":150,"h":150,"resize":"crop"},"medium":{"w":1200,"h":675,"resize":"fit"},"small":{"w":680,"h":383,"resize":"fit"},"large":{"w":1280,"h":720,"resize":"fit"}},"source_status_id":1254103563866865665,"source_status_id_str":"1254103563866865665","source_user_id":971841850695979010,"source_user_id_str":"971841850695979010"}]},"extended_entities":{"media":[{"id":1254103515573690368,"id_str":"1254103515573690368","indices":[127,150],"additional_media_info":{"monetizable":false},"media_url":"http:\/\/pbs.twimg.com\/ext_tw_video_thumb\/1254103515573690368\/pu\/img\/AcPveKqi3JEttSiK.jpg","media_url_https":"https:\/\/pbs.twimg.com\/ext_tw_video_thumb\/1254103515573690368\/pu\/img\/AcPveKqi3JEttSiK.jpg","url":"https:\/\/t.co\/KPhlhILUpF","display_url":"pic.twitter.com\/KPhlhILUpF","expanded_url":"https:\/\/twitter.com\/sav_says_\/status\/1254103563866865665\/video\/1","type":"video","video_info":{"aspect_ratio":[16,9],"duration_millis":16797,"variants":[{"bitrate":256000,"content_type":"video\/mp4","url":"https:\/\/video.twimg.com\/ext_tw_video\/1254103515573690368\/pu\/vid\/480x270\/LTd7ZHvahE9cebHT.mp4?tag=10"},{"bitrate":832000,"content_type":"video\/mp4","url":"https:\/\/video.twimg.com\/ext_tw_video\/1254103515573690368\/pu\/vid\/640x360\/beyjzy2uc3k8ec4j.mp4?tag=10"},{"bitrate":2176000,"content_type":"video\/mp4","url":"https:\/\/video.twimg.com\/ext_tw_video\/1254103515573690368\/pu\/vid\/1280x720\/W8shCC9uvjG2sl--.mp4?tag=10"},{"content_type":"application\/x-mpegURL","url":"https:\/\/video.twimg.com\/ext_tw_video\/1254103515573690368\/pu\/pl\/hKc_gjPCrp4mFsNA.m3u8?tag=10"}]},"sizes":{"thumb":{"w":150,"h":150,"resize":"crop"},"medium":{"w":1200,"h":675,"resize":"fit"},"small":{"w":680,"h":383,"resize":"fit"},"large":{"w":1280,"h":720,"resize":"fit"}},"source_status_id":1254103563866865665,"source_status_id_str":"1254103563866865665","source_user_id":971841850695979010,"source_user_id_str":"971841850695979010"}]}},"quote_count":137,"reply_count":103,"retweet_count":1146,"favorite_count":2103,"entities":{"hashtags":[],"urls":[{"url":"https:\/\/t.co\/a6Cg3vHZo8","expanded_url":"https:\/\/twitter.com\/i\/web\/status\/1254119729385467904","display_url":"twitter.com\/i\/web\/status\/1\u2026","indices":[113,136]}],"user_mentions":[],"symbols":[]},"favorited":false,"retweeted":false,"possibly_sensitive":false,"filter_level":"low","lang":"en"},"quoted_status_permalink":{"url":"https:\/\/t.co\/B3YVR01TLR","expanded":"https:\/\/twitter.com\/TheSpeaker2018\/status\/1254119729385467904","display":"twitter.com\/TheSpeaker2018\u2026"},"is_quote_status":true,"quote_count":0,"reply_count":0,"retweet_count":0,"favorite_count":0,"entities":{"hashtags":[],"urls":[],"user_mentions":[{"screen_name":"CoreysDigs","name":"Corey Lynn - Corey's Digs","id":809974521746911232,"id_str":"809974521746911232","indices":[3,14]}],"symbols":[]},"favorited":false,"retweeted":false,"filter_level":"low","lang":"en","timestamp_ms":"1587850956662"}
