{"created_at":"Sat Apr 25 21:42:39 +0000 2020","id":1254163941984481284,"id_str":"1254163941984481284","text":"Evb aggravating","source":"\u003ca href=\"http:\/\/twitter.com\/download\/iphone\" rel=\"nofollow\"\u003eTwitter for iPhone\u003c\/a\u003e","truncated":false,"in_reply_to_status_id":null,"in_reply_to_status_id_str":null,"in_reply_to_user_id":null,"in_reply_to_user_id_str":null,"in_reply_to_screen_name":null,"user":{"id":2983584797,"id_str":"2983584797","name":"UNIQUE","screen_name":"AmourKasia","location":null,"url":null,"description":null,"translator_type":"none","protected":false,"verified":false,"followers_count":825,"friends_count":636,"listed_count":1,"favourites_count":17146,"statuses_count":17434,"created_at":"Sun Jan 18 06:06:36 +0000 2015","utc_offset":null,"time_zone":null,"geo_enabled":true,"lang":null,"contributors_enabled":false,"is_translator":false,"profile_background_color":"000000","profile_background_image_url":"http:\/\/abs.twimg.com\/images\/themes\/theme1\/bg.png","profile_background_image_url_https":"https:\/\/abs.twimg.com\/images\/themes\/theme1\/bg.png","profile_background_tile":false,"profile_link_color":"F58EA8","profile_sidebar_border_color":"000000","profile_sidebar_fill_color":"000000","profile_text_color":"000000","profile_use_background_image":false,"profile_image_url":"http:\/\/pbs.twimg.com\/profile_images\/1242452408111902721\/HgJvkJ62_normal.jpg","profile_image_url_https":"https:\/\/pbs.twimg.com\/profile_images\/1242452408111902721\/HgJvkJ62_normal.jpg","profile_banner_url":"https:\/\/pbs.twimg.com\/profile_banners\/2983584797\/1583206758","default_profile":false,"default_profile_image":false,"following":null,"follow_request_sent":null,"notifications":null},"geo":null,"coordinates":null,"place":null,"contributors":null,"is_quote_status":false,"quote_count":0,"reply_count":0,"retweet_count":0,"favorite_count":0,"entities":{"hashtags":[],"urls":[],"user_mentions":[],"symbols":[]},"favorited":false,"retweeted":false,"filter_level":"low","lang":"en","timestamp_ms":"1587850959665"}
