{"created_at":"Sat Apr 25 21:42:39 +0000 2020","id":1254163941984534529,"id_str":"1254163941984534529","text":"as friends","source":"\u003ca href=\"http:\/\/twitter.com\/download\/iphone\" rel=\"nofollow\"\u003eTwitter for iPhone\u003c\/a\u003e","truncated":false,"in_reply_to_status_id":null,"in_reply_to_status_id_str":null,"in_reply_to_user_id":null,"in_reply_to_user_id_str":null,"in_reply_to_screen_name":null,"user":{"id":120606977,"id_str":"120606977","name":"\ud83e\udd9e","screen_name":"citykidjames","location":"the city","url":null,"description":"http:\/\/SoundCloud.com\/citykidjames\/w\u2026","translator_type":"none","protected":false,"verified":false,"followers_count":679,"friends_count":225,"listed_count":56,"favourites_count":1806,"statuses_count":71271,"created_at":"Sun Mar 07 00:18:33 +0000 2010","utc_offset":null,"time_zone":null,"geo_enabled":false,"lang":null,"contributors_enabled":false,"is_translator":false,"profile_background_color":"C0DEED","profile_background_image_url":"http:\/\/abs.twimg.com\/images\/themes\/theme1\/bg.png","profile_background_image_url_https":"https:\/\/abs.twimg.com\/images\/themes\/theme1\/bg.png","profile_background_tile":false,"profile_link_color":"0084B4","profile_sidebar_border_color":"C0DEED","profile_sidebar_fill_color":"DDEEF6","profile_text_color":"333333","profile_use_background_image":true,"profile_image_url":"http:\/\/pbs.twimg.com\/profile_images\/1246156114317713409\/K493ulIj_normal.jpg","profile_image_url_https":"https:\/\/pbs.twimg.com\/profile_images\/1246156114317713409\/K493ulIj_normal.jpg","profile_banner_url":"https:\/\/pbs.twimg.com\/profile_banners\/120606977\/1582913717","default_profile":false,"default_profile_image":false,"following":null,"follow_request_sent":null,"notifications":null},"geo":null,"coordinates":null,"place":null,"contributors":null,"quoted_status_id":1245845124111835137,"quoted_status_id_str":"1245845124111835137","quoted_status":{"created_at":"Thu Apr 02 22:46:38 +0000 2020","id":1245845124111835137,"id_str":"1245845124111835137","text":"Being her stress reliever &gt;&gt; https:\/\/t.co\/pyDIYOAPf1","source":"\u003ca href=\"http:\/\/twitter.com\/download\/iphone\" rel=\"nofollow\"\u003eTwitter for iPhone\u003c\/a\u003e","truncated":false,"in_reply_to_status_id":null,"in_reply_to_status_id_str":null,"in_reply_to_user_id":null,"in_reply_to_user_id_str":null,"in_reply_to_screen_name":null,"user":{"id":1125802790998237184,"id_str":"1125802790998237184","name":"NikoNasty","screen_name":"flix_nut","location":null,"url":null,"description":"6\u2019-1. I\u2019m just here to be a twitter thot. I\u2019m a straight man. Thats me in header. 18+ to slide in my dm","translator_type":"none","protected":false,"verified":false,"followers_count":38426,"friends_count":3917,"listed_count":204,"favourites_count":15475,"statuses_count":11399,"created_at":"Tue May 07 16:41:16 +0000 2019","utc_offset":null,"time_zone":null,"geo_enabled":false,"lang":null,"contributors_enabled":false,"is_translator":false,"profile_background_color":"F5F8FA","profile_background_image_url":"","profile_background_image_url_https":"","profile_background_tile":false,"profile_link_color":"1DA1F2","profile_sidebar_border_color":"C0DEED","profile_sidebar_fill_color":"DDEEF6","profile_text_color":"333333","profile_use_background_image":true,"profile_image_url":"http:\/\/pbs.twimg.com\/profile_images\/1198397620122738688\/RxmaRnR7_normal.jpg","profile_image_url_https":"https:\/\/pbs.twimg.com\/profile_images\/1198397620122738688\/RxmaRnR7_normal.jpg","profile_banner_url":"https:\/\/pbs.twimg.com\/profile_banners\/1125802790998237184\/1564983156","default_profile":true,"default_profile_image":false,"following":null,"follow_request_sent":null,"notifications":null},"geo":null,"coordinates":null,"place":null,"contributors":null,"is_quote_status":false,"quote_count":165,"reply_count":21,"retweet_count":323,"favorite_count":1400,"entities":{"hashtags":[],"urls":[],"user_mentions":[],"symbols":[],"media":[{"id":1239403267005616128,"id_str":"1239403267005616128","indices":[35,58],"additional_media_info":{"monetizable":false},"media_url":"http:\/\/pbs.twimg.com\/ext_tw_video_thumb\/1239403267005616128\/pu\/img\/_WmEe2fRTypfk2vv.jpg","media_url_https":"https:\/\/pbs.twimg.com\/ext_tw_video_thumb\/1239403267005616128\/pu\/img\/_WmEe2fRTypfk2vv.jpg","url":"https:\/\/t.co\/pyDIYOAPf1","display_url":"pic.twitter.com\/pyDIYOAPf1","expanded_url":"https:\/\/twitter.com\/MusaPhoenix1\/status\/1239403341836255232\/video\/1","type":"photo","sizes":{"thumb":{"w":150,"h":150,"resize":"crop"},"small":{"w":680,"h":680,"resize":"fit"},"medium":{"w":720,"h":720,"resize":"fit"},"large":{"w":720,"h":720,"resize":"fit"}},"source_status_id":1239403341836255232,"source_status_id_str":"1239403341836255232","source_user_id":2356071704,"source_user_id_str":"2356071704"}]},"extended_entities":{"media":[{"id":1239403267005616128,"id_str":"1239403267005616128","indices":[35,58],"additional_media_info":{"monetizable":false},"media_url":"http:\/\/pbs.twimg.com\/ext_tw_video_thumb\/1239403267005616128\/pu\/img\/_WmEe2fRTypfk2vv.jpg","media_url_https":"https:\/\/pbs.twimg.com\/ext_tw_video_thumb\/1239403267005616128\/pu\/img\/_WmEe2fRTypfk2vv.jpg","url":"https:\/\/t.co\/pyDIYOAPf1","display_url":"pic.twitter.com\/pyDIYOAPf1","expanded_url":"https:\/\/twitter.com\/MusaPhoenix1\/status\/1239403341836255232\/video\/1","type":"video","video_info":{"aspect_ratio":[1,1],"duration_millis":44957,"variants":[{"bitrate":1280000,"content_type":"video\/mp4","url":"https:\/\/video.twimg.com\/ext_tw_video\/1239403267005616128\/pu\/vid\/720x720\/yW-XJz2D6-pj0E5n.mp4?tag=10"},{"bitrate":832000,"content_type":"video\/mp4","url":"https:\/\/video.twimg.com\/ext_tw_video\/1239403267005616128\/pu\/vid\/480x480\/pHqYc_62YYfypFGl.mp4?tag=10"},{"content_type":"application\/x-mpegURL","url":"https:\/\/video.twimg.com\/ext_tw_video\/1239403267005616128\/pu\/pl\/QfV9s2FWysA3ROGc.m3u8?tag=10"},{"bitrate":432000,"content_type":"video\/mp4","url":"https:\/\/video.twimg.com\/ext_tw_video\/1239403267005616128\/pu\/vid\/320x320\/GFJcqYAvwo-6-uCC.mp4?tag=10"}]},"sizes":{"thumb":{"w":150,"h":150,"resize":"crop"},"small":{"w":680,"h":680,"resize":"fit"},"medium":{"w":720,"h":720,"resize":"fit"},"large":{"w":720,"h":720,"resize":"fit"}},"source_status_id":1239403341836255232,"source_status_id_str":"1239403341836255232","source_user_id":2356071704,"source_user_id_str":"2356071704"}]},"favorited":false,"retweeted":false,"possibly_sensitive":true,"filter_level":"low","lang":"en"},"quoted_status_permalink":{"url":"https:\/\/t.co\/FQju3fBVQ9","expanded":"https:\/\/twitter.com\/flix_nut\/status\/1245845124111835137","display":"twitter.com\/flix_nut\/statu\u2026"},"is_quote_status":true,"quote_count":0,"reply_count":0,"retweet_count":0,"favorite_count":0,"entities":{"hashtags":[],"urls":[],"user_mentions":[],"symbols":[]},"favorited":false,"retweeted":false,"filter_level":"low","lang":"en","timestamp_ms":"1587850959665"}
