{"created_at":"Sat Apr 25 21:42:39 +0000 2020","id":1254163941984538624,"id_str":"1254163941984538624","text":"Are the gun ranges open?","source":"\u003ca href=\"http:\/\/twitter.com\/download\/iphone\" rel=\"nofollow\"\u003eTwitter for iPhone\u003c\/a\u003e","truncated":false,"in_reply_to_status_id":null,"in_reply_to_status_id_str":null,"in_reply_to_user_id":null,"in_reply_to_user_id_str":null,"in_reply_to_screen_name":null,"user":{"id":37727631,"id_str":"37727631","name":"adrianna","screen_name":"adje09","location":"w\u00fcrzburg,germany","url":null,"description":"FAMU & UGA alum.","translator_type":"none","protected":false,"verified":false,"followers_count":348,"friends_count":393,"listed_count":7,"favourites_count":264,"statuses_count":129540,"created_at":"Mon May 04 19:01:19 +0000 2009","utc_offset":null,"time_zone":null,"geo_enabled":false,"lang":null,"contributors_enabled":false,"is_translator":false,"profile_background_color":"709397","profile_background_image_url":"http:\/\/abs.twimg.com\/images\/themes\/theme6\/bg.gif","profile_background_image_url_https":"https:\/\/abs.twimg.com\/images\/themes\/theme6\/bg.gif","profile_background_tile":true,"profile_link_color":"FF3300","profile_sidebar_border_color":"86A4A6","profile_sidebar_fill_color":"A0C5C7","profile_text_color":"333333","profile_use_background_image":true,"profile_image_url":"http:\/\/pbs.twimg.com\/profile_images\/1173732933078851584\/4MxDCNfx_normal.jpg","profile_image_url_https":"https:\/\/pbs.twimg.com\/profile_images\/1173732933078851584\/4MxDCNfx_normal.jpg","profile_banner_url":"https:\/\/pbs.twimg.com\/profile_banners\/37727631\/1426555531","default_profile":false,"default_profile_image":false,"following":null,"follow_request_sent":null,"notifications":null},"geo":null,"coordinates":null,"place":null,"contributors":null,"is_quote_status":false,"quote_count":0,"reply_count":0,"retweet_count":0,"favorite_count":0,"entities":{"hashtags":[],"urls":[],"user_mentions":[],"symbols":[]},"favorited":false,"retweeted":false,"filter_level":"low","lang":"en","timestamp_ms":"1587850959665"}
