{"created_at":"Sat Apr 25 21:42:36 +0000 2020","id":1254163929397366784,"id_str":"1254163929397366784","text":"Aint better field guide to US birds than David's - also in a superb app. Havent seen his 2020 edition. For mammals,\u2026 https:\/\/t.co\/JqDAyppjn5","source":"\u003ca href=\"https:\/\/mobile.twitter.com\" rel=\"nofollow\"\u003eTwitter Web App\u003c\/a\u003e","truncated":true,"in_reply_to_status_id":null,"in_reply_to_status_id_str":null,"in_reply_to_user_id":null,"in_reply_to_user_id_str":null,"in_reply_to_screen_name":null,"user":{"id":1467673213,"id_str":"1467673213","name":"Vanda Felbab-Brown","screen_name":"VFelbabBrown","location":"Washington, DC (base anyway)","url":"http:\/\/www.brookings.edu\/experts\/felbabbrownv","description":"Brookings scholar of crime, conflict, & nontraditional security threats; addicted to foreign & public policy; in love w\/ fieldwork, nature, design, & more","translator_type":"none","protected":false,"verified":false,"followers_count":5383,"friends_count":1401,"listed_count":164,"favourites_count":177,"statuses_count":13587,"created_at":"Wed May 29 16:15:15 +0000 2013","utc_offset":null,"time_zone":null,"geo_enabled":false,"lang":null,"contributors_enabled":false,"is_translator":false,"profile_background_color":"C0DEED","profile_background_image_url":"http:\/\/abs.twimg.com\/images\/themes\/theme1\/bg.png","profile_background_image_url_https":"https:\/\/abs.twimg.com\/images\/themes\/theme1\/bg.png","profile_background_tile":false,"profile_link_color":"1DA1F2","profile_sidebar_border_color":"C0DEED","profile_sidebar_fill_color":"DDEEF6","profile_text_color":"333333","profile_use_background_image":true,"profile_image_url":"http:\/\/pbs.twimg.com\/profile_images\/378800000058300950\/9696c81474e9c326acd8454df77c6d83_normal.jpeg","profile_image_url_https":"https:\/\/pbs.twimg.com\/profile_images\/378800000058300950\/9696c81474e9c326acd8454df77c6d83_normal.jpeg","profile_banner_url":"https:\/\/pbs.twimg.com\/profile_banners\/1467673213\/1376004310","default_profile":true,"default_profile_image":false,"following":null,"follow_request_sent":null,"notifications":null},"geo":null,"coordinates":null,"place":null,"contributors":null,"quoted_status_id":1254158179476426752,"quoted_status_id_str":"1254158179476426752","quoted_status":{"created_at":"Sat Apr 25 21:19:45 +0000 2020","id":1254158179476426752,"id_str":"1254158179476426752","text":"@VFelbabBrown I'm a beginner birder, but I use David Sibley's field diary and love it. https:\/\/t.co\/waN1k9vmxq","display_text_range":[14,86],"source":"\u003ca href=\"http:\/\/twitter.com\/download\/android\" rel=\"nofollow\"\u003eTwitter for Android\u003c\/a\u003e","truncated":false,"in_reply_to_status_id":1254156045334786049,"in_reply_to_status_id_str":"1254156045334786049","in_reply_to_user_id":1467673213,"in_reply_to_user_id_str":"1467673213","in_reply_to_screen_name":"VFelbabBrown","user":{"id":113393979,"id_str":"113393979","name":"Jason Fritz","screen_name":"JasonFritz1","location":"Washington, DC","url":"http:\/\/jason-fritz.com","description":"Studies political violence. Teach @JHUGovStudies & @AU_SPA. Senior editor @WarOnTheRocks. @AU_SPA (PhD, MS), @WestPoint_USMA (BS). Army vet. Views my own.","translator_type":"none","protected":false,"verified":false,"followers_count":5989,"friends_count":2501,"listed_count":200,"favourites_count":4913,"statuses_count":23107,"created_at":"Thu Feb 11 16:26:30 +0000 2010","utc_offset":null,"time_zone":null,"geo_enabled":true,"lang":null,"contributors_enabled":false,"is_translator":false,"profile_background_color":"F0E4E4","profile_background_image_url":"http:\/\/abs.twimg.com\/images\/themes\/theme1\/bg.png","profile_background_image_url_https":"https:\/\/abs.twimg.com\/images\/themes\/theme1\/bg.png","profile_background_tile":true,"profile_link_color":"084B40","profile_sidebar_border_color":"B39D9D","profile_sidebar_fill_color":"C7BDBD","profile_text_color":"333333","profile_use_background_image":true,"profile_image_url":"http:\/\/pbs.twimg.com\/profile_images\/1120347009297387520\/RN5uqJN0_normal.png","profile_image_url_https":"https:\/\/pbs.twimg.com\/profile_images\/1120347009297387520\/RN5uqJN0_normal.png","profile_banner_url":"https:\/\/pbs.twimg.com\/profile_banners\/113393979\/1408154197","default_profile":false,"default_profile_image":false,"following":null,"follow_request_sent":null,"notifications":null},"geo":null,"coordinates":null,"place":null,"contributors":null,"is_quote_status":false,"quote_count":0,"reply_count":0,"retweet_count":0,"favorite_count":0,"entities":{"hashtags":[],"urls":[],"user_mentions":[{"screen_name":"VFelbabBrown","name":"Vanda Felbab-Brown","id":1467673213,"id_str":"1467673213","indices":[0,13]}],"symbols":[],"media":[{"id":1254158173172310017,"id_str":"1254158173172310017","indices":[87,110],"media_url":"http:\/\/pbs.twimg.com\/media\/EWeqNrQWoAEO1_9.jpg","media_url_https":"https:\/\/pbs.twimg.com\/media\/EWeqNrQWoAEO1_9.jpg","url":"https:\/\/t.co\/waN1k9vmxq","display_url":"pic.twitter.com\/waN1k9vmxq","expanded_url":"https:\/\/twitter.com\/JasonFritz1\/status\/1254158179476426752\/photo\/1","type":"photo","sizes":{"thumb":{"w":150,"h":150,"resize":"crop"},"small":{"w":510,"h":680,"resize":"fit"},"medium":{"w":900,"h":1200,"resize":"fit"},"large":{"w":1536,"h":2048,"resize":"fit"}}}]},"extended_entities":{"media":[{"id":1254158173172310017,"id_str":"1254158173172310017","indices":[87,110],"media_url":"http:\/\/pbs.twimg.com\/media\/EWeqNrQWoAEO1_9.jpg","media_url_https":"https:\/\/pbs.twimg.com\/media\/EWeqNrQWoAEO1_9.jpg","url":"https:\/\/t.co\/waN1k9vmxq","display_url":"pic.twitter.com\/waN1k9vmxq","expanded_url":"https:\/\/twitter.com\/JasonFritz1\/status\/1254158179476426752\/photo\/1","type":"photo","sizes":{"thumb":{"w":150,"h":150,"resize":"crop"},"small":{"w":510,"h":680,"resize":"fit"},"medium":{"w":900,"h":1200,"resize":"fit"},"large":{"w":1536,"h":2048,"resize":"fit"}}}]},"favorited":false,"retweeted":false,"possibly_sensitive":false,"filter_level":"low","lang":"en"},"quoted_status_permalink":{"url":"https:\/\/t.co\/TIPqzHb9af","expanded":"https:\/\/twitter.com\/JasonFritz1\/status\/1254158179476426752","display":"twitter.com\/JasonFritz1\/st\u2026"},"is_quote_status":true,"extended_tweet":{"full_text":"Aint better field guide to US birds than David's - also in a superb app. Havent seen his 2020 edition. For mammals, insects, &amp; butterflies, the Kaufman series. If David ever decides to draw another class of animals in North America -- reptiles? - Im getting the field guide","display_text_range":[0,277],"entities":{"hashtags":[],"urls":[],"user_mentions":[],"symbols":[]}},"quote_count":0,"reply_count":0,"retweet_count":0,"favorite_count":0,"entities":{"hashtags":[],"urls":[{"url":"https:\/\/t.co\/JqDAyppjn5","expanded_url":"https:\/\/twitter.com\/i\/web\/status\/1254163929397366784","display_url":"twitter.com\/i\/web\/status\/1\u2026","indices":[117,140]}],"user_mentions":[],"symbols":[]},"favorited":false,"retweeted":false,"filter_level":"low","lang":"en","timestamp_ms":"1587850956664"}
