{"created_at":"Sat Apr 25 21:42:40 +0000 2020","id":1254163946149425156,"id_str":"1254163946149425156","text":"correction this week is over in like 7 hours","source":"\u003ca href=\"https:\/\/mobile.twitter.com\" rel=\"nofollow\"\u003eTwitter Web App\u003c\/a\u003e","truncated":false,"in_reply_to_status_id":1254086760604237824,"in_reply_to_status_id_str":"1254086760604237824","in_reply_to_user_id":1165804709753626625,"in_reply_to_user_id_str":"1165804709753626625","in_reply_to_screen_name":"AcidJason","user":{"id":1165804709753626625,"id_str":"1165804709753626625","name":"jason eat acid","screen_name":"AcidJason","location":null,"url":null,"description":"nobody loves you like jason eat acid loves you","translator_type":"none","protected":false,"verified":false,"followers_count":14,"friends_count":20,"listed_count":1,"favourites_count":1,"statuses_count":11,"created_at":"Mon Aug 26 01:54:43 +0000 2019","utc_offset":null,"time_zone":null,"geo_enabled":false,"lang":null,"contributors_enabled":false,"is_translator":false,"profile_background_color":"F5F8FA","profile_background_image_url":"","profile_background_image_url_https":"","profile_background_tile":false,"profile_link_color":"1DA1F2","profile_sidebar_border_color":"C0DEED","profile_sidebar_fill_color":"DDEEF6","profile_text_color":"333333","profile_use_background_image":true,"profile_image_url":"http:\/\/pbs.twimg.com\/profile_images\/1165804843719692289\/Qcb6y-fp_normal.jpg","profile_image_url_https":"https:\/\/pbs.twimg.com\/profile_images\/1165804843719692289\/Qcb6y-fp_normal.jpg","profile_banner_url":"https:\/\/pbs.twimg.com\/profile_banners\/1165804709753626625\/1586487681","default_profile":true,"default_profile_image":false,"following":null,"follow_request_sent":null,"notifications":null},"geo":null,"coordinates":null,"place":null,"contributors":null,"is_quote_status":false,"quote_count":0,"reply_count":0,"retweet_count":0,"favorite_count":0,"entities":{"hashtags":[],"urls":[],"user_mentions":[],"symbols":[]},"favorited":false,"retweeted":false,"filter_level":"low","lang":"en","timestamp_ms":"1587850960658"}
