{"created_at":"Sat Apr 25 21:42:37 +0000 2020","id":1254163933562318848,"id_str":"1254163933562318848","text":"RT @greatnessgach2: Iftar in a bit \ud83d\ude4f\ud83c\udffd made this today https:\/\/t.co\/ZU8OMLdXRc","source":"\u003ca href=\"http:\/\/twitter.com\/download\/iphone\" rel=\"nofollow\"\u003eTwitter for iPhone\u003c\/a\u003e","truncated":false,"in_reply_to_status_id":null,"in_reply_to_status_id_str":null,"in_reply_to_user_id":null,"in_reply_to_user_id_str":null,"in_reply_to_screen_name":null,"user":{"id":920068981,"id_str":"920068981","name":"Hard Guy \u2790","screen_name":"Eslawal","location":"World wide","url":"http:\/\/Instagram.com\/Eslawal","description":"DENTIST | Influencer. \u00ad\u00ad\u00ad\u00ad\u00ad\u00ad\u00ad\u00ad\u00ad\u00ad\u00ad\u00ad \u00ad\u00ad\u00ad \u00ad\u00ad\u00ad \u00ad\u00ad\u00ad \u00ad\u00ad\u00ad Okay, What took you so long? \u2022\u2022\u2022 Snapchat\ud83d\udcf8: Eslawal","translator_type":"none","protected":false,"verified":false,"followers_count":14370,"friends_count":10255,"listed_count":57,"favourites_count":84938,"statuses_count":161537,"created_at":"Fri Nov 02 00:02:04 +0000 2012","utc_offset":null,"time_zone":null,"geo_enabled":true,"lang":null,"contributors_enabled":false,"is_translator":false,"profile_background_color":"131516","profile_background_image_url":"http:\/\/abs.twimg.com\/images\/themes\/theme14\/bg.gif","profile_background_image_url_https":"https:\/\/abs.twimg.com\/images\/themes\/theme14\/bg.gif","profile_background_tile":true,"profile_link_color":"009999","profile_sidebar_border_color":"FFFFFF","profile_sidebar_fill_color":"EFEFEF","profile_text_color":"333333","profile_use_background_image":true,"profile_image_url":"http:\/\/pbs.twimg.com\/profile_images\/1220629258051227648\/g3qVXn18_normal.jpg","profile_image_url_https":"https:\/\/pbs.twimg.com\/profile_images\/1220629258051227648\/g3qVXn18_normal.jpg","profile_banner_url":"https:\/\/pbs.twimg.com\/profile_banners\/920068981\/1524407884","default_profile":false,"default_profile_image":false,"following":null,"follow_request_sent":null,"notifications":null},"geo":null,"coordinates":null,"place":null,"contributors":null,"retweeted_status":{"created_at":"Sat Apr 25 19:07:16 +0000 2020","id":1254124836147941378,"id_str":"1254124836147941378","text":"Iftar in a bit \ud83d\ude4f\ud83c\udffd made this today https:\/\/t.co\/ZU8OMLdXRc","display_text_range":[0,33],"source":"\u003ca href=\"http:\/\/twitter.com\/download\/iphone\" rel=\"nofollow\"\u003eTwitter for iPhone\u003c\/a\u003e","truncated":false,"in_reply_to_status_id":null,"in_reply_to_status_id_str":null,"in_reply_to_user_id":null,"in_reply_to_user_id_str":null,"in_reply_to_screen_name":null,"user":{"id":1250912271037054976,"id_str":"1250912271037054976","name":"Greatnessgach","screen_name":"greatnessgach2","location":null,"url":null,"description":"https:\/\/www.instagram.com\/greatnessgach\/","translator_type":"none","protected":false,"verified":false,"followers_count":217,"friends_count":200,"listed_count":0,"favourites_count":429,"statuses_count":255,"created_at":"Thu Apr 16 22:24:53 +0000 2020","utc_offset":null,"time_zone":null,"geo_enabled":false,"lang":null,"contributors_enabled":false,"is_translator":false,"profile_background_color":"F5F8FA","profile_background_image_url":"","profile_background_image_url_https":"","profile_background_tile":false,"profile_link_color":"1DA1F2","profile_sidebar_border_color":"C0DEED","profile_sidebar_fill_color":"DDEEF6","profile_text_color":"333333","profile_use_background_image":true,"profile_image_url":"http:\/\/pbs.twimg.com\/profile_images\/1253129832172531712\/J5GxP_fq_normal.jpg","profile_image_url_https":"https:\/\/pbs.twimg.com\/profile_images\/1253129832172531712\/J5GxP_fq_normal.jpg","profile_banner_url":"https:\/\/pbs.twimg.com\/profile_banners\/1250912271037054976\/1587273778","default_profile":true,"default_profile_image":false,"following":null,"follow_request_sent":null,"notifications":null},"geo":null,"coordinates":null,"place":null,"contributors":null,"is_quote_status":false,"quote_count":3,"reply_count":7,"retweet_count":2,"favorite_count":13,"entities":{"hashtags":[],"urls":[],"user_mentions":[],"symbols":[],"media":[{"id":1254124830779158528,"id_str":"1254124830779158528","indices":[34,57],"media_url":"http:\/\/pbs.twimg.com\/media\/EWeL45KWsAAkRLO.jpg","media_url_https":"https:\/\/pbs.twimg.com\/media\/EWeL45KWsAAkRLO.jpg","url":"https:\/\/t.co\/ZU8OMLdXRc","display_url":"pic.twitter.com\/ZU8OMLdXRc","expanded_url":"https:\/\/twitter.com\/greatnessgach2\/status\/1254124836147941378\/photo\/1","type":"photo","sizes":{"thumb":{"w":150,"h":150,"resize":"crop"},"medium":{"w":851,"h":1134,"resize":"fit"},"large":{"w":851,"h":1134,"resize":"fit"},"small":{"w":510,"h":680,"resize":"fit"}}}]},"extended_entities":{"media":[{"id":1254124830779158528,"id_str":"1254124830779158528","indices":[34,57],"media_url":"http:\/\/pbs.twimg.com\/media\/EWeL45KWsAAkRLO.jpg","media_url_https":"https:\/\/pbs.twimg.com\/media\/EWeL45KWsAAkRLO.jpg","url":"https:\/\/t.co\/ZU8OMLdXRc","display_url":"pic.twitter.com\/ZU8OMLdXRc","expanded_url":"https:\/\/twitter.com\/greatnessgach2\/status\/1254124836147941378\/photo\/1","type":"photo","sizes":{"thumb":{"w":150,"h":150,"resize":"crop"},"medium":{"w":851,"h":1134,"resize":"fit"},"large":{"w":851,"h":1134,"resize":"fit"},"small":{"w":510,"h":680,"resize":"fit"}}}]},"favorited":false,"retweeted":false,"possibly_sensitive":false,"filter_level":"low","lang":"en"},"is_quote_status":false,"quote_count":0,"reply_count":0,"retweet_count":0,"favorite_count":0,"entities":{"hashtags":[],"urls":[],"user_mentions":[{"screen_name":"greatnessgach2","name":"Greatnessgach","id":1250912271037054976,"id_str":"1250912271037054976","indices":[3,18]}],"symbols":[],"media":[{"id":1254124830779158528,"id_str":"1254124830779158528","indices":[54,77],"media_url":"http:\/\/pbs.twimg.com\/media\/EWeL45KWsAAkRLO.jpg","media_url_https":"https:\/\/pbs.twimg.com\/media\/EWeL45KWsAAkRLO.jpg","url":"https:\/\/t.co\/ZU8OMLdXRc","display_url":"pic.twitter.com\/ZU8OMLdXRc","expanded_url":"https:\/\/twitter.com\/greatnessgach2\/status\/1254124836147941378\/photo\/1","type":"photo","sizes":{"thumb":{"w":150,"h":150,"resize":"crop"},"medium":{"w":851,"h":1134,"resize":"fit"},"large":{"w":851,"h":1134,"resize":"fit"},"small":{"w":510,"h":680,"resize":"fit"}},"source_status_id":1254124836147941378,"source_status_id_str":"1254124836147941378","source_user_id":1250912271037054976,"source_user_id_str":"1250912271037054976"}]},"extended_entities":{"media":[{"id":1254124830779158528,"id_str":"1254124830779158528","indices":[54,77],"media_url":"http:\/\/pbs.twimg.com\/media\/EWeL45KWsAAkRLO.jpg","media_url_https":"https:\/\/pbs.twimg.com\/media\/EWeL45KWsAAkRLO.jpg","url":"https:\/\/t.co\/ZU8OMLdXRc","display_url":"pic.twitter.com\/ZU8OMLdXRc","expanded_url":"https:\/\/twitter.com\/greatnessgach2\/status\/1254124836147941378\/photo\/1","type":"photo","sizes":{"thumb":{"w":150,"h":150,"resize":"crop"},"medium":{"w":851,"h":1134,"resize":"fit"},"large":{"w":851,"h":1134,"resize":"fit"},"small":{"w":510,"h":680,"resize":"fit"}},"source_status_id":1254124836147941378,"source_status_id_str":"1254124836147941378","source_user_id":1250912271037054976,"source_user_id_str":"1250912271037054976"}]},"favorited":false,"retweeted":false,"possibly_sensitive":true,"filter_level":"low","lang":"en","timestamp_ms":"1587850957657"}
