{"created_at":"Sat Apr 25 21:42:40 +0000 2020","id":1254163946149490688,"id_str":"1254163946149490688","text":"@ChadWetherby @DDemocrat2020 @CNN Hahahahaha! Sure you aren\u2019t thinking North Korea, champ? Hahahaha! South Korea is\u2026 https:\/\/t.co\/mpzscoEFTh","display_text_range":[34,140],"source":"\u003ca href=\"http:\/\/twitter.com\/download\/iphone\" rel=\"nofollow\"\u003eTwitter for iPhone\u003c\/a\u003e","truncated":true,"in_reply_to_status_id":1249905597291679744,"in_reply_to_status_id_str":"1249905597291679744","in_reply_to_user_id":1248778235418206208,"in_reply_to_user_id_str":"1248778235418206208","in_reply_to_screen_name":"ChadWetherby","user":{"id":1221129626363351041,"id_str":"1221129626363351041","name":"The Uncomfortable Truth","screen_name":"TheUncomforta14","location":null,"url":null,"description":"Some people can handle the truth.","translator_type":"none","protected":false,"verified":false,"followers_count":34,"friends_count":91,"listed_count":0,"favourites_count":81,"statuses_count":3488,"created_at":"Sat Jan 25 17:56:18 +0000 2020","utc_offset":null,"time_zone":null,"geo_enabled":false,"lang":null,"contributors_enabled":false,"is_translator":false,"profile_background_color":"F5F8FA","profile_background_image_url":"","profile_background_image_url_https":"","profile_background_tile":false,"profile_link_color":"1DA1F2","profile_sidebar_border_color":"C0DEED","profile_sidebar_fill_color":"DDEEF6","profile_text_color":"333333","profile_use_background_image":true,"profile_image_url":"http:\/\/pbs.twimg.com\/profile_images\/1221130404171784194\/SvnV10X8_normal.jpg","profile_image_url_https":"https:\/\/pbs.twimg.com\/profile_images\/1221130404171784194\/SvnV10X8_normal.jpg","default_profile":true,"default_profile_image":false,"following":null,"follow_request_sent":null,"notifications":null},"geo":null,"coordinates":null,"place":null,"contributors":null,"is_quote_status":false,"extended_tweet":{"full_text":"@ChadWetherby @DDemocrat2020 @CNN Hahahahaha! Sure you aren\u2019t thinking North Korea, champ? Hahahaha! South Korea is literally anti communist. \ud83e\udd26\ud83c\udffb\u200d\u2642\ufe0f","display_text_range":[34,147],"entities":{"hashtags":[],"urls":[],"user_mentions":[{"screen_name":"ChadWetherby","name":"JOE BIDEN TASK FORCE","id":1248778235418206208,"id_str":"1248778235418206208","indices":[0,13]},{"screen_name":"DDemocrat2020","name":"Harvy W.","id":1206081115930480640,"id_str":"1206081115930480640","indices":[14,28]},{"screen_name":"CNN","name":"CNN","id":759251,"id_str":"759251","indices":[29,33]}],"symbols":[]}},"quote_count":0,"reply_count":0,"retweet_count":0,"favorite_count":0,"entities":{"hashtags":[],"urls":[{"url":"https:\/\/t.co\/mpzscoEFTh","expanded_url":"https:\/\/twitter.com\/i\/web\/status\/1254163946149490688","display_url":"twitter.com\/i\/web\/status\/1\u2026","indices":[117,140]}],"user_mentions":[{"screen_name":"ChadWetherby","name":"JOE BIDEN TASK FORCE","id":1248778235418206208,"id_str":"1248778235418206208","indices":[0,13]},{"screen_name":"DDemocrat2020","name":"Harvy W.","id":1206081115930480640,"id_str":"1206081115930480640","indices":[14,28]},{"screen_name":"CNN","name":"CNN","id":759251,"id_str":"759251","indices":[29,33]}],"symbols":[]},"favorited":false,"retweeted":false,"filter_level":"low","lang":"en","timestamp_ms":"1587850960658"}
