{"created_at":"Sat Apr 25 21:42:36 +0000 2020","id":1254163929376358401,"id_str":"1254163929376358401","text":"RT @D_Raval: This is the 9am headline BBC item on SAGE and No10 interference\nWatch it, listen to the words, the amount of time given and ev\u2026","source":"\u003ca href=\"https:\/\/buffer.com\" rel=\"nofollow\"\u003eBuffer\u003c\/a\u003e","truncated":false,"in_reply_to_status_id":null,"in_reply_to_status_id_str":null,"in_reply_to_user_id":null,"in_reply_to_user_id_str":null,"in_reply_to_screen_name":null,"user":{"id":135857034,"id_str":"135857034","name":"Devutopia","screen_name":"D_Raval","location":"London,UK","url":"https:\/\/www.facebook.com\/dravalblog","description":"Left wing and #socialist content, not for tax haven billionaires or their friends. My posts aim to shift things Left and challenge media bias. #SocSocM","translator_type":"none","protected":false,"verified":false,"followers_count":22345,"friends_count":6304,"listed_count":304,"favourites_count":22904,"statuses_count":220902,"created_at":"Thu Apr 22 12:01:42 +0000 2010","utc_offset":null,"time_zone":null,"geo_enabled":true,"lang":null,"contributors_enabled":false,"is_translator":false,"profile_background_color":"C3D4CA","profile_background_image_url":"http:\/\/abs.twimg.com\/images\/themes\/theme1\/bg.png","profile_background_image_url_https":"https:\/\/abs.twimg.com\/images\/themes\/theme1\/bg.png","profile_background_tile":true,"profile_link_color":"A5C4BF","profile_sidebar_border_color":"181909","profile_sidebar_fill_color":"6C8889","profile_text_color":"B0C9C5","profile_use_background_image":false,"profile_image_url":"http:\/\/pbs.twimg.com\/profile_images\/1158302001761062912\/xmI3z4rS_normal.jpg","profile_image_url_https":"https:\/\/pbs.twimg.com\/profile_images\/1158302001761062912\/xmI3z4rS_normal.jpg","profile_banner_url":"https:\/\/pbs.twimg.com\/profile_banners\/135857034\/1586963149","default_profile":false,"default_profile_image":false,"following":null,"follow_request_sent":null,"notifications":null},"geo":null,"coordinates":null,"place":null,"contributors":null,"retweeted_status":{"created_at":"Sat Apr 25 08:56:00 +0000 2020","id":1253971006365904896,"id_str":"1253971006365904896","text":"This is the 9am headline BBC item on SAGE and No10 interference\nWatch it, listen to the words, the amount of time g\u2026 https:\/\/t.co\/KX1rtTp6WS","display_text_range":[0,140],"source":"\u003ca href=\"https:\/\/studio.twitter.com\" rel=\"nofollow\"\u003eTwitter Media Studio\u003c\/a\u003e","truncated":true,"in_reply_to_status_id":null,"in_reply_to_status_id_str":null,"in_reply_to_user_id":null,"in_reply_to_user_id_str":null,"in_reply_to_screen_name":null,"user":{"id":135857034,"id_str":"135857034","name":"Devutopia","screen_name":"D_Raval","location":"London,UK","url":"https:\/\/www.facebook.com\/dravalblog","description":"Left wing and #socialist content, not for tax haven billionaires or their friends. My posts aim to shift things Left and challenge media bias. #SocSocM","translator_type":"none","protected":false,"verified":false,"followers_count":22345,"friends_count":6304,"listed_count":304,"favourites_count":22904,"statuses_count":220901,"created_at":"Thu Apr 22 12:01:42 +0000 2010","utc_offset":null,"time_zone":null,"geo_enabled":true,"lang":null,"contributors_enabled":false,"is_translator":false,"profile_background_color":"C3D4CA","profile_background_image_url":"http:\/\/abs.twimg.com\/images\/themes\/theme1\/bg.png","profile_background_image_url_https":"https:\/\/abs.twimg.com\/images\/themes\/theme1\/bg.png","profile_background_tile":true,"profile_link_color":"A5C4BF","profile_sidebar_border_color":"181909","profile_sidebar_fill_color":"6C8889","profile_text_color":"B0C9C5","profile_use_background_image":false,"profile_image_url":"http:\/\/pbs.twimg.com\/profile_images\/1158302001761062912\/xmI3z4rS_normal.jpg","profile_image_url_https":"https:\/\/pbs.twimg.com\/profile_images\/1158302001761062912\/xmI3z4rS_normal.jpg","profile_banner_url":"https:\/\/pbs.twimg.com\/profile_banners\/135857034\/1586963149","default_profile":false,"default_profile_image":false,"following":null,"follow_request_sent":null,"notifications":null},"geo":null,"coordinates":null,"place":null,"contributors":null,"is_quote_status":false,"extended_tweet":{"full_text":"This is the 9am headline BBC item on SAGE and No10 interference\nWatch it, listen to the words, the amount of time given and even the body language to\na) justifying \/ defending No10\nb) critique of No.10 and Cummings (inc his track record)\nThen decide how balanced this BBC item is https:\/\/t.co\/33z8WJzhfw","display_text_range":[0,279],"entities":{"hashtags":[],"urls":[],"user_mentions":[],"symbols":[],"media":[{"id":1253963335579635712,"id_str":"1253963335579635712","indices":[280,303],"additional_media_info":{"title":"","description":"","embeddable":true,"monetizable":false},"media_url":"http:\/\/pbs.twimg.com\/amplify_video_thumb\/1253963335579635712\/img\/j-HahqHSKFETb8mH.jpg","media_url_https":"https:\/\/pbs.twimg.com\/amplify_video_thumb\/1253963335579635712\/img\/j-HahqHSKFETb8mH.jpg","url":"https:\/\/t.co\/33z8WJzhfw","display_url":"pic.twitter.com\/33z8WJzhfw","expanded_url":"https:\/\/twitter.com\/D_Raval\/status\/1253971006365904896\/video\/1","type":"video","video_info":{"aspect_ratio":[1,1],"duration_millis":82667,"variants":[{"bitrate":1280000,"content_type":"video\/mp4","url":"https:\/\/video.twimg.com\/amplify_video\/1253963335579635712\/vid\/720x720\/UR0VwuVFkn7sWrrz.mp4?tag=13"},{"bitrate":832000,"content_type":"video\/mp4","url":"https:\/\/video.twimg.com\/amplify_video\/1253963335579635712\/vid\/480x480\/wpyyHiLVJV5YI4aX.mp4?tag=13"},{"bitrate":432000,"content_type":"video\/mp4","url":"https:\/\/video.twimg.com\/amplify_video\/1253963335579635712\/vid\/320x320\/JjO_lEY1pvcKUS5q.mp4?tag=13"},{"content_type":"application\/x-mpegURL","url":"https:\/\/video.twimg.com\/amplify_video\/1253963335579635712\/pl\/WP7vHII4VQF5tbzT.m3u8?tag=13"}]},"sizes":{"thumb":{"w":150,"h":150,"resize":"crop"},"small":{"w":680,"h":680,"resize":"fit"},"medium":{"w":720,"h":720,"resize":"fit"},"large":{"w":720,"h":720,"resize":"fit"}}}]},"extended_entities":{"media":[{"id":1253963335579635712,"id_str":"1253963335579635712","indices":[280,303],"additional_media_info":{"title":"","description":"","embeddable":true,"monetizable":false},"media_url":"http:\/\/pbs.twimg.com\/amplify_video_thumb\/1253963335579635712\/img\/j-HahqHSKFETb8mH.jpg","media_url_https":"https:\/\/pbs.twimg.com\/amplify_video_thumb\/1253963335579635712\/img\/j-HahqHSKFETb8mH.jpg","url":"https:\/\/t.co\/33z8WJzhfw","display_url":"pic.twitter.com\/33z8WJzhfw","expanded_url":"https:\/\/twitter.com\/D_Raval\/status\/1253971006365904896\/video\/1","type":"video","video_info":{"aspect_ratio":[1,1],"duration_millis":82667,"variants":[{"bitrate":1280000,"content_type":"video\/mp4","url":"https:\/\/video.twimg.com\/amplify_video\/1253963335579635712\/vid\/720x720\/UR0VwuVFkn7sWrrz.mp4?tag=13"},{"bitrate":832000,"content_type":"video\/mp4","url":"https:\/\/video.twimg.com\/amplify_video\/1253963335579635712\/vid\/480x480\/wpyyHiLVJV5YI4aX.mp4?tag=13"},{"bitrate":432000,"content_type":"video\/mp4","url":"https:\/\/video.twimg.com\/amplify_video\/1253963335579635712\/vid\/320x320\/JjO_lEY1pvcKUS5q.mp4?tag=13"},{"content_type":"application\/x-mpegURL","url":"https:\/\/video.twimg.com\/amplify_video\/1253963335579635712\/pl\/WP7vHII4VQF5tbzT.m3u8?tag=13"}]},"sizes":{"thumb":{"w":150,"h":150,"resize":"crop"},"small":{"w":680,"h":680,"resize":"fit"},"medium":{"w":720,"h":720,"resize":"fit"},"large":{"w":720,"h":720,"resize":"fit"}}}]}},"quote_count":11,"reply_count":34,"retweet_count":182,"favorite_count":217,"entities":{"hashtags":[],"urls":[{"url":"https:\/\/t.co\/KX1rtTp6WS","expanded_url":"https:\/\/twitter.com\/i\/web\/status\/1253971006365904896","display_url":"twitter.com\/i\/web\/status\/1\u2026","indices":[117,140]}],"user_mentions":[],"symbols":[]},"favorited":false,"retweeted":false,"possibly_sensitive":false,"filter_level":"low","lang":"en"},"is_quote_status":false,"quote_count":0,"reply_count":0,"retweet_count":0,"favorite_count":0,"entities":{"hashtags":[],"urls":[],"user_mentions":[{"screen_name":"D_Raval","name":"Devutopia","id":135857034,"id_str":"135857034","indices":[3,11]}],"symbols":[]},"favorited":false,"retweeted":false,"filter_level":"low","lang":"en","timestamp_ms":"1587850956659"}
