{"created_at":"Sat Apr 25 21:42:36 +0000 2020","id":1254163929393176583,"id_str":"1254163929393176583","text":"W.H.O. also thinks the @UN is just as guilty?","source":"\u003ca href=\"https:\/\/mobile.twitter.com\" rel=\"nofollow\"\u003eTwitter Web App\u003c\/a\u003e","truncated":false,"in_reply_to_status_id":null,"in_reply_to_status_id_str":null,"in_reply_to_user_id":null,"in_reply_to_user_id_str":null,"in_reply_to_screen_name":null,"user":{"id":1155920622725320705,"id_str":"1155920622725320705","name":"Chris Soda: Sect 219 + 46 of the Criminal Code","screen_name":"chris__soda","location":"One big step ahead of Liberals","url":null,"description":"Canadian. Likes\/RT's are not always endorsements. Think more, use vulgarity less, respect all. Discussion should be about ideas. \n\nDOB: at night, not last night","translator_type":"none","protected":false,"verified":false,"followers_count":1991,"friends_count":4999,"listed_count":0,"favourites_count":24667,"statuses_count":11607,"created_at":"Mon Jul 29 19:18:47 +0000 2019","utc_offset":null,"time_zone":null,"geo_enabled":false,"lang":null,"contributors_enabled":false,"is_translator":false,"profile_background_color":"F5F8FA","profile_background_image_url":"","profile_background_image_url_https":"","profile_background_tile":false,"profile_link_color":"1DA1F2","profile_sidebar_border_color":"C0DEED","profile_sidebar_fill_color":"DDEEF6","profile_text_color":"333333","profile_use_background_image":true,"profile_image_url":"http:\/\/pbs.twimg.com\/profile_images\/1179513256068681728\/gHUPOzuv_normal.jpg","profile_image_url_https":"https:\/\/pbs.twimg.com\/profile_images\/1179513256068681728\/gHUPOzuv_normal.jpg","default_profile":true,"default_profile_image":false,"following":null,"follow_request_sent":null,"notifications":null},"geo":null,"coordinates":null,"place":null,"contributors":null,"quoted_status_id":1254114036364574721,"quoted_status_id_str":"1254114036364574721","quoted_status":{"created_at":"Sat Apr 25 18:24:21 +0000 2020","id":1254114036364574721,"id_str":"1254114036364574721","text":"This is the truth, the is reality. We need to stop watching &amp; listening to #MSM and this absolute idiot #Trudeau. T\u2026 https:\/\/t.co\/aYqHRKErkj","display_text_range":[0,140],"source":"\u003ca href=\"http:\/\/twitter.com\/download\/iphone\" rel=\"nofollow\"\u003eTwitter for iPhone\u003c\/a\u003e","truncated":true,"in_reply_to_status_id":null,"in_reply_to_status_id_str":null,"in_reply_to_user_id":null,"in_reply_to_user_id_str":null,"in_reply_to_screen_name":null,"user":{"id":1862565602,"id_str":"1862565602","name":"Tammy Robinson","screen_name":"tamrobinson1966","location":"Perth, Ontario","url":null,"description":"Mother to a beautiful daughter and wonderful husband. Avid Sports Fan, Animal Lover, Paralegal. Spec Education Advocate, Politically Opinionated, #TrudeauMustGo","translator_type":"none","protected":false,"verified":false,"followers_count":387,"friends_count":2139,"listed_count":8,"favourites_count":2038,"statuses_count":12228,"created_at":"Sat Sep 14 03:45:07 +0000 2013","utc_offset":null,"time_zone":null,"geo_enabled":true,"lang":null,"contributors_enabled":false,"is_translator":false,"profile_background_color":"120207","profile_background_image_url":"http:\/\/abs.twimg.com\/images\/themes\/theme1\/bg.png","profile_background_image_url_https":"https:\/\/abs.twimg.com\/images\/themes\/theme1\/bg.png","profile_background_tile":true,"profile_link_color":"D92375","profile_sidebar_border_color":"000000","profile_sidebar_fill_color":"DDEEF6","profile_text_color":"333333","profile_use_background_image":true,"profile_image_url":"http:\/\/pbs.twimg.com\/profile_images\/1202769959778234376\/MiR70-KC_normal.jpg","profile_image_url_https":"https:\/\/pbs.twimg.com\/profile_images\/1202769959778234376\/MiR70-KC_normal.jpg","profile_banner_url":"https:\/\/pbs.twimg.com\/profile_banners\/1862565602\/1575597682","default_profile":false,"default_profile_image":false,"following":null,"follow_request_sent":null,"notifications":null},"geo":null,"coordinates":null,"place":null,"contributors":null,"is_quote_status":false,"extended_tweet":{"full_text":"This is the truth, the is reality. We need to stop watching &amp; listening to #MSM and this absolute idiot #Trudeau. This #COVID19 mess is on him and his inept government. When can we get him out? Can\u2019t be soon enough. \u2066@AlanCane604\u2069 \u2066@ezralevant\u2069 \u2066@DerekSloanCPC\u2069 https:\/\/t.co\/kjcMewU3F1","display_text_range":[0,265],"entities":{"hashtags":[{"text":"MSM","indices":[79,83]},{"text":"Trudeau","indices":[108,116]},{"text":"COVID19","indices":[123,131]}],"urls":[],"user_mentions":[{"screen_name":"AlanCane604","name":"Alan Cane","id":788558465304240128,"id_str":"788558465304240128","indices":[221,233]},{"screen_name":"ezralevant","name":"Ezra Levant \ud83c\udde8\ud83c\uddf3\ud83e\udda0","id":20878297,"id_str":"20878297","indices":[236,247]},{"screen_name":"DerekSloanCPC","name":"Derek Sloan","id":1072606577566183424,"id_str":"1072606577566183424","indices":[250,264]}],"symbols":[],"media":[{"id":1254114017716690944,"id_str":"1254114017716690944","indices":[266,289],"media_url":"http:\/\/pbs.twimg.com\/media\/EWeCDfXXYAApPin.jpg","media_url_https":"https:\/\/pbs.twimg.com\/media\/EWeCDfXXYAApPin.jpg","url":"https:\/\/t.co\/kjcMewU3F1","display_url":"pic.twitter.com\/kjcMewU3F1","expanded_url":"https:\/\/twitter.com\/tamrobinson1966\/status\/1254114036364574721\/photo\/1","type":"photo","sizes":{"thumb":{"w":150,"h":150,"resize":"crop"},"medium":{"w":711,"h":960,"resize":"fit"},"small":{"w":504,"h":680,"resize":"fit"},"large":{"w":711,"h":960,"resize":"fit"}}}]},"extended_entities":{"media":[{"id":1254114017716690944,"id_str":"1254114017716690944","indices":[266,289],"media_url":"http:\/\/pbs.twimg.com\/media\/EWeCDfXXYAApPin.jpg","media_url_https":"https:\/\/pbs.twimg.com\/media\/EWeCDfXXYAApPin.jpg","url":"https:\/\/t.co\/kjcMewU3F1","display_url":"pic.twitter.com\/kjcMewU3F1","expanded_url":"https:\/\/twitter.com\/tamrobinson1966\/status\/1254114036364574721\/photo\/1","type":"photo","sizes":{"thumb":{"w":150,"h":150,"resize":"crop"},"medium":{"w":711,"h":960,"resize":"fit"},"small":{"w":504,"h":680,"resize":"fit"},"large":{"w":711,"h":960,"resize":"fit"}}}]}},"quote_count":0,"reply_count":1,"retweet_count":7,"favorite_count":10,"entities":{"hashtags":[{"text":"MSM","indices":[79,83]},{"text":"Trudeau","indices":[108,116]}],"urls":[{"url":"https:\/\/t.co\/aYqHRKErkj","expanded_url":"https:\/\/twitter.com\/i\/web\/status\/1254114036364574721","display_url":"twitter.com\/i\/web\/status\/1\u2026","indices":[121,144]}],"user_mentions":[],"symbols":[]},"favorited":false,"retweeted":false,"possibly_sensitive":false,"filter_level":"low","lang":"en"},"quoted_status_permalink":{"url":"https:\/\/t.co\/R7N1Cdq2Ex","expanded":"https:\/\/twitter.com\/tamrobinson1966\/status\/1254114036364574721","display":"twitter.com\/tamrobinson196\u2026"},"is_quote_status":true,"quote_count":0,"reply_count":0,"retweet_count":0,"favorite_count":0,"entities":{"hashtags":[],"urls":[],"user_mentions":[{"screen_name":"UN","name":"United Nations","id":14159148,"id_str":"14159148","indices":[23,26]}],"symbols":[]},"favorited":false,"retweeted":false,"filter_level":"low","lang":"en","timestamp_ms":"1587850956663"}
