{"created_at":"Sat Apr 25 21:42:37 +0000 2020","id":1254163933570662402,"id_str":"1254163933570662402","text":"RT @DAFLOWABIOYE: What if North Korea\u2019s \ud83c\uddf0\ud83c\uddf5 president faked his death so he can kill any one in the state that celebrated","source":"\u003ca href=\"http:\/\/twitter.com\/download\/iphone\" rel=\"nofollow\"\u003eTwitter for iPhone\u003c\/a\u003e","truncated":false,"in_reply_to_status_id":null,"in_reply_to_status_id_str":null,"in_reply_to_user_id":null,"in_reply_to_user_id_str":null,"in_reply_to_screen_name":null,"user":{"id":300207554,"id_str":"300207554","name":"coolheaded RASCAL (\u84dd\u8272)","screen_name":"theotherOBJ","location":"Nigeria","url":null,"description":"owner of @TheHairmarket\npresident of @Jersey_Nationn\nplease follow my business pages for the best deals","translator_type":"none","protected":false,"verified":false,"followers_count":2830,"friends_count":2104,"listed_count":13,"favourites_count":13351,"statuses_count":118957,"created_at":"Tue May 17 11:38:34 +0000 2011","utc_offset":null,"time_zone":null,"geo_enabled":true,"lang":null,"contributors_enabled":false,"is_translator":false,"profile_background_color":"642D8B","profile_background_image_url":"http:\/\/abs.twimg.com\/images\/themes\/theme10\/bg.gif","profile_background_image_url_https":"https:\/\/abs.twimg.com\/images\/themes\/theme10\/bg.gif","profile_background_tile":true,"profile_link_color":"FF0000","profile_sidebar_border_color":"65B0DA","profile_sidebar_fill_color":"7AC3EE","profile_text_color":"3D1957","profile_use_background_image":true,"profile_image_url":"http:\/\/pbs.twimg.com\/profile_images\/1247994330129657856\/3a88gVau_normal.jpg","profile_image_url_https":"https:\/\/pbs.twimg.com\/profile_images\/1247994330129657856\/3a88gVau_normal.jpg","profile_banner_url":"https:\/\/pbs.twimg.com\/profile_banners\/300207554\/1540882932","default_profile":false,"default_profile_image":false,"following":null,"follow_request_sent":null,"notifications":null},"geo":null,"coordinates":null,"place":null,"contributors":null,"retweeted_status":{"created_at":"Sat Apr 25 21:23:27 +0000 2020","id":1254159108594438144,"id_str":"1254159108594438144","text":"What if North Korea\u2019s \ud83c\uddf0\ud83c\uddf5 president faked his death so he can kill any one in the state that celebrated","source":"\u003ca href=\"http:\/\/twitter.com\/download\/iphone\" rel=\"nofollow\"\u003eTwitter for iPhone\u003c\/a\u003e","truncated":false,"in_reply_to_status_id":null,"in_reply_to_status_id_str":null,"in_reply_to_user_id":null,"in_reply_to_user_id_str":null,"in_reply_to_screen_name":null,"user":{"id":210859825,"id_str":"210859825","name":"Ade Tiger \ud83c\udf10","screen_name":"DAFLOWABIOYE","location":"Zion, NG","url":"http:\/\/smarturl.it\/daflowabioye","description":"#LivingMyPurpose |Business enthusiast |Song Writer | YE Inspired|Future Magnate \ud83c\uddf3\ud83c\uddec","translator_type":"none","protected":false,"verified":false,"followers_count":25783,"friends_count":14034,"listed_count":78,"favourites_count":5899,"statuses_count":102707,"created_at":"Mon Nov 01 16:21:20 +0000 2010","utc_offset":null,"time_zone":null,"geo_enabled":true,"lang":null,"contributors_enabled":false,"is_translator":false,"profile_background_color":"0C0D0D","profile_background_image_url":"http:\/\/abs.twimg.com\/images\/themes\/theme1\/bg.png","profile_background_image_url_https":"https:\/\/abs.twimg.com\/images\/themes\/theme1\/bg.png","profile_background_tile":true,"profile_link_color":"E31C65","profile_sidebar_border_color":"FFFFFF","profile_sidebar_fill_color":"010503","profile_text_color":"F01A45","profile_use_background_image":true,"profile_image_url":"http:\/\/pbs.twimg.com\/profile_images\/1251648996294242313\/FOvScAOl_normal.jpg","profile_image_url_https":"https:\/\/pbs.twimg.com\/profile_images\/1251648996294242313\/FOvScAOl_normal.jpg","profile_banner_url":"https:\/\/pbs.twimg.com\/profile_banners\/210859825\/1587253766","default_profile":false,"default_profile_image":false,"following":null,"follow_request_sent":null,"notifications":null},"geo":null,"coordinates":null,"place":null,"contributors":null,"is_quote_status":false,"quote_count":3,"reply_count":2,"retweet_count":3,"favorite_count":9,"entities":{"hashtags":[],"urls":[],"user_mentions":[],"symbols":[]},"favorited":false,"retweeted":false,"filter_level":"low","lang":"en"},"is_quote_status":false,"quote_count":0,"reply_count":0,"retweet_count":0,"favorite_count":0,"entities":{"hashtags":[],"urls":[],"user_mentions":[{"screen_name":"DAFLOWABIOYE","name":"Ade Tiger \ud83c\udf10","id":210859825,"id_str":"210859825","indices":[3,16]}],"symbols":[]},"favorited":false,"retweeted":false,"filter_level":"low","lang":"en","timestamp_ms":"1587850957659"}
