{"created_at":"Sat Apr 25 21:42:39 +0000 2020","id":1254163941971972097,"id_str":"1254163941971972097","text":"These photos are sickening","source":"\u003ca href=\"http:\/\/twitter.com\/download\/iphone\" rel=\"nofollow\"\u003eTwitter for iPhone\u003c\/a\u003e","truncated":false,"in_reply_to_status_id":null,"in_reply_to_status_id_str":null,"in_reply_to_user_id":null,"in_reply_to_user_id_str":null,"in_reply_to_screen_name":null,"user":{"id":243904131,"id_str":"243904131","name":"\u148dO\u1587\u15ea\u166d\u144e","screen_name":"nationsjaddy","location":null,"url":null,"description":"stop playing with me cashapp $jordonvt","translator_type":"none","protected":false,"verified":false,"followers_count":722,"friends_count":565,"listed_count":8,"favourites_count":13871,"statuses_count":26151,"created_at":"Fri Jan 28 02:07:42 +0000 2011","utc_offset":null,"time_zone":null,"geo_enabled":true,"lang":null,"contributors_enabled":false,"is_translator":false,"profile_background_color":"C0DEED","profile_background_image_url":"http:\/\/abs.twimg.com\/images\/themes\/theme1\/bg.png","profile_background_image_url_https":"https:\/\/abs.twimg.com\/images\/themes\/theme1\/bg.png","profile_background_tile":false,"profile_link_color":"1DA1F2","profile_sidebar_border_color":"C0DEED","profile_sidebar_fill_color":"DDEEF6","profile_text_color":"333333","profile_use_background_image":true,"profile_image_url":"http:\/\/pbs.twimg.com\/profile_images\/1204158941774651392\/Nr1krJYy_normal.jpg","profile_image_url_https":"https:\/\/pbs.twimg.com\/profile_images\/1204158941774651392\/Nr1krJYy_normal.jpg","profile_banner_url":"https:\/\/pbs.twimg.com\/profile_banners\/243904131\/1575928839","default_profile":true,"default_profile_image":false,"following":null,"follow_request_sent":null,"notifications":null},"geo":null,"coordinates":null,"place":null,"contributors":null,"quoted_status_id":1254160623044263939,"quoted_status_id_str":"1254160623044263939","quoted_status":{"created_at":"Sat Apr 25 21:29:28 +0000 2020","id":1254160623044263939,"id_str":"1254160623044263939","text":"the way none of the girls have yet to top both of these performances. https:\/\/t.co\/cRKwNSth1y","display_text_range":[0,69],"source":"\u003ca href=\"http:\/\/twitter.com\/download\/iphone\" rel=\"nofollow\"\u003eTwitter for iPhone\u003c\/a\u003e","truncated":false,"in_reply_to_status_id":null,"in_reply_to_status_id_str":null,"in_reply_to_user_id":null,"in_reply_to_user_id_str":null,"in_reply_to_screen_name":null,"user":{"id":1235620211681878016,"id_str":"1235620211681878016","name":"\u02b2","screen_name":"manismaid","location":null,"url":null,"description":"nkh.","translator_type":"none","protected":false,"verified":false,"followers_count":156,"friends_count":116,"listed_count":0,"favourites_count":0,"statuses_count":1960,"created_at":"Thu Mar 05 17:36:40 +0000 2020","utc_offset":null,"time_zone":null,"geo_enabled":false,"lang":null,"contributors_enabled":false,"is_translator":false,"profile_background_color":"F5F8FA","profile_background_image_url":"","profile_background_image_url_https":"","profile_background_tile":false,"profile_link_color":"1DA1F2","profile_sidebar_border_color":"C0DEED","profile_sidebar_fill_color":"DDEEF6","profile_text_color":"333333","profile_use_background_image":true,"profile_image_url":"http:\/\/pbs.twimg.com\/profile_images\/1253738197227646977\/KP9UKJbp_normal.jpg","profile_image_url_https":"https:\/\/pbs.twimg.com\/profile_images\/1253738197227646977\/KP9UKJbp_normal.jpg","profile_banner_url":"https:\/\/pbs.twimg.com\/profile_banners\/1235620211681878016\/1587748931","default_profile":true,"default_profile_image":false,"following":null,"follow_request_sent":null,"notifications":null},"geo":null,"coordinates":null,"place":null,"contributors":null,"is_quote_status":false,"quote_count":0,"reply_count":0,"retweet_count":12,"favorite_count":18,"entities":{"hashtags":[],"urls":[],"user_mentions":[],"symbols":[],"media":[{"id":1254160613875625985,"id_str":"1254160613875625985","indices":[70,93],"media_url":"http:\/\/pbs.twimg.com\/media\/EWesbvlXsAEgjrS.jpg","media_url_https":"https:\/\/pbs.twimg.com\/media\/EWesbvlXsAEgjrS.jpg","url":"https:\/\/t.co\/cRKwNSth1y","display_url":"pic.twitter.com\/cRKwNSth1y","expanded_url":"https:\/\/twitter.com\/manismaid\/status\/1254160623044263939\/photo\/1","type":"photo","sizes":{"large":{"w":633,"h":465,"resize":"fit"},"thumb":{"w":150,"h":150,"resize":"crop"},"medium":{"w":633,"h":465,"resize":"fit"},"small":{"w":633,"h":465,"resize":"fit"}}}]},"extended_entities":{"media":[{"id":1254160613875625985,"id_str":"1254160613875625985","indices":[70,93],"media_url":"http:\/\/pbs.twimg.com\/media\/EWesbvlXsAEgjrS.jpg","media_url_https":"https:\/\/pbs.twimg.com\/media\/EWesbvlXsAEgjrS.jpg","url":"https:\/\/t.co\/cRKwNSth1y","display_url":"pic.twitter.com\/cRKwNSth1y","expanded_url":"https:\/\/twitter.com\/manismaid\/status\/1254160623044263939\/photo\/1","type":"photo","sizes":{"large":{"w":633,"h":465,"resize":"fit"},"thumb":{"w":150,"h":150,"resize":"crop"},"medium":{"w":633,"h":465,"resize":"fit"},"small":{"w":633,"h":465,"resize":"fit"}}},{"id":1254160613867237377,"id_str":"1254160613867237377","indices":[70,93],"media_url":"http:\/\/pbs.twimg.com\/media\/EWesbvjXsAE7uEE.jpg","media_url_https":"https:\/\/pbs.twimg.com\/media\/EWesbvjXsAE7uEE.jpg","url":"https:\/\/t.co\/cRKwNSth1y","display_url":"pic.twitter.com\/cRKwNSth1y","expanded_url":"https:\/\/twitter.com\/manismaid\/status\/1254160623044263939\/photo\/1","type":"photo","sizes":{"thumb":{"w":150,"h":150,"resize":"crop"},"large":{"w":1024,"h":682,"resize":"fit"},"medium":{"w":1024,"h":682,"resize":"fit"},"small":{"w":680,"h":453,"resize":"fit"}}}]},"favorited":false,"retweeted":false,"possibly_sensitive":true,"filter_level":"low","lang":"en"},"quoted_status_permalink":{"url":"https:\/\/t.co\/jnL5F3BWu9","expanded":"https:\/\/twitter.com\/manismaid\/status\/1254160623044263939","display":"twitter.com\/manismaid\/stat\u2026"},"is_quote_status":true,"quote_count":0,"reply_count":0,"retweet_count":0,"favorite_count":0,"entities":{"hashtags":[],"urls":[],"user_mentions":[],"symbols":[]},"favorited":false,"retweeted":false,"filter_level":"low","lang":"en","timestamp_ms":"1587850959662"}
