{"created_at":"Sat Apr 25 21:42:40 +0000 2020","id":1254163946174439424,"id_str":"1254163946174439424","text":"RT @RyanAFournier: BOMBSHELL: Mike Flynn was deliberately setup and framed by the FBI.\n\nThe government withheld exculpatory evidence, which\u2026","source":"\u003ca href=\"https:\/\/mobile.twitter.com\" rel=\"nofollow\"\u003eTwitter Web App\u003c\/a\u003e","truncated":false,"in_reply_to_status_id":null,"in_reply_to_status_id_str":null,"in_reply_to_user_id":null,"in_reply_to_user_id_str":null,"in_reply_to_screen_name":null,"user":{"id":1149378091,"id_str":"1149378091","name":"Time4SumAxShun","screen_name":"Time4SumAxShun","location":"Living once again in 'Merica","url":null,"description":"#PROUDAMERICAN honoring all #Military Services who've fought & died for our #FREEDOM. #SupportPolice & #1stResponders! We need CONSERVATIVE TV & the #RuleOfLaw!","translator_type":"none","protected":false,"verified":false,"followers_count":16381,"friends_count":14405,"listed_count":106,"favourites_count":28655,"statuses_count":14398,"created_at":"Mon Feb 04 23:40:16 +0000 2013","utc_offset":null,"time_zone":null,"geo_enabled":false,"lang":null,"contributors_enabled":false,"is_translator":false,"profile_background_color":"C3E6EB","profile_background_image_url":"http:\/\/abs.twimg.com\/images\/themes\/theme1\/bg.png","profile_background_image_url_https":"https:\/\/abs.twimg.com\/images\/themes\/theme1\/bg.png","profile_background_tile":true,"profile_link_color":"00B380","profile_sidebar_border_color":"000000","profile_sidebar_fill_color":"DDEEF6","profile_text_color":"333333","profile_use_background_image":true,"profile_image_url":"http:\/\/pbs.twimg.com\/profile_images\/1188699444717375489\/wz3jt53l_normal.jpg","profile_image_url_https":"https:\/\/pbs.twimg.com\/profile_images\/1188699444717375489\/wz3jt53l_normal.jpg","profile_banner_url":"https:\/\/pbs.twimg.com\/profile_banners\/1149378091\/1498627484","default_profile":false,"default_profile_image":false,"following":null,"follow_request_sent":null,"notifications":null},"geo":null,"coordinates":null,"place":null,"contributors":null,"retweeted_status":{"created_at":"Sat Apr 25 20:26:03 +0000 2020","id":1254144664774598658,"id_str":"1254144664774598658","text":"BOMBSHELL: Mike Flynn was deliberately setup and framed by the FBI.\n\nThe government withheld exculpatory evidence,\u2026 https:\/\/t.co\/IvWC9UUPzj","source":"\u003ca href=\"http:\/\/twitter.com\/download\/iphone\" rel=\"nofollow\"\u003eTwitter for iPhone\u003c\/a\u003e","truncated":true,"in_reply_to_status_id":null,"in_reply_to_status_id_str":null,"in_reply_to_user_id":null,"in_reply_to_user_id_str":null,"in_reply_to_screen_name":null,"user":{"id":166751745,"id_str":"166751745","name":"Ryan Fournier","screen_name":"RyanAFournier","location":"Washington, DC & Raleigh, NC","url":"http:\/\/instagram.com\/ryanafournier","description":"Founder and Co-Chairman of @TrumpStudents \/ Turning Point Action \/ Ephesians 4:32 \ud83d\udce7 press@ryanfournier.com","translator_type":"none","protected":false,"verified":true,"followers_count":867887,"friends_count":318021,"listed_count":2824,"favourites_count":26678,"statuses_count":13021,"created_at":"Wed Jul 14 22:44:56 +0000 2010","utc_offset":null,"time_zone":null,"geo_enabled":true,"lang":null,"contributors_enabled":false,"is_translator":false,"profile_background_color":"303D5D","profile_background_image_url":"http:\/\/abs.twimg.com\/images\/themes\/theme15\/bg.png","profile_background_image_url_https":"https:\/\/abs.twimg.com\/images\/themes\/theme15\/bg.png","profile_background_tile":true,"profile_link_color":"E81C4F","profile_sidebar_border_color":"000000","profile_sidebar_fill_color":"C2C5D1","profile_text_color":"D4443F","profile_use_background_image":true,"profile_image_url":"http:\/\/pbs.twimg.com\/profile_images\/1171465484450947076\/0RgZ2Kac_normal.jpg","profile_image_url_https":"https:\/\/pbs.twimg.com\/profile_images\/1171465484450947076\/0RgZ2Kac_normal.jpg","profile_banner_url":"https:\/\/pbs.twimg.com\/profile_banners\/166751745\/1580000339","default_profile":false,"default_profile_image":false,"following":null,"follow_request_sent":null,"notifications":null},"geo":null,"coordinates":null,"place":null,"contributors":null,"is_quote_status":false,"extended_tweet":{"full_text":"BOMBSHELL: Mike Flynn was deliberately setup and framed by the FBI.\n\nThe government withheld exculpatory evidence, which could have proved his innocence.\n\nThey covered it all up.\n\nAll charges against General Flynn should be dropped immediately!\n\nRT!","display_text_range":[0,249],"entities":{"hashtags":[],"urls":[],"user_mentions":[],"symbols":[]}},"quote_count":83,"reply_count":133,"retweet_count":3140,"favorite_count":6294,"entities":{"hashtags":[],"urls":[{"url":"https:\/\/t.co\/IvWC9UUPzj","expanded_url":"https:\/\/twitter.com\/i\/web\/status\/1254144664774598658","display_url":"twitter.com\/i\/web\/status\/1\u2026","indices":[116,139]}],"user_mentions":[],"symbols":[]},"favorited":false,"retweeted":false,"filter_level":"low","lang":"en"},"is_quote_status":false,"quote_count":0,"reply_count":0,"retweet_count":0,"favorite_count":0,"entities":{"hashtags":[],"urls":[],"user_mentions":[{"screen_name":"RyanAFournier","name":"Ryan Fournier","id":166751745,"id_str":"166751745","indices":[3,17]}],"symbols":[]},"favorited":false,"retweeted":false,"filter_level":"low","lang":"en","timestamp_ms":"1587850960664"}
