{"created_at":"Sat Apr 25 21:42:38 +0000 2020","id":1254163937785860096,"id_str":"1254163937785860096","text":"RT @cozzzy__: niggas be addicted to internet clout &amp; acceptance from strangers","source":"\u003ca href=\"http:\/\/twitter.com\/download\/iphone\" rel=\"nofollow\"\u003eTwitter for iPhone\u003c\/a\u003e","truncated":false,"in_reply_to_status_id":null,"in_reply_to_status_id_str":null,"in_reply_to_user_id":null,"in_reply_to_user_id_str":null,"in_reply_to_screen_name":null,"user":{"id":1325172960,"id_str":"1325172960","name":"Big $lik \ud83d\udc3a","screen_name":"TheNickyBands","location":"WESTCOAST","url":null,"description":"Sacramento State | #HARDBODY | #DREAMCHASER | Produkt of a dying breed | #LLJ","translator_type":"none","protected":false,"verified":false,"followers_count":3193,"friends_count":2416,"listed_count":33,"favourites_count":203507,"statuses_count":225678,"created_at":"Wed Apr 03 18:25:03 +0000 2013","utc_offset":null,"time_zone":null,"geo_enabled":true,"lang":null,"contributors_enabled":false,"is_translator":false,"profile_background_color":"C0DEED","profile_background_image_url":"http:\/\/abs.twimg.com\/images\/themes\/theme1\/bg.png","profile_background_image_url_https":"https:\/\/abs.twimg.com\/images\/themes\/theme1\/bg.png","profile_background_tile":false,"profile_link_color":"1DA1F2","profile_sidebar_border_color":"C0DEED","profile_sidebar_fill_color":"DDEEF6","profile_text_color":"333333","profile_use_background_image":true,"profile_image_url":"http:\/\/pbs.twimg.com\/profile_images\/1243095415542542336\/Ev905xYP_normal.jpg","profile_image_url_https":"https:\/\/pbs.twimg.com\/profile_images\/1243095415542542336\/Ev905xYP_normal.jpg","profile_banner_url":"https:\/\/pbs.twimg.com\/profile_banners\/1325172960\/1576659244","default_profile":true,"default_profile_image":false,"following":null,"follow_request_sent":null,"notifications":null},"geo":null,"coordinates":null,"place":null,"contributors":null,"retweeted_status":{"created_at":"Sat Apr 25 21:42:05 +0000 2020","id":1254163798358777856,"id_str":"1254163798358777856","text":"niggas be addicted to internet clout &amp; acceptance from strangers","source":"\u003ca href=\"http:\/\/twitter.com\/download\/iphone\" rel=\"nofollow\"\u003eTwitter for iPhone\u003c\/a\u003e","truncated":false,"in_reply_to_status_id":null,"in_reply_to_status_id_str":null,"in_reply_to_user_id":null,"in_reply_to_user_id_str":null,"in_reply_to_screen_name":null,"user":{"id":2880254828,"id_str":"2880254828","name":"\u2618\ufe0f","screen_name":"cozzzy__","location":null,"url":null,"description":"keep it a stack \ud83c\udfc6","translator_type":"none","protected":false,"verified":false,"followers_count":3047,"friends_count":1877,"listed_count":139,"favourites_count":20922,"statuses_count":91629,"created_at":"Tue Oct 28 03:05:02 +0000 2014","utc_offset":null,"time_zone":null,"geo_enabled":true,"lang":null,"contributors_enabled":false,"is_translator":false,"profile_background_color":"000000","profile_background_image_url":"http:\/\/abs.twimg.com\/images\/themes\/theme1\/bg.png","profile_background_image_url_https":"https:\/\/abs.twimg.com\/images\/themes\/theme1\/bg.png","profile_background_tile":false,"profile_link_color":"FAB81E","profile_sidebar_border_color":"000000","profile_sidebar_fill_color":"000000","profile_text_color":"000000","profile_use_background_image":false,"profile_image_url":"http:\/\/pbs.twimg.com\/profile_images\/1252134060597448704\/rHAvniW1_normal.jpg","profile_image_url_https":"https:\/\/pbs.twimg.com\/profile_images\/1252134060597448704\/rHAvniW1_normal.jpg","profile_banner_url":"https:\/\/pbs.twimg.com\/profile_banners\/2880254828\/1587847231","default_profile":false,"default_profile_image":false,"following":null,"follow_request_sent":null,"notifications":null},"geo":null,"coordinates":null,"place":null,"contributors":null,"quoted_status_id":1254151641198137345,"quoted_status_id_str":"1254151641198137345","quoted_status":{"created_at":"Sat Apr 25 20:53:46 +0000 2020","id":1254151641198137345,"id_str":"1254151641198137345","text":"Y'all be too damn grown to be flaunting off not texting women back and posting screenshots of it with a picture of\u2026 https:\/\/t.co\/YEFmi8DPZ6","source":"\u003ca href=\"http:\/\/twitter.com\/download\/iphone\" rel=\"nofollow\"\u003eTwitter for iPhone\u003c\/a\u003e","truncated":true,"in_reply_to_status_id":null,"in_reply_to_status_id_str":null,"in_reply_to_user_id":null,"in_reply_to_user_id_str":null,"in_reply_to_screen_name":null,"user":{"id":4786066778,"id_str":"4786066778","name":"T\ud83e\udd76","screen_name":"3500tammy","location":"Houston, TX","url":null,"description":"Let your ambition carry you \u2728 Angel in the flesh \ud83c\uddfb\ud83c\uddf3 \/ FREERI$KO \/ Don't take my tweets seriously. 333","translator_type":"none","protected":false,"verified":false,"followers_count":6789,"friends_count":1521,"listed_count":82,"favourites_count":94004,"statuses_count":43892,"created_at":"Tue Jan 19 23:51:04 +0000 2016","utc_offset":null,"time_zone":null,"geo_enabled":true,"lang":null,"contributors_enabled":false,"is_translator":false,"profile_background_color":"F5F8FA","profile_background_image_url":"","profile_background_image_url_https":"","profile_background_tile":false,"profile_link_color":"1DA1F2","profile_sidebar_border_color":"C0DEED","profile_sidebar_fill_color":"DDEEF6","profile_text_color":"333333","profile_use_background_image":true,"profile_image_url":"http:\/\/pbs.twimg.com\/profile_images\/1231718489578180612\/OF0xOA15_normal.jpg","profile_image_url_https":"https:\/\/pbs.twimg.com\/profile_images\/1231718489578180612\/OF0xOA15_normal.jpg","profile_banner_url":"https:\/\/pbs.twimg.com\/profile_banners\/4786066778\/1567050034","default_profile":true,"default_profile_image":false,"following":null,"follow_request_sent":null,"notifications":null},"geo":null,"coordinates":null,"place":null,"contributors":null,"is_quote_status":false,"extended_tweet":{"full_text":"Y'all be too damn grown to be flaunting off not texting women back and posting screenshots of it with a picture of Future. God DAMN y'all mothafuckas lame as hell.","display_text_range":[0,163],"entities":{"hashtags":[],"urls":[],"user_mentions":[],"symbols":[]}},"quote_count":26,"reply_count":6,"retweet_count":69,"favorite_count":144,"entities":{"hashtags":[],"urls":[{"url":"https:\/\/t.co\/YEFmi8DPZ6","expanded_url":"https:\/\/twitter.com\/i\/web\/status\/1254151641198137345","display_url":"twitter.com\/i\/web\/status\/1\u2026","indices":[116,139]}],"user_mentions":[],"symbols":[]},"favorited":false,"retweeted":false,"filter_level":"low","lang":"en"},"quoted_status_permalink":{"url":"https:\/\/t.co\/hDRahtJgDY","expanded":"https:\/\/twitter.com\/3500tammy\/status\/1254151641198137345","display":"twitter.com\/3500tammy\/stat\u2026"},"is_quote_status":true,"quote_count":0,"reply_count":0,"retweet_count":1,"favorite_count":1,"entities":{"hashtags":[],"urls":[],"user_mentions":[],"symbols":[]},"favorited":false,"retweeted":false,"filter_level":"low","lang":"en"},"quoted_status_id":1254151641198137345,"quoted_status_id_str":"1254151641198137345","quoted_status":{"created_at":"Sat Apr 25 20:53:46 +0000 2020","id":1254151641198137345,"id_str":"1254151641198137345","text":"Y'all be too damn grown to be flaunting off not texting women back and posting screenshots of it with a picture of\u2026 https:\/\/t.co\/YEFmi8DPZ6","source":"\u003ca href=\"http:\/\/twitter.com\/download\/iphone\" rel=\"nofollow\"\u003eTwitter for iPhone\u003c\/a\u003e","truncated":true,"in_reply_to_status_id":null,"in_reply_to_status_id_str":null,"in_reply_to_user_id":null,"in_reply_to_user_id_str":null,"in_reply_to_screen_name":null,"user":{"id":4786066778,"id_str":"4786066778","name":"T\ud83e\udd76","screen_name":"3500tammy","location":"Houston, TX","url":null,"description":"Let your ambition carry you \u2728 Angel in the flesh \ud83c\uddfb\ud83c\uddf3 \/ FREERI$KO \/ Don't take my tweets seriously. 333","translator_type":"none","protected":false,"verified":false,"followers_count":6789,"friends_count":1521,"listed_count":82,"favourites_count":94004,"statuses_count":43892,"created_at":"Tue Jan 19 23:51:04 +0000 2016","utc_offset":null,"time_zone":null,"geo_enabled":true,"lang":null,"contributors_enabled":false,"is_translator":false,"profile_background_color":"F5F8FA","profile_background_image_url":"","profile_background_image_url_https":"","profile_background_tile":false,"profile_link_color":"1DA1F2","profile_sidebar_border_color":"C0DEED","profile_sidebar_fill_color":"DDEEF6","profile_text_color":"333333","profile_use_background_image":true,"profile_image_url":"http:\/\/pbs.twimg.com\/profile_images\/1231718489578180612\/OF0xOA15_normal.jpg","profile_image_url_https":"https:\/\/pbs.twimg.com\/profile_images\/1231718489578180612\/OF0xOA15_normal.jpg","profile_banner_url":"https:\/\/pbs.twimg.com\/profile_banners\/4786066778\/1567050034","default_profile":true,"default_profile_image":false,"following":null,"follow_request_sent":null,"notifications":null},"geo":null,"coordinates":null,"place":null,"contributors":null,"is_quote_status":false,"extended_tweet":{"full_text":"Y'all be too damn grown to be flaunting off not texting women back and posting screenshots of it with a picture of Future. God DAMN y'all mothafuckas lame as hell.","display_text_range":[0,163],"entities":{"hashtags":[],"urls":[],"user_mentions":[],"symbols":[]}},"quote_count":26,"reply_count":6,"retweet_count":69,"favorite_count":144,"entities":{"hashtags":[],"urls":[{"url":"https:\/\/t.co\/YEFmi8DPZ6","expanded_url":"https:\/\/twitter.com\/i\/web\/status\/1254151641198137345","display_url":"twitter.com\/i\/web\/status\/1\u2026","indices":[116,139]}],"user_mentions":[],"symbols":[]},"favorited":false,"retweeted":false,"filter_level":"low","lang":"en"},"quoted_status_permalink":{"url":"https:\/\/t.co\/hDRahtJgDY","expanded":"https:\/\/twitter.com\/3500tammy\/status\/1254151641198137345","display":"twitter.com\/3500tammy\/stat\u2026"},"is_quote_status":true,"quote_count":0,"reply_count":0,"retweet_count":0,"favorite_count":0,"entities":{"hashtags":[],"urls":[],"user_mentions":[{"screen_name":"cozzzy__","name":"\u2618\ufe0f","id":2880254828,"id_str":"2880254828","indices":[3,12]}],"symbols":[]},"favorited":false,"retweeted":false,"filter_level":"low","lang":"en","timestamp_ms":"1587850958664"}
