{"created_at":"Sat Apr 25 21:42:37 +0000 2020","id":1254163933579161600,"id_str":"1254163933579161600","text":"RT @hausofriya: I can\u2019t stop watching this French dude\u2019s content. https:\/\/t.co\/kN1YGPKmUf","source":"\u003ca href=\"http:\/\/twitter.com\/download\/android\" rel=\"nofollow\"\u003eTwitter for Android\u003c\/a\u003e","truncated":false,"in_reply_to_status_id":null,"in_reply_to_status_id_str":null,"in_reply_to_user_id":null,"in_reply_to_user_id_str":null,"in_reply_to_screen_name":null,"user":{"id":124535880,"id_str":"124535880","name":"$lim Viti","screen_name":"98Alvaro_","location":"ZETAZEN","url":"https:\/\/www.instagram.com\/p\/B5AI1fRo8dmu04WELIo8Ffa29TNL9NCJ-LYig80\/?igshid=1r59wvizdr9iz","description":"Una rosa y un pu\u00f1al en el equipaje \ud83c\udf39\ud83d\udde1","translator_type":"none","protected":false,"verified":false,"followers_count":563,"friends_count":1568,"listed_count":4,"favourites_count":108196,"statuses_count":43526,"created_at":"Fri Mar 19 18:32:24 +0000 2010","utc_offset":null,"time_zone":null,"geo_enabled":false,"lang":null,"contributors_enabled":false,"is_translator":false,"profile_background_color":"BADFCD","profile_background_image_url":"http:\/\/abs.twimg.com\/images\/themes\/theme1\/bg.png","profile_background_image_url_https":"https:\/\/abs.twimg.com\/images\/themes\/theme1\/bg.png","profile_background_tile":true,"profile_link_color":"E81C4F","profile_sidebar_border_color":"FFFFFF","profile_sidebar_fill_color":"DDEEF6","profile_text_color":"333333","profile_use_background_image":true,"profile_image_url":"http:\/\/pbs.twimg.com\/profile_images\/1252594029507883009\/gkfWzfZd_normal.jpg","profile_image_url_https":"https:\/\/pbs.twimg.com\/profile_images\/1252594029507883009\/gkfWzfZd_normal.jpg","profile_banner_url":"https:\/\/pbs.twimg.com\/profile_banners\/124535880\/1581358511","default_profile":false,"default_profile_image":false,"following":null,"follow_request_sent":null,"notifications":null},"geo":null,"coordinates":null,"place":null,"contributors":null,"retweeted_status":{"created_at":"Sat Apr 25 04:09:42 +0000 2020","id":1253898959657013248,"id_str":"1253898959657013248","text":"I can\u2019t stop watching this French dude\u2019s content. https:\/\/t.co\/kN1YGPKmUf","display_text_range":[0,49],"source":"\u003ca href=\"http:\/\/twitter.com\/download\/iphone\" rel=\"nofollow\"\u003eTwitter for iPhone\u003c\/a\u003e","truncated":false,"in_reply_to_status_id":null,"in_reply_to_status_id_str":null,"in_reply_to_user_id":null,"in_reply_to_user_id_str":null,"in_reply_to_screen_name":null,"user":{"id":357920585,"id_str":"357920585","name":"farxiyo.","screen_name":"hausofriya","location":"she|her|nigga \u2014 boosaaso","url":null,"description":"\ud83c\udf3b \u2014 ig @ishafarxiyo.jpeg","translator_type":"none","protected":false,"verified":false,"followers_count":10392,"friends_count":1045,"listed_count":278,"favourites_count":122627,"statuses_count":147985,"created_at":"Fri Aug 19 03:06:31 +0000 2011","utc_offset":null,"time_zone":null,"geo_enabled":true,"lang":null,"contributors_enabled":false,"is_translator":false,"profile_background_color":"000000","profile_background_image_url":"http:\/\/abs.twimg.com\/images\/themes\/theme9\/bg.gif","profile_background_image_url_https":"https:\/\/abs.twimg.com\/images\/themes\/theme9\/bg.gif","profile_background_tile":true,"profile_link_color":"999999","profile_sidebar_border_color":"FFFFFF","profile_sidebar_fill_color":"252429","profile_text_color":"666666","profile_use_background_image":true,"profile_image_url":"http:\/\/pbs.twimg.com\/profile_images\/1247290126348234752\/WCm04gOA_normal.jpg","profile_image_url_https":"https:\/\/pbs.twimg.com\/profile_images\/1247290126348234752\/WCm04gOA_normal.jpg","profile_banner_url":"https:\/\/pbs.twimg.com\/profile_banners\/357920585\/1568177737","default_profile":false,"default_profile_image":false,"following":null,"follow_request_sent":null,"notifications":null},"geo":null,"coordinates":null,"place":null,"contributors":null,"is_quote_status":false,"quote_count":3001,"reply_count":405,"retweet_count":26060,"favorite_count":115443,"entities":{"hashtags":[],"urls":[],"user_mentions":[],"symbols":[],"media":[{"id":1253898906733350912,"id_str":"1253898906733350912","indices":[50,73],"additional_media_info":{"monetizable":false},"media_url":"http:\/\/pbs.twimg.com\/ext_tw_video_thumb\/1253898906733350912\/pu\/img\/B3VGjdp4FhQLfoiQ.jpg","media_url_https":"https:\/\/pbs.twimg.com\/ext_tw_video_thumb\/1253898906733350912\/pu\/img\/B3VGjdp4FhQLfoiQ.jpg","url":"https:\/\/t.co\/kN1YGPKmUf","display_url":"pic.twitter.com\/kN1YGPKmUf","expanded_url":"https:\/\/twitter.com\/hausofriya\/status\/1253898959657013248\/video\/1","type":"photo","sizes":{"thumb":{"w":150,"h":150,"resize":"crop"},"medium":{"w":540,"h":960,"resize":"fit"},"small":{"w":383,"h":680,"resize":"fit"},"large":{"w":540,"h":960,"resize":"fit"}}}]},"extended_entities":{"media":[{"id":1253898906733350912,"id_str":"1253898906733350912","indices":[50,73],"additional_media_info":{"monetizable":false},"media_url":"http:\/\/pbs.twimg.com\/ext_tw_video_thumb\/1253898906733350912\/pu\/img\/B3VGjdp4FhQLfoiQ.jpg","media_url_https":"https:\/\/pbs.twimg.com\/ext_tw_video_thumb\/1253898906733350912\/pu\/img\/B3VGjdp4FhQLfoiQ.jpg","url":"https:\/\/t.co\/kN1YGPKmUf","display_url":"pic.twitter.com\/kN1YGPKmUf","expanded_url":"https:\/\/twitter.com\/hausofriya\/status\/1253898959657013248\/video\/1","type":"video","video_info":{"aspect_ratio":[9,16],"duration_millis":31667,"variants":[{"bitrate":632000,"content_type":"video\/mp4","url":"https:\/\/video.twimg.com\/ext_tw_video\/1253898906733350912\/pu\/vid\/320x568\/lLTu3Vvp92ajVDkv.mp4?tag=10"},{"bitrate":2176000,"content_type":"video\/mp4","url":"https:\/\/video.twimg.com\/ext_tw_video\/1253898906733350912\/pu\/vid\/540x960\/HdjsCyX8VOeP_fgE.mp4?tag=10"},{"bitrate":832000,"content_type":"video\/mp4","url":"https:\/\/video.twimg.com\/ext_tw_video\/1253898906733350912\/pu\/vid\/360x640\/W2HXmABU9tsj8o65.mp4?tag=10"},{"content_type":"application\/x-mpegURL","url":"https:\/\/video.twimg.com\/ext_tw_video\/1253898906733350912\/pu\/pl\/o7qYRp6oMVzfRTtv.m3u8?tag=10"}]},"sizes":{"thumb":{"w":150,"h":150,"resize":"crop"},"medium":{"w":540,"h":960,"resize":"fit"},"small":{"w":383,"h":680,"resize":"fit"},"large":{"w":540,"h":960,"resize":"fit"}}}]},"favorited":false,"retweeted":false,"possibly_sensitive":false,"filter_level":"low","lang":"en"},"is_quote_status":false,"quote_count":0,"reply_count":0,"retweet_count":0,"favorite_count":0,"entities":{"hashtags":[],"urls":[],"user_mentions":[{"screen_name":"hausofriya","name":"farxiyo.","id":357920585,"id_str":"357920585","indices":[3,14]}],"symbols":[],"media":[{"id":1253898906733350912,"id_str":"1253898906733350912","indices":[66,89],"additional_media_info":{"monetizable":false},"media_url":"http:\/\/pbs.twimg.com\/ext_tw_video_thumb\/1253898906733350912\/pu\/img\/B3VGjdp4FhQLfoiQ.jpg","media_url_https":"https:\/\/pbs.twimg.com\/ext_tw_video_thumb\/1253898906733350912\/pu\/img\/B3VGjdp4FhQLfoiQ.jpg","url":"https:\/\/t.co\/kN1YGPKmUf","display_url":"pic.twitter.com\/kN1YGPKmUf","expanded_url":"https:\/\/twitter.com\/hausofriya\/status\/1253898959657013248\/video\/1","type":"photo","sizes":{"thumb":{"w":150,"h":150,"resize":"crop"},"medium":{"w":540,"h":960,"resize":"fit"},"small":{"w":383,"h":680,"resize":"fit"},"large":{"w":540,"h":960,"resize":"fit"}},"source_status_id":1253898959657013248,"source_status_id_str":"1253898959657013248","source_user_id":357920585,"source_user_id_str":"357920585"}]},"extended_entities":{"media":[{"id":1253898906733350912,"id_str":"1253898906733350912","indices":[66,89],"additional_media_info":{"monetizable":false},"media_url":"http:\/\/pbs.twimg.com\/ext_tw_video_thumb\/1253898906733350912\/pu\/img\/B3VGjdp4FhQLfoiQ.jpg","media_url_https":"https:\/\/pbs.twimg.com\/ext_tw_video_thumb\/1253898906733350912\/pu\/img\/B3VGjdp4FhQLfoiQ.jpg","url":"https:\/\/t.co\/kN1YGPKmUf","display_url":"pic.twitter.com\/kN1YGPKmUf","expanded_url":"https:\/\/twitter.com\/hausofriya\/status\/1253898959657013248\/video\/1","type":"video","video_info":{"aspect_ratio":[9,16],"duration_millis":31667,"variants":[{"bitrate":632000,"content_type":"video\/mp4","url":"https:\/\/video.twimg.com\/ext_tw_video\/1253898906733350912\/pu\/vid\/320x568\/lLTu3Vvp92ajVDkv.mp4?tag=10"},{"bitrate":2176000,"content_type":"video\/mp4","url":"https:\/\/video.twimg.com\/ext_tw_video\/1253898906733350912\/pu\/vid\/540x960\/HdjsCyX8VOeP_fgE.mp4?tag=10"},{"bitrate":832000,"content_type":"video\/mp4","url":"https:\/\/video.twimg.com\/ext_tw_video\/1253898906733350912\/pu\/vid\/360x640\/W2HXmABU9tsj8o65.mp4?tag=10"},{"content_type":"application\/x-mpegURL","url":"https:\/\/video.twimg.com\/ext_tw_video\/1253898906733350912\/pu\/pl\/o7qYRp6oMVzfRTtv.m3u8?tag=10"}]},"sizes":{"thumb":{"w":150,"h":150,"resize":"crop"},"medium":{"w":540,"h":960,"resize":"fit"},"small":{"w":383,"h":680,"resize":"fit"},"large":{"w":540,"h":960,"resize":"fit"}},"source_status_id":1253898959657013248,"source_status_id_str":"1253898959657013248","source_user_id":357920585,"source_user_id_str":"357920585"}]},"favorited":false,"retweeted":false,"possibly_sensitive":false,"filter_level":"low","lang":"en","timestamp_ms":"1587850957661"}
