{"created_at":"Sat Apr 25 21:42:37 +0000 2020","id":1254163933579161601,"id_str":"1254163933579161601","text":"@fli_ghts tbh el material de les primeres,,, meh","display_text_range":[10,48],"source":"\u003ca href=\"http:\/\/twitter.com\/download\/iphone\" rel=\"nofollow\"\u003eTwitter for iPhone\u003c\/a\u003e","truncated":false,"in_reply_to_status_id":1254163690615701507,"in_reply_to_status_id_str":"1254163690615701507","in_reply_to_user_id":983094692106723328,"in_reply_to_user_id_str":"983094692106723328","in_reply_to_screen_name":"fli_ghts","user":{"id":1006573464285794304,"id_str":"1006573464285794304","name":"\ud83d\udc09","screen_name":"_longbo","location":"Barcelona, Spain","url":null,"description":"holi","translator_type":"none","protected":false,"verified":false,"followers_count":70,"friends_count":197,"listed_count":0,"favourites_count":23263,"statuses_count":4601,"created_at":"Tue Jun 12 16:26:29 +0000 2018","utc_offset":null,"time_zone":null,"geo_enabled":false,"lang":null,"contributors_enabled":false,"is_translator":false,"profile_background_color":"000000","profile_background_image_url":"http:\/\/abs.twimg.com\/images\/themes\/theme1\/bg.png","profile_background_image_url_https":"https:\/\/abs.twimg.com\/images\/themes\/theme1\/bg.png","profile_background_tile":false,"profile_link_color":"1B95E0","profile_sidebar_border_color":"000000","profile_sidebar_fill_color":"000000","profile_text_color":"000000","profile_use_background_image":false,"profile_image_url":"http:\/\/pbs.twimg.com\/profile_images\/1245724017895657473\/aC1NunBj_normal.jpg","profile_image_url_https":"https:\/\/pbs.twimg.com\/profile_images\/1245724017895657473\/aC1NunBj_normal.jpg","profile_banner_url":"https:\/\/pbs.twimg.com\/profile_banners\/1006573464285794304\/1567093130","default_profile":false,"default_profile_image":false,"following":null,"follow_request_sent":null,"notifications":null},"geo":null,"coordinates":null,"place":null,"contributors":null,"is_quote_status":false,"quote_count":0,"reply_count":0,"retweet_count":0,"favorite_count":0,"entities":{"hashtags":[],"urls":[],"user_mentions":[{"screen_name":"fli_ghts","name":"juju","id":983094692106723328,"id_str":"983094692106723328","indices":[0,9]}],"symbols":[]},"favorited":false,"retweeted":false,"filter_level":"low","lang":"en","timestamp_ms":"1587850957661"}
