{"created_at":"Sat Apr 25 21:42:36 +0000 2020","id":1254163929380487169,"id_str":"1254163929380487169","text":"I finally....won a tetris 99 game","source":"\u003ca href=\"http:\/\/twitter.com\/download\/android\" rel=\"nofollow\"\u003eTwitter for Android\u003c\/a\u003e","truncated":false,"in_reply_to_status_id":null,"in_reply_to_status_id_str":null,"in_reply_to_user_id":null,"in_reply_to_user_id_str":null,"in_reply_to_screen_name":null,"user":{"id":551528877,"id_str":"551528877","name":"\ud83c\udf0c\ud83c\udf29\ud83d\udd2a\ud83d\udde1\u26b0\ud83c\udfb4","screen_name":"coldweathercat","location":"sleeptown","url":null,"description":"chatterbox, uncertified disaster, really fuckin tired \/\/ 24, occasionally nsfw \/\/ Current Thing: games??? \/\/ # AvoidDiscourse2k20","translator_type":"none","protected":false,"verified":false,"followers_count":12,"friends_count":204,"listed_count":1,"favourites_count":601,"statuses_count":15401,"created_at":"Thu Apr 12 00:48:36 +0000 2012","utc_offset":null,"time_zone":null,"geo_enabled":false,"lang":null,"contributors_enabled":false,"is_translator":false,"profile_background_color":"FFFFFF","profile_background_image_url":"http:\/\/abs.twimg.com\/images\/themes\/theme16\/bg.gif","profile_background_image_url_https":"https:\/\/abs.twimg.com\/images\/themes\/theme16\/bg.gif","profile_background_tile":true,"profile_link_color":"75B385","profile_sidebar_border_color":"FFFFFF","profile_sidebar_fill_color":"DDFFCC","profile_text_color":"333333","profile_use_background_image":true,"profile_image_url":"http:\/\/pbs.twimg.com\/profile_images\/1146839153285324800\/qWt36Oq4_normal.jpg","profile_image_url_https":"https:\/\/pbs.twimg.com\/profile_images\/1146839153285324800\/qWt36Oq4_normal.jpg","profile_banner_url":"https:\/\/pbs.twimg.com\/profile_banners\/551528877\/1420330088","default_profile":false,"default_profile_image":false,"following":null,"follow_request_sent":null,"notifications":null},"geo":null,"coordinates":null,"place":null,"contributors":null,"is_quote_status":false,"quote_count":0,"reply_count":0,"retweet_count":0,"favorite_count":0,"entities":{"hashtags":[],"urls":[],"user_mentions":[],"symbols":[]},"favorited":false,"retweeted":false,"filter_level":"low","lang":"en","timestamp_ms":"1587850956660"}
