{"created_at":"Sat Apr 25 21:42:40 +0000 2020","id":1254163946157879297,"id_str":"1254163946157879297","text":"RT @gyaigyimii: Gasmilla is not okay. If your brand is strong enough you won't be putting dirt on someone to get the attention you want . I\u2026","source":"\u003ca href=\"http:\/\/twitter.com\/download\/android\" rel=\"nofollow\"\u003eTwitter for Android\u003c\/a\u003e","truncated":false,"in_reply_to_status_id":null,"in_reply_to_status_id_str":null,"in_reply_to_user_id":null,"in_reply_to_user_id_str":null,"in_reply_to_screen_name":null,"user":{"id":4169090957,"id_str":"4169090957","name":"tin_taller","screen_name":"_delasi","location":"Accra, Ghana","url":null,"description":"live, love, learn. Variety doesn't kill. \ud83d\ude01\ud83d\ude01","translator_type":"none","protected":false,"verified":false,"followers_count":405,"friends_count":703,"listed_count":2,"favourites_count":10693,"statuses_count":11136,"created_at":"Thu Nov 12 05:37:56 +0000 2015","utc_offset":null,"time_zone":null,"geo_enabled":true,"lang":null,"contributors_enabled":false,"is_translator":false,"profile_background_color":"C0DEED","profile_background_image_url":"http:\/\/abs.twimg.com\/images\/themes\/theme1\/bg.png","profile_background_image_url_https":"https:\/\/abs.twimg.com\/images\/themes\/theme1\/bg.png","profile_background_tile":false,"profile_link_color":"1DA1F2","profile_sidebar_border_color":"C0DEED","profile_sidebar_fill_color":"DDEEF6","profile_text_color":"333333","profile_use_background_image":true,"profile_image_url":"http:\/\/pbs.twimg.com\/profile_images\/1244249267889373186\/Mrdu1UNj_normal.jpg","profile_image_url_https":"https:\/\/pbs.twimg.com\/profile_images\/1244249267889373186\/Mrdu1UNj_normal.jpg","profile_banner_url":"https:\/\/pbs.twimg.com\/profile_banners\/4169090957\/1580996389","default_profile":true,"default_profile_image":false,"following":null,"follow_request_sent":null,"notifications":null},"geo":null,"coordinates":null,"place":null,"contributors":null,"retweeted_status":{"created_at":"Sat Apr 25 16:47:40 +0000 2020","id":1254089706775687173,"id_str":"1254089706775687173","text":"Gasmilla is not okay. If your brand is strong enough you won't be putting dirt on someone to get the attention you\u2026 https:\/\/t.co\/W9Nji4wdh7","source":"\u003ca href=\"http:\/\/twitter.com\/download\/android\" rel=\"nofollow\"\u003eTwitter for Android\u003c\/a\u003e","truncated":true,"in_reply_to_status_id":null,"in_reply_to_status_id_str":null,"in_reply_to_user_id":null,"in_reply_to_user_id_str":null,"in_reply_to_screen_name":null,"user":{"id":1145137598379282432,"id_str":"1145137598379282432","name":"KALYJAY \u25cf","screen_name":"gyaigyimii","location":"\ud83c\udf42\ud83c\udf42","url":"https:\/\/www.instagram.com\/gyaigyimii?r=nametag","description":"Dumb Black Boy On A Mission! \ud83d\ude48","translator_type":"none","protected":false,"verified":false,"followers_count":111966,"friends_count":15533,"listed_count":27,"favourites_count":81421,"statuses_count":104231,"created_at":"Sun Jun 30 01:10:53 +0000 2019","utc_offset":null,"time_zone":null,"geo_enabled":true,"lang":null,"contributors_enabled":false,"is_translator":false,"profile_background_color":"F5F8FA","profile_background_image_url":"","profile_background_image_url_https":"","profile_background_tile":false,"profile_link_color":"1DA1F2","profile_sidebar_border_color":"C0DEED","profile_sidebar_fill_color":"DDEEF6","profile_text_color":"333333","profile_use_background_image":true,"profile_image_url":"http:\/\/pbs.twimg.com\/profile_images\/1253283015448563712\/UFCAaoc-_normal.jpg","profile_image_url_https":"https:\/\/pbs.twimg.com\/profile_images\/1253283015448563712\/UFCAaoc-_normal.jpg","profile_banner_url":"https:\/\/pbs.twimg.com\/profile_banners\/1145137598379282432\/1587511164","default_profile":true,"default_profile_image":false,"following":null,"follow_request_sent":null,"notifications":null},"geo":null,"coordinates":null,"place":null,"contributors":null,"is_quote_status":false,"extended_tweet":{"full_text":"Gasmilla is not okay. If your brand is strong enough you won't be putting dirt on someone to get the attention you want . Imagine going on air to tell us Azonto is growing when we all know Azonto died years back. Smh!","display_text_range":[0,217],"entities":{"hashtags":[],"urls":[],"user_mentions":[],"symbols":[]}},"quote_count":9,"reply_count":34,"retweet_count":156,"favorite_count":921,"entities":{"hashtags":[],"urls":[{"url":"https:\/\/t.co\/W9Nji4wdh7","expanded_url":"https:\/\/twitter.com\/i\/web\/status\/1254089706775687173","display_url":"twitter.com\/i\/web\/status\/1\u2026","indices":[116,139]}],"user_mentions":[],"symbols":[]},"favorited":false,"retweeted":false,"filter_level":"low","lang":"en"},"is_quote_status":false,"quote_count":0,"reply_count":0,"retweet_count":0,"favorite_count":0,"entities":{"hashtags":[],"urls":[],"user_mentions":[{"screen_name":"gyaigyimii","name":"KALYJAY \u25cf","id":1145137598379282432,"id_str":"1145137598379282432","indices":[3,14]}],"symbols":[]},"favorited":false,"retweeted":false,"filter_level":"low","lang":"en","timestamp_ms":"1587850960660"}
