{"created_at":"Sat Apr 25 21:42:40 +0000 2020","id":1254163946178785281,"id_str":"1254163946178785281","text":"RT @AdamSchefter: Carson\u2019s crew..... https:\/\/t.co\/teybRRs9r1","source":"\u003ca href=\"http:\/\/twitter.com\/download\/iphone\" rel=\"nofollow\"\u003eTwitter for iPhone\u003c\/a\u003e","truncated":false,"in_reply_to_status_id":null,"in_reply_to_status_id_str":null,"in_reply_to_user_id":null,"in_reply_to_user_id_str":null,"in_reply_to_screen_name":null,"user":{"id":591305630,"id_str":"591305630","name":"Buddy \ud83d\ude2b","screen_name":"yo_gh0st","location":"Clarkeville","url":"http:\/\/Instagram.com\/yo_ghost#link_profile","description":"Only GOD Can Judge Me","translator_type":"none","protected":false,"verified":false,"followers_count":638,"friends_count":582,"listed_count":22,"favourites_count":99,"statuses_count":123462,"created_at":"Sat May 26 22:32:59 +0000 2012","utc_offset":null,"time_zone":null,"geo_enabled":true,"lang":null,"contributors_enabled":false,"is_translator":false,"profile_background_color":"A62E6E","profile_background_image_url":"http:\/\/abs.twimg.com\/images\/themes\/theme1\/bg.png","profile_background_image_url_https":"https:\/\/abs.twimg.com\/images\/themes\/theme1\/bg.png","profile_background_tile":false,"profile_link_color":"C21F27","profile_sidebar_border_color":"C0DEED","profile_sidebar_fill_color":"DDEEF6","profile_text_color":"333333","profile_use_background_image":true,"profile_image_url":"http:\/\/pbs.twimg.com\/profile_images\/1232116301168074753\/NTVwGxv5_normal.jpg","profile_image_url_https":"https:\/\/pbs.twimg.com\/profile_images\/1232116301168074753\/NTVwGxv5_normal.jpg","profile_banner_url":"https:\/\/pbs.twimg.com\/profile_banners\/591305630\/1391680601","default_profile":false,"default_profile_image":false,"following":null,"follow_request_sent":null,"notifications":null},"geo":null,"coordinates":null,"place":null,"contributors":null,"retweeted_status":{"created_at":"Sat Apr 25 21:22:05 +0000 2020","id":1254158763629699072,"id_str":"1254158763629699072","text":"Carson\u2019s crew..... https:\/\/t.co\/teybRRs9r1","display_text_range":[0,18],"source":"\u003ca href=\"https:\/\/www.greenfly.com\" rel=\"nofollow\"\u003eGreenfly\u003c\/a\u003e","truncated":false,"in_reply_to_status_id":null,"in_reply_to_status_id_str":null,"in_reply_to_user_id":null,"in_reply_to_user_id_str":null,"in_reply_to_screen_name":null,"user":{"id":51263592,"id_str":"51263592","name":"Adam Schefter","screen_name":"AdamSchefter","location":"New York","url":"http:\/\/www.facebook.com\/AdamSchefter","description":"Father, Husband, Son, Brother, University of Michigan graduate, masters degree from Medill, ESPN Senior NFL Insider. http:\/\/Instagram.com\/AdamSchefter","translator_type":"none","protected":false,"verified":true,"followers_count":7878616,"friends_count":3146,"listed_count":50695,"favourites_count":560,"statuses_count":49374,"created_at":"Fri Jun 26 22:55:28 +0000 2009","utc_offset":null,"time_zone":null,"geo_enabled":true,"lang":null,"contributors_enabled":false,"is_translator":false,"profile_background_color":"2573B8","profile_background_image_url":"http:\/\/abs.twimg.com\/images\/themes\/theme4\/bg.gif","profile_background_image_url_https":"https:\/\/abs.twimg.com\/images\/themes\/theme4\/bg.gif","profile_background_tile":false,"profile_link_color":"3B94D9","profile_sidebar_border_color":"FFFFFF","profile_sidebar_fill_color":"95E8EC","profile_text_color":"16101F","profile_use_background_image":true,"profile_image_url":"http:\/\/pbs.twimg.com\/profile_images\/793924061843914752\/ycm8ibEE_normal.jpg","profile_image_url_https":"https:\/\/pbs.twimg.com\/profile_images\/793924061843914752\/ycm8ibEE_normal.jpg","profile_banner_url":"https:\/\/pbs.twimg.com\/profile_banners\/51263592\/1466784770","default_profile":false,"default_profile_image":false,"following":null,"follow_request_sent":null,"notifications":null},"geo":null,"coordinates":null,"place":null,"contributors":null,"is_quote_status":false,"quote_count":767,"reply_count":695,"retweet_count":1032,"favorite_count":5330,"entities":{"hashtags":[],"urls":[],"user_mentions":[],"symbols":[],"media":[{"id":1254158759284310016,"id_str":"1254158759284310016","indices":[19,42],"media_url":"http:\/\/pbs.twimg.com\/media\/EWeqvysWAAA-oAN.jpg","media_url_https":"https:\/\/pbs.twimg.com\/media\/EWeqvysWAAA-oAN.jpg","url":"https:\/\/t.co\/teybRRs9r1","display_url":"pic.twitter.com\/teybRRs9r1","expanded_url":"https:\/\/twitter.com\/AdamSchefter\/status\/1254158763629699072\/photo\/1","type":"photo","sizes":{"thumb":{"w":150,"h":150,"resize":"crop"},"medium":{"w":960,"h":1200,"resize":"fit"},"large":{"w":1024,"h":1280,"resize":"fit"},"small":{"w":544,"h":680,"resize":"fit"}}}]},"extended_entities":{"media":[{"id":1254158759284310016,"id_str":"1254158759284310016","indices":[19,42],"media_url":"http:\/\/pbs.twimg.com\/media\/EWeqvysWAAA-oAN.jpg","media_url_https":"https:\/\/pbs.twimg.com\/media\/EWeqvysWAAA-oAN.jpg","url":"https:\/\/t.co\/teybRRs9r1","display_url":"pic.twitter.com\/teybRRs9r1","expanded_url":"https:\/\/twitter.com\/AdamSchefter\/status\/1254158763629699072\/photo\/1","type":"photo","sizes":{"thumb":{"w":150,"h":150,"resize":"crop"},"medium":{"w":960,"h":1200,"resize":"fit"},"large":{"w":1024,"h":1280,"resize":"fit"},"small":{"w":544,"h":680,"resize":"fit"}}}]},"favorited":false,"retweeted":false,"possibly_sensitive":false,"filter_level":"low","lang":"en"},"is_quote_status":false,"quote_count":0,"reply_count":0,"retweet_count":0,"favorite_count":0,"entities":{"hashtags":[],"urls":[],"user_mentions":[{"screen_name":"AdamSchefter","name":"Adam Schefter","id":51263592,"id_str":"51263592","indices":[3,16]}],"symbols":[],"media":[{"id":1254158759284310016,"id_str":"1254158759284310016","indices":[37,60],"media_url":"http:\/\/pbs.twimg.com\/media\/EWeqvysWAAA-oAN.jpg","media_url_https":"https:\/\/pbs.twimg.com\/media\/EWeqvysWAAA-oAN.jpg","url":"https:\/\/t.co\/teybRRs9r1","display_url":"pic.twitter.com\/teybRRs9r1","expanded_url":"https:\/\/twitter.com\/AdamSchefter\/status\/1254158763629699072\/photo\/1","type":"photo","sizes":{"thumb":{"w":150,"h":150,"resize":"crop"},"medium":{"w":960,"h":1200,"resize":"fit"},"large":{"w":1024,"h":1280,"resize":"fit"},"small":{"w":544,"h":680,"resize":"fit"}},"source_status_id":1254158763629699072,"source_status_id_str":"1254158763629699072","source_user_id":51263592,"source_user_id_str":"51263592"}]},"extended_entities":{"media":[{"id":1254158759284310016,"id_str":"1254158759284310016","indices":[37,60],"media_url":"http:\/\/pbs.twimg.com\/media\/EWeqvysWAAA-oAN.jpg","media_url_https":"https:\/\/pbs.twimg.com\/media\/EWeqvysWAAA-oAN.jpg","url":"https:\/\/t.co\/teybRRs9r1","display_url":"pic.twitter.com\/teybRRs9r1","expanded_url":"https:\/\/twitter.com\/AdamSchefter\/status\/1254158763629699072\/photo\/1","type":"photo","sizes":{"thumb":{"w":150,"h":150,"resize":"crop"},"medium":{"w":960,"h":1200,"resize":"fit"},"large":{"w":1024,"h":1280,"resize":"fit"},"small":{"w":544,"h":680,"resize":"fit"}},"source_status_id":1254158763629699072,"source_status_id_str":"1254158763629699072","source_user_id":51263592,"source_user_id_str":"51263592"}]},"favorited":false,"retweeted":false,"possibly_sensitive":true,"filter_level":"low","lang":"en","timestamp_ms":"1587850960665"}
