{"created_at":"Sat Apr 25 21:42:36 +0000 2020","id":1254163929376468992,"id_str":"1254163929376468992","text":"@snowball1926 So the teachers could make lessons for the other kids &amp; mail them to students. So now no one has any\u2026 https:\/\/t.co\/V6iUBQhiAx","display_text_range":[14,140],"source":"\u003ca href=\"http:\/\/twitter.com\/download\/android\" rel=\"nofollow\"\u003eTwitter for Android\u003c\/a\u003e","truncated":true,"in_reply_to_status_id":1254160617889566724,"in_reply_to_status_id_str":"1254160617889566724","in_reply_to_user_id":511108114,"in_reply_to_user_id_str":"511108114","in_reply_to_screen_name":"snowball1926","user":{"id":885161611106844673,"id_str":"885161611106844673","name":"Barb","screen_name":"Joan1Barb","location":null,"url":null,"description":"\ud83d\udc23Lived in Det. Moved to NY.  Love my family. Love my dog.\ud83d\udc25","translator_type":"none","protected":false,"verified":false,"followers_count":5454,"friends_count":5323,"listed_count":12,"favourites_count":53888,"statuses_count":175190,"created_at":"Wed Jul 12 15:39:08 +0000 2017","utc_offset":null,"time_zone":null,"geo_enabled":false,"lang":null,"contributors_enabled":false,"is_translator":false,"profile_background_color":"F5F8FA","profile_background_image_url":"","profile_background_image_url_https":"","profile_background_tile":false,"profile_link_color":"1DA1F2","profile_sidebar_border_color":"C0DEED","profile_sidebar_fill_color":"DDEEF6","profile_text_color":"333333","profile_use_background_image":true,"profile_image_url":"http:\/\/pbs.twimg.com\/profile_images\/1228464905239527425\/UG6jM06__normal.jpg","profile_image_url_https":"https:\/\/pbs.twimg.com\/profile_images\/1228464905239527425\/UG6jM06__normal.jpg","profile_banner_url":"https:\/\/pbs.twimg.com\/profile_banners\/885161611106844673\/1562173891","default_profile":true,"default_profile_image":false,"following":null,"follow_request_sent":null,"notifications":null},"geo":null,"coordinates":null,"place":null,"contributors":null,"is_quote_status":false,"extended_tweet":{"full_text":"@snowball1926 So the teachers could make lessons for the other kids &amp; mail them to students. So now no one has any school? That's better? Teachers can't come up with a plan?","display_text_range":[14,177],"entities":{"hashtags":[],"urls":[],"user_mentions":[{"screen_name":"snowball1926","name":"Linda Lewis","id":511108114,"id_str":"511108114","indices":[0,13]}],"symbols":[]}},"quote_count":0,"reply_count":0,"retweet_count":0,"favorite_count":0,"entities":{"hashtags":[],"urls":[{"url":"https:\/\/t.co\/V6iUBQhiAx","expanded_url":"https:\/\/twitter.com\/i\/web\/status\/1254163929376468992","display_url":"twitter.com\/i\/web\/status\/1\u2026","indices":[120,143]}],"user_mentions":[{"screen_name":"snowball1926","name":"Linda Lewis","id":511108114,"id_str":"511108114","indices":[0,13]}],"symbols":[]},"favorited":false,"retweeted":false,"filter_level":"low","lang":"en","timestamp_ms":"1587850956659"}
