{"created_at":"Sat Apr 25 21:42:36 +0000 2020","id":1254163929401643009,"id_str":"1254163929401643009","text":"RT @SirBasilBrush: Strange way to react to Kim Jong Un\u2019s death. x https:\/\/t.co\/EC6ULSET5N","source":"\u003ca href=\"http:\/\/twitter.com\/download\/android\" rel=\"nofollow\"\u003eTwitter for Android\u003c\/a\u003e","truncated":false,"in_reply_to_status_id":null,"in_reply_to_status_id_str":null,"in_reply_to_user_id":null,"in_reply_to_user_id_str":null,"in_reply_to_screen_name":null,"user":{"id":1217012070916509696,"id_str":"1217012070916509696","name":"Phil Sharman","screen_name":"sharman_phil","location":null,"url":null,"description":null,"translator_type":"none","protected":false,"verified":false,"followers_count":2,"friends_count":71,"listed_count":0,"favourites_count":171,"statuses_count":20,"created_at":"Tue Jan 14 09:14:37 +0000 2020","utc_offset":null,"time_zone":null,"geo_enabled":false,"lang":null,"contributors_enabled":false,"is_translator":false,"profile_background_color":"F5F8FA","profile_background_image_url":"","profile_background_image_url_https":"","profile_background_tile":false,"profile_link_color":"1DA1F2","profile_sidebar_border_color":"C0DEED","profile_sidebar_fill_color":"DDEEF6","profile_text_color":"333333","profile_use_background_image":true,"profile_image_url":"http:\/\/pbs.twimg.com\/profile_images\/1253447398418001923\/ZP5k62mj_normal.jpg","profile_image_url_https":"https:\/\/pbs.twimg.com\/profile_images\/1253447398418001923\/ZP5k62mj_normal.jpg","default_profile":true,"default_profile_image":false,"following":null,"follow_request_sent":null,"notifications":null},"geo":null,"coordinates":null,"place":null,"contributors":null,"retweeted_status":{"created_at":"Sat Apr 25 19:08:08 +0000 2020","id":1254125057812684800,"id_str":"1254125057812684800","text":"Strange way to react to Kim Jong Un\u2019s death. x https:\/\/t.co\/EC6ULSET5N","source":"\u003ca href=\"http:\/\/twitter.com\/#!\/download\/ipad\" rel=\"nofollow\"\u003eTwitter for iPad\u003c\/a\u003e","truncated":false,"in_reply_to_status_id":null,"in_reply_to_status_id_str":null,"in_reply_to_user_id":null,"in_reply_to_user_id_str":null,"in_reply_to_screen_name":null,"user":{"id":3825968584,"id_str":"3825968584","name":"(((Basil \ud83e\udd1e Bruschetta \u2721\ufe0f \ud83d\udc41)))","screen_name":"SirBasilBrush","location":"Vulpes vulpes","url":"http:\/\/www.telegraph.co.uk\/business\/2016\/10\/19\/why-its-time-for-a-new-campaign-for-brexit\/","description":"Stupid, annoying, sweary Tory fox. Parody. PARODY. PARODY! PARODY!! Secret identity: Bruchetta The Bot Herder. Player of the smallest violin in the world.","translator_type":"none","protected":false,"verified":false,"followers_count":12133,"friends_count":1795,"listed_count":88,"favourites_count":166669,"statuses_count":195010,"created_at":"Wed Sep 30 17:10:07 +0000 2015","utc_offset":null,"time_zone":null,"geo_enabled":false,"lang":null,"contributors_enabled":false,"is_translator":false,"profile_background_color":"000000","profile_background_image_url":"http:\/\/abs.twimg.com\/images\/themes\/theme1\/bg.png","profile_background_image_url_https":"https:\/\/abs.twimg.com\/images\/themes\/theme1\/bg.png","profile_background_tile":false,"profile_link_color":"4A913C","profile_sidebar_border_color":"000000","profile_sidebar_fill_color":"000000","profile_text_color":"000000","profile_use_background_image":false,"profile_image_url":"http:\/\/pbs.twimg.com\/profile_images\/1191695498882646017\/pbdHa2EB_normal.png","profile_image_url_https":"https:\/\/pbs.twimg.com\/profile_images\/1191695498882646017\/pbdHa2EB_normal.png","profile_banner_url":"https:\/\/pbs.twimg.com\/profile_banners\/3825968584\/1556271480","default_profile":false,"default_profile_image":false,"following":null,"follow_request_sent":null,"notifications":null},"geo":null,"coordinates":null,"place":null,"contributors":null,"is_quote_status":false,"quote_count":10,"reply_count":17,"retweet_count":31,"favorite_count":130,"entities":{"hashtags":[],"urls":[],"user_mentions":[],"symbols":[],"media":[{"id":1253400674752176131,"id_str":"1253400674752176131","indices":[47,70],"additional_media_info":{"monetizable":false},"media_url":"http:\/\/pbs.twimg.com\/ext_tw_video_thumb\/1253400674752176131\/pu\/img\/xVt-PtC0Xt6hR5o5.jpg","media_url_https":"https:\/\/pbs.twimg.com\/ext_tw_video_thumb\/1253400674752176131\/pu\/img\/xVt-PtC0Xt6hR5o5.jpg","url":"https:\/\/t.co\/EC6ULSET5N","display_url":"pic.twitter.com\/EC6ULSET5N","expanded_url":"https:\/\/twitter.com\/ClarenceHouse\/status\/1253400727357132802\/video\/1","type":"photo","sizes":{"large":{"w":720,"h":900,"resize":"fit"},"thumb":{"w":150,"h":150,"resize":"crop"},"small":{"w":544,"h":680,"resize":"fit"},"medium":{"w":720,"h":900,"resize":"fit"}},"source_status_id":1253400727357132802,"source_status_id_str":"1253400727357132802","source_user_id":208019751,"source_user_id_str":"208019751"}]},"extended_entities":{"media":[{"id":1253400674752176131,"id_str":"1253400674752176131","indices":[47,70],"additional_media_info":{"monetizable":false},"media_url":"http:\/\/pbs.twimg.com\/ext_tw_video_thumb\/1253400674752176131\/pu\/img\/xVt-PtC0Xt6hR5o5.jpg","media_url_https":"https:\/\/pbs.twimg.com\/ext_tw_video_thumb\/1253400674752176131\/pu\/img\/xVt-PtC0Xt6hR5o5.jpg","url":"https:\/\/t.co\/EC6ULSET5N","display_url":"pic.twitter.com\/EC6ULSET5N","expanded_url":"https:\/\/twitter.com\/ClarenceHouse\/status\/1253400727357132802\/video\/1","type":"video","video_info":{"aspect_ratio":[4,5],"duration_millis":21558,"variants":[{"bitrate":832000,"content_type":"video\/mp4","url":"https:\/\/video.twimg.com\/ext_tw_video\/1253400674752176131\/pu\/vid\/360x450\/_Km0iG__dg5lj1LY.mp4?tag=10"},{"bitrate":2176000,"content_type":"video\/mp4","url":"https:\/\/video.twimg.com\/ext_tw_video\/1253400674752176131\/pu\/vid\/720x900\/ovMJi98bJFtm42Nk.mp4?tag=10"},{"content_type":"application\/x-mpegURL","url":"https:\/\/video.twimg.com\/ext_tw_video\/1253400674752176131\/pu\/pl\/vTUOlmeoYamN2QdU.m3u8?tag=10"},{"bitrate":632000,"content_type":"video\/mp4","url":"https:\/\/video.twimg.com\/ext_tw_video\/1253400674752176131\/pu\/vid\/320x400\/ViqEOCE23WNar5T2.mp4?tag=10"}]},"sizes":{"large":{"w":720,"h":900,"resize":"fit"},"thumb":{"w":150,"h":150,"resize":"crop"},"small":{"w":544,"h":680,"resize":"fit"},"medium":{"w":720,"h":900,"resize":"fit"}},"source_status_id":1253400727357132802,"source_status_id_str":"1253400727357132802","source_user_id":208019751,"source_user_id_str":"208019751"}]},"favorited":false,"retweeted":false,"possibly_sensitive":false,"filter_level":"low","lang":"en"},"is_quote_status":false,"quote_count":0,"reply_count":0,"retweet_count":0,"favorite_count":0,"entities":{"hashtags":[],"urls":[],"user_mentions":[{"screen_name":"SirBasilBrush","name":"(((Basil \ud83e\udd1e Bruschetta \u2721\ufe0f \ud83d\udc41)))","id":3825968584,"id_str":"3825968584","indices":[3,17]}],"symbols":[],"media":[{"id":1253400674752176131,"id_str":"1253400674752176131","indices":[66,89],"additional_media_info":{"monetizable":false},"media_url":"http:\/\/pbs.twimg.com\/ext_tw_video_thumb\/1253400674752176131\/pu\/img\/xVt-PtC0Xt6hR5o5.jpg","media_url_https":"https:\/\/pbs.twimg.com\/ext_tw_video_thumb\/1253400674752176131\/pu\/img\/xVt-PtC0Xt6hR5o5.jpg","url":"https:\/\/t.co\/EC6ULSET5N","display_url":"pic.twitter.com\/EC6ULSET5N","expanded_url":"https:\/\/twitter.com\/ClarenceHouse\/status\/1253400727357132802\/video\/1","type":"photo","sizes":{"large":{"w":720,"h":900,"resize":"fit"},"thumb":{"w":150,"h":150,"resize":"crop"},"small":{"w":544,"h":680,"resize":"fit"},"medium":{"w":720,"h":900,"resize":"fit"}},"source_status_id":1253400727357132802,"source_status_id_str":"1253400727357132802","source_user_id":208019751,"source_user_id_str":"208019751"}]},"extended_entities":{"media":[{"id":1253400674752176131,"id_str":"1253400674752176131","indices":[66,89],"additional_media_info":{"monetizable":false},"media_url":"http:\/\/pbs.twimg.com\/ext_tw_video_thumb\/1253400674752176131\/pu\/img\/xVt-PtC0Xt6hR5o5.jpg","media_url_https":"https:\/\/pbs.twimg.com\/ext_tw_video_thumb\/1253400674752176131\/pu\/img\/xVt-PtC0Xt6hR5o5.jpg","url":"https:\/\/t.co\/EC6ULSET5N","display_url":"pic.twitter.com\/EC6ULSET5N","expanded_url":"https:\/\/twitter.com\/ClarenceHouse\/status\/1253400727357132802\/video\/1","type":"video","video_info":{"aspect_ratio":[4,5],"duration_millis":21558,"variants":[{"bitrate":832000,"content_type":"video\/mp4","url":"https:\/\/video.twimg.com\/ext_tw_video\/1253400674752176131\/pu\/vid\/360x450\/_Km0iG__dg5lj1LY.mp4?tag=10"},{"bitrate":2176000,"content_type":"video\/mp4","url":"https:\/\/video.twimg.com\/ext_tw_video\/1253400674752176131\/pu\/vid\/720x900\/ovMJi98bJFtm42Nk.mp4?tag=10"},{"content_type":"application\/x-mpegURL","url":"https:\/\/video.twimg.com\/ext_tw_video\/1253400674752176131\/pu\/pl\/vTUOlmeoYamN2QdU.m3u8?tag=10"},{"bitrate":632000,"content_type":"video\/mp4","url":"https:\/\/video.twimg.com\/ext_tw_video\/1253400674752176131\/pu\/vid\/320x400\/ViqEOCE23WNar5T2.mp4?tag=10"}]},"sizes":{"large":{"w":720,"h":900,"resize":"fit"},"thumb":{"w":150,"h":150,"resize":"crop"},"small":{"w":544,"h":680,"resize":"fit"},"medium":{"w":720,"h":900,"resize":"fit"}},"source_status_id":1253400727357132802,"source_status_id_str":"1253400727357132802","source_user_id":208019751,"source_user_id_str":"208019751"}]},"favorited":false,"retweeted":false,"possibly_sensitive":false,"filter_level":"low","lang":"en","timestamp_ms":"1587850956665"}
