{"created_at":"Sat Apr 25 21:42:40 +0000 2020","id":1254163946157805574,"id_str":"1254163946157805574","text":"RT @gusandrews: Remember that kids learn by PLAYING. Playing is a kid's real job. It's where they're working out their thoughts about famil\u2026","source":"\u003ca href=\"http:\/\/twitter.com\/download\/android\" rel=\"nofollow\"\u003eTwitter for Android\u003c\/a\u003e","truncated":false,"in_reply_to_status_id":null,"in_reply_to_status_id_str":null,"in_reply_to_user_id":null,"in_reply_to_user_id_str":null,"in_reply_to_screen_name":null,"user":{"id":2449511761,"id_str":"2449511761","name":"Libby Nelson","screen_name":"libby_lucy","location":"Glasgow, UK","url":"http:\/\/www.skerwinkhostel.com","description":"PhD student at the University of Glasgow interested in childhood, play, children's media and literature.","translator_type":"none","protected":false,"verified":false,"followers_count":460,"friends_count":973,"listed_count":0,"favourites_count":4503,"statuses_count":875,"created_at":"Thu Apr 17 10:47:10 +0000 2014","utc_offset":null,"time_zone":null,"geo_enabled":true,"lang":null,"contributors_enabled":false,"is_translator":false,"profile_background_color":"C0DEED","profile_background_image_url":"http:\/\/abs.twimg.com\/images\/themes\/theme1\/bg.png","profile_background_image_url_https":"https:\/\/abs.twimg.com\/images\/themes\/theme1\/bg.png","profile_background_tile":false,"profile_link_color":"1DA1F2","profile_sidebar_border_color":"C0DEED","profile_sidebar_fill_color":"DDEEF6","profile_text_color":"333333","profile_use_background_image":true,"profile_image_url":"http:\/\/pbs.twimg.com\/profile_images\/457893606246735874\/J16JZVlJ_normal.jpeg","profile_image_url_https":"https:\/\/pbs.twimg.com\/profile_images\/457893606246735874\/J16JZVlJ_normal.jpeg","profile_banner_url":"https:\/\/pbs.twimg.com\/profile_banners\/2449511761\/1398714545","default_profile":true,"default_profile_image":false,"following":null,"follow_request_sent":null,"notifications":null},"geo":null,"coordinates":null,"place":null,"contributors":null,"retweeted_status":{"created_at":"Fri Apr 24 02:43:53 +0000 2020","id":1253514975081115648,"id_str":"1253514975081115648","text":"Remember that kids learn by PLAYING. Playing is a kid's real job. It's where they're working out their thoughts abo\u2026 https:\/\/t.co\/vJf1UwUnN0","source":"\u003ca href=\"https:\/\/mobile.twitter.com\" rel=\"nofollow\"\u003eTwitter Web App\u003c\/a\u003e","truncated":true,"in_reply_to_status_id":1253514689641881600,"in_reply_to_status_id_str":"1253514689641881600","in_reply_to_user_id":91833941,"in_reply_to_user_id_str":"91833941","in_reply_to_screen_name":"gusandrews","user":{"id":91833941,"id_str":"91833941","name":"Gus Andrews","screen_name":"gusandrews","location":"New York, NY","url":"http:\/\/gandre.ws","description":"Follow my guide to keeping calm online in tough times @keepcalmandlogon https:\/\/t.co\/3i7FYDgM4g  See also https:\/\/t.co\/T99mTb0bub https:\/\/t.co\/dqGVWExrDR","translator_type":"none","protected":false,"verified":false,"followers_count":1962,"friends_count":436,"listed_count":103,"favourites_count":8124,"statuses_count":23181,"created_at":"Sun Nov 22 17:52:15 +0000 2009","utc_offset":null,"time_zone":null,"geo_enabled":false,"lang":null,"contributors_enabled":false,"is_translator":false,"profile_background_color":"000000","profile_background_image_url":"http:\/\/abs.twimg.com\/images\/themes\/theme6\/bg.gif","profile_background_image_url_https":"https:\/\/abs.twimg.com\/images\/themes\/theme6\/bg.gif","profile_background_tile":true,"profile_link_color":"22DD22","profile_sidebar_border_color":"FFFFFF","profile_sidebar_fill_color":"000000","profile_text_color":"FF9900","profile_use_background_image":true,"profile_image_url":"http:\/\/pbs.twimg.com\/profile_images\/1029083146040565761\/JKmCXGtJ_normal.jpg","profile_image_url_https":"https:\/\/pbs.twimg.com\/profile_images\/1029083146040565761\/JKmCXGtJ_normal.jpg","profile_banner_url":"https:\/\/pbs.twimg.com\/profile_banners\/91833941\/1478898369","default_profile":false,"default_profile_image":false,"following":null,"follow_request_sent":null,"notifications":null},"geo":null,"coordinates":null,"place":null,"contributors":null,"is_quote_status":false,"extended_tweet":{"full_text":"Remember that kids learn by PLAYING. Playing is a kid's real job. It's where they're working out their thoughts about families and jobs and the social world around them, their fears and secret passions.","display_text_range":[0,202],"entities":{"hashtags":[],"urls":[],"user_mentions":[],"symbols":[]}},"quote_count":20,"reply_count":5,"retweet_count":347,"favorite_count":1936,"entities":{"hashtags":[],"urls":[{"url":"https:\/\/t.co\/vJf1UwUnN0","expanded_url":"https:\/\/twitter.com\/i\/web\/status\/1253514975081115648","display_url":"twitter.com\/i\/web\/status\/1\u2026","indices":[117,140]}],"user_mentions":[],"symbols":[]},"favorited":false,"retweeted":false,"filter_level":"low","lang":"en"},"is_quote_status":false,"quote_count":0,"reply_count":0,"retweet_count":0,"favorite_count":0,"entities":{"hashtags":[],"urls":[],"user_mentions":[{"screen_name":"gusandrews","name":"Gus Andrews","id":91833941,"id_str":"91833941","indices":[3,14]}],"symbols":[]},"favorited":false,"retweeted":false,"filter_level":"low","lang":"en","timestamp_ms":"1587850960660"}
