Rock Music, Country Music
Rock Music, Folk Music
Rock Music, Independent Music
Rock Music, DeathRock
Rock Music, Gothic Rock
Rock Music, Alternative Rock
Indie Rock, Alternative Rock
Pop Rock, Alternative Rock
Indie Pop, Alternative Rock
Space Rock, Alternative Rock
Rock Music, Hard Rock
Grunge, Hard Rock
Sludge Metal, Hard Rock
Doom Metal, Hard Rock
Avant-garde Metal, Hard Rock
Rock Music, Funk
Progressive Rock, Funk
Progressive Rock, Pronk
Progressive Rock, Punk Rock
Jazz, Funk
Jazz, Ska
Jazz, Baroque Pop
Jazz, World Music
Jazz, Classical Music
Jazz, Electronica
Progressive Rock, Electronica
Ambient Music, Electronica
Electroclash, Electronica
Synthwave, Electronica
Darkwave, Electronica
Downtempo, Electronica
Jazz, Soundtrack
Lo-fi music, Soundtrack
Trip hop, Soundtrack