"","id_member","fecha_compra","precios"
"1",20595,2019-02-18,23.25
"2",19184,2019-02-11,24
"3",21275,2019-06-15,23.7
"4",20833,2019-06-10,23.1
"5",21037,2019-01-22,22.05
"6",18402,2019-04-26,23.25
"7",18249,2019-06-18,22.65
"8",20680,2019-03-31,23.4
"9",19371,2019-01-15,24
"10",19643,2019-01-04,21.15
"11",21275,2019-05-27,21.15
"12",18606,2019-06-17,22.35
"13",20408,2019-05-28,22.95
"14",18827,2019-06-12,21.75
"15",20187,2019-02-28,21
"16",18147,2019-05-24,21.9
"17",18487,2019-06-15,22.35
"18",21122,2019-03-30,21.3
"19",20272,2019-06-20,21.3
"20",20527,2019-06-08,24
"21",21088,2019-06-17,23.7
"22",21445,2019-01-04,21.6
"23",18096,2019-06-27,22.2
"24",18793,2019-03-18,22.35
"25",21411,2019-03-21,24.45
"26",20833,2019-03-30,21
"27",19847,2019-05-05,21.45
"28",18589,2019-05-02,24
"29",18368,2019-02-24,23.85
"30",18266,2019-01-15,22.35
"31",18810,2019-03-01,21.9
"32",20408,2019-03-31,23.4
"33",20442,2019-03-14,24.15
"34",18113,2019-05-11,21.15
"35",20374,2019-04-09,23.55
"36",19558,2019-05-01,21.45
"37",21241,2019-06-28,24.15
"38",18946,2019-05-08,22.8
"39",20323,2019-06-24,23.7
"40",18606,2019-04-11,22.5
"41",19099,2019-03-04,23.1
"42",20918,2019-04-01,24
"43",19728,2019-05-31,22.05
"44",18895,2019-03-11,22.8
"45",18096,2019-04-22,23.1
"46",20952,2019-01-05,23.85
"47",19099,2019-05-25,23.7
"48",19745,2019-04-21,21.6
"49",18300,2019-04-19,21.75
"50",19983,2019-03-02,24.15
"51",21071,2019-01-25,21.6
"52",19235,2019-03-12,21.75
"53",21139,2019-04-01,22.5
"54",20697,2019-05-14,23.85
"55",18436,2019-02-01,21.45
"56",20561,2019-03-21,23.4
"57",18997,2019-01-03,23.55
"58",20289,2019-01-12,22.05
"59",19184,2019-02-03,21.15
"60",18249,2019-05-18,23.1
"61",20425,2019-01-10,21.15
"62",18997,2019-06-17,23.1
"63",19762,2019-03-15,21.3
"64",18538,2019-04-30,24
"65",20969,2019-01-03,21.6
"66",19762,2019-02-17,24.3
"67",18725,2019-05-20,23.55
"68",20187,2019-01-22,21.3
"69",18504,2019-01-15,22.5
"70",18164,2019-04-30,22.05
"71",18147,2019-04-06,23.25
"72",20425,2019-03-02,22.8
"73",19303,2019-06-27,22.2
"74",19711,2019-04-20,22.8
"75",20476,2019-01-19,22.2
"76",21105,2019-03-07,22.65
"77",20255,2019-01-26,24.45
"78",18589,2019-03-18,23.55
"79",20408,2019-04-09,22.2
"80",18963,2019-05-14,21.6
"81",18198,2019-04-07,24.15
"82",18453,2019-05-16,24.15
"83",21156,2019-05-07,24.45
"84",21224,2019-04-07,22.65
"85",19898,2019-01-18,23.85
"86",19303,2019-05-07,23.85
"87",20969,2019-06-16,21.75
"88",18725,2019-02-21,21.9
"89",18861,2019-05-20,21.3
"90",20901,2019-05-21,22.2
"91",20238,2019-05-17,23.85
"92",18283,2019-06-03,22.95
"93",18096,2019-05-19,23.25
"94",20068,2019-04-07,23.4
"95",20969,2019-04-02,23.7
"96",19711,2019-06-25,23.7
"97",19422,2019-06-04,21.15
"98",20697,2019-03-12,24.15
"99",20816,2019-02-17,21
"100",19252,2019-01-24,23.55
"101",19405,2019-03-01,24.15
"102",18113,2019-05-22,21.6
"103",20765,2019-06-18,23.4
"104",21377,2019-05-30,21.15
"105",20714,2019-04-08,21.3
"106",18385,2019-02-01,22.65
"107",20170,2019-01-16,23.55
"108",19201,2019-06-18,23.85
"109",21309,2019-04-09,22.95
"110",18657,2019-06-09,21.6
"111",19286,2019-04-01,24.3
"112",20527,2019-02-14,21.15
"113",18725,2019-01-26,22.2
"114",18232,2019-04-28,21.3
"115",20391,2019-01-18,23.25
"116",20697,2019-03-23,21.3
"117",18929,2019-01-11,22.65
"118",19048,2019-06-23,22.2
"119",19898,2019-06-30,24.15
"120",19150,2019-01-10,21.9
"121",21258,2019-03-18,21.15
"122",19915,2019-01-30,23.85
"123",18283,2019-04-23,21.75
"124",19473,2019-04-04,21.3
"125",20935,2019-01-02,24
"126",19558,2019-03-21,21.45
"127",20646,2019-06-30,23.1
"128",20578,2019-02-27,21
"129",20901,2019-04-01,21.75
"130",20187,2019-02-03,21.75
"131",21173,2019-04-11,21.45
"132",18912,2019-06-04,23.4
"133",19745,2019-03-20,24.45
"134",18929,2019-02-22,22.5
"135",20255,2019-03-05,23.55
"136",21054,2019-02-22,23.7
"137",20629,2019-01-01,21.3
"138",18538,2019-02-08,22.95
"139",18079,2019-05-05,23.4
"140",18181,2019-02-23,24.45
"141",21411,2019-01-31,22.05
"142",20833,2019-06-10,24.45
"143",19694,2019-06-04,24.15
"144",19269,2019-06-06,21.45
"145",20204,2019-04-02,21.75
"146",18861,2019-04-03,24
"147",20850,2019-02-15,23.4
"148",19507,2019-02-16,21
"149",19490,2019-06-09,24.3
"150",20391,2019-06-20,24.15
"151",18334,2019-02-08,21.15
"152",18215,2019-01-12,24.15
"153",18249,2019-03-20,22.8
"154",18164,2019-06-30,23.4
"155",18181,2019-05-13,24.45
"156",20102,2019-01-05,21
"157",20799,2019-06-24,23.7
"158",21003,2019-05-03,23.55
"159",20731,2019-05-01,23.1
"160",21241,2019-04-29,21.45
"161",21411,2019-02-25,22.05
"162",20850,2019-06-01,22.5
"163",19660,2019-02-18,23.25
"164",18623,2019-01-26,22.5
"165",20493,2019-04-02,22.05
"166",18079,2019-01-16,24.15
"167",20799,2019-04-09,23.7
"168",19099,2019-03-28,23.85
"169",20748,2019-05-21,23.55
"170",18589,2019-03-21,21.15
"171",18538,2019-01-18,23.85
"172",19456,2019-01-10,21.15
"173",21343,2019-05-31,23.7
"174",20833,2019-04-28,22.8
"175",20561,2019-05-21,22.2
"176",20544,2019-05-07,21.9
"177",20374,2019-03-08,24.3
"178",20680,2019-05-26,21.45
"179",20680,2019-03-06,24
"180",19677,2019-02-03,24.3
"181",18878,2019-05-16,21.3
"182",18674,2019-02-09,23.55
"183",19847,2019-06-07,21.45
"184",18351,2019-05-19,22.8
"185",18215,2019-04-19,21.6
"186",19218,2019-04-13,24.45
"187",19524,2019-03-05,22.65
"188",18844,2019-06-29,22.95
"189",19473,2019-02-06,23.7
"190",20340,2019-01-10,22.65
"191",19473,2019-01-14,22.95
"192",19116,2019-02-25,21.6
"193",20731,2019-05-14,23.25
"194",20272,2019-03-10,23.7
"195",19490,2019-02-03,24.15
"196",18045,2019-01-16,23.7
"197",20000,2019-03-22,22.8
"198",20153,2019-02-02,21.3
"199",21173,2019-06-27,21.75
"200",20221,2019-01-18,22.35
"201",20255,2019-04-07,22.5
"202",21411,2019-05-26,21.75
"203",18402,2019-03-24,23.85
"204",18912,2019-03-20,22.8
"205",20748,2019-06-04,21
"206",21156,2019-04-17,21.75
"207",21173,2019-02-01,21
"208",19898,2019-04-04,23.7
"209",18691,2019-01-30,24
"210",19490,2019-05-20,21.75
"211",19609,2019-05-27,22.05
"212",18436,2019-06-10,23.25
"213",18538,2019-02-02,23.1
"214",19779,2019-06-04,24.15
"215",19677,2019-06-21,21.75
"216",19541,2019-03-24,22.65
"217",21003,2019-06-02,22.2
"218",19983,2019-01-03,23.85
"219",18181,2019-06-25,22.65
"220",19796,2019-05-11,22.8
"221",20935,2019-02-13,21.9
"222",19966,2019-01-19,22.05
"223",19269,2019-04-04,24.15
"224",19762,2019-02-26,23.4
"225",18861,2019-03-11,22.5
"226",20255,2019-01-19,21.3
"227",20255,2019-01-20,22.05
"228",20136,2019-03-22,21.15
"229",20476,2019-06-12,21.6
"230",19524,2019-02-08,23.55
"231",18504,2019-02-07,23.25
"232",19796,2019-03-23,21
"233",19541,2019-04-02,23.7
"234",20544,2019-02-10,21.75
"235",18147,2019-04-08,23.7
"236",18402,2019-01-30,23.1
"237",18895,2019-04-04,21.9
"238",20527,2019-06-21,22.95
"239",18538,2019-03-13,22.2
"240",18470,2019-06-22,21.6
"241",21309,2019-03-16,22.65
"242",18674,2019-01-06,23.55
"243",20595,2019-03-03,21.75
"244",18708,2019-03-02,22.5
"245",20833,2019-02-06,24
"246",19643,2019-03-24,21.75
"247",18691,2019-03-07,23.25
"248",18793,2019-03-12,23.25
"249",20935,2019-02-02,21
"250",18504,2019-03-16,23.1
"251",18164,2019-01-17,23.1
"252",20816,2019-05-26,21.3
"253",18708,2019-02-13,22.35
"254",21054,2019-03-30,23.25
"255",18691,2019-06-20,23.4
"256",18861,2019-05-02,21.6
"257",18759,2019-01-09,21
"258",19490,2019-06-23,21.45
"259",18164,2019-02-21,23.1
"260",19082,2019-04-17,21.3
"261",20391,2019-03-27,22.05
"262",21445,2019-01-01,21.45
"263",20323,2019-03-06,24.3
"264",19048,2019-06-18,21.6
"265",20425,2019-02-18,22.35
"266",19575,2019-06-30,21.45
"267",19167,2019-03-25,24
"268",19150,2019-01-14,23.4
"269",20153,2019-06-09,22.8
"270",20612,2019-06-26,22.35
"271",20714,2019-03-22,24.15
"272",18181,2019-06-27,23.25
"273",18759,2019-02-12,21.45
"274",19167,2019-04-28,21.75
"275",19065,2019-05-09,23.25
"276",19915,2019-02-24,21.75
"277",18283,2019-06-01,22.8
"278",18963,2019-03-27,21.3
"279",19898,2019-02-11,21.9
"280",20034,2019-06-08,22.2
"281",20017,2019-04-29,22.95
"282",18810,2019-02-19,23.25
"283",20969,2019-03-06,22.65
"284",18776,2019-05-17,23.85
"285",20119,2019-01-26,21.9
"286",20034,2019-04-02,21.75
"287",18283,2019-06-11,21.6
"288",19949,2019-01-06,21.75
"289",18096,2019-04-05,24.45
"290",18742,2019-03-20,23.1
"291",18674,2019-02-05,24.15
"292",20850,2019-06-15,24.15
"293",18725,2019-04-07,23.25
"294",20425,2019-01-09,22.35
"295",18266,2019-02-19,23.85
"296",19745,2019-02-05,23.7
"297",18147,2019-05-12,23.55
"298",20629,2019-02-19,21.15
"299",18963,2019-06-24,23.4
"300",19184,2019-04-21,23.85
"301",18147,2019-02-12,22.2
"302",19677,2019-05-20,22.2
"303",20952,2019-06-10,23.55
"304",20697,2019-03-06,22.05
"305",18215,2019-05-15,23.4
"306",21309,2019-03-01,22.65
"307",19167,2019-02-15,22.5
"308",21258,2019-02-25,21
"309",19643,2019-06-06,22.2
"310",21309,2019-02-11,21.6
"311",18555,2019-04-22,23.55
"312",18878,2019-02-26,21.15
"313",18640,2019-01-12,24.15
"314",18283,2019-04-20,24.15
"315",20408,2019-04-10,22.05
"316",18878,2019-04-29,24.15
"317",18980,2019-01-01,21.6
"318",20119,2019-03-20,21.15
"319",21343,2019-04-06,24.3
"320",20204,2019-06-09,21.75
"321",20714,2019-05-11,23.85
"322",19065,2019-02-07,24.15
"323",19847,2019-05-26,23.1
"324",18487,2019-03-13,23.55
"325",18623,2019-06-10,23.7
"326",20034,2019-06-09,23.55
"327",20731,2019-06-23,21.3
"328",18878,2019-02-09,23.55
"329",19728,2019-01-27,23.55
"330",20561,2019-06-27,21.45
"331",21360,2019-05-20,22.5
"332",20901,2019-05-09,23.25
"333",18589,2019-01-02,21.75
"334",20646,2019-05-04,23.85
"335",20221,2019-06-02,23.85
"336",18487,2019-04-13,23.55
"337",18130,2019-02-16,23.85
"338",18402,2019-03-26,21.45
"339",20510,2019-03-03,22.65
"340",19524,2019-06-09,21.9
"341",20187,2019-02-11,21
"342",19592,2019-04-19,22.35
"343",20986,2019-03-23,22.5
"344",19422,2019-06-10,23.7
"345",18487,2019-06-04,22.05
"346",19286,2019-05-18,21.75
"347",19728,2019-01-02,24.3
"348",20867,2019-01-16,23.1
"349",20731,2019-03-07,21.9
"350",21224,2019-01-22,22.65
"351",21139,2019-01-08,21
"352",20289,2019-01-06,23.7
"353",19626,2019-05-21,22.05
"354",21394,2019-02-03,22.65
"355",20085,2019-05-24,22.95
"356",19541,2019-02-21,23.7
"357",18164,2019-05-07,21
"358",19133,2019-03-09,24.3
"359",21054,2019-03-17,21.75
"360",19626,2019-06-12,23.85
"361",19014,2019-05-14,22.2
"362",19643,2019-02-13,24
"363",19354,2019-05-05,21
"364",20986,2019-06-24,24.15
"365",20748,2019-06-04,22.65
"366",19065,2019-04-20,21.75
"367",18929,2019-02-05,24.45
"368",20731,2019-04-10,22.5
"369",21122,2019-06-29,21.45
"370",20391,2019-02-08,23.55
"371",18521,2019-02-06,23.4
"372",18538,2019-01-27,23.25
"373",20119,2019-06-03,23.85
"374",20782,2019-04-02,21.9
"375",21105,2019-06-01,22.35
"376",21445,2019-03-28,22.8
"377",20068,2019-05-17,23.55
"378",20170,2019-01-20,23.55
"379",18181,2019-04-23,22.35
"380",20170,2019-05-17,22.8
"381",18419,2019-05-06,21
"382",20663,2019-05-29,21.75
"383",20442,2019-06-06,23.85
"384",20612,2019-01-17,22.5
"385",19830,2019-02-19,22.95
"386",19779,2019-06-24,22.5
"387",20119,2019-03-03,23.4
"388",21003,2019-04-05,22.65
"389",19116,2019-05-05,22.2
"390",19065,2019-05-29,22.8
"391",20459,2019-01-15,23.85
"392",18946,2019-01-01,24.15
"393",20765,2019-01-31,21.15
"394",20595,2019-01-31,22.8
"395",21309,2019-06-28,24
"396",20765,2019-05-26,24.3
"397",19269,2019-06-14,22.5
"398",19269,2019-03-28,24.15
"399",19303,2019-04-16,22.95
"400",21445,2019-01-18,22.2
"401",19371,2019-06-19,23.7
"402",19541,2019-06-26,21.9
"403",18572,2019-05-15,22.95
"404",21343,2019-01-30,24.3
"405",18589,2019-03-13,23.55
"406",18453,2019-03-08,22.8
"407",21326,2019-05-25,21
"408",19694,2019-02-11,24
"409",18810,2019-06-09,21.3
"410",20850,2019-03-26,24
"411",20153,2019-03-04,24
"412",20408,2019-03-01,21.75
"413",19303,2019-05-09,23.1
"414",18283,2019-01-21,21.6
"415",21139,2019-04-19,21.6
"416",18640,2019-04-26,23.7
"417",19218,2019-03-14,22.8
"418",19456,2019-01-18,21.75
"419",20323,2019-03-16,21
"420",20680,2019-03-25,22.5
"421",19881,2019-02-08,22.05
"422",19082,2019-03-12,23.7
"423",19065,2019-04-03,22.95
"424",18555,2019-05-09,23.1
"425",20340,2019-05-14,24
"426",18538,2019-01-17,22.8
"427",19660,2019-01-31,23.4
"428",18657,2019-05-14,21.45
"429",19677,2019-01-27,21
"430",18351,2019-05-07,23.4
"431",19201,2019-03-27,23.25
"432",18793,2019-04-26,22.65
"433",20629,2019-01-01,22.95
"434",18759,2019-06-03,24.15
"435",18232,2019-03-12,23.7
"436",21105,2019-02-25,23.7
"437",18385,2019-04-25,24
"438",19660,2019-05-15,21.15
"439",20051,2019-06-01,21.9
"440",20017,2019-03-24,23.7
"441",21445,2019-01-06,21.9
"442",21139,2019-01-02,21.6
"443",19031,2019-01-08,24.3
"444",18572,2019-02-11,22.05
"445",20391,2019-01-21,24.3
"446",18793,2019-01-19,22.8
"447",18708,2019-05-09,21.75
"448",18283,2019-02-08,22.65
"449",20102,2019-03-01,21.6
"450",20969,2019-04-29,21.9
"451",20884,2019-03-23,23.25
"452",19473,2019-03-18,23.7
"453",18827,2019-01-19,23.55
"454",20408,2019-05-08,23.1
"455",21054,2019-05-14,22.2
"456",20306,2019-02-01,24.3
"457",20391,2019-01-13,22.95
"458",20918,2019-02-26,22.2
"459",18198,2019-02-17,22.95
"460",19303,2019-03-10,21.3
"461",18487,2019-06-30,22.2
"462",20748,2019-01-18,22.2
"463",18419,2019-01-20,23.4
"464",20204,2019-05-20,22.8
"465",18147,2019-03-02,24
"466",18810,2019-04-20,21.9
"467",19609,2019-01-20,21.75
"468",19541,2019-04-21,24.15
"469",21377,2019-06-15,23.55
"470",18079,2019-02-19,22.05
"471",18419,2019-05-31,22.95
"472",19456,2019-02-17,23.4
"473",18198,2019-06-19,21.9
"474",19456,2019-02-15,24.3
"475",20051,2019-01-22,21.3
"476",20476,2019-02-24,22.5
"477",21224,2019-02-17,24.15
"478",19745,2019-06-13,23.85
"479",21122,2019-05-19,23.4
"480",20000,2019-01-12,24.15
"481",18096,2019-06-16,22.05
"482",18300,2019-03-17,22.8
"483",20850,2019-04-12,21.45
"484",19439,2019-06-08,22.35
"485",21003,2019-04-21,22.35
"486",20969,2019-04-23,22.5
"487",21428,2019-04-02,23.25
"488",21156,2019-01-15,21.75
"489",20119,2019-01-08,24
"490",20816,2019-03-28,22.95
"491",18419,2019-02-11,21.45
"492",19201,2019-02-15,21.6
"493",19864,2019-02-05,24.15
"494",19269,2019-04-25,21.9
"495",20697,2019-02-21,23.25
"496",20391,2019-01-15,22.5
"497",20527,2019-04-28,24.45
"498",19779,2019-06-13,23.7
"499",19762,2019-02-28,22.2
"500",20204,2019-04-22,24.3
"501",19728,2019-02-05,21.75
"502",18147,2019-03-02,22.8
"503",19830,2019-06-25,21.9
"504",21343,2019-05-25,23.7
"505",19235,2019-03-08,22.65
"506",19847,2019-03-29,22.2
"507",18793,2019-04-26,22.95
"508",18317,2019-03-05,21.9
"509",18997,2019-05-19,23.4
"510",20663,2019-03-07,24.3
"511",20289,2019-01-10,22.35
"512",20102,2019-02-17,24
"513",18725,2019-03-16,22.35
"514",19184,2019-03-10,21.6
"515",18317,2019-06-09,21
"516",19796,2019-02-23,21.45
"517",20731,2019-04-19,23.55
"518",18453,2019-04-27,22.35
"519",20850,2019-06-11,22.65
"520",18300,2019-06-20,23.55
"521",18130,2019-06-25,23.7
"522",20289,2019-06-08,22.5
"523",21377,2019-04-04,24.3
"524",18419,2019-03-01,22.65
"525",19167,2019-01-27,21.9
"526",19099,2019-04-28,23.1
"527",20340,2019-03-05,22.05
"528",18249,2019-01-30,22.5
"529",18334,2019-06-12,22.95
"530",19048,2019-01-03,23.85
"531",20255,2019-05-23,21.45
"532",20255,2019-05-15,23.1
"533",21003,2019-03-02,21
"534",19541,2019-04-19,23.85
"535",20408,2019-06-02,21.45
"536",19099,2019-04-06,21.9
"537",18538,2019-01-07,24.45
"538",19065,2019-01-09,21.6
"539",18980,2019-02-28,21.45
"540",20697,2019-04-13,23.85
"541",20799,2019-03-13,22.35
"542",18895,2019-05-23,23.85
"543",20068,2019-06-01,21.9
"544",20646,2019-02-26,23.55
"545",21037,2019-06-06,22.35
"546",19303,2019-01-21,21.9
"547",19116,2019-03-23,22.95
"548",20255,2019-05-11,23.1
"549",20612,2019-02-25,22.2
"550",20408,2019-06-03,22.65
"551",19201,2019-05-21,21.6
"552",18198,2019-04-19,22.35
"553",20748,2019-02-11,21.3
"554",20969,2019-03-02,24.45
"555",18181,2019-01-27,21.9
"556",21428,2019-06-09,23.85
"557",20289,2019-02-14,24
"558",19422,2019-06-22,23.85
"559",19252,2019-03-09,23.1
"560",21411,2019-05-11,24.15
"561",20765,2019-04-10,21.3
"562",19677,2019-04-29,23.85
"563",19541,2019-04-28,23.55
"564",20136,2019-06-30,22.95
"565",19728,2019-03-01,23.25
"566",18827,2019-03-25,22.2
"567",18181,2019-06-13,22.05
"568",20697,2019-05-31,21.45
"569",20493,2019-03-08,24.3
"570",20272,2019-04-04,21.15
"571",19473,2019-05-30,21.75
"572",20629,2019-03-12,22.8
"573",18062,2019-06-11,21.3
"574",19830,2019-04-05,24.3
"575",18861,2019-03-11,24.45
"576",18215,2019-01-15,21
"577",19473,2019-02-10,23.25
"578",21020,2019-01-29,22.35
"579",20595,2019-02-14,21.15
"580",21173,2019-04-12,22.2
"581",20918,2019-05-29,21.15
"582",21190,2019-04-24,21.15
"583",20731,2019-01-15,21.15
"584",19031,2019-04-16,23.85
"585",18691,2019-05-11,22.2
"586",18844,2019-02-25,22.95
"587",21020,2019-05-25,24
"588",18113,2019-03-27,22.8
"589",19405,2019-06-20,23.55
"590",18912,2019-05-17,23.4
"591",19575,2019-04-13,23.85
"592",19150,2019-02-28,24.3
"593",18334,2019-03-17,23.7
"594",20629,2019-01-01,21.3
"595",19847,2019-06-23,24.15
"596",18436,2019-05-13,24.3
"597",20476,2019-01-31,21.9
"598",18844,2019-01-16,22.95
"599",20340,2019-02-06,23.4
"600",20187,2019-05-05,23.4
"601",20085,2019-02-23,23.7
"602",18436,2019-04-03,23.55
"603",19303,2019-04-22,21
"604",20476,2019-01-12,22.95
"605",21377,2019-02-09,22.2
"606",20238,2019-01-06,22.35
"607",20816,2019-02-16,23.55
"608",20170,2019-06-05,24.3
"609",20051,2019-04-21,21.15
"610",20221,2019-02-05,21.75
"611",20306,2019-04-24,23.1
"612",20986,2019-06-17,22.8
"613",18674,2019-05-04,23.4
"614",20000,2019-05-03,22.65
"615",18538,2019-06-28,21.9
"616",19507,2019-03-02,21.3
"617",21309,2019-04-03,24
"618",20357,2019-04-18,24.45
"619",20204,2019-01-05,21.3
"620",19558,2019-04-25,22.35
"621",19881,2019-04-05,23.1
"622",18130,2019-01-26,22.65
"623",18062,2019-01-14,23.25
"624",18674,2019-04-21,23.55
"625",19762,2019-03-29,21.3
"626",19320,2019-02-13,23.55
"627",18793,2019-03-19,23.55
"628",18487,2019-02-16,22.65
"629",21071,2019-06-09,22.8
"630",20017,2019-01-09,23.85
"631",19830,2019-02-28,21.75
"632",19218,2019-06-15,22.65
"633",18844,2019-03-14,21.9
"634",19388,2019-03-16,23.4
"635",20816,2019-06-29,23.25
"636",19286,2019-05-08,22.5
"637",18742,2019-05-06,21.15
"638",18538,2019-01-22,24.45
"639",21173,2019-02-12,21.9
"640",19269,2019-06-06,21.15
"641",19456,2019-06-16,21.6
"642",19048,2019-05-28,23.7
"643",20340,2019-06-20,22.35
"644",19048,2019-01-09,24.15
"645",21003,2019-05-12,23.1
"646",20289,2019-06-19,23.25
"647",20017,2019-01-31,21.6
"648",20034,2019-03-16,21.45
"649",19949,2019-04-08,23.4
"650",18351,2019-02-03,22.65
"651",18895,2019-02-23,21.15
"652",19677,2019-02-18,22.8
"653",19779,2019-05-29,23.7
"654",18487,2019-04-27,22.8
"655",19626,2019-02-28,21.15
"656",19609,2019-05-16,22.35
"657",18776,2019-01-21,22.65
"658",20476,2019-01-18,21.45
"659",18623,2019-05-17,21.3
"660",20221,2019-04-30,24.15
"661",19320,2019-04-28,21.3
"662",19830,2019-05-19,23.1
"663",19558,2019-03-22,23.85
"664",19082,2019-02-11,23.4
"665",18708,2019-06-25,21.3
"666",19201,2019-01-30,22.05
"667",19660,2019-02-12,23.7
"668",19456,2019-04-11,22.65
"669",18997,2019-02-18,23.55
"670",21292,2019-04-29,21.6
"671",20000,2019-02-28,21.75
"672",19966,2019-02-13,22.05
"673",18827,2019-04-22,22.05
"674",18623,2019-01-08,23.25
"675",20459,2019-01-01,22.65
"676",21139,2019-02-08,22.2
"677",18521,2019-03-16,23.4
"678",18164,2019-06-29,23.4
"679",20697,2019-02-18,21.75
"680",19983,2019-04-22,24.3
"681",19575,2019-04-08,21.15
"682",19473,2019-02-15,23.85
"683",18742,2019-04-16,21.9
"684",20714,2019-05-06,21.9
"685",19711,2019-02-02,22.05
"686",20782,2019-04-15,24
"687",19677,2019-02-28,23.85
"688",20765,2019-01-14,24.45
"689",19762,2019-06-14,23.7
"690",18283,2019-05-13,23.85
"691",19473,2019-06-12,22.35
"692",21139,2019-06-20,21.3
"693",19745,2019-01-13,23.7
"694",18096,2019-03-13,23.1
"695",19626,2019-04-20,22.05
"696",21309,2019-01-12,21.75
"697",19082,2019-02-28,21.75
"698",19813,2019-06-08,23.7
"699",20408,2019-04-22,22.35
"700",18895,2019-06-06,24
"701",20901,2019-06-27,23.85
"702",19898,2019-04-13,24.45
"703",19643,2019-03-10,23.1
"704",19235,2019-01-04,24.15
"705",20952,2019-04-18,22.95
"706",18589,2019-06-22,23.55
"707",20510,2019-05-07,23.85
"708",20986,2019-02-20,21.45
"709",18487,2019-05-28,21.3
"710",18487,2019-03-02,21
"711",20408,2019-03-02,24.45
"712",20442,2019-04-01,22.65
"713",19269,2019-02-12,22.8
"714",20748,2019-03-14,21.45
"715",20238,2019-06-16,21.9
"716",19932,2019-02-13,21.45
"717",20680,2019-03-12,23.85
"718",19949,2019-05-12,22.8
"719",20561,2019-06-28,24.15
"720",18164,2019-02-10,21.45
"721",20306,2019-03-16,22.05
"722",18895,2019-06-23,21
"723",20612,2019-05-07,22.35
"724",20476,2019-02-18,22.35
"725",20748,2019-06-30,23.4
"726",19167,2019-04-16,21.3
"727",20969,2019-01-14,23.25
"728",21207,2019-01-08,24.3
"729",21071,2019-06-04,21.6
"730",19235,2019-05-10,21.75
"731",18810,2019-01-28,22.35
"732",19609,2019-03-03,21.3
"733",20000,2019-06-08,22.5
"734",20527,2019-05-16,21.75
"735",18708,2019-04-23,22.5
"736",19201,2019-03-27,21.3
"737",18215,2019-02-27,21.45
"738",20000,2019-03-10,22.5
"739",18198,2019-05-08,22.5
"740",19082,2019-01-22,22.2
"741",21156,2019-03-25,23.1
"742",19133,2019-04-16,22.5
"743",18844,2019-02-02,24.45
"744",19099,2019-06-24,21.75
"745",19745,2019-03-18,22.35
"746",20255,2019-06-19,23.7
"747",18742,2019-04-08,21.6
"748",18096,2019-06-08,23.25
"749",19286,2019-03-20,21.9
"750",19065,2019-02-25,22.5
"751",18708,2019-05-27,24.3
"752",19405,2019-02-01,24.15
"753",20221,2019-06-04,24.3
"754",19405,2019-02-14,24.45
"755",19728,2019-02-26,22.05
"756",18096,2019-01-20,21.15
"757",20340,2019-02-03,23.85
"758",21258,2019-01-31,23.4
"759",19082,2019-06-12,22.5
"760",19966,2019-03-13,22.8
"761",19983,2019-01-08,24.3
"762",18691,2019-06-05,21.6
"763",19915,2019-06-20,22.8
"764",21309,2019-03-05,21.3
"765",20952,2019-01-16,22.2
"766",21326,2019-02-16,23.4
"767",18470,2019-01-22,22.5
"768",19626,2019-04-04,22.5
"769",20884,2019-04-19,24.45
"770",18130,2019-03-28,22.2
"771",20935,2019-06-29,24.15
"772",18589,2019-03-29,22.35
"773",18521,2019-02-16,22.95
"774",19354,2019-02-09,21.15
"775",19252,2019-06-12,22.2
"776",18215,2019-02-28,23.1
"777",19541,2019-02-22,21.45
"778",18334,2019-04-23,21.3
"779",18045,2019-03-20,21.15
"780",18657,2019-05-07,22.8
"781",20986,2019-02-12,21
"782",19405,2019-05-18,22.5
"783",18232,2019-01-21,21.75
"784",18759,2019-01-01,24.45
"785",21207,2019-06-14,22.5
"786",21377,2019-02-06,23.4
"787",20561,2019-01-05,21.9
"788",20986,2019-02-14,23.4
"789",21258,2019-05-20,24.3
"790",20680,2019-06-12,21.9
"791",18640,2019-03-14,22.95
"792",18215,2019-05-31,22.65
"793",21139,2019-04-04,24.3
"794",19303,2019-02-27,24
"795",18946,2019-03-07,23.25
"796",20782,2019-05-20,23.55
"797",21122,2019-05-26,22.2
"798",18113,2019-03-16,23.25
"799",18266,2019-03-12,23.1
"800",20476,2019-06-22,22.05
"801",18623,2019-04-14,23.1
"802",21428,2019-01-26,22.2
"803",20221,2019-02-21,23.25
"804",18997,2019-03-23,24.3
"805",18504,2019-05-24,22.8
"806",19575,2019-02-06,22.05
"807",20085,2019-06-13,21
"808",18164,2019-04-26,23.7
"809",18980,2019-06-23,23.25
"810",19558,2019-06-08,21
"811",19201,2019-01-09,23.25
"812",19796,2019-03-05,21.15
"813",20340,2019-02-12,21
"814",18725,2019-04-11,22.35
"815",19167,2019-06-24,21.9
"816",18351,2019-02-07,24.3
"817",19541,2019-01-22,24.3
"818",20068,2019-03-29,21.6
"819",18640,2019-02-18,21.75
"820",21377,2019-04-21,23.7
"821",20748,2019-02-16,23.4
"822",20561,2019-05-27,23.1
"823",19269,2019-02-05,22.35
"824",20034,2019-06-13,24.45
"825",20493,2019-05-04,22.5
"826",20204,2019-06-08,22.35
"827",20425,2019-03-26,23.7
"828",18878,2019-01-27,21.45
"829",21054,2019-03-02,21.75
"830",20714,2019-05-22,22.05
"831",18759,2019-05-14,22.95
"832",18742,2019-05-27,23.55
"833",20833,2019-06-26,22.95
"834",18181,2019-04-17,22.65
"835",20578,2019-01-29,24.45
"836",21377,2019-04-11,23.55
"837",19609,2019-02-09,22.8
"838",20017,2019-03-11,21.15
"839",19898,2019-06-01,21.75
"840",18912,2019-04-14,22.8
"841",21054,2019-01-25,23.1
"842",18810,2019-06-23,24.45
"843",20136,2019-05-21,21.15
"844",19592,2019-05-02,21.45
"845",18130,2019-03-22,23.85
"846",19643,2019-06-29,23.7
"847",19252,2019-06-11,22.5
"848",20544,2019-02-17,21.3
"849",21360,2019-04-09,22.5
"850",20629,2019-01-13,21.15
"851",18079,2019-05-17,23.25
"852",19252,2019-05-20,22.8
"853",18283,2019-01-02,23.85
"854",20884,2019-04-02,24.45
"855",18895,2019-06-19,24.45
"856",21139,2019-05-13,21.15
"857",21428,2019-04-12,21.9
"858",20680,2019-01-05,23.4
"859",19949,2019-01-11,21.3
"860",19388,2019-04-06,24.3
"861",21258,2019-05-29,24
"862",20153,2019-01-09,21.9
"863",21411,2019-01-25,23.85
"864",20238,2019-02-25,21.15
"865",20034,2019-02-20,21.75
"866",20612,2019-01-25,23.7
"867",21428,2019-05-09,23.7
"868",21054,2019-06-28,24.3
"869",18878,2019-03-06,22.65
"870",18453,2019-04-24,23.4
"871",19541,2019-01-17,24.15
"872",19456,2019-06-17,22.05
"873",19626,2019-01-06,21.45
"874",19830,2019-05-19,22.95
"875",19541,2019-03-28,22.65
"876",20459,2019-01-24,22.8
"877",21173,2019-02-17,21.45
"878",19541,2019-04-12,21.6
"879",21309,2019-05-23,21
"880",20204,2019-05-28,21.15
"881",18929,2019-03-14,23.25
"882",19881,2019-05-02,22.05
"883",20986,2019-01-13,21.75
"884",21445,2019-02-14,22.2
"885",20119,2019-03-26,21.45
"886",18827,2019-03-08,22.65
"887",21224,2019-01-19,21.9
"888",20986,2019-01-12,24
"889",21309,2019-01-22,24.15
"890",21071,2019-06-09,23.25
"891",20017,2019-06-20,22.8
"892",19303,2019-04-23,22.35
"893",19456,2019-01-29,21.3
"894",19354,2019-03-31,21.9
"895",21428,2019-04-01,23.55
"896",20391,2019-06-09,22.8
"897",19915,2019-01-06,22.8
"898",21394,2019-01-20,24.15
"899",20901,2019-06-24,24
"900",19541,2019-04-16,23.1
"901",19167,2019-06-02,22.2
"902",18147,2019-06-29,21.45
"903",19303,2019-04-05,22.65
"904",19303,2019-01-01,24
"905",20510,2019-06-05,21.75
"906",18113,2019-01-03,21.15
"907",20476,2019-02-06,24
"908",18079,2019-02-02,23.7
"909",20340,2019-03-23,22.95
"910",18436,2019-05-23,21.3
"911",18657,2019-06-24,21.45
"912",20714,2019-06-01,24
"913",20374,2019-02-16,23.25
"914",19099,2019-05-12,23.4
"915",18368,2019-03-23,21
"916",20799,2019-05-18,22.2
"917",19949,2019-02-04,23.1
"918",19269,2019-04-12,21.75
"919",18589,2019-04-27,24.45
"920",18912,2019-02-06,21.75
"921",20952,2019-04-13,21.9
"922",18929,2019-01-14,22.35
"923",19235,2019-06-02,22.35
"924",20442,2019-06-06,23.25
"925",20884,2019-05-17,21.9
"926",20816,2019-06-05,22.35
"927",18215,2019-04-27,21.6
"928",19252,2019-03-11,22.2
"929",19133,2019-06-07,22.2
"930",19796,2019-06-17,21.6
"931",19745,2019-05-21,21.6
"932",19915,2019-04-22,24.3
"933",18606,2019-02-02,21.9
"934",19745,2019-06-18,24
"935",19014,2019-04-17,24.45
"936",20901,2019-06-26,21.9
"937",19303,2019-03-09,24.45
"938",18402,2019-03-25,24
"939",18436,2019-01-28,22.05
"940",18589,2019-05-31,21.9
"941",18470,2019-04-02,22.05
"942",20017,2019-05-11,22.65
"943",18844,2019-05-24,23.85
"944",18742,2019-03-09,22.95
"945",18164,2019-03-01,22.95
"946",18895,2019-01-02,23.85
"947",18725,2019-03-31,22.95
"948",21105,2019-02-19,23.85
"949",20476,2019-06-18,21.45
"950",20170,2019-06-15,23.4
"951",18402,2019-01-31,23.1
"952",18708,2019-03-06,22.2
"953",19711,2019-02-03,22.35
"954",21190,2019-02-20,23.7
"955",20340,2019-06-05,23.7
"956",20357,2019-02-13,21.9
"957",21020,2019-01-13,23.55
"958",18538,2019-02-18,23.7
"959",20051,2019-05-04,23.85
"960",18385,2019-02-21,24.15
"961",18657,2019-05-09,21.15
"962",21037,2019-06-04,21.15
"963",18555,2019-03-08,24.45
"964",19830,2019-02-25,21.3
"965",21377,2019-03-13,22.65
"966",20561,2019-05-18,24.15
"967",21139,2019-06-11,24.15
"968",19082,2019-05-31,23.4
"969",19218,2019-06-05,23.55
"970",21003,2019-01-16,21.9
"971",18062,2019-02-26,22.65
"972",20051,2019-02-10,21.15
"973",20714,2019-01-19,21.9
"974",21088,2019-04-17,22.35
"975",18164,2019-03-22,23.7
"976",21088,2019-05-17,22.35
"977",18929,2019-04-27,21.3
"978",18096,2019-03-08,21.3
"979",18283,2019-03-31,21.75
"980",20680,2019-04-22,24.45
"981",20969,2019-01-20,23.85
"982",19456,2019-02-11,21.6
"983",18997,2019-05-20,23.25
"984",20901,2019-06-26,22.95
"985",20901,2019-03-15,24
"986",20408,2019-01-08,22.65
"987",20391,2019-04-19,21.6
"988",19881,2019-06-12,24.3
"989",19932,2019-02-28,21.3
"990",20272,2019-01-16,22.05
"991",18096,2019-05-11,21.3
"992",20289,2019-05-03,21.9
"993",19490,2019-03-11,22.5
"994",19575,2019-06-25,22.5
"995",18113,2019-02-14,23.25
"996",19456,2019-05-24,23.4
"997",20816,2019-03-23,22.8
"998",19116,2019-03-14,21.15
"999",19830,2019-02-07,23.55
"1000",19082,2019-03-21,21.9
"1001",18130,2019-05-12,21.15
"1002",20901,2019-02-13,22.5
"1003",19422,2019-04-08,22.65
"1004",18096,2019-03-20,23.1
"1005",19745,2019-04-20,22.5
"1006",20918,2019-03-09,22.95
"1007",18266,2019-05-07,21.3
"1008",19269,2019-06-21,23.1
"1009",18283,2019-01-12,24.3
"1010",20833,2019-02-28,21.15
"1011",18742,2019-02-02,23.1
"1012",19745,2019-03-22,22.35
"1013",18453,2019-06-07,21
"1014",18249,2019-03-22,21.45
"1015",20867,2019-04-26,22.2
"1016",20748,2019-04-04,22.35
"1017",18980,2019-02-16,23.85
"1018",19524,2019-02-24,21.15
"1019",20340,2019-03-29,24
"1020",19694,2019-06-18,22.05
"1021",19983,2019-06-24,22.05
"1022",20085,2019-03-07,24.15
"1023",18878,2019-01-08,21.15
"1024",20323,2019-06-28,21.15
"1025",20442,2019-02-28,22.65
"1026",19541,2019-01-23,23.4
"1027",20204,2019-03-20,24.45
"1028",20731,2019-06-10,24.15
"1029",20969,2019-04-22,23.85
"1030",18810,2019-01-10,23.85
"1031",18215,2019-03-19,23.1
"1032",19524,2019-05-18,21.9
"1033",21411,2019-01-28,22.8
"1034",19541,2019-05-24,22.95
"1035",20034,2019-06-28,24.45
"1036",18759,2019-02-22,23.4
"1037",21394,2019-06-03,21
"1038",18742,2019-06-04,22.2
"1039",19813,2019-02-13,22.2
"1040",19405,2019-05-29,24.45
"1041",19014,2019-06-20,23.55
"1042",19813,2019-03-28,24.3
"1043",20918,2019-05-11,23.55
"1044",19065,2019-03-30,23.7
"1045",20935,2019-03-08,23.7
"1046",18674,2019-04-26,23.4
"1047",20612,2019-06-10,23.55
"1048",20425,2019-05-19,23.1
"1049",18606,2019-03-24,23.55
"1050",19966,2019-05-24,24.15
"1051",21275,2019-03-25,24
"1052",19949,2019-06-08,22.05
"1053",19150,2019-03-30,24
"1054",20527,2019-02-15,21.45
"1055",19150,2019-01-02,22.65
"1056",19048,2019-03-30,23.1
"1057",18402,2019-03-29,23.55
"1058",18674,2019-03-10,23.55
"1059",19048,2019-04-30,22.8
"1060",21343,2019-01-05,22.95
"1061",18334,2019-05-08,21.15
"1062",20119,2019-03-16,22.8
"1063",20272,2019-04-25,21.3
"1064",19320,2019-05-12,24
"1065",19405,2019-01-17,22.8
"1066",20272,2019-03-20,21.45
"1067",19932,2019-05-10,23.25
"1068",19728,2019-06-09,22.2
"1069",20748,2019-04-22,22.5
"1070",19643,2019-04-16,24.15
"1071",19524,2019-06-30,21
"1072",18606,2019-05-28,22.2
"1073",19235,2019-05-27,24.45
"1074",19864,2019-03-18,22.35
"1075",18963,2019-03-04,22.65
"1076",18844,2019-04-26,21.45
"1077",20153,2019-03-07,22.5
"1078",19949,2019-03-23,23.25
"1079",18521,2019-03-13,21.3
"1080",19507,2019-06-16,23.55
"1081",18895,2019-03-19,21.15
"1082",20867,2019-01-09,21.6
"1083",18946,2019-05-04,22.05
"1084",19694,2019-06-16,21.75
"1085",19218,2019-03-04,22.95
"1086",20765,2019-02-19,22.2
"1087",19456,2019-01-10,22.05
"1088",20867,2019-03-30,22.95
"1089",19677,2019-05-10,21.15
"1090",18283,2019-01-05,22.65
"1091",18810,2019-05-05,22.05
"1092",20391,2019-06-13,24
"1093",18538,2019-04-27,21.75
"1094",21190,2019-04-12,24.15
"1095",20289,2019-01-09,21.3
"1096",21054,2019-02-21,22.5
"1097",21360,2019-04-29,23.4
"1098",18487,2019-04-27,24.45
"1099",21275,2019-04-26,23.7
"1100",19541,2019-04-21,21.75
"1101",19711,2019-06-11,23.25
"1102",20612,2019-05-11,21.6
"1103",20051,2019-04-15,24.45
"1104",19082,2019-04-28,21.6
"1105",19354,2019-05-23,24.45
"1106",20289,2019-04-15,23.4
"1107",20272,2019-03-10,21.45
"1108",19286,2019-04-05,24
"1109",20782,2019-06-24,22.5
"1110",18997,2019-02-07,23.1
"1111",20085,2019-03-30,21.45
"1112",20136,2019-04-16,23.4
"1113",20272,2019-05-23,22.2
"1114",18572,2019-06-28,22.5
"1115",19065,2019-01-21,24
"1116",19354,2019-06-19,23.25
"1117",18912,2019-02-09,21.75
"1118",18861,2019-01-01,22.2
"1119",18623,2019-03-22,21.75
"1120",18623,2019-02-17,22.65
"1121",20408,2019-06-26,22.95
"1122",20391,2019-06-19,22.05
"1123",20986,2019-05-26,21.6
"1124",18606,2019-04-01,21
"1125",19881,2019-03-19,21.9
"1126",20833,2019-02-11,22.95
"1127",20085,2019-01-14,24
"1128",20578,2019-04-28,21.45
"1129",19320,2019-04-18,22.8
"1130",18827,2019-01-27,24
"1131",20884,2019-06-20,24
"1132",18538,2019-02-10,21
"1133",18589,2019-02-03,24.15
"1134",18453,2019-06-02,24.45
"1135",18555,2019-01-10,21.3
"1136",18113,2019-03-18,24.15
"1137",19643,2019-05-12,23.4
"1138",19881,2019-03-06,22.95
"1139",21190,2019-02-07,21.3
"1140",20714,2019-02-22,24.3
"1141",18657,2019-01-09,21.45
"1142",20850,2019-01-17,23.1
"1143",20612,2019-05-05,24
"1144",18504,2019-03-27,22.95
"1145",19405,2019-05-27,24.3
"1146",19779,2019-03-09,21.45
"1147",20187,2019-01-12,22.65
"1148",19660,2019-03-29,21.6
"1149",20986,2019-04-13,24.45
"1150",18113,2019-01-06,23.55
"1151",20153,2019-04-07,21.15
"1152",19660,2019-06-17,22.05
"1153",19983,2019-01-17,22.35
"1154",19626,2019-05-06,23.55
"1155",18419,2019-05-19,21.3
"1156",19660,2019-04-24,22.05
"1157",18776,2019-01-28,22.35
"1158",19660,2019-06-20,23.1
"1159",20646,2019-02-05,21
"1160",20680,2019-05-08,22.2
"1161",18062,2019-03-25,21.45
"1162",19660,2019-04-04,21.75
"1163",20782,2019-02-14,23.85
"1164",19048,2019-04-21,21
"1165",20799,2019-03-19,21.15
"1166",20901,2019-04-11,21.6
"1167",19371,2019-03-02,21
"1168",20935,2019-01-13,21.3
"1169",20374,2019-05-16,22.8
"1170",19082,2019-01-25,21.9
"1171",19643,2019-04-05,24
"1172",19490,2019-05-24,23.1
"1173",21088,2019-01-03,22.35
"1174",21224,2019-06-10,23.85
"1175",20204,2019-05-21,21.3
"1176",19558,2019-03-05,24.3
"1177",18861,2019-04-09,22.35
"1178",18283,2019-04-11,22.35
"1179",20646,2019-04-27,23.85
"1180",18844,2019-05-16,21.3
"1181",19252,2019-06-12,22.8
"1182",18164,2019-05-29,22.65
"1183",18181,2019-04-22,22.35
"1184",20391,2019-05-02,22.5
"1185",20153,2019-01-05,21.45
"1186",18487,2019-02-07,21.9
"1187",19592,2019-05-18,23.1
"1188",21003,2019-05-03,22.5
"1189",20017,2019-04-07,22.05
"1190",18895,2019-01-29,21.75
"1191",19439,2019-04-23,24
"1192",20629,2019-03-27,22.95
"1193",20340,2019-02-13,24.15
"1194",21190,2019-04-03,21.6
"1195",21054,2019-05-31,23.7
"1196",20085,2019-06-12,24.45
"1197",18402,2019-03-03,23.85
"1198",20272,2019-05-20,23.55
"1199",21326,2019-02-22,23.4
"1200",18419,2019-05-11,23.25
"1201",18334,2019-03-31,21.15
"1202",20119,2019-02-21,21.15
"1203",20867,2019-03-01,24.3
"1204",21377,2019-05-07,22.05
"1205",19354,2019-05-22,23.85
"1206",18453,2019-06-06,21.75
"1207",20680,2019-01-18,24.45
"1208",21003,2019-06-15,23.1
"1209",18436,2019-06-05,22.65
"1210",18436,2019-01-25,21.6
"1211",18997,2019-06-23,22.95
"1212",18759,2019-04-27,23.25
"1213",19507,2019-06-22,21.75
"1214",19558,2019-02-23,23.55
"1215",18351,2019-03-09,22.8
"1216",20612,2019-01-24,24.45
"1217",19966,2019-01-22,21.15
"1218",21241,2019-02-04,22.5
"1219",21445,2019-06-15,24.3
"1220",19303,2019-02-19,23.55
"1221",19286,2019-02-07,24.45
"1222",20850,2019-06-25,21.6
"1223",20034,2019-06-20,24.3
"1224",19643,2019-01-14,23.85
"1225",19269,2019-05-26,21.75
"1226",21122,2019-01-26,21
"1227",21326,2019-05-12,21.45
"1228",20340,2019-05-07,22.5
"1229",21309,2019-03-16,22.95
"1230",19490,2019-01-18,21.9
"1231",20272,2019-06-12,21.6
"1232",18215,2019-04-05,22.95
"1233",18504,2019-01-29,24
"1234",18572,2019-03-16,22.35
"1235",21037,2019-01-17,23.25
"1236",18895,2019-05-07,23.7
"1237",18232,2019-06-06,22.35
"1238",20170,2019-02-08,23.55
"1239",18657,2019-01-16,24.3
"1240",19320,2019-06-18,22.35
"1241",18181,2019-04-10,21.9
"1242",20697,2019-05-09,22.35
"1243",18895,2019-06-26,21.9
"1244",19116,2019-01-02,24
"1245",20544,2019-06-13,23.7
"1246",19439,2019-05-29,21.15
"1247",20799,2019-04-25,24
"1248",19643,2019-04-25,23.25
"1249",19524,2019-04-07,21.45
"1250",20340,2019-04-01,23.85
"1251",19609,2019-02-12,21.45
"1252",20986,2019-03-10,24
"1253",20578,2019-06-02,24.15
"1254",20017,2019-05-06,21.75
"1255",19269,2019-06-02,22.5
"1256",20425,2019-04-04,22.35
"1257",18606,2019-04-02,24.15
"1258",18504,2019-05-25,21.3
"1259",21275,2019-03-18,22.8
"1260",20901,2019-05-18,23.1
"1261",19337,2019-03-03,22.95
"1262",20221,2019-02-27,22.8
"1263",19728,2019-06-11,21
"1264",19575,2019-01-23,22.2
"1265",18623,2019-01-15,22.05
"1266",20408,2019-01-17,23.7
"1267",20408,2019-02-02,22.95
"1268",21071,2019-06-04,21.15
"1269",20017,2019-04-29,21
"1270",21309,2019-01-23,24.3
"1271",19065,2019-01-22,23.4
"1272",18351,2019-03-18,24
"1273",19575,2019-05-15,23.7
"1274",20952,2019-04-09,21.9
"1275",18878,2019-02-26,22.05
"1276",19490,2019-01-10,21.45
"1277",21224,2019-05-03,23.55
"1278",20816,2019-02-12,23.55
"1279",20204,2019-06-19,23.85
"1280",20153,2019-01-07,22.8
"1281",21241,2019-01-04,21.9
"1282",21326,2019-01-13,22.05
"1283",20340,2019-04-20,22.35
"1284",18470,2019-01-26,21.6
"1285",18487,2019-02-09,24.15
"1286",20561,2019-05-24,23.55
"1287",19252,2019-05-30,24
"1288",18997,2019-05-31,23.4
"1289",18096,2019-04-03,23.7
"1290",18130,2019-01-10,23.85
"1291",18929,2019-03-19,22.05
"1292",18657,2019-04-06,24.3
"1293",18640,2019-04-05,23.25
"1294",21173,2019-05-28,22.95
"1295",18589,2019-03-15,22.8
"1296",19133,2019-01-21,24.3
"1297",20663,2019-05-15,22.5
"1298",19847,2019-02-11,23.7
"1299",19133,2019-05-06,23.7
"1300",18521,2019-06-14,23.7
"1301",18181,2019-01-12,21.3
"1302",20034,2019-01-06,24.3
"1303",19779,2019-04-08,22.95
"1304",18861,2019-01-16,22.65
"1305",20816,2019-03-23,23.85
"1306",20816,2019-03-16,23.7
"1307",19541,2019-05-17,23.4
"1308",18521,2019-04-18,22.8
"1309",21224,2019-01-11,22.35
"1310",20238,2019-01-14,23.25
"1311",18368,2019-06-14,23.85
"1312",18606,2019-02-11,22.65
"1313",19439,2019-06-02,22.35
"1314",20561,2019-04-19,23.25
"1315",20731,2019-01-17,23.7
"1316",20085,2019-02-26,22.95
"1317",18079,2019-04-29,24.45
"1318",18538,2019-04-16,21.15
"1319",19082,2019-05-09,23.25
"1320",20255,2019-06-23,22.95
"1321",20425,2019-03-28,24
"1322",19354,2019-04-22,23.85
"1323",18878,2019-02-19,22.5
"1324",20391,2019-06-27,24
"1325",19354,2019-05-24,22.95
"1326",19660,2019-02-13,21.75
"1327",18317,2019-06-18,23.4
"1328",20697,2019-01-07,23.85
"1329",19099,2019-01-10,23.55
"1330",21309,2019-06-29,22.5
"1331",19711,2019-06-03,22.65
"1332",18181,2019-05-20,24
"1333",21071,2019-02-04,23.4
"1334",20204,2019-01-17,23.7
"1335",20816,2019-05-01,22.65
"1336",19405,2019-03-02,24.15
"1337",19286,2019-05-11,22.35
"1338",20255,2019-05-16,24.45
"1339",19082,2019-03-19,23.4
"1340",20204,2019-06-24,23.1
"1341",18759,2019-06-19,23.55
"1342",20442,2019-05-06,22.5
"1343",21173,2019-02-26,23.55
"1344",20952,2019-02-19,22.95
"1345",19354,2019-04-25,21.15
"1346",18317,2019-05-07,21.45
"1347",18759,2019-02-21,21.75
"1348",20221,2019-01-26,21.6
"1349",20289,2019-03-18,24
"1350",18164,2019-03-26,22.2
"1351",19167,2019-05-04,21.6
"1352",19388,2019-04-15,24.45
"1353",19507,2019-02-10,21.15
"1354",21258,2019-06-22,23.55
"1355",19150,2019-05-18,21.3
"1356",18691,2019-03-12,22.35
"1357",18283,2019-04-25,22.05
"1358",19711,2019-04-12,22.8
"1359",21241,2019-05-04,22.65
"1360",19592,2019-01-02,23.1
"1361",19218,2019-02-22,22.5
"1362",19422,2019-06-11,23.1
"1363",19592,2019-04-03,22.5
"1364",20153,2019-03-25,24.3
"1365",20935,2019-04-19,22.95
"1366",18436,2019-06-22,22.5
"1367",20918,2019-02-01,23.7
"1368",19779,2019-06-01,22.05
"1369",20357,2019-01-15,21.15
"1370",21241,2019-05-17,23.4
"1371",18555,2019-04-20,22.2
"1372",18793,2019-01-20,22.8
"1373",20510,2019-05-18,22.05
"1374",19320,2019-03-11,22.5
"1375",20714,2019-02-23,24.45
"1376",20748,2019-05-23,22.95
"1377",19371,2019-01-29,22.65
"1378",18283,2019-06-29,21.9
"1379",20476,2019-06-13,22.35
"1380",18521,2019-05-11,22.35
"1381",18436,2019-05-22,24
"1382",21411,2019-01-03,24.3
"1383",19065,2019-05-20,24
"1384",19813,2019-02-14,22.65
"1385",20068,2019-05-23,22.2
"1386",20238,2019-03-11,24.15
"1387",20833,2019-02-01,24.3
"1388",18487,2019-06-24,21.3
"1389",20595,2019-06-06,23.7
"1390",19915,2019-03-08,21.3
"1391",20765,2019-01-09,21.6
"1392",18181,2019-02-01,23.4
"1393",19983,2019-02-13,23.25
"1394",20799,2019-04-18,21.3
"1395",20408,2019-04-05,24.3
"1396",18266,2019-06-18,22.2
"1397",18334,2019-02-03,23.1
"1398",21326,2019-04-26,21.45
"1399",19184,2019-03-21,23.7
"1400",18062,2019-03-15,22.35
"1401",18827,2019-04-19,22.95
"1402",19490,2019-04-04,24.15
"1403",18725,2019-05-07,23.85
"1404",20068,2019-02-20,21.75
"1405",18096,2019-02-01,24.45
"1406",20578,2019-06-21,23.55
"1407",21088,2019-01-18,24.3
"1408",20425,2019-04-19,22.35
"1409",20493,2019-01-03,21.75
"1410",19456,2019-06-07,22.2
"1411",18708,2019-06-19,23.1
"1412",19626,2019-05-07,23.7
"1413",18096,2019-06-01,22.05
"1414",19490,2019-03-23,22.8
"1415",19048,2019-03-16,23.85
"1416",21173,2019-06-22,23.25
"1417",19150,2019-03-03,23.85
"1418",20578,2019-01-17,22.2
"1419",20731,2019-03-26,21.15
"1420",18946,2019-04-11,23.25
"1421",19626,2019-04-06,23.55
"1422",18130,2019-02-01,21.9
"1423",19031,2019-05-28,23.85
"1424",21224,2019-04-10,21.9
"1425",19813,2019-02-22,22.35
"1426",19388,2019-03-31,24.15
"1427",18589,2019-02-01,22.5
"1428",20748,2019-02-24,22.05
"1429",20136,2019-04-12,21.75
"1430",18980,2019-02-09,21.6
"1431",18742,2019-05-28,21.6
"1432",18623,2019-02-01,21.9
"1433",18793,2019-02-06,22.05
"1434",18742,2019-01-23,23.7
"1435",20323,2019-06-02,22.05
"1436",18266,2019-05-25,23.25
"1437",18317,2019-06-28,22.8
"1438",20816,2019-06-30,21.45
"1439",20595,2019-01-02,22.2
"1440",20442,2019-05-18,21.15
"1441",19422,2019-05-11,21.15
"1442",18657,2019-05-30,23.55
"1443",19422,2019-01-09,23.1
"1444",19048,2019-03-05,23.1
"1445",18997,2019-05-26,21.3
"1446",19541,2019-01-04,24.15
"1447",19762,2019-03-20,24.45
"1448",18589,2019-01-01,21.9
"1449",20425,2019-03-18,22.2
"1450",18283,2019-04-07,22.05
"1451",19983,2019-02-07,24.3
"1452",21258,2019-03-28,21.6
"1453",19643,2019-04-18,23.4
"1454",21105,2019-01-02,24
"1455",20442,2019-04-19,22.8
"1456",19830,2019-02-16,22.8
"1457",20595,2019-06-17,23.1
"1458",20442,2019-03-31,21.75
"1459",20918,2019-02-19,23.85
"1460",20714,2019-01-14,23.85
"1461",19847,2019-03-26,21.15
"1462",20884,2019-06-01,22.95
"1463",19983,2019-04-20,22.5
"1464",21258,2019-04-11,24.3
"1465",20986,2019-03-21,22.35
"1466",20289,2019-03-01,23.85
"1467",18793,2019-01-06,23.85
"1468",18198,2019-03-26,24
"1469",20357,2019-03-27,21.15
"1470",19575,2019-01-18,21.45
"1471",21224,2019-04-04,22.35
"1472",20374,2019-05-13,24.45
"1473",19966,2019-03-26,22.35
"1474",20918,2019-02-24,22.8
"1475",19065,2019-04-14,23.55
"1476",19286,2019-04-17,23.25
"1477",18300,2019-06-12,22.5
"1478",19898,2019-04-09,24
"1479",18470,2019-02-21,22.5
"1480",18266,2019-06-29,21.6
"1481",20527,2019-03-18,22.05
"1482",20629,2019-01-23,22.95
"1483",20476,2019-06-06,22.8
"1484",20527,2019-01-21,21.75
"1485",18164,2019-05-15,24.45
"1486",19167,2019-02-21,23.4
"1487",21020,2019-02-18,22.8
"1488",18555,2019-01-19,23.1
"1489",18215,2019-01-29,22.2
"1490",21190,2019-03-28,21.6
"1491",20765,2019-05-23,23.25
"1492",19218,2019-04-16,22.05
"1493",18249,2019-06-20,21.3
"1494",20663,2019-01-27,24.45
"1495",18776,2019-05-27,23.7
"1496",21377,2019-01-08,22.65
"1497",21224,2019-04-23,24.45
"1498",19762,2019-01-02,24
"1499",18827,2019-06-01,23.4
"1500",19031,2019-06-04,22.05
