"0","library(readxl)"
"0","library(dplyr)"
"0",""
"0","dataset_RFM <- read_excel(""datos/dataset_RFM.xlsx"")"
"0",""
"0","# Modificamos naming columnas para que tengan sentido"
"0","colnames(dataset_RFM) = c('customer_id', 'gross_compra', 'fecha_compra')"
"0",""
"0","# Ajustamos fecha y generamos una nueva variable solo con año para facilitar análisis"
"0","dataset_RFM$fecha_compra <- as.Date(dataset_RFM$fecha_compra, ""%Y-%m-%d"")"
"0","dataset_RFM$year <- as.numeric(format(dataset_RFM$fecha_compra, ""%Y""))"
"0",""
"0","# Calculamos RFM"
"0","Calculo_RFM <- dataset_RFM %>% "
"0","  group_by(customer_id) %>%"
"0","  summarise(Recency=as.numeric(as.Date(Sys.Date())-max(fecha_compra)),"
"0","            Frequency=length(customer_id), "
"0","            Monetary_Value= sum(gross_compra),"
"0","            year= max(year)) "
"0",""
"0","# Filtramos últimos 3 años"
"0","Calculo_RFM_filtered <- Calculo_RFM %>%"
"0","  filter(year %in% c(2018, 2019, 2020))"
"0",""
"0","head(Calculo_RFM_filtered)"
