"0","value1=abs(rnorm(26))*2"
"0","data=data.frame(x=LETTERS[1:26], value1=value1, value2=value1+1+rnorm(26, sd=1) )"
"0","data = data %>% rowwise() %>% mutate( mymean = mean(c(value1,value2) )) %>% arrange(mymean) %>% mutate(x=factor(x, x))"
"0","ggplot(data) + # plot"
"0","  geom_segment( aes(x=x, xend=x, y=value1, yend=value2), color=""grey"") +"
"0","  geom_point( aes(x=x, y=value1), color=rgb(0.2,0.7,0.1,0.5), size=3 ) +"
"0","  geom_point( aes(x=x, y=value2), color=rgb(0.7,0.2,0.1,0.5), size=3 ) +"
"0","  coord_flip() "
