"0",""
"0","library(plotly)"
"0",""
"0","fig <- plot_ly(x= Calculo_RFM_filtered$Recency,"
"0","               y= Calculo_RFM_filtered$Frequency,"
"0","               z= Calculo_RFM_filtered$Monetary_Value,"
"0","               type=""scatter3d"","
"0","               mode=""markers"","
"0","               color=factor(Calculo_RFM_filtered$year),"
"0","               colors=c('red2', 'blue2', 'green3'))"
"0",""
"0","fig <- fig %>% layout(title = 'Visualizing RFM in 3D',"
"0","                      scene = list(xaxis = list(title = 'Recency'),"
"0","                                   yaxis = list(title = 'Frequency'),"
"0","                                   zaxis = list(title = 'Monetary Value')))"
"0",""
"0","fig"
