"0","raw.data<-data.frame(stringsAsFactors=FALSE,"
"0","    Tematica = c(""Medio ambiente"", ""Transporte"", ""Sociedad y Bienestar"","
"0","                 ""Urbanismo e Infraestructuras"", ""Salud"", ""Turismo"","
"0","                 ""Cultura y Ocio"", ""Sector Público"", ""Comercio"", ""Economía"", ""Industria"","
"0","                 ""Hacienda"", ""Ciencia y Tecnología"", ""Educación"", ""Seguridad"","
"0","                 ""Vivienda"", ""Demografía"", ""Deporte"", ""Empleo"", ""Energía"", ""Otras""),"
"0","    Valencia = c(37L, 27L, 26L, 20L, 15L, 10L, 5L, 5L, 3L, 3L, 0L, 3L, 1L, 1L,"
"0","                 1L, 1L, 0L, 0L, 0L, 0L, 0L),"
"0","     Londres = c(100L, 81L, 5L, 58L, 82L, 15L, 21L, 105L, 62L, 62L, 62L, 62L,"
"0","                 0L, 61L, 43L, 82L, 167L, 22L, 103L, 0L, 36L),"
"0","       Milan = c(23L, 21L, 28L, 38L, 0L, 19L, 14L, 14L, 0L, 68L, 6L, 0L, 0L,"
"0","                 18L, 0L, 0L, 88L, 1L, 0L, 0L, 13L),"
"0","      Madrid = c(32L, 56L, 26L, 25L, 16L, 10L, 20L, 51L, 5L, 8L, 0L, 17L, 3L,"
"0","                 7L, 9L, 1L, 2L, 19L, 2L, 0L, 1L),"
"0","   Barcelona = c(14L, 41L, 10L, 43L, 0L, 3L, 52L, 49L, 8L, 0L, 0L, 0L, 2L, 1L,"
"0","                 6L, 59L, 130L, 2L, 5L, 0L, 1L)"
"0",")"
"0","head(raw.data)"
