"0","#There are two types of bar charts: geom_bar makes the height of the bar proportional to the number of cases in each group (or if the weight aethetic is supplied, the sum of the weights). If you want the heights of the bars to represent values in the data, use geom_col instead. geom_bar uses stat_count by default: it counts the number of cases at each x position. geom_col uses stat_identity: it leaves the data as is."
"0","library(tidyverse)"
"0","library(forcats)"
"0","# Pon aquí tu código:"
"0",""
"0","# Opcion 1a:"
"0","ggplot(DF, aes(Ciudad,Conjuntos_de_datos)) + "
"0","  geom_col(aes(fill = Tematica))"
