{"created_at":"Fri Apr 10 17:03:55 +0000 2020","id":1248657978456039424,"id_str":"1248657978456039424","text":"RT @ikuri_11: \u5927\u7206\u767a\u304c\u8d77\u3053\u308b\u3068\u3053\u308d\u307e\u3067\u3067\u3044\u3044\u306e\u3067\u30b6\u30e0\u3092\u898b\u3066\u304f\u3060\u3055\u3044 \u958b\u59cb1\u5206\u3067\u7206\u767a\u3059\u308b\u306e\u3067\nhttps:\/\/t.co\/TzjzYw8IZq","source":"\u003ca href=\"http:\/\/twitter.com\/download\/android\" rel=\"nofollow\"\u003eTwitter for Android\u003c\/a\u003e","truncated":false,"in_reply_to_status_id":null,"in_reply_to_status_id_str":null,"in_reply_to_user_id":null,"in_reply_to_user_id_str":null,"in_reply_to_screen_name":null,"user":{"id":824313727247716352,"id_str":"824313727247716352","name":"\u3044\u304f\u308a","screen_name":"ikuri_11","location":null,"url":"https:\/\/www.pixiv.net\/users\/14533030","description":"\u25bd\u96d1\u591a\u57a2\u3002\u6642\u3005\u8150\u3082\u542b\u307f\u307e\u3059\u3002\u30b8\u30e3\u30f3\u30eb\u653e\u6d6a\u30aa\u30bf\u30af \u25bd\u6210\u4eba\u6e08 \u25bd\u7121\u65ad\u8ee2\u8f09\u00d7 \u25bdA21\u306f\u3053\u3063\u3061\u3067\u545f\u304d\u307e\u3059\u2192 @ikuri_21","translator_type":"none","protected":false,"verified":false,"followers_count":298,"friends_count":25,"listed_count":3,"favourites_count":5654,"statuses_count":4268,"created_at":"Wed Jan 25 17:51:22 +0000 2017","utc_offset":null,"time_zone":null,"geo_enabled":false,"lang":null,"contributors_enabled":false,"is_translator":false,"profile_background_color":"F5F8FA","profile_background_image_url":"","profile_background_image_url_https":"","profile_background_tile":false,"profile_link_color":"1DA1F2","profile_sidebar_border_color":"C0DEED","profile_sidebar_fill_color":"DDEEF6","profile_text_color":"333333","profile_use_background_image":true,"profile_image_url":"http:\/\/pbs.twimg.com\/profile_images\/1230540989787295744\/19q1XqGw_normal.jpg","profile_image_url_https":"https:\/\/pbs.twimg.com\/profile_images\/1230540989787295744\/19q1XqGw_normal.jpg","profile_banner_url":"https:\/\/pbs.twimg.com\/profile_banners\/824313727247716352\/1582424995","default_profile":true,"default_profile_image":false,"following":null,"follow_request_sent":null,"notifications":null},"geo":null,"coordinates":null,"place":null,"contributors":null,"retweeted_status":{"created_at":"Fri Apr 10 10:49:29 +0000 2020","id":1248563749411160064,"id_str":"1248563749411160064","text":"\u5927\u7206\u767a\u304c\u8d77\u3053\u308b\u3068\u3053\u308d\u307e\u3067\u3067\u3044\u3044\u306e\u3067\u30b6\u30e0\u3092\u898b\u3066\u304f\u3060\u3055\u3044 \u958b\u59cb1\u5206\u3067\u7206\u767a\u3059\u308b\u306e\u3067\nhttps:\/\/t.co\/TzjzYw8IZq","source":"\u003ca href=\"http:\/\/twitter.com\/download\/android\" rel=\"nofollow\"\u003eTwitter for Android\u003c\/a\u003e","truncated":false,"in_reply_to_status_id":null,"in_reply_to_status_id_str":null,"in_reply_to_user_id":null,"in_reply_to_user_id_str":null,"in_reply_to_screen_name":null,"user":{"id":824313727247716352,"id_str":"824313727247716352","name":"\u3044\u304f\u308a","screen_name":"ikuri_11","location":null,"url":"https:\/\/www.pixiv.net\/users\/14533030","description":"\u25bd\u96d1\u591a\u57a2\u3002\u6642\u3005\u8150\u3082\u542b\u307f\u307e\u3059\u3002\u30b8\u30e3\u30f3\u30eb\u653e\u6d6a\u30aa\u30bf\u30af \u25bd\u6210\u4eba\u6e08 \u25bd\u7121\u65ad\u8ee2\u8f09\u00d7 \u25bdA21\u306f\u3053\u3063\u3061\u3067\u545f\u304d\u307e\u3059\u2192 @ikuri_21","translator_type":"none","protected":false,"verified":false,"followers_count":298,"friends_count":25,"listed_count":3,"favourites_count":5654,"statuses_count":4267,"created_at":"Wed Jan 25 17:51:22 +0000 2017","utc_offset":null,"time_zone":null,"geo_enabled":false,"lang":null,"contributors_enabled":false,"is_translator":false,"profile_background_color":"F5F8FA","profile_background_image_url":"","profile_background_image_url_https":"","profile_background_tile":false,"profile_link_color":"1DA1F2","profile_sidebar_border_color":"C0DEED","profile_sidebar_fill_color":"DDEEF6","profile_text_color":"333333","profile_use_background_image":true,"profile_image_url":"http:\/\/pbs.twimg.com\/profile_images\/1230540989787295744\/19q1XqGw_normal.jpg","profile_image_url_https":"https:\/\/pbs.twimg.com\/profile_images\/1230540989787295744\/19q1XqGw_normal.jpg","profile_banner_url":"https:\/\/pbs.twimg.com\/profile_banners\/824313727247716352\/1582424995","default_profile":true,"default_profile_image":false,"following":null,"follow_request_sent":null,"notifications":null},"geo":null,"coordinates":null,"place":null,"contributors":null,"is_quote_status":false,"quote_count":0,"reply_count":1,"retweet_count":2,"favorite_count":1,"entities":{"hashtags":[],"urls":[{"url":"https:\/\/t.co\/TzjzYw8IZq","expanded_url":"https:\/\/youtu.be\/6UcZvZULyQU","display_url":"youtu.be\/6UcZvZULyQU","indices":[39,62]}],"user_mentions":[],"symbols":[]},"favorited":false,"retweeted":false,"possibly_sensitive":false,"filter_level":"low","lang":"ja"},"is_quote_status":false,"quote_count":0,"reply_count":0,"retweet_count":0,"favorite_count":0,"entities":{"hashtags":[],"urls":[{"url":"https:\/\/t.co\/TzjzYw8IZq","expanded_url":"https:\/\/youtu.be\/6UcZvZULyQU","display_url":"youtu.be\/6UcZvZULyQU","indices":[53,76]}],"user_mentions":[{"screen_name":"ikuri_11","name":"\u3044\u304f\u308a","id":824313727247716352,"id_str":"824313727247716352","indices":[3,12]}],"symbols":[]},"favorited":false,"retweeted":false,"possibly_sensitive":false,"filter_level":"low","lang":"ja","timestamp_ms":"1586538235664"}
