{"created_at":"Fri Apr 10 17:03:55 +0000 2020","id":1248657978426896386,"id_str":"1248657978426896386","text":"RT @Chicapalmerita: S\u00f3lo dale RT https:\/\/t.co\/7i2mlmL1A0","source":"\u003ca href=\"http:\/\/twitter.com\/download\/android\" rel=\"nofollow\"\u003eTwitter for Android\u003c\/a\u003e","truncated":false,"in_reply_to_status_id":null,"in_reply_to_status_id_str":null,"in_reply_to_user_id":null,"in_reply_to_user_id_str":null,"in_reply_to_screen_name":null,"user":{"id":3487512514,"id_str":"3487512514","name":"Alexia \ud83d\udc30","screen_name":"AlexiiaPeralta3","location":"Rio Segundo, Cordoba Argentina","url":null,"description":"Geminiana\u264a \/\/ 17.","translator_type":"none","protected":false,"verified":false,"followers_count":565,"friends_count":567,"listed_count":0,"favourites_count":965,"statuses_count":13921,"created_at":"Sun Aug 30 04:36:11 +0000 2015","utc_offset":null,"time_zone":null,"geo_enabled":true,"lang":null,"contributors_enabled":false,"is_translator":false,"profile_background_color":"C0DEED","profile_background_image_url":"http:\/\/abs.twimg.com\/images\/themes\/theme1\/bg.png","profile_background_image_url_https":"https:\/\/abs.twimg.com\/images\/themes\/theme1\/bg.png","profile_background_tile":false,"profile_link_color":"1DA1F2","profile_sidebar_border_color":"C0DEED","profile_sidebar_fill_color":"DDEEF6","profile_text_color":"333333","profile_use_background_image":true,"profile_image_url":"http:\/\/pbs.twimg.com\/profile_images\/1235290758145593350\/ACcVstfP_normal.jpg","profile_image_url_https":"https:\/\/pbs.twimg.com\/profile_images\/1235290758145593350\/ACcVstfP_normal.jpg","profile_banner_url":"https:\/\/pbs.twimg.com\/profile_banners\/3487512514\/1536811898","default_profile":true,"default_profile_image":false,"following":null,"follow_request_sent":null,"notifications":null},"geo":null,"coordinates":null,"place":null,"contributors":null,"retweeted_status":{"created_at":"Thu Apr 09 14:57:22 +0000 2020","id":1248263744356040704,"id_str":"1248263744356040704","text":"S\u00f3lo dale RT https:\/\/t.co\/7i2mlmL1A0","display_text_range":[0,12],"source":"\u003ca href=\"http:\/\/twitter.com\/download\/android\" rel=\"nofollow\"\u003eTwitter for Android\u003c\/a\u003e","truncated":false,"in_reply_to_status_id":null,"in_reply_to_status_id_str":null,"in_reply_to_user_id":null,"in_reply_to_user_id_str":null,"in_reply_to_screen_name":null,"user":{"id":48791386,"id_str":"48791386","name":"ChicaCUARENTENApalmerita","screen_name":"Chicapalmerita","location":"San Telmo, CABA, Argentina","url":null,"description":"\ud83d\udc9a Orgullosa estatal. ATE Verde y Blanca. En el 88 fui a Obras a ver a Soda. Tuve dengue. Aborto legal, seguro y gratuito. Letras UBA. Catalanista\u270c","translator_type":"none","protected":false,"verified":false,"followers_count":8264,"friends_count":6215,"listed_count":31,"favourites_count":31925,"statuses_count":40545,"created_at":"Fri Jun 19 18:50:46 +0000 2009","utc_offset":null,"time_zone":null,"geo_enabled":true,"lang":null,"contributors_enabled":false,"is_translator":false,"profile_background_color":"352726","profile_background_image_url":"http:\/\/abs.twimg.com\/images\/themes\/theme5\/bg.gif","profile_background_image_url_https":"https:\/\/abs.twimg.com\/images\/themes\/theme5\/bg.gif","profile_background_tile":true,"profile_link_color":"D02B55","profile_sidebar_border_color":"829D5E","profile_sidebar_fill_color":"99CC33","profile_text_color":"3E4415","profile_use_background_image":true,"profile_image_url":"http:\/\/pbs.twimg.com\/profile_images\/1228659044182876162\/rd4RXdOQ_normal.jpg","profile_image_url_https":"https:\/\/pbs.twimg.com\/profile_images\/1228659044182876162\/rd4RXdOQ_normal.jpg","profile_banner_url":"https:\/\/pbs.twimg.com\/profile_banners\/48791386\/1550356958","default_profile":false,"default_profile_image":false,"following":null,"follow_request_sent":null,"notifications":null},"geo":null,"coordinates":null,"place":null,"contributors":null,"is_quote_status":false,"quote_count":23,"reply_count":5,"retweet_count":10445,"favorite_count":3931,"entities":{"hashtags":[],"urls":[],"user_mentions":[],"symbols":[],"media":[{"id":1248263682867335170,"id_str":"1248263682867335170","indices":[13,36],"additional_media_info":{"monetizable":false},"media_url":"http:\/\/pbs.twimg.com\/ext_tw_video_thumb\/1248263682867335170\/pu\/img\/EWVo8qDNVveHudg0.jpg","media_url_https":"https:\/\/pbs.twimg.com\/ext_tw_video_thumb\/1248263682867335170\/pu\/img\/EWVo8qDNVveHudg0.jpg","url":"https:\/\/t.co\/7i2mlmL1A0","display_url":"pic.twitter.com\/7i2mlmL1A0","expanded_url":"https:\/\/twitter.com\/Chicapalmerita\/status\/1248263744356040704\/video\/1","type":"photo","sizes":{"medium":{"w":640,"h":640,"resize":"fit"},"thumb":{"w":150,"h":150,"resize":"crop"},"large":{"w":640,"h":640,"resize":"fit"},"small":{"w":640,"h":640,"resize":"fit"}}}]},"extended_entities":{"media":[{"id":1248263682867335170,"id_str":"1248263682867335170","indices":[13,36],"additional_media_info":{"monetizable":false},"media_url":"http:\/\/pbs.twimg.com\/ext_tw_video_thumb\/1248263682867335170\/pu\/img\/EWVo8qDNVveHudg0.jpg","media_url_https":"https:\/\/pbs.twimg.com\/ext_tw_video_thumb\/1248263682867335170\/pu\/img\/EWVo8qDNVveHudg0.jpg","url":"https:\/\/t.co\/7i2mlmL1A0","display_url":"pic.twitter.com\/7i2mlmL1A0","expanded_url":"https:\/\/twitter.com\/Chicapalmerita\/status\/1248263744356040704\/video\/1","type":"video","video_info":{"aspect_ratio":[1,1],"duration_millis":40728,"variants":[{"bitrate":1280000,"content_type":"video\/mp4","url":"https:\/\/video.twimg.com\/ext_tw_video\/1248263682867335170\/pu\/vid\/640x640\/UojeTL5FSYqYSHdj.mp4?tag=10"},{"bitrate":432000,"content_type":"video\/mp4","url":"https:\/\/video.twimg.com\/ext_tw_video\/1248263682867335170\/pu\/vid\/320x320\/NMnoO4mpiK7eiAC9.mp4?tag=10"},{"bitrate":832000,"content_type":"video\/mp4","url":"https:\/\/video.twimg.com\/ext_tw_video\/1248263682867335170\/pu\/vid\/480x480\/KYFDB1NWf1sMGxzN.mp4?tag=10"},{"content_type":"application\/x-mpegURL","url":"https:\/\/video.twimg.com\/ext_tw_video\/1248263682867335170\/pu\/pl\/f9hZocXO8xneQZhJ.m3u8?tag=10"}]},"sizes":{"medium":{"w":640,"h":640,"resize":"fit"},"thumb":{"w":150,"h":150,"resize":"crop"},"large":{"w":640,"h":640,"resize":"fit"},"small":{"w":640,"h":640,"resize":"fit"}}}]},"favorited":false,"retweeted":false,"possibly_sensitive":false,"filter_level":"low","lang":"es"},"is_quote_status":false,"quote_count":0,"reply_count":0,"retweet_count":0,"favorite_count":0,"entities":{"hashtags":[],"urls":[],"user_mentions":[{"screen_name":"Chicapalmerita","name":"ChicaCUARENTENApalmerita","id":48791386,"id_str":"48791386","indices":[3,18]}],"symbols":[],"media":[{"id":1248263682867335170,"id_str":"1248263682867335170","indices":[33,56],"additional_media_info":{"monetizable":false},"media_url":"http:\/\/pbs.twimg.com\/ext_tw_video_thumb\/1248263682867335170\/pu\/img\/EWVo8qDNVveHudg0.jpg","media_url_https":"https:\/\/pbs.twimg.com\/ext_tw_video_thumb\/1248263682867335170\/pu\/img\/EWVo8qDNVveHudg0.jpg","url":"https:\/\/t.co\/7i2mlmL1A0","display_url":"pic.twitter.com\/7i2mlmL1A0","expanded_url":"https:\/\/twitter.com\/Chicapalmerita\/status\/1248263744356040704\/video\/1","type":"photo","sizes":{"medium":{"w":640,"h":640,"resize":"fit"},"thumb":{"w":150,"h":150,"resize":"crop"},"large":{"w":640,"h":640,"resize":"fit"},"small":{"w":640,"h":640,"resize":"fit"}},"source_status_id":1248263744356040704,"source_status_id_str":"1248263744356040704","source_user_id":48791386,"source_user_id_str":"48791386"}]},"extended_entities":{"media":[{"id":1248263682867335170,"id_str":"1248263682867335170","indices":[33,56],"additional_media_info":{"monetizable":false},"media_url":"http:\/\/pbs.twimg.com\/ext_tw_video_thumb\/1248263682867335170\/pu\/img\/EWVo8qDNVveHudg0.jpg","media_url_https":"https:\/\/pbs.twimg.com\/ext_tw_video_thumb\/1248263682867335170\/pu\/img\/EWVo8qDNVveHudg0.jpg","url":"https:\/\/t.co\/7i2mlmL1A0","display_url":"pic.twitter.com\/7i2mlmL1A0","expanded_url":"https:\/\/twitter.com\/Chicapalmerita\/status\/1248263744356040704\/video\/1","type":"video","video_info":{"aspect_ratio":[1,1],"duration_millis":40728,"variants":[{"bitrate":1280000,"content_type":"video\/mp4","url":"https:\/\/video.twimg.com\/ext_tw_video\/1248263682867335170\/pu\/vid\/640x640\/UojeTL5FSYqYSHdj.mp4?tag=10"},{"bitrate":432000,"content_type":"video\/mp4","url":"https:\/\/video.twimg.com\/ext_tw_video\/1248263682867335170\/pu\/vid\/320x320\/NMnoO4mpiK7eiAC9.mp4?tag=10"},{"bitrate":832000,"content_type":"video\/mp4","url":"https:\/\/video.twimg.com\/ext_tw_video\/1248263682867335170\/pu\/vid\/480x480\/KYFDB1NWf1sMGxzN.mp4?tag=10"},{"content_type":"application\/x-mpegURL","url":"https:\/\/video.twimg.com\/ext_tw_video\/1248263682867335170\/pu\/pl\/f9hZocXO8xneQZhJ.m3u8?tag=10"}]},"sizes":{"medium":{"w":640,"h":640,"resize":"fit"},"thumb":{"w":150,"h":150,"resize":"crop"},"large":{"w":640,"h":640,"resize":"fit"},"small":{"w":640,"h":640,"resize":"fit"}},"source_status_id":1248263744356040704,"source_status_id_str":"1248263744356040704","source_user_id":48791386,"source_user_id_str":"48791386"}]},"favorited":false,"retweeted":false,"possibly_sensitive":false,"filter_level":"low","lang":"es","timestamp_ms":"1586538235657"}
