{"created_at":"Fri Apr 10 17:03:58 +0000 2020","id":1248657991047557122,"id_str":"1248657991047557122","text":"Aus der Reihe Spam, der wirklich merkw\u00fcrdig ist, pr\u00e4sentieren wir ihnen heute folgendes Exemplar: https:\/\/t.co\/K0upsvRl7v","display_text_range":[0,97],"source":"\u003ca href=\"https:\/\/mobile.twitter.com\" rel=\"nofollow\"\u003eTwitter Web App\u003c\/a\u003e","truncated":false,"in_reply_to_status_id":null,"in_reply_to_status_id_str":null,"in_reply_to_user_id":null,"in_reply_to_user_id_str":null,"in_reply_to_screen_name":null,"user":{"id":34028791,"id_str":"34028791","name":"mars","screen_name":"spielbeobachter","location":null,"url":"http:\/\/spielbeobachter.com","description":"\u00dcber: Fu\u00dfball.\r\nDas Drumherum.\r\nDen 1. FC K\u00f6ln.\r\nUnion Berlin.\r\nDieses & Jenes.\r\n\r\nAuch hier: @marsbrennen","translator_type":"none","protected":false,"verified":false,"followers_count":2673,"friends_count":493,"listed_count":149,"favourites_count":70246,"statuses_count":60152,"created_at":"Tue Apr 21 20:26:17 +0000 2009","utc_offset":null,"time_zone":null,"geo_enabled":false,"lang":null,"contributors_enabled":false,"is_translator":false,"profile_background_color":"372501","profile_background_image_url":"http:\/\/abs.twimg.com\/images\/themes\/theme9\/bg.gif","profile_background_image_url_https":"https:\/\/abs.twimg.com\/images\/themes\/theme9\/bg.gif","profile_background_tile":false,"profile_link_color":"000000","profile_sidebar_border_color":"181A1E","profile_sidebar_fill_color":"EFEEE1","profile_text_color":"990000","profile_use_background_image":false,"profile_image_url":"http:\/\/pbs.twimg.com\/profile_images\/3717870252\/1fe4ccf3fa9bc601bf24ecc530077117_normal.jpeg","profile_image_url_https":"https:\/\/pbs.twimg.com\/profile_images\/3717870252\/1fe4ccf3fa9bc601bf24ecc530077117_normal.jpeg","profile_banner_url":"https:\/\/pbs.twimg.com\/profile_banners\/34028791\/1476146833","default_profile":false,"default_profile_image":false,"following":null,"follow_request_sent":null,"notifications":null},"geo":null,"coordinates":null,"place":null,"contributors":null,"is_quote_status":false,"quote_count":0,"reply_count":0,"retweet_count":0,"favorite_count":0,"entities":{"hashtags":[],"urls":[],"user_mentions":[],"symbols":[],"media":[{"id":1248657982889615360,"id_str":"1248657982889615360","indices":[98,121],"media_url":"http:\/\/pbs.twimg.com\/media\/EVQf0dwXYAAARGt.jpg","media_url_https":"https:\/\/pbs.twimg.com\/media\/EVQf0dwXYAAARGt.jpg","url":"https:\/\/t.co\/K0upsvRl7v","display_url":"pic.twitter.com\/K0upsvRl7v","expanded_url":"https:\/\/twitter.com\/spielbeobachter\/status\/1248657991047557122\/photo\/1","type":"photo","sizes":{"thumb":{"w":150,"h":150,"resize":"crop"},"medium":{"w":1068,"h":219,"resize":"fit"},"small":{"w":680,"h":139,"resize":"fit"},"large":{"w":1068,"h":219,"resize":"fit"}}}]},"extended_entities":{"media":[{"id":1248657982889615360,"id_str":"1248657982889615360","indices":[98,121],"media_url":"http:\/\/pbs.twimg.com\/media\/EVQf0dwXYAAARGt.jpg","media_url_https":"https:\/\/pbs.twimg.com\/media\/EVQf0dwXYAAARGt.jpg","url":"https:\/\/t.co\/K0upsvRl7v","display_url":"pic.twitter.com\/K0upsvRl7v","expanded_url":"https:\/\/twitter.com\/spielbeobachter\/status\/1248657991047557122\/photo\/1","type":"photo","sizes":{"thumb":{"w":150,"h":150,"resize":"crop"},"medium":{"w":1068,"h":219,"resize":"fit"},"small":{"w":680,"h":139,"resize":"fit"},"large":{"w":1068,"h":219,"resize":"fit"}}}]},"favorited":false,"retweeted":false,"possibly_sensitive":false,"filter_level":"low","lang":"de","timestamp_ms":"1586538238666"}
