{"created_at":"Fri Apr 10 17:03:56 +0000 2020","id":1248657982646136833,"id_str":"1248657982646136833","text":"RT @nigelhog: Lockdown backlogs - 2 \n\n#TWICE #TZUYU #\ucbd4\uc704 #\u30c4\u30a6\u30a3 #\u5468\u5b50\u745c \n@JYPETWICE https:\/\/t.co\/jpUBX0b6zs","source":"\u003ca href=\"http:\/\/twitter.com\/download\/android\" rel=\"nofollow\"\u003eTwitter for Android\u003c\/a\u003e","truncated":false,"in_reply_to_status_id":null,"in_reply_to_status_id_str":null,"in_reply_to_user_id":null,"in_reply_to_user_id_str":null,"in_reply_to_screen_name":null,"user":{"id":3244124491,"id_str":"3244124491","name":"Steven Chang","screen_name":"0123Steven77","location":"Taipei,Taiwan","url":null,"description":null,"translator_type":"none","protected":false,"verified":false,"followers_count":87,"friends_count":760,"listed_count":5,"favourites_count":477194,"statuses_count":419521,"created_at":"Sat Jun 13 09:54:47 +0000 2015","utc_offset":null,"time_zone":null,"geo_enabled":false,"lang":null,"contributors_enabled":false,"is_translator":false,"profile_background_color":"C0DEED","profile_background_image_url":"http:\/\/abs.twimg.com\/images\/themes\/theme1\/bg.png","profile_background_image_url_https":"https:\/\/abs.twimg.com\/images\/themes\/theme1\/bg.png","profile_background_tile":false,"profile_link_color":"1DA1F2","profile_sidebar_border_color":"C0DEED","profile_sidebar_fill_color":"DDEEF6","profile_text_color":"333333","profile_use_background_image":true,"profile_image_url":"http:\/\/abs.twimg.com\/sticky\/default_profile_images\/default_profile_normal.png","profile_image_url_https":"https:\/\/abs.twimg.com\/sticky\/default_profile_images\/default_profile_normal.png","profile_banner_url":"https:\/\/pbs.twimg.com\/profile_banners\/3244124491\/1511789522","default_profile":true,"default_profile_image":false,"following":null,"follow_request_sent":null,"notifications":null},"geo":null,"coordinates":null,"place":null,"contributors":null,"retweeted_status":{"created_at":"Fri Apr 10 12:57:20 +0000 2020","id":1248595922885283840,"id_str":"1248595922885283840","text":"Lockdown backlogs - 2 \n\n#TWICE #TZUYU #\ucbd4\uc704 #\u30c4\u30a6\u30a3 #\u5468\u5b50\u745c \n@JYPETWICE https:\/\/t.co\/jpUBX0b6zs","display_text_range":[0,63],"source":"\u003ca href=\"https:\/\/mobile.twitter.com\" rel=\"nofollow\"\u003eTwitter Web App\u003c\/a\u003e","truncated":false,"in_reply_to_status_id":null,"in_reply_to_status_id_str":null,"in_reply_to_user_id":null,"in_reply_to_user_id_str":null,"in_reply_to_screen_name":null,"user":{"id":213611646,"id_str":"213611646","name":"oh hyo oh hyo!!!","screen_name":"nigelhog","location":"Singapore","url":null,"description":"SONE ONCE\n\nand a bit of others","translator_type":"none","protected":false,"verified":false,"followers_count":1561,"friends_count":266,"listed_count":27,"favourites_count":738,"statuses_count":34659,"created_at":"Tue Nov 09 10:47:08 +0000 2010","utc_offset":null,"time_zone":null,"geo_enabled":true,"lang":null,"contributors_enabled":false,"is_translator":false,"profile_background_color":"1A1B1F","profile_background_image_url":"http:\/\/abs.twimg.com\/images\/themes\/theme9\/bg.gif","profile_background_image_url_https":"https:\/\/abs.twimg.com\/images\/themes\/theme9\/bg.gif","profile_background_tile":false,"profile_link_color":"2FC2EF","profile_sidebar_border_color":"181A1E","profile_sidebar_fill_color":"252429","profile_text_color":"666666","profile_use_background_image":true,"profile_image_url":"http:\/\/pbs.twimg.com\/profile_images\/1248564209949933574\/9N_nK92f_normal.jpg","profile_image_url_https":"https:\/\/pbs.twimg.com\/profile_images\/1248564209949933574\/9N_nK92f_normal.jpg","profile_banner_url":"https:\/\/pbs.twimg.com\/profile_banners\/213611646\/1576404543","default_profile":false,"default_profile_image":false,"following":null,"follow_request_sent":null,"notifications":null},"geo":null,"coordinates":null,"place":null,"contributors":null,"is_quote_status":false,"quote_count":2,"reply_count":0,"retweet_count":202,"favorite_count":543,"entities":{"hashtags":[{"text":"TWICE","indices":[24,30]},{"text":"TZUYU","indices":[31,37]},{"text":"\ucbd4\uc704","indices":[38,41]},{"text":"\u30c4\u30a6\u30a3","indices":[42,46]},{"text":"\u5468\u5b50\u745c","indices":[47,51]}],"urls":[],"user_mentions":[{"screen_name":"JYPETWICE","name":"TWICE","id":3129056526,"id_str":"3129056526","indices":[53,63]}],"symbols":[],"media":[{"id":1248595893328072704,"id_str":"1248595893328072704","indices":[64,87],"media_url":"http:\/\/pbs.twimg.com\/media\/EVPnWYHU0AAgtQE.jpg","media_url_https":"https:\/\/pbs.twimg.com\/media\/EVPnWYHU0AAgtQE.jpg","url":"https:\/\/t.co\/jpUBX0b6zs","display_url":"pic.twitter.com\/jpUBX0b6zs","expanded_url":"https:\/\/twitter.com\/nigelhog\/status\/1248595922885283840\/photo\/1","type":"photo","sizes":{"thumb":{"w":150,"h":150,"resize":"crop"},"medium":{"w":900,"h":1200,"resize":"fit"},"large":{"w":1517,"h":2022,"resize":"fit"},"small":{"w":510,"h":680,"resize":"fit"}}}]},"extended_entities":{"media":[{"id":1248595893328072704,"id_str":"1248595893328072704","indices":[64,87],"media_url":"http:\/\/pbs.twimg.com\/media\/EVPnWYHU0AAgtQE.jpg","media_url_https":"https:\/\/pbs.twimg.com\/media\/EVPnWYHU0AAgtQE.jpg","url":"https:\/\/t.co\/jpUBX0b6zs","display_url":"pic.twitter.com\/jpUBX0b6zs","expanded_url":"https:\/\/twitter.com\/nigelhog\/status\/1248595922885283840\/photo\/1","type":"photo","sizes":{"thumb":{"w":150,"h":150,"resize":"crop"},"medium":{"w":900,"h":1200,"resize":"fit"},"large":{"w":1517,"h":2022,"resize":"fit"},"small":{"w":510,"h":680,"resize":"fit"}}},{"id":1248595893328023554,"id_str":"1248595893328023554","indices":[64,87],"media_url":"http:\/\/pbs.twimg.com\/media\/EVPnWYHUEAInvlT.jpg","media_url_https":"https:\/\/pbs.twimg.com\/media\/EVPnWYHUEAInvlT.jpg","url":"https:\/\/t.co\/jpUBX0b6zs","display_url":"pic.twitter.com\/jpUBX0b6zs","expanded_url":"https:\/\/twitter.com\/nigelhog\/status\/1248595922885283840\/photo\/1","type":"photo","sizes":{"small":{"w":510,"h":680,"resize":"fit"},"thumb":{"w":150,"h":150,"resize":"crop"},"medium":{"w":900,"h":1200,"resize":"fit"},"large":{"w":1517,"h":2022,"resize":"fit"}}}]},"favorited":false,"retweeted":false,"possibly_sensitive":false,"filter_level":"low","lang":"en"},"is_quote_status":false,"quote_count":0,"reply_count":0,"retweet_count":0,"favorite_count":0,"entities":{"hashtags":[{"text":"TWICE","indices":[38,44]},{"text":"TZUYU","indices":[45,51]},{"text":"\ucbd4\uc704","indices":[52,55]},{"text":"\u30c4\u30a6\u30a3","indices":[56,60]},{"text":"\u5468\u5b50\u745c","indices":[61,65]}],"urls":[],"user_mentions":[{"screen_name":"nigelhog","name":"oh hyo oh hyo!!!","id":213611646,"id_str":"213611646","indices":[3,12]},{"screen_name":"JYPETWICE","name":"TWICE","id":3129056526,"id_str":"3129056526","indices":[67,77]}],"symbols":[],"media":[{"id":1248595893328072704,"id_str":"1248595893328072704","indices":[78,101],"media_url":"http:\/\/pbs.twimg.com\/media\/EVPnWYHU0AAgtQE.jpg","media_url_https":"https:\/\/pbs.twimg.com\/media\/EVPnWYHU0AAgtQE.jpg","url":"https:\/\/t.co\/jpUBX0b6zs","display_url":"pic.twitter.com\/jpUBX0b6zs","expanded_url":"https:\/\/twitter.com\/nigelhog\/status\/1248595922885283840\/photo\/1","type":"photo","sizes":{"thumb":{"w":150,"h":150,"resize":"crop"},"medium":{"w":900,"h":1200,"resize":"fit"},"large":{"w":1517,"h":2022,"resize":"fit"},"small":{"w":510,"h":680,"resize":"fit"}},"source_status_id":1248595922885283840,"source_status_id_str":"1248595922885283840","source_user_id":213611646,"source_user_id_str":"213611646"}]},"extended_entities":{"media":[{"id":1248595893328072704,"id_str":"1248595893328072704","indices":[78,101],"media_url":"http:\/\/pbs.twimg.com\/media\/EVPnWYHU0AAgtQE.jpg","media_url_https":"https:\/\/pbs.twimg.com\/media\/EVPnWYHU0AAgtQE.jpg","url":"https:\/\/t.co\/jpUBX0b6zs","display_url":"pic.twitter.com\/jpUBX0b6zs","expanded_url":"https:\/\/twitter.com\/nigelhog\/status\/1248595922885283840\/photo\/1","type":"photo","sizes":{"thumb":{"w":150,"h":150,"resize":"crop"},"medium":{"w":900,"h":1200,"resize":"fit"},"large":{"w":1517,"h":2022,"resize":"fit"},"small":{"w":510,"h":680,"resize":"fit"}},"source_status_id":1248595922885283840,"source_status_id_str":"1248595922885283840","source_user_id":213611646,"source_user_id_str":"213611646"},{"id":1248595893328023554,"id_str":"1248595893328023554","indices":[78,101],"media_url":"http:\/\/pbs.twimg.com\/media\/EVPnWYHUEAInvlT.jpg","media_url_https":"https:\/\/pbs.twimg.com\/media\/EVPnWYHUEAInvlT.jpg","url":"https:\/\/t.co\/jpUBX0b6zs","display_url":"pic.twitter.com\/jpUBX0b6zs","expanded_url":"https:\/\/twitter.com\/nigelhog\/status\/1248595922885283840\/photo\/1","type":"photo","sizes":{"small":{"w":510,"h":680,"resize":"fit"},"thumb":{"w":150,"h":150,"resize":"crop"},"medium":{"w":900,"h":1200,"resize":"fit"},"large":{"w":1517,"h":2022,"resize":"fit"}},"source_status_id":1248595922885283840,"source_status_id_str":"1248595922885283840","source_user_id":213611646,"source_user_id_str":"213611646"}]},"favorited":false,"retweeted":false,"possibly_sensitive":false,"filter_level":"low","lang":"en","timestamp_ms":"1586538236663"}
