{"created_at":"Fri Apr 10 17:03:54 +0000 2020","id":1248657974265929729,"id_str":"1248657974265929729","text":"@seolhyunnari evening noona, dont forget to sleep and keep healthy","display_text_range":[14,66],"source":"\u003ca href=\"http:\/\/twitter.com\/download\/iphone\" rel=\"nofollow\"\u003eTwitter for iPhone\u003c\/a\u003e","truncated":false,"in_reply_to_status_id":1247816002139615232,"in_reply_to_status_id_str":"1247816002139615232","in_reply_to_user_id":841476757014298625,"in_reply_to_user_id_str":"841476757014298625","in_reply_to_screen_name":"seolhyunnari","user":{"id":1282276688,"id_str":"1282276688","name":"\u30a6\u30b8\u30f3","screen_name":"wozojin","location":"\u3164 \u3164\u275d A talented bear that has honey voice, will drove you to the dreamland. His stare blases holes like the suns burning rays \u275e","url":"https:\/\/twitter.com\/WOOJlRN","description":"\u3014 \ud835\udc11\ud835\udc0f\/\ud835\udfcf\ud835\udfd7\ud835\udfd7\ud835\udfd5 \u3015@theninemorosist's \ud835\udc1c\ud835\udc2e\ud835\udc1d\ud835\udc1d\ud835\udc25\ud835\udc32 \ud835\udc1b\ud835\udc1e\ud835\udc1a\ud835\udc2b. \ud835\udc02\ud835\udc21\ud835\udc2b\ud835\udc22\ud835\udc2c & \ud835\udc09\ud835\udc22\ud835\udc1a\ud835\udc27-\ud835\udc09\ud835\udc22\ud835\udc1c\ud835\udc21\ud835\udc1a\ud835\udc27 are already completed him. \ud835\udc0f\ud835\udc1a\ud835\udc2b\ud835\udc2d \ud835\udc28\ud835\udc1f MI9H7Y, \u30af\u30c0\u30a4, wib\u00fc.","translator_type":"none","protected":false,"verified":false,"followers_count":254,"friends_count":311,"listed_count":2,"favourites_count":71,"statuses_count":442,"created_at":"Wed Mar 20 04:19:53 +0000 2013","utc_offset":null,"time_zone":null,"geo_enabled":false,"lang":null,"contributors_enabled":false,"is_translator":false,"profile_background_color":"C0DEED","profile_background_image_url":"http:\/\/abs.twimg.com\/images\/themes\/theme1\/bg.png","profile_background_image_url_https":"https:\/\/abs.twimg.com\/images\/themes\/theme1\/bg.png","profile_background_tile":false,"profile_link_color":"1DA1F2","profile_sidebar_border_color":"C0DEED","profile_sidebar_fill_color":"DDEEF6","profile_text_color":"333333","profile_use_background_image":true,"profile_image_url":"http:\/\/pbs.twimg.com\/profile_images\/1247550826366681088\/XCCE2Vqa_normal.jpg","profile_image_url_https":"https:\/\/pbs.twimg.com\/profile_images\/1247550826366681088\/XCCE2Vqa_normal.jpg","profile_banner_url":"https:\/\/pbs.twimg.com\/profile_banners\/1282276688\/1586015646","default_profile":true,"default_profile_image":false,"following":null,"follow_request_sent":null,"notifications":null},"geo":null,"coordinates":null,"place":null,"contributors":null,"is_quote_status":false,"quote_count":0,"reply_count":0,"retweet_count":0,"favorite_count":0,"entities":{"hashtags":[],"urls":[],"user_mentions":[{"screen_name":"seolhyunnari","name":"Bella","id":841476757014298625,"id_str":"841476757014298625","indices":[0,13]}],"symbols":[]},"favorited":false,"retweeted":false,"filter_level":"low","lang":"en","timestamp_ms":"1586538234665"}
