{"created_at":"Fri Apr 10 17:03:55 +0000 2020","id":1248657978464579589,"id_str":"1248657978464579589","text":"@arimateiazevedo @FlavioBolsonaro A mais pura verdade...","display_text_range":[34,56],"source":"\u003ca href=\"https:\/\/mobile.twitter.com\" rel=\"nofollow\"\u003eTwitter Web App\u003c\/a\u003e","truncated":false,"in_reply_to_status_id":1248656901912526848,"in_reply_to_status_id_str":"1248656901912526848","in_reply_to_user_id":85210968,"in_reply_to_user_id_str":"85210968","in_reply_to_screen_name":"arimateiazevedo","user":{"id":317314806,"id_str":"317314806","name":"Frota Ramos \ud83c\udde7\ud83c\uddf7","screen_name":"FrotaRamos","location":"Brasil","url":"http:\/\/instagram.com\/frota_ramos","description":"_ Lawyer, Specialist in Law and Civil Procedure;\n_ Political Science and History of Law researcher.","translator_type":"none","protected":false,"verified":false,"followers_count":80,"friends_count":371,"listed_count":0,"favourites_count":2794,"statuses_count":1095,"created_at":"Tue Jun 14 19:09:40 +0000 2011","utc_offset":null,"time_zone":null,"geo_enabled":true,"lang":null,"contributors_enabled":false,"is_translator":false,"profile_background_color":"000000","profile_background_image_url":"http:\/\/abs.twimg.com\/images\/themes\/theme14\/bg.gif","profile_background_image_url_https":"https:\/\/abs.twimg.com\/images\/themes\/theme14\/bg.gif","profile_background_tile":false,"profile_link_color":"ABB8C2","profile_sidebar_border_color":"000000","profile_sidebar_fill_color":"000000","profile_text_color":"000000","profile_use_background_image":false,"profile_image_url":"http:\/\/pbs.twimg.com\/profile_images\/1023965731015278593\/uuUo7MxK_normal.jpg","profile_image_url_https":"https:\/\/pbs.twimg.com\/profile_images\/1023965731015278593\/uuUo7MxK_normal.jpg","profile_banner_url":"https:\/\/pbs.twimg.com\/profile_banners\/317314806\/1559124215","default_profile":false,"default_profile_image":false,"following":null,"follow_request_sent":null,"notifications":null},"geo":null,"coordinates":null,"place":null,"contributors":null,"is_quote_status":false,"quote_count":0,"reply_count":0,"retweet_count":0,"favorite_count":0,"entities":{"hashtags":[],"urls":[],"user_mentions":[{"screen_name":"arimateiazevedo","name":"Arimat\u00e9ia Azevedo","id":85210968,"id_str":"85210968","indices":[0,16]},{"screen_name":"FlavioBolsonaro","name":"Flavio Bolsonaro","id":40053694,"id_str":"40053694","indices":[17,33]}],"symbols":[]},"favorited":false,"retweeted":false,"filter_level":"low","lang":"pt","timestamp_ms":"1586538235666"}
