{"created_at":"Fri Apr 10 17:03:57 +0000 2020","id":1248657986848866304,"id_str":"1248657986848866304","text":"Chilll\u2665\ufe0f","source":"\u003ca href=\"http:\/\/twitter.com\/download\/android\" rel=\"nofollow\"\u003eTwitter for Android\u003c\/a\u003e","truncated":false,"in_reply_to_status_id":null,"in_reply_to_status_id_str":null,"in_reply_to_user_id":null,"in_reply_to_user_id_str":null,"in_reply_to_screen_name":null,"user":{"id":1245759488373559296,"id_str":"1245759488373559296","name":"Lil Jules X\ud83d\udc51","screen_name":"LeaneJules1","location":"Cauayan isabela turayong","url":null,"description":"Gamer\/seaman, o architect\/focus \ud83d\udcaa","translator_type":"none","protected":false,"verified":false,"followers_count":95,"friends_count":607,"listed_count":0,"favourites_count":1396,"statuses_count":672,"created_at":"Thu Apr 02 17:06:31 +0000 2020","utc_offset":null,"time_zone":null,"geo_enabled":false,"lang":null,"contributors_enabled":false,"is_translator":false,"profile_background_color":"F5F8FA","profile_background_image_url":"","profile_background_image_url_https":"","profile_background_tile":false,"profile_link_color":"1DA1F2","profile_sidebar_border_color":"C0DEED","profile_sidebar_fill_color":"DDEEF6","profile_text_color":"333333","profile_use_background_image":true,"profile_image_url":"http:\/\/pbs.twimg.com\/profile_images\/1248270104631992320\/4l1wlYGn_normal.jpg","profile_image_url_https":"https:\/\/pbs.twimg.com\/profile_images\/1248270104631992320\/4l1wlYGn_normal.jpg","profile_banner_url":"https:\/\/pbs.twimg.com\/profile_banners\/1245759488373559296\/1585924443","default_profile":true,"default_profile_image":false,"following":null,"follow_request_sent":null,"notifications":null},"geo":null,"coordinates":null,"place":null,"contributors":null,"quoted_status_id":1248508471206490113,"quoted_status_id_str":"1248508471206490113","quoted_status":{"created_at":"Fri Apr 10 07:09:50 +0000 2020","id":1248508471206490113,"id_str":"1248508471206490113","text":"Quarantine feels https:\/\/t.co\/w2HWSfIBoL","display_text_range":[0,16],"source":"\u003ca href=\"http:\/\/twitter.com\/download\/android\" rel=\"nofollow\"\u003eTwitter for Android\u003c\/a\u003e","truncated":false,"in_reply_to_status_id":null,"in_reply_to_status_id_str":null,"in_reply_to_user_id":null,"in_reply_to_user_id_str":null,"in_reply_to_screen_name":null,"user":{"id":1016901449106649088,"id_str":"1016901449106649088","name":"\u2606\u00a7oleil\ud83d\udd17","screen_name":"nepthalie_faith","location":"Sayo","url":"https:\/\/curiouscat.me","description":"\uffe3Lay low, mind ya business it make ya skin pop sis\ud83c\udf0a\nig:https:\/\/www.instagram.com\/_feyyt\/","translator_type":"none","protected":false,"verified":false,"followers_count":378,"friends_count":228,"listed_count":0,"favourites_count":3546,"statuses_count":5458,"created_at":"Wed Jul 11 04:26:13 +0000 2018","utc_offset":null,"time_zone":null,"geo_enabled":false,"lang":null,"contributors_enabled":false,"is_translator":false,"profile_background_color":"000000","profile_background_image_url":"http:\/\/abs.twimg.com\/images\/themes\/theme1\/bg.png","profile_background_image_url_https":"https:\/\/abs.twimg.com\/images\/themes\/theme1\/bg.png","profile_background_tile":false,"profile_link_color":"F58EA8","profile_sidebar_border_color":"000000","profile_sidebar_fill_color":"000000","profile_text_color":"000000","profile_use_background_image":false,"profile_image_url":"http:\/\/pbs.twimg.com\/profile_images\/1248578104403972103\/e5LYBjrD_normal.jpg","profile_image_url_https":"https:\/\/pbs.twimg.com\/profile_images\/1248578104403972103\/e5LYBjrD_normal.jpg","profile_banner_url":"https:\/\/pbs.twimg.com\/profile_banners\/1016901449106649088\/1585464167","default_profile":false,"default_profile_image":false,"following":null,"follow_request_sent":null,"notifications":null},"geo":null,"coordinates":null,"place":null,"contributors":null,"is_quote_status":false,"quote_count":0,"reply_count":0,"retweet_count":0,"favorite_count":29,"entities":{"hashtags":[],"urls":[],"user_mentions":[],"symbols":[],"media":[{"id":1248508334820323328,"id_str":"1248508334820323328","indices":[17,40],"media_url":"http:\/\/pbs.twimg.com\/media\/EVOXtzQUcAAsoBe.jpg","media_url_https":"https:\/\/pbs.twimg.com\/media\/EVOXtzQUcAAsoBe.jpg","url":"https:\/\/t.co\/w2HWSfIBoL","display_url":"pic.twitter.com\/w2HWSfIBoL","expanded_url":"https:\/\/twitter.com\/nepthalie_faith\/status\/1248508471206490113\/photo\/1","type":"photo","sizes":{"thumb":{"w":150,"h":150,"resize":"crop"},"medium":{"w":768,"h":1024,"resize":"fit"},"large":{"w":768,"h":1024,"resize":"fit"},"small":{"w":510,"h":680,"resize":"fit"}}}]},"extended_entities":{"media":[{"id":1248508334820323328,"id_str":"1248508334820323328","indices":[17,40],"media_url":"http:\/\/pbs.twimg.com\/media\/EVOXtzQUcAAsoBe.jpg","media_url_https":"https:\/\/pbs.twimg.com\/media\/EVOXtzQUcAAsoBe.jpg","url":"https:\/\/t.co\/w2HWSfIBoL","display_url":"pic.twitter.com\/w2HWSfIBoL","expanded_url":"https:\/\/twitter.com\/nepthalie_faith\/status\/1248508471206490113\/photo\/1","type":"photo","sizes":{"thumb":{"w":150,"h":150,"resize":"crop"},"medium":{"w":768,"h":1024,"resize":"fit"},"large":{"w":768,"h":1024,"resize":"fit"},"small":{"w":510,"h":680,"resize":"fit"}}},{"id":1248508372048990209,"id_str":"1248508372048990209","indices":[17,40],"media_url":"http:\/\/pbs.twimg.com\/media\/EVOXv98U0AEhKdD.jpg","media_url_https":"https:\/\/pbs.twimg.com\/media\/EVOXv98U0AEhKdD.jpg","url":"https:\/\/t.co\/w2HWSfIBoL","display_url":"pic.twitter.com\/w2HWSfIBoL","expanded_url":"https:\/\/twitter.com\/nepthalie_faith\/status\/1248508471206490113\/photo\/1","type":"photo","sizes":{"thumb":{"w":150,"h":150,"resize":"crop"},"large":{"w":768,"h":1024,"resize":"fit"},"medium":{"w":768,"h":1024,"resize":"fit"},"small":{"w":510,"h":680,"resize":"fit"}}},{"id":1248508442068701185,"id_str":"1248508442068701185","indices":[17,40],"media_url":"http:\/\/pbs.twimg.com\/media\/EVOX0CyU0AEt6x6.jpg","media_url_https":"https:\/\/pbs.twimg.com\/media\/EVOX0CyU0AEt6x6.jpg","url":"https:\/\/t.co\/w2HWSfIBoL","display_url":"pic.twitter.com\/w2HWSfIBoL","expanded_url":"https:\/\/twitter.com\/nepthalie_faith\/status\/1248508471206490113\/photo\/1","type":"photo","sizes":{"medium":{"w":768,"h":1024,"resize":"fit"},"thumb":{"w":150,"h":150,"resize":"crop"},"large":{"w":768,"h":1024,"resize":"fit"},"small":{"w":510,"h":680,"resize":"fit"}}},{"id":1248508455947612160,"id_str":"1248508455947612160","indices":[17,40],"media_url":"http:\/\/pbs.twimg.com\/media\/EVOX02fUMAAU6Xq.jpg","media_url_https":"https:\/\/pbs.twimg.com\/media\/EVOX02fUMAAU6Xq.jpg","url":"https:\/\/t.co\/w2HWSfIBoL","display_url":"pic.twitter.com\/w2HWSfIBoL","expanded_url":"https:\/\/twitter.com\/nepthalie_faith\/status\/1248508471206490113\/photo\/1","type":"photo","sizes":{"thumb":{"w":150,"h":150,"resize":"crop"},"large":{"w":768,"h":1024,"resize":"fit"},"small":{"w":510,"h":680,"resize":"fit"},"medium":{"w":768,"h":1024,"resize":"fit"}}}]},"favorited":false,"retweeted":false,"possibly_sensitive":false,"filter_level":"low","lang":"en"},"quoted_status_permalink":{"url":"https:\/\/t.co\/j65h31ZSNk","expanded":"https:\/\/twitter.com\/nepthalie_faith\/status\/1248508471206490113","display":"twitter.com\/nepthalie_fait\u2026"},"is_quote_status":true,"quote_count":0,"reply_count":0,"retweet_count":0,"favorite_count":0,"entities":{"hashtags":[],"urls":[],"user_mentions":[],"symbols":[]},"favorited":false,"retweeted":false,"filter_level":"low","lang":"en","timestamp_ms":"1586538237665"}
