{"created_at":"Fri Apr 10 17:03:52 +0000 2020","id":1248657965852155910,"id_str":"1248657965852155910","text":"RT @jungwooyas: \u0e1b\u0e23\u0e30\u0e0a\u0e32\u0e01\u0e23\u0e08\u0e2d\u0e07\u0e2d\u0e39\u0e23\u0e35\u0e04\u0e48\u0e30 \u0e08\u0e30\u0e15\u0e32\u0e21\u0e1f\u0e2d\u0e25\u0e08\u0e19\u0e01\u0e27\u0e48\u0e32\u0e08\u0e2d\u0e07\u0e2d\u0e39\u0e08\u0e30\u0e2b\u0e32\u0e22\u0e2b\u0e31\u0e27\u0e25\u0e49\u0e32\u0e19 #NCTzen","source":"\u003ca href=\"http:\/\/twitter.com\/download\/iphone\" rel=\"nofollow\"\u003eTwitter for iPhone\u003c\/a\u003e","truncated":false,"in_reply_to_status_id":null,"in_reply_to_status_id_str":null,"in_reply_to_user_id":null,"in_reply_to_user_id_str":null,"in_reply_to_screen_name":null,"user":{"id":885513658960289792,"id_str":"885513658960289792","name":"\uc815\uc6b0\ub118\ucabc\uc544\uc624\ub610\ucf00\ud83d\udc36\ud83d\udc96","screen_name":"zeusxjy","location":null,"url":null,"description":"\u0e44\u0e2d\u0e40\u0e23\u0e34\u0e49\u0e1b\u0e19\u0e49\u0e2d\u0e07\u0e40\u0e2d\u0e1e\u0e35\u0e0a","translator_type":"none","protected":false,"verified":false,"followers_count":62,"friends_count":540,"listed_count":0,"favourites_count":5317,"statuses_count":64466,"created_at":"Thu Jul 13 14:58:03 +0000 2017","utc_offset":null,"time_zone":null,"geo_enabled":true,"lang":null,"contributors_enabled":false,"is_translator":false,"profile_background_color":"000000","profile_background_image_url":"http:\/\/abs.twimg.com\/images\/themes\/theme1\/bg.png","profile_background_image_url_https":"https:\/\/abs.twimg.com\/images\/themes\/theme1\/bg.png","profile_background_tile":false,"profile_link_color":"FF691F","profile_sidebar_border_color":"000000","profile_sidebar_fill_color":"000000","profile_text_color":"000000","profile_use_background_image":false,"profile_image_url":"http:\/\/pbs.twimg.com\/profile_images\/1221388891812290560\/sZcmhHJn_normal.png","profile_image_url_https":"https:\/\/pbs.twimg.com\/profile_images\/1221388891812290560\/sZcmhHJn_normal.png","profile_banner_url":"https:\/\/pbs.twimg.com\/profile_banners\/885513658960289792\/1560854145","default_profile":false,"default_profile_image":false,"following":null,"follow_request_sent":null,"notifications":null},"geo":null,"coordinates":null,"place":null,"contributors":null,"retweeted_status":{"created_at":"Fri Apr 10 12:56:13 +0000 2020","id":1248595643154575360,"id_str":"1248595643154575360","text":"\u0e1b\u0e23\u0e30\u0e0a\u0e32\u0e01\u0e23\u0e08\u0e2d\u0e07\u0e2d\u0e39\u0e23\u0e35\u0e04\u0e48\u0e30 \u0e08\u0e30\u0e15\u0e32\u0e21\u0e1f\u0e2d\u0e25\u0e08\u0e19\u0e01\u0e27\u0e48\u0e32\u0e08\u0e2d\u0e07\u0e2d\u0e39\u0e08\u0e30\u0e2b\u0e32\u0e22\u0e2b\u0e31\u0e27\u0e25\u0e49\u0e32\u0e19 #NCTzen","source":"\u003ca href=\"http:\/\/twitter.com\/download\/iphone\" rel=\"nofollow\"\u003eTwitter for iPhone\u003c\/a\u003e","truncated":false,"in_reply_to_status_id":null,"in_reply_to_status_id_str":null,"in_reply_to_user_id":null,"in_reply_to_user_id_str":null,"in_reply_to_screen_name":null,"user":{"id":1237691200213094400,"id_str":"1237691200213094400","name":"\u0e08\u0e2d\u0e07\u0e2d\u0e39 \u0e41\u0e21\u0e2a\u0e2b\u0e21\u0e14\u0e41\u0e25\u0e49\u0e27\u0e04\u0e48\u0e30","screen_name":"jungwooyas","location":null,"url":null,"description":"\u0e23\u0e31\u0e1a\u0e1a\u0e17\u0e40\u0e1b\u0e47\u0e19 \u0e41\u0e21\u0e35\u0e22\u0e48 \u0e08\u0e2d\u0e07\u0e2d\u0e39","translator_type":"none","protected":false,"verified":false,"followers_count":137,"friends_count":338,"listed_count":0,"favourites_count":50,"statuses_count":120,"created_at":"Wed Mar 11 10:46:13 +0000 2020","utc_offset":null,"time_zone":null,"geo_enabled":false,"lang":null,"contributors_enabled":false,"is_translator":false,"profile_background_color":"F5F8FA","profile_background_image_url":"","profile_background_image_url_https":"","profile_background_tile":false,"profile_link_color":"1DA1F2","profile_sidebar_border_color":"C0DEED","profile_sidebar_fill_color":"DDEEF6","profile_text_color":"333333","profile_use_background_image":true,"profile_image_url":"http:\/\/pbs.twimg.com\/profile_images\/1248593009932820480\/Urxl5FHf_normal.jpg","profile_image_url_https":"https:\/\/pbs.twimg.com\/profile_images\/1248593009932820480\/Urxl5FHf_normal.jpg","profile_banner_url":"https:\/\/pbs.twimg.com\/profile_banners\/1237691200213094400\/1586522747","default_profile":true,"default_profile_image":false,"following":null,"follow_request_sent":null,"notifications":null},"geo":null,"coordinates":null,"place":null,"contributors":null,"is_quote_status":false,"quote_count":4,"reply_count":17,"retweet_count":555,"favorite_count":49,"entities":{"hashtags":[{"text":"NCTzen","indices":[50,57]}],"urls":[],"user_mentions":[],"symbols":[]},"favorited":false,"retweeted":false,"filter_level":"low","lang":"th"},"is_quote_status":false,"quote_count":0,"reply_count":0,"retweet_count":0,"favorite_count":0,"entities":{"hashtags":[{"text":"NCTzen","indices":[66,73]}],"urls":[],"user_mentions":[{"screen_name":"jungwooyas","name":"\u0e08\u0e2d\u0e07\u0e2d\u0e39 \u0e41\u0e21\u0e2a\u0e2b\u0e21\u0e14\u0e41\u0e25\u0e49\u0e27\u0e04\u0e48\u0e30","id":1237691200213094400,"id_str":"1237691200213094400","indices":[3,14]}],"symbols":[]},"favorited":false,"retweeted":false,"filter_level":"low","lang":"th","timestamp_ms":"1586538232659"}
