{"created_at":"Fri Apr 10 17:03:55 +0000 2020","id":1248657978435293184,"id_str":"1248657978435293184","text":"RT @SDNR_2: Victim groups &amp; civil society have serious concerns with regards to the effectiveness of Pakistan\u2019s COIED, bcz it is not using\u2026","source":"\u003ca href=\"http:\/\/twitter.com\/download\/android\" rel=\"nofollow\"\u003eTwitter for Android\u003c\/a\u003e","truncated":false,"in_reply_to_status_id":null,"in_reply_to_status_id_str":null,"in_reply_to_user_id":null,"in_reply_to_user_id_str":null,"in_reply_to_screen_name":null,"user":{"id":768458321116467200,"id_str":"768458321116467200","name":"Ghazi Naqvi","screen_name":"SC_145","location":"Lahore, Pakistan","url":null,"description":"Social Media Activist.\n\nBecome the voice of Oppressed Peoples.\n\n#TeamRealists","translator_type":"none","protected":false,"verified":false,"followers_count":1299,"friends_count":902,"listed_count":0,"favourites_count":5297,"statuses_count":6348,"created_at":"Wed Aug 24 14:41:55 +0000 2016","utc_offset":null,"time_zone":null,"geo_enabled":true,"lang":null,"contributors_enabled":false,"is_translator":false,"profile_background_color":"F5F8FA","profile_background_image_url":"","profile_background_image_url_https":"","profile_background_tile":false,"profile_link_color":"1DA1F2","profile_sidebar_border_color":"C0DEED","profile_sidebar_fill_color":"DDEEF6","profile_text_color":"333333","profile_use_background_image":true,"profile_image_url":"http:\/\/pbs.twimg.com\/profile_images\/1222937733141876738\/1DdYCwm8_normal.jpg","profile_image_url_https":"https:\/\/pbs.twimg.com\/profile_images\/1222937733141876738\/1DdYCwm8_normal.jpg","profile_banner_url":"https:\/\/pbs.twimg.com\/profile_banners\/768458321116467200\/1585145483","default_profile":true,"default_profile_image":false,"following":null,"follow_request_sent":null,"notifications":null},"geo":null,"coordinates":null,"place":null,"contributors":null,"retweeted_status":{"created_at":"Fri Apr 10 15:19:46 +0000 2020","id":1248631767025803264,"id_str":"1248631767025803264","text":"Victim groups &amp; civil society have serious concerns with regards to the effectiveness of Pakistan\u2019s COIED, bcz it i\u2026 https:\/\/t.co\/JxeEJ9s2Re","source":"\u003ca href=\"https:\/\/about.twitter.com\/products\/tweetdeck\" rel=\"nofollow\"\u003eTweetDeck\u003c\/a\u003e","truncated":true,"in_reply_to_status_id":null,"in_reply_to_status_id_str":null,"in_reply_to_user_id":null,"in_reply_to_user_id_str":null,"in_reply_to_screen_name":null,"user":{"id":148288637,"id_str":"148288637","name":"Danial naqvi","screen_name":"SDNR_2","location":null,"url":null,"description":"100% follow back \n@Scout\n@team_realist","translator_type":"none","protected":false,"verified":false,"followers_count":746,"friends_count":1032,"listed_count":0,"favourites_count":3262,"statuses_count":5009,"created_at":"Wed May 26 09:34:33 +0000 2010","utc_offset":null,"time_zone":null,"geo_enabled":false,"lang":null,"contributors_enabled":false,"is_translator":false,"profile_background_color":"C0DEED","profile_background_image_url":"http:\/\/abs.twimg.com\/images\/themes\/theme1\/bg.png","profile_background_image_url_https":"https:\/\/abs.twimg.com\/images\/themes\/theme1\/bg.png","profile_background_tile":false,"profile_link_color":"1DA1F2","profile_sidebar_border_color":"C0DEED","profile_sidebar_fill_color":"DDEEF6","profile_text_color":"333333","profile_use_background_image":true,"profile_image_url":"http:\/\/pbs.twimg.com\/profile_images\/1242359043374624768\/zBCkryN__normal.jpg","profile_image_url_https":"https:\/\/pbs.twimg.com\/profile_images\/1242359043374624768\/zBCkryN__normal.jpg","profile_banner_url":"https:\/\/pbs.twimg.com\/profile_banners\/148288637\/1584817663","default_profile":true,"default_profile_image":false,"following":null,"follow_request_sent":null,"notifications":null},"geo":null,"coordinates":null,"place":null,"contributors":null,"is_quote_status":false,"extended_tweet":{"full_text":"Victim groups &amp; civil society have serious concerns with regards to the effectiveness of Pakistan\u2019s COIED, bcz it is not using its powers to investigate &amp; hold perpetrators accountable &amp; that it does not have civil society or the victim groups on its board.\n#\u0634\u06cc\u0639\u06c1_\u062c\u0628\u0631\u06cc_\u0627\u0633\u06cc\u0631_\u06a9\u06cc\u0648\u06ba","display_text_range":[0,290],"entities":{"hashtags":[{"text":"\u0634\u06cc\u0639\u06c1_\u062c\u0628\u0631\u06cc_\u0627\u0633\u06cc\u0631_\u06a9\u06cc\u0648\u06ba","indices":[270,290]}],"urls":[],"user_mentions":[],"symbols":[]}},"quote_count":2,"reply_count":1,"retweet_count":28,"favorite_count":7,"entities":{"hashtags":[],"urls":[{"url":"https:\/\/t.co\/JxeEJ9s2Re","expanded_url":"https:\/\/twitter.com\/i\/web\/status\/1248631767025803264","display_url":"twitter.com\/i\/web\/status\/1\u2026","indices":[121,144]}],"user_mentions":[],"symbols":[]},"favorited":false,"retweeted":false,"filter_level":"low","lang":"en"},"is_quote_status":false,"quote_count":0,"reply_count":0,"retweet_count":0,"favorite_count":0,"entities":{"hashtags":[],"urls":[],"user_mentions":[{"screen_name":"SDNR_2","name":"Danial naqvi","id":148288637,"id_str":"148288637","indices":[3,10]}],"symbols":[]},"favorited":false,"retweeted":false,"filter_level":"low","lang":"en","timestamp_ms":"1586538235659"}
