{"created_at":"Fri Apr 10 17:03:54 +0000 2020","id":1248657974232354816,"id_str":"1248657974232354816","text":"RT @kaalicharan: When it comes to donating, no amount is too small. \n\n4 years ago, when a little girl learned that a police dog had died on\u2026","source":"\u003ca href=\"http:\/\/twitter.com\/download\/iphone\" rel=\"nofollow\"\u003eTwitter for iPhone\u003c\/a\u003e","truncated":false,"in_reply_to_status_id":null,"in_reply_to_status_id_str":null,"in_reply_to_user_id":null,"in_reply_to_user_id_str":null,"in_reply_to_screen_name":null,"user":{"id":985034363481022464,"id_str":"985034363481022464","name":"Mufaddal Cementwala","screen_name":"muffi19c","location":null,"url":null,"description":"Optimistic Indian. Love animals more than homosapiens. Views are personal.","translator_type":"none","protected":false,"verified":false,"followers_count":72,"friends_count":1084,"listed_count":0,"favourites_count":700,"statuses_count":4124,"created_at":"Sat Apr 14 05:57:48 +0000 2018","utc_offset":null,"time_zone":null,"geo_enabled":true,"lang":null,"contributors_enabled":false,"is_translator":false,"profile_background_color":"F5F8FA","profile_background_image_url":"","profile_background_image_url_https":"","profile_background_tile":false,"profile_link_color":"1DA1F2","profile_sidebar_border_color":"C0DEED","profile_sidebar_fill_color":"DDEEF6","profile_text_color":"333333","profile_use_background_image":true,"profile_image_url":"http:\/\/pbs.twimg.com\/profile_images\/985035601949978624\/NbjvN_o6_normal.jpg","profile_image_url_https":"https:\/\/pbs.twimg.com\/profile_images\/985035601949978624\/NbjvN_o6_normal.jpg","profile_banner_url":"https:\/\/pbs.twimg.com\/profile_banners\/985034363481022464\/1523685765","default_profile":true,"default_profile_image":false,"following":null,"follow_request_sent":null,"notifications":null},"geo":null,"coordinates":null,"place":null,"contributors":null,"retweeted_status":{"created_at":"Fri Apr 10 15:00:43 +0000 2020","id":1248626972831313921,"id_str":"1248626972831313921","text":"When it comes to donating, no amount is too small. \n\n4 years ago, when a little girl learned that a police dog had\u2026 https:\/\/t.co\/UZndNBwsa4","source":"\u003ca href=\"https:\/\/mobile.twitter.com\" rel=\"nofollow\"\u003eTwitter Web App\u003c\/a\u003e","truncated":true,"in_reply_to_status_id":null,"in_reply_to_status_id_str":null,"in_reply_to_user_id":null,"in_reply_to_user_id_str":null,"in_reply_to_screen_name":null,"user":{"id":28751608,"id_str":"28751608","name":"Abhishek Joshi","screen_name":"kaalicharan","location":"New Delhi | Nainital ","url":"https:\/\/dogwithblog.in","description":"The man who was Peter Pan | Dog lover | \ud83c\udfc6 India's best blog (cause)  \n\nRaconteur, Reader, Digital marketer @ray_ban If I were an element, I'd be radioactive.","translator_type":"none","protected":false,"verified":false,"followers_count":9778,"friends_count":2551,"listed_count":181,"favourites_count":7620,"statuses_count":30010,"created_at":"Sat Apr 04 06:08:04 +0000 2009","utc_offset":null,"time_zone":null,"geo_enabled":true,"lang":null,"contributors_enabled":false,"is_translator":false,"profile_background_color":"241E11","profile_background_image_url":"http:\/\/abs.twimg.com\/images\/themes\/theme1\/bg.png","profile_background_image_url_https":"https:\/\/abs.twimg.com\/images\/themes\/theme1\/bg.png","profile_background_tile":false,"profile_link_color":"1B95E0","profile_sidebar_border_color":"B1A9A4","profile_sidebar_fill_color":"241E11","profile_text_color":"615954","profile_use_background_image":true,"profile_image_url":"http:\/\/pbs.twimg.com\/profile_images\/461033673635028992\/QimYLVc1_normal.jpeg","profile_image_url_https":"https:\/\/pbs.twimg.com\/profile_images\/461033673635028992\/QimYLVc1_normal.jpeg","profile_banner_url":"https:\/\/pbs.twimg.com\/profile_banners\/28751608\/1580317804","default_profile":false,"default_profile_image":false,"following":null,"follow_request_sent":null,"notifications":null},"geo":null,"coordinates":null,"place":null,"contributors":null,"is_quote_status":false,"extended_tweet":{"full_text":"When it comes to donating, no amount is too small. \n\n4 years ago, when a little girl learned that a police dog had died on duty while preventing a burglary, she donated all her allowance money to buy bulletproof vests for police dogs \ud83d\udc15\u200d\ud83e\uddba\ud83d\udc6e\ud83d\ude94\n\nhttps:\/\/t.co\/HPnoXLb51b","display_text_range":[0,264],"entities":{"hashtags":[],"urls":[{"url":"https:\/\/t.co\/HPnoXLb51b","expanded_url":"https:\/\/dogwithblog.in\/bulletproof-vests-for-police-dogs\/","display_url":"dogwithblog.in\/bulletproof-ve\u2026","indices":[241,264]}],"user_mentions":[],"symbols":[]}},"quote_count":0,"reply_count":0,"retweet_count":21,"favorite_count":56,"entities":{"hashtags":[],"urls":[{"url":"https:\/\/t.co\/UZndNBwsa4","expanded_url":"https:\/\/twitter.com\/i\/web\/status\/1248626972831313921","display_url":"twitter.com\/i\/web\/status\/1\u2026","indices":[116,139]}],"user_mentions":[],"symbols":[]},"favorited":false,"retweeted":false,"possibly_sensitive":false,"filter_level":"low","lang":"en"},"is_quote_status":false,"quote_count":0,"reply_count":0,"retweet_count":0,"favorite_count":0,"entities":{"hashtags":[],"urls":[],"user_mentions":[{"screen_name":"kaalicharan","name":"Abhishek Joshi","id":28751608,"id_str":"28751608","indices":[3,15]}],"symbols":[]},"favorited":false,"retweeted":false,"filter_level":"low","lang":"en","timestamp_ms":"1586538234657"}
