{"created_at":"Fri Apr 10 17:03:48 +0000 2020","id":1248657949074964480,"id_str":"1248657949074964480","text":"@Penjilatenak Tmna krwng na teh? Aya wa teh?","display_text_range":[14,44],"source":"\u003ca href=\"http:\/\/twitter.com\/download\/iphone\" rel=\"nofollow\"\u003eTwitter for iPhone\u003c\/a\u003e","truncated":false,"in_reply_to_status_id":1247393318889111553,"in_reply_to_status_id_str":"1247393318889111553","in_reply_to_user_id":1208024895050809350,"in_reply_to_user_id_str":"1208024895050809350","in_reply_to_screen_name":"Penjilatenak","user":{"id":2411322751,"id_str":"2411322751","name":"Nicholas","screen_name":"White_djoker","location":"Jabar","url":null,"description":"suka sama senang aja","translator_type":"none","protected":false,"verified":false,"followers_count":603,"friends_count":6,"listed_count":2,"favourites_count":66,"statuses_count":3857,"created_at":"Tue Mar 25 17:15:07 +0000 2014","utc_offset":null,"time_zone":null,"geo_enabled":false,"lang":null,"contributors_enabled":false,"is_translator":false,"profile_background_color":"C0DEED","profile_background_image_url":"http:\/\/abs.twimg.com\/images\/themes\/theme1\/bg.png","profile_background_image_url_https":"https:\/\/abs.twimg.com\/images\/themes\/theme1\/bg.png","profile_background_tile":false,"profile_link_color":"1DA1F2","profile_sidebar_border_color":"C0DEED","profile_sidebar_fill_color":"DDEEF6","profile_text_color":"333333","profile_use_background_image":true,"profile_image_url":"http:\/\/pbs.twimg.com\/profile_images\/805644049319239681\/qdqq-QoC_normal.jpg","profile_image_url_https":"https:\/\/pbs.twimg.com\/profile_images\/805644049319239681\/qdqq-QoC_normal.jpg","profile_banner_url":"https:\/\/pbs.twimg.com\/profile_banners\/2411322751\/1577434010","default_profile":true,"default_profile_image":false,"following":null,"follow_request_sent":null,"notifications":null},"geo":null,"coordinates":null,"place":null,"contributors":null,"is_quote_status":false,"quote_count":0,"reply_count":0,"retweet_count":0,"favorite_count":0,"entities":{"hashtags":[],"urls":[],"user_mentions":[{"screen_name":"Penjilatenak","name":"Penjilat enak","id":1208024895050809350,"id_str":"1208024895050809350","indices":[0,13]}],"symbols":[]},"favorited":false,"retweeted":false,"filter_level":"low","lang":"in","timestamp_ms":"1586538228659"}
