{"created_at":"Fri Apr 10 17:03:49 +0000 2020","id":1248657953294442497,"id_str":"1248657953294442497","text":"RT @les_ifany90m: No one cares what the liar Barr says! That train has left the station, and the sociopathic and clueless Barr missed it! T\u2026","source":"\u003ca href=\"https:\/\/mobile.twitter.com\" rel=\"nofollow\"\u003eTwitter Web App\u003c\/a\u003e","truncated":false,"in_reply_to_status_id":null,"in_reply_to_status_id_str":null,"in_reply_to_user_id":null,"in_reply_to_user_id_str":null,"in_reply_to_screen_name":null,"user":{"id":59959549,"id_str":"59959549","name":"Larry Crabbe","screen_name":"llcrabbe","location":"Arvada, CO & Denver Co","url":null,"description":"Liberal activist. Colorado& Denver Co.Served military 66-69..lRetired.on ss. Older and fun and happy n volunteerOFA.Member 6thAveUcc.O&A.Denver","translator_type":"none","protected":false,"verified":false,"followers_count":1496,"friends_count":3166,"listed_count":30,"favourites_count":19249,"statuses_count":38410,"created_at":"Sat Jul 25 02:47:18 +0000 2009","utc_offset":null,"time_zone":null,"geo_enabled":true,"lang":null,"contributors_enabled":false,"is_translator":false,"profile_background_color":"000000","profile_background_image_url":"http:\/\/abs.twimg.com\/images\/themes\/theme15\/bg.png","profile_background_image_url_https":"https:\/\/abs.twimg.com\/images\/themes\/theme15\/bg.png","profile_background_tile":false,"profile_link_color":"981CEB","profile_sidebar_border_color":"000000","profile_sidebar_fill_color":"000000","profile_text_color":"000000","profile_use_background_image":false,"profile_image_url":"http:\/\/pbs.twimg.com\/profile_images\/767799671343284225\/RKl2Bstk_normal.jpg","profile_image_url_https":"https:\/\/pbs.twimg.com\/profile_images\/767799671343284225\/RKl2Bstk_normal.jpg","profile_banner_url":"https:\/\/pbs.twimg.com\/profile_banners\/59959549\/1531505184","default_profile":false,"default_profile_image":false,"following":null,"follow_request_sent":null,"notifications":null},"geo":null,"coordinates":null,"place":null,"contributors":null,"retweeted_status":{"created_at":"Fri Apr 10 17:02:57 +0000 2020","id":1248657733072629760,"id_str":"1248657733072629760","text":"No one cares what the liar Barr says! That train has left the station, and the sociopathic and clueless Barr missed\u2026 https:\/\/t.co\/sC0IWsWdI9","source":"\u003ca href=\"http:\/\/twitter.com\/download\/android\" rel=\"nofollow\"\u003eTwitter for Android\u003c\/a\u003e","truncated":true,"in_reply_to_status_id":null,"in_reply_to_status_id_str":null,"in_reply_to_user_id":null,"in_reply_to_user_id_str":null,"in_reply_to_screen_name":null,"user":{"id":1543490875,"id_str":"1543490875","name":"Ifany","screen_name":"les_ifany90m","location":"United States","url":null,"description":"I'm afraid of people who believe in magic! Pet peeve of mines!","translator_type":"none","protected":false,"verified":false,"followers_count":1742,"friends_count":3195,"listed_count":9,"favourites_count":1425,"statuses_count":46713,"created_at":"Mon Jun 24 15:02:35 +0000 2013","utc_offset":null,"time_zone":null,"geo_enabled":false,"lang":null,"contributors_enabled":false,"is_translator":false,"profile_background_color":"C0DEED","profile_background_image_url":"http:\/\/abs.twimg.com\/images\/themes\/theme1\/bg.png","profile_background_image_url_https":"https:\/\/abs.twimg.com\/images\/themes\/theme1\/bg.png","profile_background_tile":false,"profile_link_color":"1DA1F2","profile_sidebar_border_color":"C0DEED","profile_sidebar_fill_color":"DDEEF6","profile_text_color":"333333","profile_use_background_image":true,"profile_image_url":"http:\/\/pbs.twimg.com\/profile_images\/378800000040036041\/92a1189a91d58bd9881abe0b04d82a23_normal.jpeg","profile_image_url_https":"https:\/\/pbs.twimg.com\/profile_images\/378800000040036041\/92a1189a91d58bd9881abe0b04d82a23_normal.jpeg","profile_banner_url":"https:\/\/pbs.twimg.com\/profile_banners\/1543490875\/1520605828","default_profile":true,"default_profile_image":false,"following":null,"follow_request_sent":null,"notifications":null},"geo":null,"coordinates":null,"place":null,"contributors":null,"is_quote_status":false,"extended_tweet":{"full_text":"No one cares what the liar Barr says! That train has left the station, and the sociopathic and clueless Barr missed it! There's a ever growing interest in his prosecution!","display_text_range":[0,171],"entities":{"hashtags":[],"urls":[],"user_mentions":[],"symbols":[]}},"quote_count":0,"reply_count":0,"retweet_count":1,"favorite_count":0,"entities":{"hashtags":[],"urls":[{"url":"https:\/\/t.co\/sC0IWsWdI9","expanded_url":"https:\/\/twitter.com\/i\/web\/status\/1248657733072629760","display_url":"twitter.com\/i\/web\/status\/1\u2026","indices":[117,140]}],"user_mentions":[],"symbols":[]},"favorited":false,"retweeted":false,"filter_level":"low","lang":"en"},"is_quote_status":false,"quote_count":0,"reply_count":0,"retweet_count":0,"favorite_count":0,"entities":{"hashtags":[],"urls":[],"user_mentions":[{"screen_name":"les_ifany90m","name":"Ifany","id":1543490875,"id_str":"1543490875","indices":[3,16]}],"symbols":[]},"favorited":false,"retweeted":false,"filter_level":"low","lang":"en","timestamp_ms":"1586538229665"}
