{"created_at":"Fri Apr 10 17:03:49 +0000 2020","id":1248657953269460998,"id_str":"1248657953269460998","text":"It\u2019s just showing people you care. Kraft Nissan &amp; Infiniti are \ud83d\udd25\ud83d\udd25\ud83d\udd25\ud83d\udd25\ud83d\udd25\ud83d\udcaf\ud83d\udcaf\ud83d\udcaf\ud83d\udcaf. #KraftNissan&amp;Infiniti# https:\/\/t.co\/z623PJp66s","display_text_range":[0,104],"source":"\u003ca href=\"http:\/\/twitter.com\/download\/iphone\" rel=\"nofollow\"\u003eTwitter for iPhone\u003c\/a\u003e","truncated":false,"in_reply_to_status_id":null,"in_reply_to_status_id_str":null,"in_reply_to_user_id":null,"in_reply_to_user_id_str":null,"in_reply_to_screen_name":null,"user":{"id":736815841233231874,"id_str":"736815841233231874","name":"Blaire Bussey","screen_name":"blairebussey","location":"Tallahassee, FL","url":"http:\/\/www.kraftnissan.com","description":"Seminole Fan Till I Die","translator_type":"none","protected":false,"verified":false,"followers_count":103,"friends_count":2584,"listed_count":1,"favourites_count":365,"statuses_count":124,"created_at":"Sun May 29 07:06:00 +0000 2016","utc_offset":null,"time_zone":null,"geo_enabled":false,"lang":null,"contributors_enabled":false,"is_translator":false,"profile_background_color":"F5F8FA","profile_background_image_url":"","profile_background_image_url_https":"","profile_background_tile":false,"profile_link_color":"1DA1F2","profile_sidebar_border_color":"C0DEED","profile_sidebar_fill_color":"DDEEF6","profile_text_color":"333333","profile_use_background_image":true,"profile_image_url":"http:\/\/abs.twimg.com\/sticky\/default_profile_images\/default_profile_normal.png","profile_image_url_https":"https:\/\/abs.twimg.com\/sticky\/default_profile_images\/default_profile_normal.png","default_profile":true,"default_profile_image":false,"following":null,"follow_request_sent":null,"notifications":null},"geo":null,"coordinates":null,"place":null,"contributors":null,"is_quote_status":false,"quote_count":0,"reply_count":0,"retweet_count":0,"favorite_count":0,"entities":{"hashtags":[{"text":"KraftNissan","indices":[78,90]}],"urls":[],"user_mentions":[],"symbols":[],"media":[{"id":1248657949188329473,"id_str":"1248657949188329473","indices":[105,128],"media_url":"http:\/\/pbs.twimg.com\/media\/EVQfygNWkAED5AD.jpg","media_url_https":"https:\/\/pbs.twimg.com\/media\/EVQfygNWkAED5AD.jpg","url":"https:\/\/t.co\/z623PJp66s","display_url":"pic.twitter.com\/z623PJp66s","expanded_url":"https:\/\/twitter.com\/blairebussey\/status\/1248657953269460998\/photo\/1","type":"photo","sizes":{"large":{"w":866,"h":938,"resize":"fit"},"thumb":{"w":150,"h":150,"resize":"crop"},"medium":{"w":866,"h":938,"resize":"fit"},"small":{"w":628,"h":680,"resize":"fit"}}}]},"extended_entities":{"media":[{"id":1248657949188329473,"id_str":"1248657949188329473","indices":[105,128],"media_url":"http:\/\/pbs.twimg.com\/media\/EVQfygNWkAED5AD.jpg","media_url_https":"https:\/\/pbs.twimg.com\/media\/EVQfygNWkAED5AD.jpg","url":"https:\/\/t.co\/z623PJp66s","display_url":"pic.twitter.com\/z623PJp66s","expanded_url":"https:\/\/twitter.com\/blairebussey\/status\/1248657953269460998\/photo\/1","type":"photo","sizes":{"large":{"w":866,"h":938,"resize":"fit"},"thumb":{"w":150,"h":150,"resize":"crop"},"medium":{"w":866,"h":938,"resize":"fit"},"small":{"w":628,"h":680,"resize":"fit"}}}]},"favorited":false,"retweeted":false,"possibly_sensitive":false,"filter_level":"low","lang":"en","timestamp_ms":"1586538229659"}
