{"created_at":"Fri Apr 10 17:03:50 +0000 2020","id":1248657957459353600,"id_str":"1248657957459353600","text":"@dmyoongi_ makan hyung","display_text_range":[11,22],"source":"\u003ca href=\"http:\/\/twitter.com\/download\/android\" rel=\"nofollow\"\u003eTwitter for Android\u003c\/a\u003e","truncated":false,"in_reply_to_status_id":1248657656983597057,"in_reply_to_status_id_str":"1248657656983597057","in_reply_to_user_id":1200404687473672192,"in_reply_to_user_id_str":"1200404687473672192","in_reply_to_screen_name":"dmyoongi_","user":{"id":1069566095453900800,"id_str":"1069566095453900800","name":"valee","screen_name":"taeecheekks","location":"magic shop","url":null,"description":"fan account @BTS_twt n @Stray_Kids | teamwork, makes the dreamwork.\n\u02ddmulfand,, ult btskz\u02dd","translator_type":"none","protected":false,"verified":false,"followers_count":519,"friends_count":592,"listed_count":0,"favourites_count":15075,"statuses_count":4279,"created_at":"Mon Dec 03 12:16:43 +0000 2018","utc_offset":null,"time_zone":null,"geo_enabled":false,"lang":null,"contributors_enabled":false,"is_translator":false,"profile_background_color":"F5F8FA","profile_background_image_url":"","profile_background_image_url_https":"","profile_background_tile":false,"profile_link_color":"1DA1F2","profile_sidebar_border_color":"C0DEED","profile_sidebar_fill_color":"DDEEF6","profile_text_color":"333333","profile_use_background_image":true,"profile_image_url":"http:\/\/pbs.twimg.com\/profile_images\/1246386564596248576\/8RjySKyK_normal.jpg","profile_image_url_https":"https:\/\/pbs.twimg.com\/profile_images\/1246386564596248576\/8RjySKyK_normal.jpg","profile_banner_url":"https:\/\/pbs.twimg.com\/profile_banners\/1069566095453900800\/1585581937","default_profile":true,"default_profile_image":false,"following":null,"follow_request_sent":null,"notifications":null},"geo":null,"coordinates":null,"place":null,"contributors":null,"is_quote_status":false,"quote_count":0,"reply_count":0,"retweet_count":0,"favorite_count":0,"entities":{"hashtags":[],"urls":[],"user_mentions":[{"screen_name":"dmyoongi_","name":"DMY\u2728","id":1200404687473672192,"id_str":"1200404687473672192","indices":[0,10]}],"symbols":[]},"favorited":false,"retweeted":false,"filter_level":"low","lang":"in","timestamp_ms":"1586538230658"}
