{"created_at":"Fri Apr 10 17:03:55 +0000 2020","id":1248657978435055622,"id_str":"1248657978435055622","text":"RT @whoisaddison: want u","source":"\u003ca href=\"https:\/\/mobile.twitter.com\" rel=\"nofollow\"\u003eTwitter Web App\u003c\/a\u003e","truncated":false,"in_reply_to_status_id":null,"in_reply_to_status_id_str":null,"in_reply_to_user_id":null,"in_reply_to_user_id_str":null,"in_reply_to_screen_name":null,"user":{"id":4782563808,"id_str":"4782563808","name":"Yoweth","screen_name":"SalvaYlloreth","location":null,"url":null,"description":"I would die for you","translator_type":"none","protected":false,"verified":false,"followers_count":527,"friends_count":556,"listed_count":0,"favourites_count":18414,"statuses_count":24612,"created_at":"Tue Jan 19 10:47:14 +0000 2016","utc_offset":null,"time_zone":null,"geo_enabled":false,"lang":null,"contributors_enabled":false,"is_translator":false,"profile_background_color":"000000","profile_background_image_url":"http:\/\/abs.twimg.com\/images\/themes\/theme1\/bg.png","profile_background_image_url_https":"https:\/\/abs.twimg.com\/images\/themes\/theme1\/bg.png","profile_background_tile":false,"profile_link_color":"19CF86","profile_sidebar_border_color":"000000","profile_sidebar_fill_color":"000000","profile_text_color":"000000","profile_use_background_image":false,"profile_image_url":"http:\/\/pbs.twimg.com\/profile_images\/1247257852378361858\/5F0e-M21_normal.jpg","profile_image_url_https":"https:\/\/pbs.twimg.com\/profile_images\/1247257852378361858\/5F0e-M21_normal.jpg","profile_banner_url":"https:\/\/pbs.twimg.com\/profile_banners\/4782563808\/1586102527","default_profile":false,"default_profile_image":false,"following":null,"follow_request_sent":null,"notifications":null},"geo":null,"coordinates":null,"place":null,"contributors":null,"retweeted_status":{"created_at":"Fri Apr 10 05:01:12 +0000 2020","id":1248476099085910023,"id_str":"1248476099085910023","text":"want u","source":"\u003ca href=\"http:\/\/twitter.com\/download\/iphone\" rel=\"nofollow\"\u003eTwitter for iPhone\u003c\/a\u003e","truncated":false,"in_reply_to_status_id":null,"in_reply_to_status_id_str":null,"in_reply_to_user_id":null,"in_reply_to_user_id_str":null,"in_reply_to_screen_name":null,"user":{"id":3305470938,"id_str":"3305470938","name":"addison rae","screen_name":"whoisaddison","location":null,"url":"http:\/\/www.instagram.com\/addisoneasterling","description":"i\u2019m doing the pouty face rn","translator_type":"none","protected":false,"verified":true,"followers_count":1110489,"friends_count":166,"listed_count":178,"favourites_count":11292,"statuses_count":3574,"created_at":"Tue Aug 04 00:14:01 +0000 2015","utc_offset":null,"time_zone":null,"geo_enabled":true,"lang":null,"contributors_enabled":false,"is_translator":false,"profile_background_color":"000000","profile_background_image_url":"http:\/\/abs.twimg.com\/images\/themes\/theme1\/bg.png","profile_background_image_url_https":"https:\/\/abs.twimg.com\/images\/themes\/theme1\/bg.png","profile_background_tile":false,"profile_link_color":"FAB81E","profile_sidebar_border_color":"000000","profile_sidebar_fill_color":"000000","profile_text_color":"000000","profile_use_background_image":false,"profile_image_url":"http:\/\/pbs.twimg.com\/profile_images\/1247327445511860228\/E7qNagKi_normal.jpg","profile_image_url_https":"https:\/\/pbs.twimg.com\/profile_images\/1247327445511860228\/E7qNagKi_normal.jpg","profile_banner_url":"https:\/\/pbs.twimg.com\/profile_banners\/3305470938\/1585806926","default_profile":false,"default_profile_image":false,"following":null,"follow_request_sent":null,"notifications":null},"geo":null,"coordinates":null,"place":null,"contributors":null,"is_quote_status":false,"quote_count":510,"reply_count":1456,"retweet_count":5525,"favorite_count":44223,"entities":{"hashtags":[],"urls":[],"user_mentions":[],"symbols":[]},"favorited":false,"retweeted":false,"filter_level":"low","lang":"en"},"is_quote_status":false,"quote_count":0,"reply_count":0,"retweet_count":0,"favorite_count":0,"entities":{"hashtags":[],"urls":[],"user_mentions":[{"screen_name":"whoisaddison","name":"addison rae","id":3305470938,"id_str":"3305470938","indices":[3,16]}],"symbols":[]},"favorited":false,"retweeted":false,"filter_level":"low","lang":"en","timestamp_ms":"1586538235659"}
