{"created_at":"Fri Apr 10 17:03:50 +0000 2020","id":1248657957463699459,"id_str":"1248657957463699459","text":"RT @AlfoSalusso: motivaci\u00f3n del d\u00eda: bagna cauda\ud83e\udd24","source":"\u003ca href=\"http:\/\/twitter.com\/download\/iphone\" rel=\"nofollow\"\u003eTwitter for iPhone\u003c\/a\u003e","truncated":false,"in_reply_to_status_id":null,"in_reply_to_status_id_str":null,"in_reply_to_user_id":null,"in_reply_to_user_id_str":null,"in_reply_to_screen_name":null,"user":{"id":2563977756,"id_str":"2563977756","name":"lore","screen_name":"LooreBischof","location":"C\u00f3rdoba, Argentina","url":null,"description":"you receive what you give \ud83e\udd8b","translator_type":"regular","protected":false,"verified":false,"followers_count":1348,"friends_count":1192,"listed_count":7,"favourites_count":10033,"statuses_count":11110,"created_at":"Thu Jun 12 20:02:05 +0000 2014","utc_offset":null,"time_zone":null,"geo_enabled":false,"lang":null,"contributors_enabled":false,"is_translator":false,"profile_background_color":"131516","profile_background_image_url":"http:\/\/abs.twimg.com\/images\/themes\/theme14\/bg.gif","profile_background_image_url_https":"https:\/\/abs.twimg.com\/images\/themes\/theme14\/bg.gif","profile_background_tile":true,"profile_link_color":"F58EA8","profile_sidebar_border_color":"000000","profile_sidebar_fill_color":"000000","profile_text_color":"000000","profile_use_background_image":true,"profile_image_url":"http:\/\/pbs.twimg.com\/profile_images\/1206405408178475008\/Lk7p-D3u_normal.jpg","profile_image_url_https":"https:\/\/pbs.twimg.com\/profile_images\/1206405408178475008\/Lk7p-D3u_normal.jpg","profile_banner_url":"https:\/\/pbs.twimg.com\/profile_banners\/2563977756\/1548820169","default_profile":false,"default_profile_image":false,"following":null,"follow_request_sent":null,"notifications":null},"geo":null,"coordinates":null,"place":null,"contributors":null,"retweeted_status":{"created_at":"Fri Apr 10 14:56:29 +0000 2020","id":1248625907960393730,"id_str":"1248625907960393730","text":"motivaci\u00f3n del d\u00eda: bagna cauda\ud83e\udd24","source":"\u003ca href=\"http:\/\/twitter.com\/download\/android\" rel=\"nofollow\"\u003eTwitter for Android\u003c\/a\u003e","truncated":false,"in_reply_to_status_id":null,"in_reply_to_status_id_str":null,"in_reply_to_user_id":null,"in_reply_to_user_id_str":null,"in_reply_to_screen_name":null,"user":{"id":1914174756,"id_str":"1914174756","name":"alfonsina","screen_name":"AlfoSalusso","location":"Ucacha-Cba","url":null,"description":"estudiante de derecho. \ud83d\udc69\u200d\u2696\ud83d\udd87\ud83d\udccc","translator_type":"none","protected":false,"verified":false,"followers_count":2519,"friends_count":1579,"listed_count":0,"favourites_count":44122,"statuses_count":22625,"created_at":"Sat Sep 28 13:48:11 +0000 2013","utc_offset":null,"time_zone":null,"geo_enabled":false,"lang":null,"contributors_enabled":false,"is_translator":false,"profile_background_color":"0971F0","profile_background_image_url":"http:\/\/abs.twimg.com\/images\/themes\/theme1\/bg.png","profile_background_image_url_https":"https:\/\/abs.twimg.com\/images\/themes\/theme1\/bg.png","profile_background_tile":false,"profile_link_color":"4A913C","profile_sidebar_border_color":"FFFFFF","profile_sidebar_fill_color":"DDEEF6","profile_text_color":"333333","profile_use_background_image":false,"profile_image_url":"http:\/\/pbs.twimg.com\/profile_images\/1242105507999109129\/IgV28VCB_normal.jpg","profile_image_url_https":"https:\/\/pbs.twimg.com\/profile_images\/1242105507999109129\/IgV28VCB_normal.jpg","profile_banner_url":"https:\/\/pbs.twimg.com\/profile_banners\/1914174756\/1575769266","default_profile":false,"default_profile_image":false,"following":null,"follow_request_sent":null,"notifications":null},"geo":null,"coordinates":null,"place":null,"contributors":null,"is_quote_status":false,"quote_count":3,"reply_count":0,"retweet_count":7,"favorite_count":2,"entities":{"hashtags":[],"urls":[],"user_mentions":[],"symbols":[]},"favorited":false,"retweeted":false,"filter_level":"low","lang":"es"},"is_quote_status":false,"quote_count":0,"reply_count":0,"retweet_count":0,"favorite_count":0,"entities":{"hashtags":[],"urls":[],"user_mentions":[{"screen_name":"AlfoSalusso","name":"alfonsina","id":1914174756,"id_str":"1914174756","indices":[3,15]}],"symbols":[]},"favorited":false,"retweeted":false,"filter_level":"low","lang":"es","timestamp_ms":"1586538230659"}
