{"created_at":"Fri Apr 10 17:03:53 +0000 2020","id":1248657970059067392,"id_str":"1248657970059067392","text":"#\u304b\u3075\u3093\u843d\u66f8\u304d\n\u304a\u3084\u3059\u3082\u3061 https:\/\/t.co\/6CE3z2b9KZ","display_text_range":[0,13],"source":"\u003ca href=\"http:\/\/twitter.com\/download\/iphone\" rel=\"nofollow\"\u003eTwitter for iPhone\u003c\/a\u003e","truncated":false,"in_reply_to_status_id":null,"in_reply_to_status_id_str":null,"in_reply_to_user_id":null,"in_reply_to_user_id_str":null,"in_reply_to_screen_name":null,"user":{"id":507360437,"id_str":"507360437","name":"\u304b\u3075\u3093\u3061\u3083\u30f3( '\u03c9')","screen_name":"motosuteakako","location":"\u6749\u306e\u6728","url":null,"description":"\u25a1\u30b9\u30d7\u30e9\u3057\u3066\u307e\u3059 \u25a1\u3082\u3093\u306f\u3093\u304a\u4f11\u307f\u4e2d\u25a1\u843d\u66f8\u304d\u3060\u3044\u3059\u304d \u25a1\u30d1\u30f3 \u30e0\u30c3\u30b7\u30e3\u30a2\u25a1\u3088\u306d\u3065\u3055\u3093","translator_type":"none","protected":false,"verified":false,"followers_count":335,"friends_count":365,"listed_count":16,"favourites_count":106477,"statuses_count":41871,"created_at":"Tue Feb 28 13:16:47 +0000 2012","utc_offset":null,"time_zone":null,"geo_enabled":false,"lang":null,"contributors_enabled":false,"is_translator":false,"profile_background_color":"C0DEED","profile_background_image_url":"http:\/\/abs.twimg.com\/images\/themes\/theme1\/bg.png","profile_background_image_url_https":"https:\/\/abs.twimg.com\/images\/themes\/theme1\/bg.png","profile_background_tile":false,"profile_link_color":"1DA1F2","profile_sidebar_border_color":"C0DEED","profile_sidebar_fill_color":"DDEEF6","profile_text_color":"333333","profile_use_background_image":true,"profile_image_url":"http:\/\/pbs.twimg.com\/profile_images\/1247932347099443201\/tuXgPOga_normal.jpg","profile_image_url_https":"https:\/\/pbs.twimg.com\/profile_images\/1247932347099443201\/tuXgPOga_normal.jpg","profile_banner_url":"https:\/\/pbs.twimg.com\/profile_banners\/507360437\/1586365232","default_profile":true,"default_profile_image":false,"following":null,"follow_request_sent":null,"notifications":null},"geo":null,"coordinates":null,"place":null,"contributors":null,"is_quote_status":false,"quote_count":0,"reply_count":0,"retweet_count":0,"favorite_count":0,"entities":{"hashtags":[{"text":"\u304b\u3075\u3093\u843d\u66f8\u304d","indices":[0,7]}],"urls":[],"user_mentions":[],"symbols":[],"media":[{"id":1248657963427827712,"id_str":"1248657963427827712","indices":[14,37],"media_url":"http:\/\/pbs.twimg.com\/media\/EVQfzVQUEAAf59u.jpg","media_url_https":"https:\/\/pbs.twimg.com\/media\/EVQfzVQUEAAf59u.jpg","url":"https:\/\/t.co\/6CE3z2b9KZ","display_url":"pic.twitter.com\/6CE3z2b9KZ","expanded_url":"https:\/\/twitter.com\/motosuteakako\/status\/1248657970059067392\/photo\/1","type":"photo","sizes":{"thumb":{"w":150,"h":150,"resize":"crop"},"large":{"w":400,"h":400,"resize":"fit"},"small":{"w":400,"h":400,"resize":"fit"},"medium":{"w":400,"h":400,"resize":"fit"}}}]},"extended_entities":{"media":[{"id":1248657963427827712,"id_str":"1248657963427827712","indices":[14,37],"media_url":"http:\/\/pbs.twimg.com\/media\/EVQfzVQUEAAf59u.jpg","media_url_https":"https:\/\/pbs.twimg.com\/media\/EVQfzVQUEAAf59u.jpg","url":"https:\/\/t.co\/6CE3z2b9KZ","display_url":"pic.twitter.com\/6CE3z2b9KZ","expanded_url":"https:\/\/twitter.com\/motosuteakako\/status\/1248657970059067392\/photo\/1","type":"photo","sizes":{"thumb":{"w":150,"h":150,"resize":"crop"},"large":{"w":400,"h":400,"resize":"fit"},"small":{"w":400,"h":400,"resize":"fit"},"medium":{"w":400,"h":400,"resize":"fit"}}}]},"favorited":false,"retweeted":false,"possibly_sensitive":false,"filter_level":"low","lang":"ja","timestamp_ms":"1586538233662"}
