{"created_at":"Fri Apr 10 17:03:50 +0000 2020","id":1248657957455196165,"id_str":"1248657957455196165","text":"@merkuryouss Ya ga atiati si","display_text_range":[13,28],"source":"\u003ca href=\"http:\/\/twitter.com\/download\/iphone\" rel=\"nofollow\"\u003eTwitter for iPhone\u003c\/a\u003e","truncated":false,"in_reply_to_status_id":1248657568873844736,"in_reply_to_status_id_str":"1248657568873844736","in_reply_to_user_id":1159630494717247488,"in_reply_to_user_id_str":"1159630494717247488","in_reply_to_screen_name":"merkuryouss","user":{"id":1110092723405512704,"id_str":"1110092723405512704","name":"whoscare","screen_name":"Troblmeker","location":null,"url":null,"description":"https:\/\/secreto.site\/id\/13367855","translator_type":"none","protected":false,"verified":false,"followers_count":1595,"friends_count":465,"listed_count":3,"favourites_count":5918,"statuses_count":7208,"created_at":"Mon Mar 25 08:15:04 +0000 2019","utc_offset":null,"time_zone":null,"geo_enabled":false,"lang":null,"contributors_enabled":false,"is_translator":false,"profile_background_color":"F5F8FA","profile_background_image_url":"","profile_background_image_url_https":"","profile_background_tile":false,"profile_link_color":"1DA1F2","profile_sidebar_border_color":"C0DEED","profile_sidebar_fill_color":"DDEEF6","profile_text_color":"333333","profile_use_background_image":true,"profile_image_url":"http:\/\/pbs.twimg.com\/profile_images\/1248538280636715008\/O7lPo72p_normal.jpg","profile_image_url_https":"https:\/\/pbs.twimg.com\/profile_images\/1248538280636715008\/O7lPo72p_normal.jpg","profile_banner_url":"https:\/\/pbs.twimg.com\/profile_banners\/1110092723405512704\/1586509700","default_profile":true,"default_profile_image":false,"following":null,"follow_request_sent":null,"notifications":null},"geo":null,"coordinates":null,"place":null,"contributors":null,"is_quote_status":false,"quote_count":0,"reply_count":0,"retweet_count":0,"favorite_count":0,"entities":{"hashtags":[],"urls":[],"user_mentions":[{"screen_name":"merkuryouss","name":"lalala","id":1159630494717247488,"id_str":"1159630494717247488","indices":[0,12]}],"symbols":[]},"favorited":false,"retweeted":false,"filter_level":"low","lang":"in","timestamp_ms":"1586538230657"}
