{"created_at":"Fri Apr 10 17:03:51 +0000 2020","id":1248657961670467586,"id_str":"1248657961670467586","text":"\uc57c\ubc24\uc5d0 \ud560 \uc7ac\ubc0c\ub294 \ud0dc\uadf8 \uc5c6\uc5b4\uc6a9?","source":"\u003ca href=\"http:\/\/twitter.com\/download\/android\" rel=\"nofollow\"\u003eTwitter for Android\u003c\/a\u003e","truncated":false,"in_reply_to_status_id":null,"in_reply_to_status_id_str":null,"in_reply_to_user_id":null,"in_reply_to_user_id_str":null,"in_reply_to_screen_name":null,"user":{"id":1248280427678150658,"id_str":"1248280427678150658","name":"\ud5e4\ube44\uba58\ud0c8","screen_name":"heavymental119","location":null,"url":null,"description":"\uc815\uc2e0\ubcd1\uc790. \ud2b8\uc704\ud130 \ubcf8\uacc4 \uc0ac\ucc30\uc744 \ud53c\ud574 \ub3c4\ub9dd\uc634","translator_type":"none","protected":false,"verified":false,"followers_count":16,"friends_count":93,"listed_count":0,"favourites_count":9,"statuses_count":123,"created_at":"Thu Apr 09 16:03:49 +0000 2020","utc_offset":null,"time_zone":null,"geo_enabled":false,"lang":null,"contributors_enabled":false,"is_translator":false,"profile_background_color":"F5F8FA","profile_background_image_url":"","profile_background_image_url_https":"","profile_background_tile":false,"profile_link_color":"1DA1F2","profile_sidebar_border_color":"C0DEED","profile_sidebar_fill_color":"DDEEF6","profile_text_color":"333333","profile_use_background_image":true,"profile_image_url":"http:\/\/pbs.twimg.com\/profile_images\/1248308331355070464\/GHo1STpg_normal.jpg","profile_image_url_https":"https:\/\/pbs.twimg.com\/profile_images\/1248308331355070464\/GHo1STpg_normal.jpg","default_profile":true,"default_profile_image":false,"following":null,"follow_request_sent":null,"notifications":null},"geo":null,"coordinates":null,"place":null,"contributors":null,"is_quote_status":false,"quote_count":0,"reply_count":0,"retweet_count":0,"favorite_count":0,"entities":{"hashtags":[],"urls":[],"user_mentions":[],"symbols":[]},"favorited":false,"retweeted":false,"filter_level":"low","lang":"ko","timestamp_ms":"1586538231662"}
