{"created_at":"Fri Apr 10 17:03:50 +0000 2020","id":1248657957484736514,"id_str":"1248657957484736514","text":"The need for business to move with agility, resilience and unity is more urgent than ever. Accelerate recovery &amp; tr\u2026 https:\/\/t.co\/BMvYnsJtkO","source":"\u003ca href=\"https:\/\/about.twitter.com\/products\/tweetdeck\" rel=\"nofollow\"\u003eTweetDeck\u003c\/a\u003e","truncated":true,"in_reply_to_status_id":null,"in_reply_to_status_id_str":null,"in_reply_to_user_id":null,"in_reply_to_user_id_str":null,"in_reply_to_screen_name":null,"user":{"id":1347255096,"id_str":"1347255096","name":"Thomas Harrer","screen_name":"Thomas_Harrer","location":"Europe","url":"https:\/\/www.linkedin.com\/in\/thomasharrer\/","description":"#ArchitectingTheFuture - #MegaTrends #AI #Innovation #Data #Technology #CyberSecurity #Influencer. Views are my own\n\n#IBM: #CTO HW Sales, #IBMSystems, #Europe.","translator_type":"none","protected":false,"verified":false,"followers_count":4546,"friends_count":916,"listed_count":149,"favourites_count":2071,"statuses_count":21363,"created_at":"Fri Apr 12 16:57:03 +0000 2013","utc_offset":null,"time_zone":null,"geo_enabled":false,"lang":null,"contributors_enabled":false,"is_translator":false,"profile_background_color":"000000","profile_background_image_url":"http:\/\/abs.twimg.com\/images\/themes\/theme4\/bg.gif","profile_background_image_url_https":"https:\/\/abs.twimg.com\/images\/themes\/theme4\/bg.gif","profile_background_tile":false,"profile_link_color":"1B95E0","profile_sidebar_border_color":"000000","profile_sidebar_fill_color":"000000","profile_text_color":"000000","profile_use_background_image":false,"profile_image_url":"http:\/\/pbs.twimg.com\/profile_images\/1102594034923638786\/ixdXE3Vt_normal.png","profile_image_url_https":"https:\/\/pbs.twimg.com\/profile_images\/1102594034923638786\/ixdXE3Vt_normal.png","profile_banner_url":"https:\/\/pbs.twimg.com\/profile_banners\/1347255096\/1577110072","default_profile":false,"default_profile_image":false,"following":null,"follow_request_sent":null,"notifications":null},"geo":null,"coordinates":null,"place":null,"contributors":null,"quoted_status_id":1248280510507429891,"quoted_status_id_str":"1248280510507429891","quoted_status":{"created_at":"Thu Apr 09 16:04:00 +0000 2020","id":1248280510507429891,"id_str":"1248280510507429891","text":"The need for business to move with agility, resilience and unity is more urgent than ever. Accelerate recovery &amp; tr\u2026 https:\/\/t.co\/r1ViGEIXoA","display_text_range":[0,140],"source":"\u003ca href=\"https:\/\/about.twitter.com\/products\/tweetdeck\" rel=\"nofollow\"\u003eTweetDeck\u003c\/a\u003e","truncated":true,"in_reply_to_status_id":null,"in_reply_to_status_id_str":null,"in_reply_to_user_id":null,"in_reply_to_user_id_str":null,"in_reply_to_screen_name":null,"user":{"id":1347255096,"id_str":"1347255096","name":"Thomas Harrer","screen_name":"Thomas_Harrer","location":"Europe","url":"https:\/\/www.linkedin.com\/in\/thomasharrer\/","description":"#ArchitectingTheFuture - #MegaTrends #AI #Innovation #Data #Technology #CyberSecurity #Influencer. Views are my own\n\n#IBM: #CTO HW Sales, #IBMSystems, #Europe.","translator_type":"none","protected":false,"verified":false,"followers_count":4546,"friends_count":916,"listed_count":149,"favourites_count":2071,"statuses_count":21362,"created_at":"Fri Apr 12 16:57:03 +0000 2013","utc_offset":null,"time_zone":null,"geo_enabled":false,"lang":null,"contributors_enabled":false,"is_translator":false,"profile_background_color":"000000","profile_background_image_url":"http:\/\/abs.twimg.com\/images\/themes\/theme4\/bg.gif","profile_background_image_url_https":"https:\/\/abs.twimg.com\/images\/themes\/theme4\/bg.gif","profile_background_tile":false,"profile_link_color":"1B95E0","profile_sidebar_border_color":"000000","profile_sidebar_fill_color":"000000","profile_text_color":"000000","profile_use_background_image":false,"profile_image_url":"http:\/\/pbs.twimg.com\/profile_images\/1102594034923638786\/ixdXE3Vt_normal.png","profile_image_url_https":"https:\/\/pbs.twimg.com\/profile_images\/1102594034923638786\/ixdXE3Vt_normal.png","profile_banner_url":"https:\/\/pbs.twimg.com\/profile_banners\/1347255096\/1577110072","default_profile":false,"default_profile_image":false,"following":null,"follow_request_sent":null,"notifications":null},"geo":null,"coordinates":null,"place":null,"contributors":null,"is_quote_status":false,"extended_tweet":{"full_text":"The need for business to move with agility, resilience and unity is more urgent than ever. Accelerate recovery &amp; transformation @ #IBM #Think2020 Digital Event Experience, May 5-6.\nRegistration is free: https:\/\/t.co\/hEPpYk65pq https:\/\/t.co\/JO22vwybCI\n@ibmlive\n#defstar5 #smm #seo https:\/\/t.co\/or7mmoy8M9","display_text_range":[0,283],"entities":{"hashtags":[{"text":"IBM","indices":[134,138]},{"text":"Think2020","indices":[139,149]},{"text":"defstar5","indices":[264,273]},{"text":"smm","indices":[274,278]},{"text":"seo","indices":[279,283]}],"urls":[{"url":"https:\/\/t.co\/hEPpYk65pq","expanded_url":"https:\/\/ibm.co\/3aslFde","display_url":"ibm.co\/3aslFde","indices":[207,230]}],"user_mentions":[{"screen_name":"ibmlive","name":"IBM Live","id":16615576,"id_str":"16615576","indices":[255,263]}],"symbols":[],"media":[{"id":1244651647026036737,"id_str":"1244651647026036737","indices":[284,307],"media_url":"http:\/\/pbs.twimg.com\/media\/EUXkFBoXgAEl4Uh.jpg","media_url_https":"https:\/\/pbs.twimg.com\/media\/EUXkFBoXgAEl4Uh.jpg","url":"https:\/\/t.co\/or7mmoy8M9","display_url":"pic.twitter.com\/or7mmoy8M9","expanded_url":"https:\/\/twitter.com\/Thomas_Harrer\/status\/1248280510507429891\/photo\/1","type":"photo","sizes":{"thumb":{"w":150,"h":150,"resize":"crop"},"medium":{"w":1080,"h":592,"resize":"fit"},"small":{"w":680,"h":373,"resize":"fit"},"large":{"w":1080,"h":592,"resize":"fit"}}},{"id":1243533231141650432,"id_str":"1243533231141650432","indices":[231,254],"media_url":"http:\/\/pbs.twimg.com\/tweet_video_thumb\/EUHq4pyXgAATSrq.jpg","media_url_https":"https:\/\/pbs.twimg.com\/tweet_video_thumb\/EUHq4pyXgAATSrq.jpg","url":"https:\/\/t.co\/JO22vwybCI","display_url":"pic.twitter.com\/JO22vwybCI","expanded_url":"https:\/\/twitter.com\/ibmlive\/status\/1243533266457694208\/photo\/1","type":"animated_gif","video_info":{"aspect_ratio":[1,1],"variants":[{"bitrate":0,"content_type":"video\/mp4","url":"https:\/\/video.twimg.com\/tweet_video\/EUHq4pyXgAATSrq.mp4"}]},"sizes":{"thumb":{"w":150,"h":150,"resize":"crop"},"small":{"w":600,"h":600,"resize":"fit"},"medium":{"w":600,"h":600,"resize":"fit"},"large":{"w":600,"h":600,"resize":"fit"}},"source_status_id":1243533266457694208,"source_status_id_str":"1243533266457694208","source_user_id":16615576,"source_user_id_str":"16615576"}]},"extended_entities":{"media":[{"id":1244651647026036737,"id_str":"1244651647026036737","indices":[284,307],"media_url":"http:\/\/pbs.twimg.com\/media\/EUXkFBoXgAEl4Uh.jpg","media_url_https":"https:\/\/pbs.twimg.com\/media\/EUXkFBoXgAEl4Uh.jpg","url":"https:\/\/t.co\/or7mmoy8M9","display_url":"pic.twitter.com\/or7mmoy8M9","expanded_url":"https:\/\/twitter.com\/Thomas_Harrer\/status\/1248280510507429891\/photo\/1","type":"photo","sizes":{"thumb":{"w":150,"h":150,"resize":"crop"},"medium":{"w":1080,"h":592,"resize":"fit"},"small":{"w":680,"h":373,"resize":"fit"},"large":{"w":1080,"h":592,"resize":"fit"}}},{"id":1243533231141650432,"id_str":"1243533231141650432","indices":[231,254],"media_url":"http:\/\/pbs.twimg.com\/tweet_video_thumb\/EUHq4pyXgAATSrq.jpg","media_url_https":"https:\/\/pbs.twimg.com\/tweet_video_thumb\/EUHq4pyXgAATSrq.jpg","url":"https:\/\/t.co\/JO22vwybCI","display_url":"pic.twitter.com\/JO22vwybCI","expanded_url":"https:\/\/twitter.com\/ibmlive\/status\/1243533266457694208\/photo\/1","type":"animated_gif","video_info":{"aspect_ratio":[1,1],"variants":[{"bitrate":0,"content_type":"video\/mp4","url":"https:\/\/video.twimg.com\/tweet_video\/EUHq4pyXgAATSrq.mp4"}]},"sizes":{"thumb":{"w":150,"h":150,"resize":"crop"},"small":{"w":600,"h":600,"resize":"fit"},"medium":{"w":600,"h":600,"resize":"fit"},"large":{"w":600,"h":600,"resize":"fit"}},"source_status_id":1243533266457694208,"source_status_id_str":"1243533266457694208","source_user_id":16615576,"source_user_id_str":"16615576"}]}},"quote_count":0,"reply_count":0,"retweet_count":11,"favorite_count":1,"entities":{"hashtags":[],"urls":[{"url":"https:\/\/t.co\/r1ViGEIXoA","expanded_url":"https:\/\/twitter.com\/i\/web\/status\/1248280510507429891","display_url":"twitter.com\/i\/web\/status\/1\u2026","indices":[121,144]}],"user_mentions":[],"symbols":[]},"favorited":false,"retweeted":false,"possibly_sensitive":false,"filter_level":"low","lang":"en"},"quoted_status_permalink":{"url":"https:\/\/t.co\/sAFiawG4rd","expanded":"https:\/\/twitter.com\/Thomas_Harrer\/status\/1248280510507429891","display":"twitter.com\/Thomas_Harrer\/\u2026"},"is_quote_status":true,"extended_tweet":{"full_text":"The need for business to move with agility, resilience and unity is more urgent than ever. Accelerate recovery &amp; transformation @ #IBM #Think2020 Digital Event Experience, May 5-6.\nRegistration is free: https:\/\/t.co\/hEPpYk65pq https:\/\/t.co\/JO22vwybCI\n@ibmlive\n#defstar5 #smm #seo","display_text_range":[0,283],"entities":{"hashtags":[{"text":"IBM","indices":[134,138]},{"text":"Think2020","indices":[139,149]},{"text":"defstar5","indices":[264,273]},{"text":"smm","indices":[274,278]},{"text":"seo","indices":[279,283]}],"urls":[{"url":"https:\/\/t.co\/hEPpYk65pq","expanded_url":"https:\/\/ibm.co\/3aslFde","display_url":"ibm.co\/3aslFde","indices":[207,230]}],"user_mentions":[{"screen_name":"ibmlive","name":"IBM Live","id":16615576,"id_str":"16615576","indices":[255,263]}],"symbols":[],"media":[{"id":1243533231141650432,"id_str":"1243533231141650432","indices":[231,254],"media_url":"http:\/\/pbs.twimg.com\/tweet_video_thumb\/EUHq4pyXgAATSrq.jpg","media_url_https":"https:\/\/pbs.twimg.com\/tweet_video_thumb\/EUHq4pyXgAATSrq.jpg","url":"https:\/\/t.co\/JO22vwybCI","display_url":"pic.twitter.com\/JO22vwybCI","expanded_url":"https:\/\/twitter.com\/ibmlive\/status\/1243533266457694208\/photo\/1","type":"animated_gif","video_info":{"aspect_ratio":[1,1],"variants":[{"bitrate":0,"content_type":"video\/mp4","url":"https:\/\/video.twimg.com\/tweet_video\/EUHq4pyXgAATSrq.mp4"}]},"sizes":{"thumb":{"w":150,"h":150,"resize":"crop"},"small":{"w":600,"h":600,"resize":"fit"},"medium":{"w":600,"h":600,"resize":"fit"},"large":{"w":600,"h":600,"resize":"fit"}},"source_status_id":1243533266457694208,"source_status_id_str":"1243533266457694208","source_user_id":16615576,"source_user_id_str":"16615576"}]},"extended_entities":{"media":[{"id":1243533231141650432,"id_str":"1243533231141650432","indices":[231,254],"media_url":"http:\/\/pbs.twimg.com\/tweet_video_thumb\/EUHq4pyXgAATSrq.jpg","media_url_https":"https:\/\/pbs.twimg.com\/tweet_video_thumb\/EUHq4pyXgAATSrq.jpg","url":"https:\/\/t.co\/JO22vwybCI","display_url":"pic.twitter.com\/JO22vwybCI","expanded_url":"https:\/\/twitter.com\/ibmlive\/status\/1243533266457694208\/photo\/1","type":"animated_gif","video_info":{"aspect_ratio":[1,1],"variants":[{"bitrate":0,"content_type":"video\/mp4","url":"https:\/\/video.twimg.com\/tweet_video\/EUHq4pyXgAATSrq.mp4"}]},"sizes":{"thumb":{"w":150,"h":150,"resize":"crop"},"small":{"w":600,"h":600,"resize":"fit"},"medium":{"w":600,"h":600,"resize":"fit"},"large":{"w":600,"h":600,"resize":"fit"}},"source_status_id":1243533266457694208,"source_status_id_str":"1243533266457694208","source_user_id":16615576,"source_user_id_str":"16615576"}]}},"quote_count":0,"reply_count":0,"retweet_count":0,"favorite_count":0,"entities":{"hashtags":[],"urls":[{"url":"https:\/\/t.co\/BMvYnsJtkO","expanded_url":"https:\/\/twitter.com\/i\/web\/status\/1248657957484736514","display_url":"twitter.com\/i\/web\/status\/1\u2026","indices":[121,144]}],"user_mentions":[],"symbols":[]},"favorited":false,"retweeted":false,"possibly_sensitive":false,"filter_level":"low","lang":"en","timestamp_ms":"1586538230664"}
