{"created_at":"Fri Apr 10 17:03:48 +0000 2020","id":1248657949087727617,"id_str":"1248657949087727617","text":"RT @Denise_CMX: WAIT GUYS DJ https:\/\/t.co\/BWW4YiT295 AND WONHO IS UNDER HIGHLINE SKSHKSJS HYUNGWONHO COLLAB","source":"\u003ca href=\"http:\/\/twitter.com\/#!\/download\/ipad\" rel=\"nofollow\"\u003eTwitter for iPad\u003c\/a\u003e","truncated":false,"in_reply_to_status_id":null,"in_reply_to_status_id_str":null,"in_reply_to_user_id":null,"in_reply_to_user_id_str":null,"in_reply_to_screen_name":null,"user":{"id":1131537486696636416,"id_str":"1131537486696636416","name":"Joy missing Kyungsoo \u2077\ud83c\udf6f","screen_name":"emmatargaryen1","location":"Demi\ud83c\udf08","url":null,"description":"\ud83c\udf42 mi piace la diversit\u00e0 \ud83c\udf3clive, love, shine\ud83c\udf42OT7\ud83c\udf3cmulti-stan\ud83d\udea8I\u2019m the cancer of each fandom\ud83d\udea8MX STAY STRONG\u2764\ufe0fSardinia\ud83c\uddee\ud83c\uddf9","translator_type":"none","protected":false,"verified":false,"followers_count":1015,"friends_count":1374,"listed_count":6,"favourites_count":17397,"statuses_count":17393,"created_at":"Thu May 23 12:28:54 +0000 2019","utc_offset":null,"time_zone":null,"geo_enabled":false,"lang":null,"contributors_enabled":false,"is_translator":false,"profile_background_color":"F5F8FA","profile_background_image_url":"","profile_background_image_url_https":"","profile_background_tile":false,"profile_link_color":"1DA1F2","profile_sidebar_border_color":"C0DEED","profile_sidebar_fill_color":"DDEEF6","profile_text_color":"333333","profile_use_background_image":true,"profile_image_url":"http:\/\/pbs.twimg.com\/profile_images\/1244942084836134913\/DwDPuQpS_normal.jpg","profile_image_url_https":"https:\/\/pbs.twimg.com\/profile_images\/1244942084836134913\/DwDPuQpS_normal.jpg","profile_banner_url":"https:\/\/pbs.twimg.com\/profile_banners\/1131537486696636416\/1585834606","default_profile":true,"default_profile_image":false,"following":null,"follow_request_sent":null,"notifications":null},"geo":null,"coordinates":null,"place":null,"contributors":null,"retweeted_status":{"created_at":"Fri Apr 10 01:40:37 +0000 2020","id":1248425622688260097,"id_str":"1248425622688260097","text":"WAIT GUYS DJ https:\/\/t.co\/BWW4YiT295 AND WONHO IS UNDER HIGHLINE SKSHKSJS HYUNGWONHO COLLAB","source":"\u003ca href=\"http:\/\/twitter.com\/download\/android\" rel=\"nofollow\"\u003eTwitter for Android\u003c\/a\u003e","truncated":false,"in_reply_to_status_id":null,"in_reply_to_status_id_str":null,"in_reply_to_user_id":null,"in_reply_to_user_id_str":null,"in_reply_to_screen_name":null,"user":{"id":3150056132,"id_str":"3150056132","name":"WONHO IS BACK","screen_name":"Denise_CMX","location":null,"url":null,"description":"full time monbebe, part time student \ud83e\udd1f\ud83c\udffb\u2728 220619 \ud83d\udc96 soft but on crack","translator_type":"none","protected":false,"verified":false,"followers_count":1206,"friends_count":334,"listed_count":7,"favourites_count":12433,"statuses_count":6525,"created_at":"Sat Apr 11 15:38:33 +0000 2015","utc_offset":null,"time_zone":null,"geo_enabled":true,"lang":null,"contributors_enabled":false,"is_translator":false,"profile_background_color":"C0DEED","profile_background_image_url":"http:\/\/abs.twimg.com\/images\/themes\/theme1\/bg.png","profile_background_image_url_https":"https:\/\/abs.twimg.com\/images\/themes\/theme1\/bg.png","profile_background_tile":false,"profile_link_color":"1DA1F2","profile_sidebar_border_color":"C0DEED","profile_sidebar_fill_color":"DDEEF6","profile_text_color":"333333","profile_use_background_image":true,"profile_image_url":"http:\/\/pbs.twimg.com\/profile_images\/1248211931019620352\/UApMgtxZ_normal.jpg","profile_image_url_https":"https:\/\/pbs.twimg.com\/profile_images\/1248211931019620352\/UApMgtxZ_normal.jpg","profile_banner_url":"https:\/\/pbs.twimg.com\/profile_banners\/3150056132\/1585672863","default_profile":true,"default_profile_image":false,"following":null,"follow_request_sent":null,"notifications":null},"geo":null,"coordinates":null,"place":null,"contributors":null,"is_quote_status":false,"quote_count":38,"reply_count":17,"retweet_count":853,"favorite_count":1945,"entities":{"hashtags":[],"urls":[{"url":"https:\/\/t.co\/BWW4YiT295","expanded_url":"http:\/\/H.ONE","display_url":"H.ONE","indices":[13,36]}],"user_mentions":[],"symbols":[]},"favorited":false,"retweeted":false,"possibly_sensitive":false,"filter_level":"low","lang":"en"},"is_quote_status":false,"quote_count":0,"reply_count":0,"retweet_count":0,"favorite_count":0,"entities":{"hashtags":[],"urls":[{"url":"https:\/\/t.co\/BWW4YiT295","expanded_url":"http:\/\/H.ONE","display_url":"H.ONE","indices":[29,52]}],"user_mentions":[{"screen_name":"Denise_CMX","name":"WONHO IS BACK","id":3150056132,"id_str":"3150056132","indices":[3,14]}],"symbols":[]},"favorited":false,"retweeted":false,"possibly_sensitive":false,"filter_level":"low","lang":"en","timestamp_ms":"1586538228662"}
