{"created_at":"Fri Apr 10 17:03:56 +0000 2020","id":1248657982646366208,"id_str":"1248657982646366208","text":"RT @OwnDoctor: Xperience Music - Ndakatsamira (Official YouTube video) \n                 \ud83d\udc47\ud83c\udffe\ud83d\udc47\ud83c\udffe\n    https:\/\/t.co\/4wE0Vj6a8L https:\/\/t.co\/lZRu\u2026","source":"\u003ca href=\"http:\/\/twitter.com\/download\/android\" rel=\"nofollow\"\u003eTwitter for Android\u003c\/a\u003e","truncated":false,"in_reply_to_status_id":null,"in_reply_to_status_id_str":null,"in_reply_to_user_id":null,"in_reply_to_user_id_str":null,"in_reply_to_screen_name":null,"user":{"id":1031942085669281793,"id_str":"1031942085669281793","name":"Deji Imole\u2122 \ud83d\udca6\ud83c\udf0d","screen_name":"Dejiimole_","location":"Vacation - Fireboy,Joeboy&Tems","url":"https:\/\/twitter.com\/messages\/966098301132181505","description":"*inserts catchy bio*","translator_type":"none","protected":false,"verified":false,"followers_count":10911,"friends_count":8668,"listed_count":2,"favourites_count":9527,"statuses_count":12556,"created_at":"Tue Aug 21 16:32:20 +0000 2018","utc_offset":null,"time_zone":null,"geo_enabled":false,"lang":null,"contributors_enabled":false,"is_translator":false,"profile_background_color":"F5F8FA","profile_background_image_url":"","profile_background_image_url_https":"","profile_background_tile":false,"profile_link_color":"1DA1F2","profile_sidebar_border_color":"C0DEED","profile_sidebar_fill_color":"DDEEF6","profile_text_color":"333333","profile_use_background_image":true,"profile_image_url":"http:\/\/pbs.twimg.com\/profile_images\/1247622184178155521\/uekeX9aY_normal.jpg","profile_image_url_https":"https:\/\/pbs.twimg.com\/profile_images\/1247622184178155521\/uekeX9aY_normal.jpg","profile_banner_url":"https:\/\/pbs.twimg.com\/profile_banners\/1031942085669281793\/1584429731","default_profile":true,"default_profile_image":false,"following":null,"follow_request_sent":null,"notifications":null},"geo":null,"coordinates":null,"place":null,"contributors":null,"retweeted_status":{"created_at":"Fri Apr 10 16:53:59 +0000 2020","id":1248655479724806145,"id_str":"1248655479724806145","text":"Xperience Music - Ndakatsamira (Official YouTube video) \n                 \ud83d\udc47\ud83c\udffe\ud83d\udc47\ud83c\udffe\n    https:\/\/t.co\/4wE0Vj6a8L https:\/\/t.co\/lZRuWkIiJB","display_text_range":[0,106],"source":"\u003ca href=\"http:\/\/twitter.com\/download\/android\" rel=\"nofollow\"\u003eTwitter for Android\u003c\/a\u003e","truncated":false,"in_reply_to_status_id":null,"in_reply_to_status_id_str":null,"in_reply_to_user_id":null,"in_reply_to_user_id_str":null,"in_reply_to_screen_name":null,"user":{"id":1037988554431971328,"id_str":"1037988554431971328","name":"\ud83c\udfb6NewSide EP \ud83c\udfb6\ud83c\udfb5is out now","screen_name":"OwnDoctor","location":"Kenya Nigeria ","url":null,"description":"@ECoolOfficial 's number one fan. Sambu Sambu is me \u270c\ud83c\udffe","translator_type":"none","protected":false,"verified":false,"followers_count":107153,"friends_count":20556,"listed_count":35,"favourites_count":146289,"statuses_count":184553,"created_at":"Fri Sep 07 08:58:51 +0000 2018","utc_offset":null,"time_zone":null,"geo_enabled":true,"lang":null,"contributors_enabled":false,"is_translator":false,"profile_background_color":"F5F8FA","profile_background_image_url":"","profile_background_image_url_https":"","profile_background_tile":false,"profile_link_color":"1DA1F2","profile_sidebar_border_color":"C0DEED","profile_sidebar_fill_color":"DDEEF6","profile_text_color":"333333","profile_use_background_image":true,"profile_image_url":"http:\/\/pbs.twimg.com\/profile_images\/1245312218897530885\/zGLlGCW9_normal.jpg","profile_image_url_https":"https:\/\/pbs.twimg.com\/profile_images\/1245312218897530885\/zGLlGCW9_normal.jpg","profile_banner_url":"https:\/\/pbs.twimg.com\/profile_banners\/1037988554431971328\/1577273448","default_profile":true,"default_profile_image":false,"following":null,"follow_request_sent":null,"notifications":null},"geo":null,"coordinates":null,"place":null,"contributors":null,"is_quote_status":false,"quote_count":0,"reply_count":4,"retweet_count":7,"favorite_count":9,"entities":{"hashtags":[],"urls":[{"url":"https:\/\/t.co\/4wE0Vj6a8L","expanded_url":"https:\/\/youtu.be\/a4rruhmb-o4","display_url":"youtu.be\/a4rruhmb-o4","indices":[83,106]}],"user_mentions":[],"symbols":[],"media":[{"id":1248655335998570496,"id_str":"1248655335998570496","indices":[107,130],"additional_media_info":{"monetizable":false},"media_url":"http:\/\/pbs.twimg.com\/ext_tw_video_thumb\/1248655335998570496\/pu\/img\/-oF-epn6WwdQDM9M.jpg","media_url_https":"https:\/\/pbs.twimg.com\/ext_tw_video_thumb\/1248655335998570496\/pu\/img\/-oF-epn6WwdQDM9M.jpg","url":"https:\/\/t.co\/lZRuWkIiJB","display_url":"pic.twitter.com\/lZRuWkIiJB","expanded_url":"https:\/\/twitter.com\/OwnDoctor\/status\/1248655479724806145\/video\/1","type":"photo","sizes":{"thumb":{"w":150,"h":150,"resize":"crop"},"large":{"w":848,"h":384,"resize":"fit"},"medium":{"w":848,"h":384,"resize":"fit"},"small":{"w":680,"h":308,"resize":"fit"}}}]},"extended_entities":{"media":[{"id":1248655335998570496,"id_str":"1248655335998570496","indices":[107,130],"additional_media_info":{"monetizable":false},"media_url":"http:\/\/pbs.twimg.com\/ext_tw_video_thumb\/1248655335998570496\/pu\/img\/-oF-epn6WwdQDM9M.jpg","media_url_https":"https:\/\/pbs.twimg.com\/ext_tw_video_thumb\/1248655335998570496\/pu\/img\/-oF-epn6WwdQDM9M.jpg","url":"https:\/\/t.co\/lZRuWkIiJB","display_url":"pic.twitter.com\/lZRuWkIiJB","expanded_url":"https:\/\/twitter.com\/OwnDoctor\/status\/1248655479724806145\/video\/1","type":"video","video_info":{"aspect_ratio":[53,24],"duration_millis":22198,"variants":[{"content_type":"application\/x-mpegURL","url":"https:\/\/video.twimg.com\/ext_tw_video\/1248655335998570496\/pu\/pl\/YFyxLc-t7mSACESA.m3u8?tag=10"},{"bitrate":256000,"content_type":"video\/mp4","url":"https:\/\/video.twimg.com\/ext_tw_video\/1248655335998570496\/pu\/vid\/596x270\/H9nDr9MS-X8bi3W3.mp4?tag=10"},{"bitrate":832000,"content_type":"video\/mp4","url":"https:\/\/video.twimg.com\/ext_tw_video\/1248655335998570496\/pu\/vid\/848x384\/MqRKu2qg0CVa6Mbg.mp4?tag=10"}]},"sizes":{"thumb":{"w":150,"h":150,"resize":"crop"},"large":{"w":848,"h":384,"resize":"fit"},"medium":{"w":848,"h":384,"resize":"fit"},"small":{"w":680,"h":308,"resize":"fit"}}}]},"favorited":false,"retweeted":false,"possibly_sensitive":false,"filter_level":"low","lang":"en"},"is_quote_status":false,"quote_count":0,"reply_count":0,"retweet_count":0,"favorite_count":0,"entities":{"hashtags":[],"urls":[{"url":"https:\/\/t.co\/4wE0Vj6a8L","expanded_url":"https:\/\/youtu.be\/a4rruhmb-o4","display_url":"youtu.be\/a4rruhmb-o4","indices":[98,121]}],"user_mentions":[{"screen_name":"OwnDoctor","name":"\ud83c\udfb6NewSide EP \ud83c\udfb6\ud83c\udfb5is out now","id":1037988554431971328,"id_str":"1037988554431971328","indices":[3,13]}],"symbols":[]},"favorited":false,"retweeted":false,"possibly_sensitive":false,"filter_level":"low","lang":"en","timestamp_ms":"1586538236663"}
