{"created_at":"Fri Apr 10 17:03:55 +0000 2020","id":1248657978456064000,"id_str":"1248657978456064000","text":"i didn't accidentally delete the first one i didn't accidentally delete the first one \ud83d\ude01","source":"\u003ca href=\"https:\/\/mobile.twitter.com\" rel=\"nofollow\"\u003eTwitter Web App\u003c\/a\u003e","truncated":false,"in_reply_to_status_id":null,"in_reply_to_status_id_str":null,"in_reply_to_user_id":null,"in_reply_to_user_id_str":null,"in_reply_to_screen_name":null,"user":{"id":1156608983320297473,"id_str":"1156608983320297473","name":"chloe","screen_name":"THISBLlSS","location":"\u2606\uff90","url":null,"description":null,"translator_type":"none","protected":false,"verified":false,"followers_count":886,"friends_count":200,"listed_count":9,"favourites_count":12050,"statuses_count":4141,"created_at":"Wed Jul 31 16:54:05 +0000 2019","utc_offset":null,"time_zone":null,"geo_enabled":true,"lang":null,"contributors_enabled":false,"is_translator":false,"profile_background_color":"F5F8FA","profile_background_image_url":"","profile_background_image_url_https":"","profile_background_tile":false,"profile_link_color":"1DA1F2","profile_sidebar_border_color":"C0DEED","profile_sidebar_fill_color":"DDEEF6","profile_text_color":"333333","profile_use_background_image":true,"profile_image_url":"http:\/\/pbs.twimg.com\/profile_images\/1247454966953852928\/UvoBobHt_normal.jpg","profile_image_url_https":"https:\/\/pbs.twimg.com\/profile_images\/1247454966953852928\/UvoBobHt_normal.jpg","profile_banner_url":"https:\/\/pbs.twimg.com\/profile_banners\/1156608983320297473\/1585966280","default_profile":true,"default_profile_image":false,"following":null,"follow_request_sent":null,"notifications":null},"geo":null,"coordinates":null,"place":null,"contributors":null,"quoted_status_id":1248644897105571840,"quoted_status_id_str":"1248644897105571840","quoted_status":{"created_at":"Fri Apr 10 16:11:56 +0000 2020","id":1248644897105571840,"id_str":"1248644897105571840","text":"sad in the summer \u2727*\u0325\u208a\u02da\u2027\u2606\uff90\n@troyesivan #heavenlytroyes https:\/\/t.co\/TNz7stkQrT","display_text_range":[0,54],"source":"\u003ca href=\"https:\/\/mobile.twitter.com\" rel=\"nofollow\"\u003eTwitter Web App\u003c\/a\u003e","truncated":false,"in_reply_to_status_id":null,"in_reply_to_status_id_str":null,"in_reply_to_user_id":null,"in_reply_to_user_id_str":null,"in_reply_to_screen_name":null,"user":{"id":1156608983320297473,"id_str":"1156608983320297473","name":"chloe","screen_name":"THISBLlSS","location":"\u2606\uff90","url":null,"description":null,"translator_type":"none","protected":false,"verified":false,"followers_count":886,"friends_count":200,"listed_count":9,"favourites_count":12050,"statuses_count":4140,"created_at":"Wed Jul 31 16:54:05 +0000 2019","utc_offset":null,"time_zone":null,"geo_enabled":true,"lang":null,"contributors_enabled":false,"is_translator":false,"profile_background_color":"F5F8FA","profile_background_image_url":"","profile_background_image_url_https":"","profile_background_tile":false,"profile_link_color":"1DA1F2","profile_sidebar_border_color":"C0DEED","profile_sidebar_fill_color":"DDEEF6","profile_text_color":"333333","profile_use_background_image":true,"profile_image_url":"http:\/\/pbs.twimg.com\/profile_images\/1247454966953852928\/UvoBobHt_normal.jpg","profile_image_url_https":"https:\/\/pbs.twimg.com\/profile_images\/1247454966953852928\/UvoBobHt_normal.jpg","profile_banner_url":"https:\/\/pbs.twimg.com\/profile_banners\/1156608983320297473\/1585966280","default_profile":true,"default_profile_image":false,"following":null,"follow_request_sent":null,"notifications":null},"geo":null,"coordinates":null,"place":null,"contributors":null,"is_quote_status":false,"quote_count":2,"reply_count":22,"retweet_count":4,"favorite_count":63,"entities":{"hashtags":[{"text":"heavenlytroyes","indices":[39,54]}],"urls":[],"user_mentions":[{"screen_name":"troyesivan","name":"troye","id":53338746,"id_str":"53338746","indices":[27,38]}],"symbols":[],"media":[{"id":1248644364261195777,"id_str":"1248644364261195777","indices":[55,78],"media_url":"http:\/\/pbs.twimg.com\/media\/EVQTbwaVAAE69Rb.jpg","media_url_https":"https:\/\/pbs.twimg.com\/media\/EVQTbwaVAAE69Rb.jpg","url":"https:\/\/t.co\/TNz7stkQrT","display_url":"pic.twitter.com\/TNz7stkQrT","expanded_url":"https:\/\/twitter.com\/THISBLlSS\/status\/1248644897105571840\/photo\/1","type":"photo","sizes":{"thumb":{"w":150,"h":150,"resize":"crop"},"small":{"w":680,"h":510,"resize":"fit"},"large":{"w":2048,"h":1536,"resize":"fit"},"medium":{"w":1200,"h":900,"resize":"fit"}}}]},"extended_entities":{"media":[{"id":1248644364261195777,"id_str":"1248644364261195777","indices":[55,78],"media_url":"http:\/\/pbs.twimg.com\/media\/EVQTbwaVAAE69Rb.jpg","media_url_https":"https:\/\/pbs.twimg.com\/media\/EVQTbwaVAAE69Rb.jpg","url":"https:\/\/t.co\/TNz7stkQrT","display_url":"pic.twitter.com\/TNz7stkQrT","expanded_url":"https:\/\/twitter.com\/THISBLlSS\/status\/1248644897105571840\/photo\/1","type":"photo","sizes":{"thumb":{"w":150,"h":150,"resize":"crop"},"small":{"w":680,"h":510,"resize":"fit"},"large":{"w":2048,"h":1536,"resize":"fit"},"medium":{"w":1200,"h":900,"resize":"fit"}}},{"id":1248644873000869888,"id_str":"1248644873000869888","indices":[55,78],"media_url":"http:\/\/pbs.twimg.com\/media\/EVQT5XnUYAArwuU.jpg","media_url_https":"https:\/\/pbs.twimg.com\/media\/EVQT5XnUYAArwuU.jpg","url":"https:\/\/t.co\/TNz7stkQrT","display_url":"pic.twitter.com\/TNz7stkQrT","expanded_url":"https:\/\/twitter.com\/THISBLlSS\/status\/1248644897105571840\/photo\/1","type":"photo","sizes":{"small":{"w":382,"h":680,"resize":"fit"},"medium":{"w":675,"h":1200,"resize":"fit"},"thumb":{"w":150,"h":150,"resize":"crop"},"large":{"w":750,"h":1334,"resize":"fit"}}}]},"favorited":false,"retweeted":false,"possibly_sensitive":false,"filter_level":"low","lang":"en"},"quoted_status_permalink":{"url":"https:\/\/t.co\/6Bd2vYGwnT","expanded":"https:\/\/twitter.com\/THISBLlSS\/status\/1248644897105571840","display":"twitter.com\/THISBLlSS\/stat\u2026"},"is_quote_status":true,"quote_count":0,"reply_count":0,"retweet_count":0,"favorite_count":0,"entities":{"hashtags":[],"urls":[],"user_mentions":[],"symbols":[]},"favorited":false,"retweeted":false,"filter_level":"low","lang":"en","timestamp_ms":"1586538235664"}
