{"created_at":"Fri Apr 10 17:03:49 +0000 2020","id":1248657953269243910,"id_str":"1248657953269243910","text":"RT @seeme55555: \u0e40\u0e27\u0e25\u0e32\u0e01\u0e38\u0e04\u0e2d\u0e21\u0e40\u0e21\u0e49\u0e19\u0e02\u0e48\u0e32\u0e27\u0e02\u0e48\u0e21\u0e02\u0e37\u0e19\u0e27\u0e48\u0e32\u0e1c\u0e39\u0e49\u0e0a\u0e32\u0e22\u0e41\u0e21\u0e48\u0e07\u0e40\u0e2b\u0e35\u0e49\u0e22 \u0e01\u0e38\u0e01\u0e47\u0e44\u0e21\u0e48\u0e44\u0e14\u0e49\u0e2b\u0e21\u0e32\u0e22\u0e16\u0e36\u0e07\u0e1e\u0e48\u0e2d\u0e01\u0e38\u0e40\u0e2b\u0e35\u0e49\u0e22 \u0e1b\u0e39\u0e48\u0e01\u0e38\u0e40\u0e2b\u0e35\u0e49\u0e22 \u0e25\u0e38\u0e07\u0e2d\u0e32\u0e15\u0e32\u0e17\u0e27\u0e14\u0e01\u0e38\u0e40\u0e2b\u0e35\u0e49\u0e22 \u0e44\u0e21\u0e48\u0e44\u0e14\u0e49\u0e2b\u0e21\u0e32\u0e22\u0e16\u0e36\u0e07\u0e21\u0e36\u0e07\u0e14\u0e49\u0e27\u0e22 \u0e2b\u0e23\u0e37\u2026","source":"\u003ca href=\"http:\/\/twitter.com\/#!\/download\/ipad\" rel=\"nofollow\"\u003eTwitter for iPad\u003c\/a\u003e","truncated":false,"in_reply_to_status_id":null,"in_reply_to_status_id_str":null,"in_reply_to_user_id":null,"in_reply_to_user_id_str":null,"in_reply_to_screen_name":null,"user":{"id":170659779,"id_str":"170659779","name":"\ud601\uc7ac\u2728\uff08\u2267\u2207\u2266\uff09","screen_name":"H_anchovy_HH38","location":"Thailand","url":null,"description":"\u30c1\u30d3\u3061\u3083\u3093\u3002 \u2764\ufe0fThai ELF 180312 |\ud83d\udc99 #\u30b9\u30fc\u30d1\u30fc\u30b8\u30e5\u30cb\u30a2\ud83d\udc99| \u6771\u6d0b\u8a00\u8a9e\u5b66\u90e8 \u65e5\u672c\u8a9e\u5b66\u79d1| #\uae40\ud0dc\ud3c9 #\uc815\uc7ac\ud604 #\uc2b9\uc5f0\ud83d\ude1b","translator_type":"none","protected":false,"verified":false,"followers_count":1070,"friends_count":297,"listed_count":7,"favourites_count":6723,"statuses_count":222348,"created_at":"Sun Jul 25 12:03:47 +0000 2010","utc_offset":null,"time_zone":null,"geo_enabled":true,"lang":null,"contributors_enabled":false,"is_translator":false,"profile_background_color":"C0DEED","profile_background_image_url":"http:\/\/abs.twimg.com\/images\/themes\/theme1\/bg.png","profile_background_image_url_https":"https:\/\/abs.twimg.com\/images\/themes\/theme1\/bg.png","profile_background_tile":true,"profile_link_color":"0084B4","profile_sidebar_border_color":"C0DEED","profile_sidebar_fill_color":"DDEEF6","profile_text_color":"333333","profile_use_background_image":true,"profile_image_url":"http:\/\/pbs.twimg.com\/profile_images\/1246090830604939267\/T5lXUuAC_normal.jpg","profile_image_url_https":"https:\/\/pbs.twimg.com\/profile_images\/1246090830604939267\/T5lXUuAC_normal.jpg","profile_banner_url":"https:\/\/pbs.twimg.com\/profile_banners\/170659779\/1575088215","default_profile":false,"default_profile_image":false,"following":null,"follow_request_sent":null,"notifications":null},"geo":null,"coordinates":null,"place":null,"contributors":null,"retweeted_status":{"created_at":"Thu Apr 09 05:33:02 +0000 2020","id":1248121725100818433,"id_str":"1248121725100818433","text":"\u0e40\u0e27\u0e25\u0e32\u0e01\u0e38\u0e04\u0e2d\u0e21\u0e40\u0e21\u0e49\u0e19\u0e02\u0e48\u0e32\u0e27\u0e02\u0e48\u0e21\u0e02\u0e37\u0e19\u0e27\u0e48\u0e32\u0e1c\u0e39\u0e49\u0e0a\u0e32\u0e22\u0e41\u0e21\u0e48\u0e07\u0e40\u0e2b\u0e35\u0e49\u0e22 \u0e01\u0e38\u0e01\u0e47\u0e44\u0e21\u0e48\u0e44\u0e14\u0e49\u0e2b\u0e21\u0e32\u0e22\u0e16\u0e36\u0e07\u0e1e\u0e48\u0e2d\u0e01\u0e38\u0e40\u0e2b\u0e35\u0e49\u0e22 \u0e1b\u0e39\u0e48\u0e01\u0e38\u0e40\u0e2b\u0e35\u0e49\u0e22 \u0e25\u0e38\u0e07\u0e2d\u0e32\u0e15\u0e32\u0e17\u0e27\u0e14\u0e01\u0e38\u0e40\u0e2b\u0e35\u0e49\u0e22 \u0e44\u0e21\u0e48\u0e44\u0e14\u0e49\u0e2b\u0e21\u0e32\u0e22\u0e16\u0e36\u0e07\u0e21\u0e36\u0e07\u0e14\u0e49\u0e27\u0e22 \u0e2b\u0e23\u0e37\u0e2d\u0e21\u0e36\u0e07\u0e40\u0e2b\u0e35\u0e49\u0e22\u0e04\u0e30","source":"\u003ca href=\"http:\/\/twitter.com\/download\/iphone\" rel=\"nofollow\"\u003eTwitter for iPhone\u003c\/a\u003e","truncated":false,"in_reply_to_status_id":null,"in_reply_to_status_id_str":null,"in_reply_to_user_id":null,"in_reply_to_user_id_str":null,"in_reply_to_screen_name":null,"user":{"id":1274413638,"id_str":"1274413638","name":"\u0e0b\u0e35\u0e21\u0e35","screen_name":"seeme55555","location":null,"url":null,"description":"\u0e44\u0e21\u0e48\u0e0a\u0e2d\u0e1a\u0e01\u0e39\u0e19\u0e31\u0e48\u0e19\u0e04\u0e37\u0e2d\u0e1b\u0e31\u0e0d\u0e2b\u0e32\u0e02\u0e2d\u0e07\u0e21\u0e36\u0e07","translator_type":"regular","protected":false,"verified":false,"followers_count":175240,"friends_count":584,"listed_count":158,"favourites_count":13958,"statuses_count":212414,"created_at":"Sun Mar 17 08:38:24 +0000 2013","utc_offset":null,"time_zone":null,"geo_enabled":true,"lang":null,"contributors_enabled":false,"is_translator":false,"profile_background_color":"FCFCFC","profile_background_image_url":"http:\/\/abs.twimg.com\/images\/themes\/theme1\/bg.png","profile_background_image_url_https":"https:\/\/abs.twimg.com\/images\/themes\/theme1\/bg.png","profile_background_tile":false,"profile_link_color":"89C9FA","profile_sidebar_border_color":"FFFFFF","profile_sidebar_fill_color":"DDEEF6","profile_text_color":"333333","profile_use_background_image":true,"profile_image_url":"http:\/\/pbs.twimg.com\/profile_images\/1247903213514182661\/RrAK8lYc_normal.jpg","profile_image_url_https":"https:\/\/pbs.twimg.com\/profile_images\/1247903213514182661\/RrAK8lYc_normal.jpg","profile_banner_url":"https:\/\/pbs.twimg.com\/profile_banners\/1274413638\/1575807207","default_profile":false,"default_profile_image":false,"following":null,"follow_request_sent":null,"notifications":null},"geo":null,"coordinates":null,"place":null,"contributors":null,"is_quote_status":false,"quote_count":10,"reply_count":12,"retweet_count":27701,"favorite_count":3055,"entities":{"hashtags":[],"urls":[],"user_mentions":[],"symbols":[]},"favorited":false,"retweeted":false,"filter_level":"low","lang":"th"},"is_quote_status":false,"quote_count":0,"reply_count":0,"retweet_count":0,"favorite_count":0,"entities":{"hashtags":[],"urls":[],"user_mentions":[{"screen_name":"seeme55555","name":"\u0e0b\u0e35\u0e21\u0e35","id":1274413638,"id_str":"1274413638","indices":[3,14]}],"symbols":[]},"favorited":false,"retweeted":false,"filter_level":"low","lang":"th","timestamp_ms":"1586538229659"}
