{"created_at":"Fri Apr 10 17:03:55 +0000 2020","id":1248657978426884097,"id_str":"1248657978426884097","text":"RT @vhic_tore: First, It was Zlatan and Naira Marley, then Burna Boy, Now it's Juliet Ibrahim. \n\nThese celebrities tenaciously prove massiv\u2026","source":"\u003ca href=\"http:\/\/twitter.com\/download\/android\" rel=\"nofollow\"\u003eTwitter for Android\u003c\/a\u003e","truncated":false,"in_reply_to_status_id":null,"in_reply_to_status_id_str":null,"in_reply_to_user_id":null,"in_reply_to_user_id_str":null,"in_reply_to_screen_name":null,"user":{"id":1191276109301796865,"id_str":"1191276109301796865","name":"The god of Water \ud83d\udca6","screen_name":"oshimili5star","location":null,"url":null,"description":"Civil Engineer \ud83d\udea9\ud83d\udeab\ud83d\udea7\nInterior Designer \ud83d\udcab\ud83d\uddfa\nLogistics coordinator \ud83d\udea8\n\nOte$\ud83d\ude0c\ud83d\ude0c","translator_type":"none","protected":false,"verified":false,"followers_count":304,"friends_count":451,"listed_count":0,"favourites_count":137,"statuses_count":11928,"created_at":"Mon Nov 04 08:49:04 +0000 2019","utc_offset":null,"time_zone":null,"geo_enabled":false,"lang":null,"contributors_enabled":false,"is_translator":false,"profile_background_color":"F5F8FA","profile_background_image_url":"","profile_background_image_url_https":"","profile_background_tile":false,"profile_link_color":"1DA1F2","profile_sidebar_border_color":"C0DEED","profile_sidebar_fill_color":"DDEEF6","profile_text_color":"333333","profile_use_background_image":true,"profile_image_url":"http:\/\/pbs.twimg.com\/profile_images\/1191279253880496129\/1GCUAcxf_normal.jpg","profile_image_url_https":"https:\/\/pbs.twimg.com\/profile_images\/1191279253880496129\/1GCUAcxf_normal.jpg","profile_banner_url":"https:\/\/pbs.twimg.com\/profile_banners\/1191276109301796865\/1572858391","default_profile":true,"default_profile_image":false,"following":null,"follow_request_sent":null,"notifications":null},"geo":null,"coordinates":null,"place":null,"contributors":null,"retweeted_status":{"created_at":"Fri Apr 10 08:49:37 +0000 2020","id":1248533583666577409,"id_str":"1248533583666577409","text":"First, It was Zlatan and Naira Marley, then Burna Boy, Now it's Juliet Ibrahim. \n\nThese celebrities tenaciously pro\u2026 https:\/\/t.co\/5afCwEN3uF","source":"\u003ca href=\"http:\/\/twitter.com\/download\/android\" rel=\"nofollow\"\u003eTwitter for Android\u003c\/a\u003e","truncated":true,"in_reply_to_status_id":null,"in_reply_to_status_id_str":null,"in_reply_to_user_id":null,"in_reply_to_user_id_str":null,"in_reply_to_screen_name":null,"user":{"id":1533770766,"id_str":"1533770766","name":"Victor Babatunde","screen_name":"vhic_tore","location":"lagos","url":"http:\/\/wa.me\/2348100284346","description":"Dm \ud83e\udd17 me for campaigns |Anti-messi|fxtrader|website designer| victordamilola42@gmail.com","translator_type":"none","protected":false,"verified":false,"followers_count":23259,"friends_count":3738,"listed_count":3,"favourites_count":209294,"statuses_count":40855,"created_at":"Thu Jun 20 12:28:33 +0000 2013","utc_offset":null,"time_zone":null,"geo_enabled":true,"lang":null,"contributors_enabled":false,"is_translator":false,"profile_background_color":"C0DEED","profile_background_image_url":"http:\/\/abs.twimg.com\/images\/themes\/theme1\/bg.png","profile_background_image_url_https":"https:\/\/abs.twimg.com\/images\/themes\/theme1\/bg.png","profile_background_tile":false,"profile_link_color":"1DA1F2","profile_sidebar_border_color":"C0DEED","profile_sidebar_fill_color":"DDEEF6","profile_text_color":"333333","profile_use_background_image":true,"profile_image_url":"http:\/\/pbs.twimg.com\/profile_images\/1230260888415895553\/18FPHUQj_normal.jpg","profile_image_url_https":"https:\/\/pbs.twimg.com\/profile_images\/1230260888415895553\/18FPHUQj_normal.jpg","profile_banner_url":"https:\/\/pbs.twimg.com\/profile_banners\/1533770766\/1571722090","default_profile":true,"default_profile_image":false,"following":null,"follow_request_sent":null,"notifications":null},"geo":null,"coordinates":null,"place":null,"contributors":null,"is_quote_status":false,"extended_tweet":{"full_text":"First, It was Zlatan and Naira Marley, then Burna Boy, Now it's Juliet Ibrahim. \n\nThese celebrities tenaciously prove massive follow counts and common sense are parallel lines.","display_text_range":[0,176],"entities":{"hashtags":[],"urls":[],"user_mentions":[],"symbols":[]}},"quote_count":4,"reply_count":60,"retweet_count":272,"favorite_count":546,"entities":{"hashtags":[],"urls":[{"url":"https:\/\/t.co\/5afCwEN3uF","expanded_url":"https:\/\/twitter.com\/i\/web\/status\/1248533583666577409","display_url":"twitter.com\/i\/web\/status\/1\u2026","indices":[117,140]}],"user_mentions":[],"symbols":[]},"favorited":false,"retweeted":false,"filter_level":"low","lang":"en"},"is_quote_status":false,"quote_count":0,"reply_count":0,"retweet_count":0,"favorite_count":0,"entities":{"hashtags":[],"urls":[],"user_mentions":[{"screen_name":"vhic_tore","name":"Victor Babatunde","id":1533770766,"id_str":"1533770766","indices":[3,13]}],"symbols":[]},"favorited":false,"retweeted":false,"filter_level":"low","lang":"en","timestamp_ms":"1586538235657"}
