{"created_at":"Fri Apr 10 17:03:57 +0000 2020","id":1248657986819518466,"id_str":"1248657986819518466","text":"@squishyplumberr Laro tayo bukas hahahaha","display_text_range":[17,41],"source":"\u003ca href=\"http:\/\/twitter.com\/download\/android\" rel=\"nofollow\"\u003eTwitter for Android\u003c\/a\u003e","truncated":false,"in_reply_to_status_id":1248657460069421056,"in_reply_to_status_id_str":"1248657460069421056","in_reply_to_user_id":1235143453551427584,"in_reply_to_user_id_str":"1235143453551427584","in_reply_to_screen_name":"squishyplumberr","user":{"id":1163594723992338433,"id_str":"1163594723992338433","name":"s\u029c\u1d07\u1d07\u0274","screen_name":"dahyuniieeenj","location":"problematic cute btch ","url":"https:\/\/curiouscat.me\/dahyuniieeenj","description":"2\u028f\u1d07\u1d0f\u0274 \ua731\u1d1c\u1d18\u1d07\u0280\u026a\u1d0f\u0280  || pubg : \u3010NA\u3011s\u029cee\u0274","translator_type":"none","protected":false,"verified":false,"followers_count":567,"friends_count":949,"listed_count":0,"favourites_count":20725,"statuses_count":10960,"created_at":"Mon Aug 19 23:33:09 +0000 2019","utc_offset":null,"time_zone":null,"geo_enabled":false,"lang":null,"contributors_enabled":false,"is_translator":false,"profile_background_color":"F5F8FA","profile_background_image_url":"","profile_background_image_url_https":"","profile_background_tile":false,"profile_link_color":"1DA1F2","profile_sidebar_border_color":"C0DEED","profile_sidebar_fill_color":"DDEEF6","profile_text_color":"333333","profile_use_background_image":true,"profile_image_url":"http:\/\/pbs.twimg.com\/profile_images\/1247970320549478400\/Sdkt9A_0_normal.png","profile_image_url_https":"https:\/\/pbs.twimg.com\/profile_images\/1247970320549478400\/Sdkt9A_0_normal.png","profile_banner_url":"https:\/\/pbs.twimg.com\/profile_banners\/1163594723992338433\/1586496842","default_profile":true,"default_profile_image":false,"following":null,"follow_request_sent":null,"notifications":null},"geo":null,"coordinates":null,"place":null,"contributors":null,"is_quote_status":false,"quote_count":0,"reply_count":0,"retweet_count":0,"favorite_count":0,"entities":{"hashtags":[],"urls":[],"user_mentions":[{"screen_name":"squishyplumberr","name":"Daegu ||^\u2022^","id":1235143453551427584,"id_str":"1235143453551427584","indices":[0,16]}],"symbols":[]},"favorited":false,"retweeted":false,"filter_level":"low","lang":"tl","timestamp_ms":"1586538237658"}
