{"created_at":"Fri Apr 10 17:03:56 +0000 2020","id":1248657982625325056,"id_str":"1248657982625325056","text":"@Dr_HalaKhatib \u0623\u062d\u0628\u0647 \u0645\u0627\u064a\u063a\u0634\u0645\u0631\ud83d\ude0c.","display_text_range":[15,29],"source":"\u003ca href=\"http:\/\/twitter.com\/download\/iphone\" rel=\"nofollow\"\u003eTwitter for iPhone\u003c\/a\u003e","truncated":false,"in_reply_to_status_id":1248657427664449538,"in_reply_to_status_id_str":"1248657427664449538","in_reply_to_user_id":250890381,"in_reply_to_user_id_str":"250890381","in_reply_to_screen_name":"Dr_HalaKhatib","user":{"id":507410211,"id_str":"507410211","name":"Diamonds kwt","screen_name":"DiamondsQ8","location":"Kuwait","url":null,"description":"\u0648\u0625\u0630\u0627 \u0623\u062a\u062a\u0643 \u0645\u0630\u0645\u062a\u064a \u0645\u0646 \u0646\u0627\u0642\u0635 \u0641\u0647\u064a \u0627\u0644\u0634\u0647\u0627\u062f\u0629 \u0644\u064a \u0628\u0623\u0646\u064a \u0643\u0627\u0645\u0644","translator_type":"none","protected":false,"verified":false,"followers_count":3737,"friends_count":4987,"listed_count":31,"favourites_count":106450,"statuses_count":110043,"created_at":"Tue Feb 28 13:59:23 +0000 2012","utc_offset":null,"time_zone":null,"geo_enabled":true,"lang":null,"contributors_enabled":false,"is_translator":false,"profile_background_color":"C0DEED","profile_background_image_url":"http:\/\/abs.twimg.com\/images\/themes\/theme1\/bg.png","profile_background_image_url_https":"https:\/\/abs.twimg.com\/images\/themes\/theme1\/bg.png","profile_background_tile":false,"profile_link_color":"1DA1F2","profile_sidebar_border_color":"C0DEED","profile_sidebar_fill_color":"DDEEF6","profile_text_color":"333333","profile_use_background_image":true,"profile_image_url":"http:\/\/pbs.twimg.com\/profile_images\/1209853844043292674\/vPHBBqEf_normal.jpg","profile_image_url_https":"https:\/\/pbs.twimg.com\/profile_images\/1209853844043292674\/vPHBBqEf_normal.jpg","default_profile":true,"default_profile_image":false,"following":null,"follow_request_sent":null,"notifications":null},"geo":null,"coordinates":null,"place":null,"contributors":null,"is_quote_status":false,"quote_count":0,"reply_count":0,"retweet_count":0,"favorite_count":0,"entities":{"hashtags":[],"urls":[],"user_mentions":[{"screen_name":"Dr_HalaKhatib","name":"\ud83c\uddf0\ud83c\uddfcDr.Hala Khatib  \u0647\u0627\u0644\u0629 \u0628\u0634\u064a\u0631 \u0627\u0644\u062e\u0637\u064a\u0628","id":250890381,"id_str":"250890381","indices":[0,14]}],"symbols":[]},"favorited":false,"retweeted":false,"filter_level":"low","lang":"ar","timestamp_ms":"1586538236658"}
