{"created_at":"Fri Apr 10 17:03:58 +0000 2020","id":1248657991022280706,"id_str":"1248657991022280706","text":"@iiiib95 \u0646\u062a\u0641\u0627\u0621\u0644 \u062e\u064a\u0631\u0627 \u0627\u0646 \u0634\u0627\u0621 \u0627\u0644\u0644\u0647 \u0646\u0639\u0648\u062f \u0648\u0646\u0639\u0648\u062f \u0648\u0646\u0639\u0648\u062f","display_text_range":[9,49],"source":"\u003ca href=\"http:\/\/twitter.com\/download\/iphone\" rel=\"nofollow\"\u003eTwitter for iPhone\u003c\/a\u003e","truncated":false,"in_reply_to_status_id":1248657784679301122,"in_reply_to_status_id_str":"1248657784679301122","in_reply_to_user_id":1110672447643234304,"in_reply_to_user_id_str":"1110672447643234304","in_reply_to_screen_name":"iiiib95","user":{"id":740127253175128064,"id_str":"740127253175128064","name":"hanady","screen_name":"hmyashl","location":"\u0627\u0644\u0645\u0645\u0644\u0643\u0629 \u0627\u0644\u0639\u0631\u0628\u064a\u0629 \u0627\u0644\u0633\u0639\u0648\u062f\u064a\u0629","url":null,"description":"...","translator_type":"none","protected":false,"verified":false,"followers_count":162,"friends_count":260,"listed_count":2,"favourites_count":806,"statuses_count":8151,"created_at":"Tue Jun 07 10:24:23 +0000 2016","utc_offset":null,"time_zone":null,"geo_enabled":false,"lang":null,"contributors_enabled":false,"is_translator":false,"profile_background_color":"F5F8FA","profile_background_image_url":"","profile_background_image_url_https":"","profile_background_tile":false,"profile_link_color":"1DA1F2","profile_sidebar_border_color":"C0DEED","profile_sidebar_fill_color":"DDEEF6","profile_text_color":"333333","profile_use_background_image":true,"profile_image_url":"http:\/\/pbs.twimg.com\/profile_images\/1212715786898460672\/bPML3Je4_normal.jpg","profile_image_url_https":"https:\/\/pbs.twimg.com\/profile_images\/1212715786898460672\/bPML3Je4_normal.jpg","profile_banner_url":"https:\/\/pbs.twimg.com\/profile_banners\/740127253175128064\/1501318947","default_profile":true,"default_profile_image":false,"following":null,"follow_request_sent":null,"notifications":null},"geo":null,"coordinates":null,"place":null,"contributors":null,"is_quote_status":false,"quote_count":0,"reply_count":0,"retweet_count":0,"favorite_count":0,"entities":{"hashtags":[],"urls":[],"user_mentions":[{"screen_name":"iiiib95","name":"Basma.","id":1110672447643234304,"id_str":"1110672447643234304","indices":[0,8]}],"symbols":[]},"favorited":false,"retweeted":false,"filter_level":"low","lang":"ar","timestamp_ms":"1586538238660"}
