{"created_at":"Fri Apr 10 17:03:56 +0000 2020","id":1248657982637797386,"id_str":"1248657982637797386","text":"mAMiiiii kagwapo nam joo hyuk ooy I kennat \ud83d\ude2d","source":"\u003ca href=\"http:\/\/twitter.com\/download\/android\" rel=\"nofollow\"\u003eTwitter for Android\u003c\/a\u003e","truncated":false,"in_reply_to_status_id":null,"in_reply_to_status_id_str":null,"in_reply_to_user_id":null,"in_reply_to_user_id_str":null,"in_reply_to_screen_name":null,"user":{"id":754544977925902338,"id_str":"754544977925902338","name":"maiii\u2077","screen_name":"anneflorenzee","location":"v","url":null,"description":"\u2027\u0359\u207a\u02da*\uff65\u0f13\u263e \u00b9\u00b3\u2076\u00b9 \u263d\u0f13\uff65*\u02da\u207a\u2027\u0359","translator_type":"none","protected":false,"verified":false,"followers_count":858,"friends_count":447,"listed_count":1,"favourites_count":20245,"statuses_count":17123,"created_at":"Sun Jul 17 05:15:16 +0000 2016","utc_offset":null,"time_zone":null,"geo_enabled":true,"lang":null,"contributors_enabled":false,"is_translator":false,"profile_background_color":"F5F8FA","profile_background_image_url":"","profile_background_image_url_https":"","profile_background_tile":false,"profile_link_color":"1DA1F2","profile_sidebar_border_color":"C0DEED","profile_sidebar_fill_color":"DDEEF6","profile_text_color":"333333","profile_use_background_image":true,"profile_image_url":"http:\/\/pbs.twimg.com\/profile_images\/1247892209921224706\/GEKz1fYK_normal.jpg","profile_image_url_https":"https:\/\/pbs.twimg.com\/profile_images\/1247892209921224706\/GEKz1fYK_normal.jpg","profile_banner_url":"https:\/\/pbs.twimg.com\/profile_banners\/754544977925902338\/1586312757","default_profile":true,"default_profile_image":false,"following":null,"follow_request_sent":null,"notifications":null},"geo":null,"coordinates":null,"place":null,"contributors":null,"is_quote_status":false,"quote_count":0,"reply_count":0,"retweet_count":0,"favorite_count":0,"entities":{"hashtags":[],"urls":[],"user_mentions":[],"symbols":[]},"favorited":false,"retweeted":false,"filter_level":"low","lang":"tl","timestamp_ms":"1586538236661"}
