{"created_at":"Fri Apr 10 17:03:52 +0000 2020","id":1248657965877526535,"id_str":"1248657965877526535","text":"RT @WaltDisneyCo: Today, @ABCNetwork announced it will air an unforgettable night of music, \"The Disney Family Singalong,\" Thursday, April\u2026","source":"\u003ca href=\"http:\/\/twitter.com\/download\/iphone\" rel=\"nofollow\"\u003eTwitter for iPhone\u003c\/a\u003e","truncated":false,"in_reply_to_status_id":null,"in_reply_to_status_id_str":null,"in_reply_to_user_id":null,"in_reply_to_user_id_str":null,"in_reply_to_screen_name":null,"user":{"id":18722822,"id_str":"18722822","name":"Jimmy Rhythm","screen_name":"JimmyRhythm","location":"Home","url":"https:\/\/soundcloud.com\/jimmyrhythm-2","description":"#StayHome #Biden2020 #TrumpMustGo. Opus nunc,futitio postea. Engaged to @LISAMW979 JLL \u2764\ufe0f","translator_type":"none","protected":false,"verified":false,"followers_count":5961,"friends_count":5254,"listed_count":53,"favourites_count":87903,"statuses_count":85636,"created_at":"Wed Jan 07 14:35:17 +0000 2009","utc_offset":null,"time_zone":null,"geo_enabled":false,"lang":null,"contributors_enabled":false,"is_translator":false,"profile_background_color":"709397","profile_background_image_url":"http:\/\/abs.twimg.com\/images\/themes\/theme1\/bg.png","profile_background_image_url_https":"https:\/\/abs.twimg.com\/images\/themes\/theme1\/bg.png","profile_background_tile":true,"profile_link_color":"1B95E0","profile_sidebar_border_color":"86A4A6","profile_sidebar_fill_color":"A0C5C7","profile_text_color":"333333","profile_use_background_image":true,"profile_image_url":"http:\/\/pbs.twimg.com\/profile_images\/1228685698904936448\/yNMiCXcT_normal.jpg","profile_image_url_https":"https:\/\/pbs.twimg.com\/profile_images\/1228685698904936448\/yNMiCXcT_normal.jpg","profile_banner_url":"https:\/\/pbs.twimg.com\/profile_banners\/18722822\/1585842207","default_profile":false,"default_profile_image":false,"following":null,"follow_request_sent":null,"notifications":null},"geo":null,"coordinates":null,"place":null,"contributors":null,"retweeted_status":{"created_at":"Fri Apr 10 16:56:45 +0000 2020","id":1248656173030461441,"id_str":"1248656173030461441","text":"Today, @ABCNetwork announced it will air an unforgettable night of music, \"The Disney Family Singalong,\" Thursday,\u2026 https:\/\/t.co\/coWGwJTl3y","display_text_range":[0,140],"source":"\u003ca href=\"https:\/\/mobile.twitter.com\" rel=\"nofollow\"\u003eTwitter Web App\u003c\/a\u003e","truncated":true,"in_reply_to_status_id":null,"in_reply_to_status_id_str":null,"in_reply_to_user_id":null,"in_reply_to_user_id_str":null,"in_reply_to_screen_name":null,"user":{"id":398282459,"id_str":"398282459","name":"Walt Disney Company","screen_name":"WaltDisneyCo","location":"Burbank, CA","url":"http:\/\/thewaltdisneycompany.com\/news","description":"The latest news and updates from The Walt Disney Company.","translator_type":"none","protected":false,"verified":true,"followers_count":503741,"friends_count":87,"listed_count":1953,"favourites_count":2,"statuses_count":2132,"created_at":"Tue Oct 25 20:55:27 +0000 2011","utc_offset":null,"time_zone":null,"geo_enabled":false,"lang":null,"contributors_enabled":false,"is_translator":false,"profile_background_color":"C0DEED","profile_background_image_url":"http:\/\/abs.twimg.com\/images\/themes\/theme1\/bg.png","profile_background_image_url_https":"https:\/\/abs.twimg.com\/images\/themes\/theme1\/bg.png","profile_background_tile":true,"profile_link_color":"3B8AD9","profile_sidebar_border_color":"FFFFFF","profile_sidebar_fill_color":"DDEEF6","profile_text_color":"333333","profile_use_background_image":true,"profile_image_url":"http:\/\/pbs.twimg.com\/profile_images\/849396952781512705\/jxODsBB4_normal.jpg","profile_image_url_https":"https:\/\/pbs.twimg.com\/profile_images\/849396952781512705\/jxODsBB4_normal.jpg","profile_banner_url":"https:\/\/pbs.twimg.com\/profile_banners\/398282459\/1450211930","default_profile":false,"default_profile_image":false,"following":null,"follow_request_sent":null,"notifications":null},"geo":null,"coordinates":null,"place":null,"contributors":null,"is_quote_status":false,"extended_tweet":{"full_text":"Today, @ABCNetwork announced it will air an unforgettable night of music, \"The Disney Family Singalong,\" Thursday, April 16 (8\u20139 p.m. EDT): https:\/\/t.co\/yxhKEeNav9 #DisneyMagicMoments https:\/\/t.co\/slCWR23qP3","display_text_range":[0,183],"entities":{"hashtags":[{"text":"DisneyMagicMoments","indices":[164,183]}],"urls":[{"url":"https:\/\/t.co\/yxhKEeNav9","expanded_url":"https:\/\/bit.ly\/34ry0Mr","display_url":"bit.ly\/34ry0Mr","indices":[140,163]}],"user_mentions":[{"screen_name":"ABCNetwork","name":"ABC","id":631478663,"id_str":"631478663","indices":[7,18]}],"symbols":[],"media":[{"id":1248655930037661696,"id_str":"1248655930037661696","indices":[184,207],"media_url":"http:\/\/pbs.twimg.com\/media\/EVQd8-SUcAAARyH.jpg","media_url_https":"https:\/\/pbs.twimg.com\/media\/EVQd8-SUcAAARyH.jpg","url":"https:\/\/t.co\/slCWR23qP3","display_url":"pic.twitter.com\/slCWR23qP3","expanded_url":"https:\/\/twitter.com\/WaltDisneyCo\/status\/1248656173030461441\/photo\/1","type":"photo","sizes":{"thumb":{"w":150,"h":150,"resize":"crop"},"large":{"w":1800,"h":1013,"resize":"fit"},"medium":{"w":1200,"h":675,"resize":"fit"},"small":{"w":680,"h":383,"resize":"fit"}}}]},"extended_entities":{"media":[{"id":1248655930037661696,"id_str":"1248655930037661696","indices":[184,207],"media_url":"http:\/\/pbs.twimg.com\/media\/EVQd8-SUcAAARyH.jpg","media_url_https":"https:\/\/pbs.twimg.com\/media\/EVQd8-SUcAAARyH.jpg","url":"https:\/\/t.co\/slCWR23qP3","display_url":"pic.twitter.com\/slCWR23qP3","expanded_url":"https:\/\/twitter.com\/WaltDisneyCo\/status\/1248656173030461441\/photo\/1","type":"photo","sizes":{"thumb":{"w":150,"h":150,"resize":"crop"},"large":{"w":1800,"h":1013,"resize":"fit"},"medium":{"w":1200,"h":675,"resize":"fit"},"small":{"w":680,"h":383,"resize":"fit"}}}]}},"quote_count":7,"reply_count":4,"retweet_count":28,"favorite_count":113,"entities":{"hashtags":[],"urls":[{"url":"https:\/\/t.co\/coWGwJTl3y","expanded_url":"https:\/\/twitter.com\/i\/web\/status\/1248656173030461441","display_url":"twitter.com\/i\/web\/status\/1\u2026","indices":[116,139]}],"user_mentions":[{"screen_name":"ABCNetwork","name":"ABC","id":631478663,"id_str":"631478663","indices":[7,18]}],"symbols":[]},"favorited":false,"retweeted":false,"possibly_sensitive":false,"filter_level":"low","lang":"en"},"is_quote_status":false,"quote_count":0,"reply_count":0,"retweet_count":0,"favorite_count":0,"entities":{"hashtags":[],"urls":[],"user_mentions":[{"screen_name":"WaltDisneyCo","name":"Walt Disney Company","id":398282459,"id_str":"398282459","indices":[3,16]},{"screen_name":"ABCNetwork","name":"ABC","id":631478663,"id_str":"631478663","indices":[25,36]}],"symbols":[]},"favorited":false,"retweeted":false,"filter_level":"low","lang":"en","timestamp_ms":"1586538232665"}
