{"created_at":"Fri Apr 10 17:03:52 +0000 2020","id":1248657965852307456,"id_str":"1248657965852307456","text":"RT @Ninaa_Vipp: Mis conejitos ya tengo disponible mi selecto grupo de telegram s\u00faper hot y divertido \ud83d\udd25\n\n\ud83d\udcf2\ud83d\udcf25585745434 escribe para m\u00e1s infor\u2026","source":"\u003ca href=\"http:\/\/twitter.com\" rel=\"nofollow\"\u003eTwitter Web Client\u003c\/a\u003e","truncated":false,"in_reply_to_status_id":null,"in_reply_to_status_id_str":null,"in_reply_to_user_id":null,"in_reply_to_user_id_str":null,"in_reply_to_screen_name":null,"user":{"id":952184944478048256,"id_str":"952184944478048256","name":"Tonni Valentiin","screen_name":"tonnivalentiin","location":"Guadalajara, Jalisco","url":null,"description":"Soy un hombre que le gusta seguir a las escorts mas bellas y que ense\u00f1en sus rostros.","translator_type":"none","protected":false,"verified":false,"followers_count":3271,"friends_count":537,"listed_count":2,"favourites_count":2,"statuses_count":61755,"created_at":"Sat Jan 13 14:25:56 +0000 2018","utc_offset":null,"time_zone":null,"geo_enabled":false,"lang":null,"contributors_enabled":false,"is_translator":false,"profile_background_color":"F5F8FA","profile_background_image_url":"","profile_background_image_url_https":"","profile_background_tile":false,"profile_link_color":"1DA1F2","profile_sidebar_border_color":"C0DEED","profile_sidebar_fill_color":"DDEEF6","profile_text_color":"333333","profile_use_background_image":true,"profile_image_url":"http:\/\/abs.twimg.com\/sticky\/default_profile_images\/default_profile_normal.png","profile_image_url_https":"https:\/\/abs.twimg.com\/sticky\/default_profile_images\/default_profile_normal.png","default_profile":true,"default_profile_image":false,"following":null,"follow_request_sent":null,"notifications":null},"geo":null,"coordinates":null,"place":null,"contributors":null,"retweeted_status":{"created_at":"Fri Apr 10 16:32:17 +0000 2020","id":1248650017226854409,"id_str":"1248650017226854409","text":"Mis conejitos ya tengo disponible mi selecto grupo de telegram s\u00faper hot y divertido \ud83d\udd25\n\n\ud83d\udcf2\ud83d\udcf25585745434 escribe para m\u2026 https:\/\/t.co\/2PBWuH2J6Y","display_text_range":[0,140],"source":"\u003ca href=\"http:\/\/twitter.com\/download\/iphone\" rel=\"nofollow\"\u003eTwitter for iPhone\u003c\/a\u003e","truncated":true,"in_reply_to_status_id":null,"in_reply_to_status_id_str":null,"in_reply_to_user_id":null,"in_reply_to_user_id_str":null,"in_reply_to_screen_name":null,"user":{"id":1161726975943348225,"id_str":"1161726975943348225","name":"Nina \u2728 Perry","screen_name":"Ninaa_Vipp","location":"Mi instagram Nina_dulcinea ","url":null,"description":"Linda, Tierna, Apasionada, Educada \ud83d\udc8b MODELO VIP\u2728\ud83e\udd42\ud83d\udcf2 5585745434","translator_type":"none","protected":false,"verified":false,"followers_count":16734,"friends_count":28,"listed_count":68,"favourites_count":263,"statuses_count":72,"created_at":"Wed Aug 14 19:51:09 +0000 2019","utc_offset":null,"time_zone":null,"geo_enabled":false,"lang":null,"contributors_enabled":false,"is_translator":false,"profile_background_color":"F5F8FA","profile_background_image_url":"","profile_background_image_url_https":"","profile_background_tile":false,"profile_link_color":"1DA1F2","profile_sidebar_border_color":"C0DEED","profile_sidebar_fill_color":"DDEEF6","profile_text_color":"333333","profile_use_background_image":true,"profile_image_url":"http:\/\/pbs.twimg.com\/profile_images\/1226717116327485441\/UsffCqJn_normal.jpg","profile_image_url_https":"https:\/\/pbs.twimg.com\/profile_images\/1226717116327485441\/UsffCqJn_normal.jpg","profile_banner_url":"https:\/\/pbs.twimg.com\/profile_banners\/1161726975943348225\/1581529447","default_profile":true,"default_profile_image":false,"following":null,"follow_request_sent":null,"notifications":null},"geo":null,"coordinates":null,"place":null,"contributors":null,"is_quote_status":false,"extended_tweet":{"full_text":"Mis conejitos ya tengo disponible mi selecto grupo de telegram s\u00faper hot y divertido \ud83d\udd25\n\n\ud83d\udcf2\ud83d\udcf25585745434 escribe para m\u00e1s informaci\u00f3n \n\nTambi\u00e9n puedes conseguirme en Onlyfans \u2728\n\nhttps:\/\/t.co\/r04YYWnXt9 https:\/\/t.co\/cavxUb6a0V","display_text_range":[0,197],"entities":{"hashtags":[],"urls":[{"url":"https:\/\/t.co\/r04YYWnXt9","expanded_url":"http:\/\/OnlyFans.com\/nina_carrr","display_url":"OnlyFans.com\/nina_carrr","indices":[174,197]}],"user_mentions":[],"symbols":[],"media":[{"id":1248650005461626880,"id_str":"1248650005461626880","indices":[198,221],"media_url":"http:\/\/pbs.twimg.com\/media\/EVQYkHhUcAAQFk7.jpg","media_url_https":"https:\/\/pbs.twimg.com\/media\/EVQYkHhUcAAQFk7.jpg","url":"https:\/\/t.co\/cavxUb6a0V","display_url":"pic.twitter.com\/cavxUb6a0V","expanded_url":"https:\/\/twitter.com\/Ninaa_Vipp\/status\/1248650017226854409\/photo\/1","type":"photo","sizes":{"thumb":{"w":150,"h":150,"resize":"crop"},"medium":{"w":675,"h":1200,"resize":"fit"},"small":{"w":383,"h":680,"resize":"fit"},"large":{"w":720,"h":1280,"resize":"fit"}}}]},"extended_entities":{"media":[{"id":1248650005461626880,"id_str":"1248650005461626880","indices":[198,221],"media_url":"http:\/\/pbs.twimg.com\/media\/EVQYkHhUcAAQFk7.jpg","media_url_https":"https:\/\/pbs.twimg.com\/media\/EVQYkHhUcAAQFk7.jpg","url":"https:\/\/t.co\/cavxUb6a0V","display_url":"pic.twitter.com\/cavxUb6a0V","expanded_url":"https:\/\/twitter.com\/Ninaa_Vipp\/status\/1248650017226854409\/photo\/1","type":"photo","sizes":{"thumb":{"w":150,"h":150,"resize":"crop"},"medium":{"w":675,"h":1200,"resize":"fit"},"small":{"w":383,"h":680,"resize":"fit"},"large":{"w":720,"h":1280,"resize":"fit"}}}]}},"quote_count":0,"reply_count":0,"retweet_count":4,"favorite_count":6,"entities":{"hashtags":[],"urls":[{"url":"https:\/\/t.co\/2PBWuH2J6Y","expanded_url":"https:\/\/twitter.com\/i\/web\/status\/1248650017226854409","display_url":"twitter.com\/i\/web\/status\/1\u2026","indices":[117,140]}],"user_mentions":[],"symbols":[]},"favorited":false,"retweeted":false,"possibly_sensitive":true,"filter_level":"low","lang":"es"},"is_quote_status":false,"quote_count":0,"reply_count":0,"retweet_count":0,"favorite_count":0,"entities":{"hashtags":[],"urls":[],"user_mentions":[{"screen_name":"Ninaa_Vipp","name":"Nina \u2728 Perry","id":1161726975943348225,"id_str":"1161726975943348225","indices":[3,14]}],"symbols":[]},"favorited":false,"retweeted":false,"filter_level":"low","lang":"es","timestamp_ms":"1586538232659"}
