{"created_at":"Fri Apr 10 17:03:53 +0000 2020","id":1248657970050797572,"id_str":"1248657970050797572","text":"@Anis63701124 @twitt_lor \u062a\u0648 \u0641\u0642\u0637 \u0628\u062e\u0646 \u0644\u06cc\u0648\u0647\ud83d\ude02\ud83d\ude02","display_text_range":[25,42],"source":"\u003ca href=\"http:\/\/twitter.com\/download\/android\" rel=\"nofollow\"\u003eTwitter for Android\u003c\/a\u003e","truncated":false,"in_reply_to_status_id":1248647786905600000,"in_reply_to_status_id_str":"1248647786905600000","in_reply_to_user_id":1219384954720788482,"in_reply_to_user_id_str":"1219384954720788482","in_reply_to_screen_name":"Anis63701124","user":{"id":1242867140266508302,"id_str":"1242867140266508302","name":"\u0645\u0646 \u0646\u0641\u0631\u062a \u0627\u0646\u06af\u06cc\u0632(\u0627\u06a9\u0627\u0646\u062a \u0642\u0628\u0644\u06cc \u067e\u0631\u06cc\u062f)\u0644\u06cc\u0645\u06cc\u062a \u0634\u062f\u0645","screen_name":"jadeh_khaki2","location":null,"url":"https:\/\/t.me\/Harfmanrobot?start=1037792742","description":"\u200f\u06f2\u00d7\u06f2 \u0645\u06cc\u0634\u0647 \u0633\u0647 \u062a\u0627\u060c\u06a9\u06cc \u0628\u0647 \u06a9\u06cc\u0647!\u062a\u0648\u062b\u0627\u0628\u062a \u06a9\u0646 \u0633\u0647 \u0646\u0645\u06cc\u0634\u0647..","translator_type":"none","protected":false,"verified":false,"followers_count":1030,"friends_count":1199,"listed_count":1,"favourites_count":7910,"statuses_count":2491,"created_at":"Wed Mar 25 17:37:43 +0000 2020","utc_offset":null,"time_zone":null,"geo_enabled":false,"lang":null,"contributors_enabled":false,"is_translator":false,"profile_background_color":"F5F8FA","profile_background_image_url":"","profile_background_image_url_https":"","profile_background_tile":false,"profile_link_color":"1DA1F2","profile_sidebar_border_color":"C0DEED","profile_sidebar_fill_color":"DDEEF6","profile_text_color":"333333","profile_use_background_image":true,"profile_image_url":"http:\/\/pbs.twimg.com\/profile_images\/1248639829417623553\/zpM_7jY5_normal.jpg","profile_image_url_https":"https:\/\/pbs.twimg.com\/profile_images\/1248639829417623553\/zpM_7jY5_normal.jpg","profile_banner_url":"https:\/\/pbs.twimg.com\/profile_banners\/1242867140266508302\/1586285735","default_profile":true,"default_profile_image":false,"following":null,"follow_request_sent":null,"notifications":null},"geo":null,"coordinates":null,"place":null,"contributors":null,"is_quote_status":false,"quote_count":0,"reply_count":0,"retweet_count":0,"favorite_count":0,"entities":{"hashtags":[],"urls":[],"user_mentions":[{"screen_name":"Anis63701124","name":"Anis","id":1219384954720788482,"id_str":"1219384954720788482","indices":[0,13]},{"screen_name":"twitt_lor","name":"LorTwitt","id":1001815825253363712,"id_str":"1001815825253363712","indices":[14,24]}],"symbols":[]},"favorited":false,"retweeted":false,"filter_level":"low","lang":"fa","timestamp_ms":"1586538233660"}
