{"created_at":"Fri Apr 10 17:03:53 +0000 2020","id":1248657970038222849,"id_str":"1248657970038222849","text":"de nuevo","source":"\u003ca href=\"http:\/\/twitter.com\/download\/android\" rel=\"nofollow\"\u003eTwitter for Android\u003c\/a\u003e","truncated":false,"in_reply_to_status_id":null,"in_reply_to_status_id_str":null,"in_reply_to_user_id":null,"in_reply_to_user_id_str":null,"in_reply_to_screen_name":null,"user":{"id":996328639389151233,"id_str":"996328639389151233","name":"\\o. \u1d04\u1d0f\u1d0d\u1d18\u1d07\u029f\u029f\u026a\u0274\u0262 \u0262\u1d1c\u0280\u029f .o\/","screen_name":"shimaisreal","location":null,"url":null,"description":"Red\u017cuwinibilibelelelebelebate","translator_type":"none","protected":false,"verified":false,"followers_count":309,"friends_count":242,"listed_count":2,"favourites_count":4157,"statuses_count":5973,"created_at":"Tue May 15 09:57:13 +0000 2018","utc_offset":null,"time_zone":null,"geo_enabled":false,"lang":null,"contributors_enabled":false,"is_translator":false,"profile_background_color":"000000","profile_background_image_url":"http:\/\/abs.twimg.com\/images\/themes\/theme1\/bg.png","profile_background_image_url_https":"https:\/\/abs.twimg.com\/images\/themes\/theme1\/bg.png","profile_background_tile":false,"profile_link_color":"E81C4F","profile_sidebar_border_color":"000000","profile_sidebar_fill_color":"000000","profile_text_color":"000000","profile_use_background_image":false,"profile_image_url":"http:\/\/pbs.twimg.com\/profile_images\/1247627077337198595\/KfSBcI6H_normal.jpg","profile_image_url_https":"https:\/\/pbs.twimg.com\/profile_images\/1247627077337198595\/KfSBcI6H_normal.jpg","profile_banner_url":"https:\/\/pbs.twimg.com\/profile_banners\/996328639389151233\/1583860615","default_profile":false,"default_profile_image":false,"following":null,"follow_request_sent":null,"notifications":null},"geo":null,"coordinates":null,"place":null,"contributors":null,"is_quote_status":false,"quote_count":0,"reply_count":0,"retweet_count":0,"favorite_count":0,"entities":{"hashtags":[],"urls":[],"user_mentions":[],"symbols":[]},"favorited":false,"retweeted":false,"filter_level":"low","lang":"es","timestamp_ms":"1586538233657"}
