{"created_at":"Fri Apr 10 17:03:55 +0000 2020","id":1248657978447654918,"id_str":"1248657978447654918","text":"RT @zornitsaxx: \u0e2d\u0e34\u0e08\u0e35\u0e19\u0e16\u0e32\u0e21\u0e04\u0e19\u0e44\u0e17\u0e22\u0e27\u0e48\u0e32 where is Thai King ? \u0e2d\u0e34\u0e44\u0e17\u0e22\u0e01\u0e47\u0e08\u0e30\u0e15\u0e2d\u0e1a\u0e27\u0e48\u0e32 \u0e01\u0e39\u0e01\u0e47\u0e44\u0e21\u0e48\u0e23\u0e39\u0e49\u0e04\u0e48\u0e30\u0e16\u0e49\u0e32\u0e23\u0e39\u0e49\u0e25\u0e48\u0e30\u0e1a\u0e2d\u0e01\u0e01\u0e39\u0e14\u0e49\u0e27\u0e22","source":"\u003ca href=\"http:\/\/twitter.com\/download\/iphone\" rel=\"nofollow\"\u003eTwitter for iPhone\u003c\/a\u003e","truncated":false,"in_reply_to_status_id":null,"in_reply_to_status_id_str":null,"in_reply_to_user_id":null,"in_reply_to_user_id_str":null,"in_reply_to_screen_name":null,"user":{"id":949948769805656064,"id_str":"949948769805656064","name":"\u0e23\u0e31\u0e01\u0e40\u0e15\u0e19\u0e25\u0e4c\u0e40\u0e17\u0e48\u0e32\u0e0a\u0e35\u0e27\u0e34\u0e15","screen_name":"t_stctlk","location":null,"url":null,"description":"\u0e25\u0e31\u0e17\u0e18\u0e34\u0e40\u0e15\u0e19\u0e25\u0e4c \u0e28\u0e32\u0e2a\u0e19\u0e32\u0e40\u0e15\u0e19\u0e25\u0e4c \u0e2a\u0e31\u0e0d\u0e0a\u0e32\u0e15\u0e34\u0e40\u0e15\u0e19\u0e25\u0e4c","translator_type":"none","protected":false,"verified":false,"followers_count":39,"friends_count":1117,"listed_count":0,"favourites_count":6106,"statuses_count":80257,"created_at":"Sun Jan 07 10:20:10 +0000 2018","utc_offset":null,"time_zone":null,"geo_enabled":true,"lang":null,"contributors_enabled":false,"is_translator":false,"profile_background_color":"000000","profile_background_image_url":"http:\/\/abs.twimg.com\/images\/themes\/theme1\/bg.png","profile_background_image_url_https":"https:\/\/abs.twimg.com\/images\/themes\/theme1\/bg.png","profile_background_tile":false,"profile_link_color":"AABBBB","profile_sidebar_border_color":"000000","profile_sidebar_fill_color":"000000","profile_text_color":"000000","profile_use_background_image":false,"profile_image_url":"http:\/\/pbs.twimg.com\/profile_images\/1245050415093174272\/d5o4MYUE_normal.jpg","profile_image_url_https":"https:\/\/pbs.twimg.com\/profile_images\/1245050415093174272\/d5o4MYUE_normal.jpg","profile_banner_url":"https:\/\/pbs.twimg.com\/profile_banners\/949948769805656064\/1556769676","default_profile":false,"default_profile_image":false,"following":null,"follow_request_sent":null,"notifications":null},"geo":null,"coordinates":null,"place":null,"contributors":null,"retweeted_status":{"created_at":"Fri Apr 10 08:36:25 +0000 2020","id":1248530260771004417,"id_str":"1248530260771004417","text":"\u0e2d\u0e34\u0e08\u0e35\u0e19\u0e16\u0e32\u0e21\u0e04\u0e19\u0e44\u0e17\u0e22\u0e27\u0e48\u0e32 where is Thai King ? \u0e2d\u0e34\u0e44\u0e17\u0e22\u0e01\u0e47\u0e08\u0e30\u0e15\u0e2d\u0e1a\u0e27\u0e48\u0e32 \u0e01\u0e39\u0e01\u0e47\u0e44\u0e21\u0e48\u0e23\u0e39\u0e49\u0e04\u0e48\u0e30\u0e16\u0e49\u0e32\u0e23\u0e39\u0e49\u0e25\u0e48\u0e30\u0e1a\u0e2d\u0e01\u0e01\u0e39\u0e14\u0e49\u0e27\u0e22","source":"\u003ca href=\"http:\/\/twitter.com\/download\/android\" rel=\"nofollow\"\u003eTwitter for Android\u003c\/a\u003e","truncated":false,"in_reply_to_status_id":null,"in_reply_to_status_id_str":null,"in_reply_to_user_id":null,"in_reply_to_user_id_str":null,"in_reply_to_screen_name":null,"user":{"id":528044022,"id_str":"528044022","name":"\ud83c\udf38 \ud835\udc83\ud835\udc86\ud835\udc98\ud835\udc8a\ud835\udc95\ud835\udc84\ud835\udc89\ud835\udc86\ud835\udc85, \ud835\udc6a\ud835\udc90\ud835\udc8d\ud835\udc8a\ud835\udc8f\u2122 | *\uff61\u2605\uff65\ud83d\udcab\ud83c\udf84","screen_name":"zornitsaxx","location":"\u0e01\u0e23\u0e13\u0e35\u0e44\u0e21\u0e48\u0e02\u0e2d\u0e01\u0e48\u0e2d\u0e19\u0e01\u0e47\u0e2d\u0e1b\u0e17\u0e27\u0e35\u0e15\u0e04\u0e34\u0e14 500\u0e3f ","url":"https:\/\/www.wattpad.com\/user\/ColinsGirlfriend","description":"\u2618\ufe0f \ud835\udc94\ud835\udc8e\ud835\udc8a\ud835\udc8d\ud835\udc86 & \ud835\udc89\ud835\udc82\ud835\udc91\ud835\udc91\ud835\udc9a \ud835\udc86\ud835\udc97\ud835\udc86\ud835\udc93\ud835\udc9a \ud835\udc85\ud835\udc82\ud835\udc9a l \ud835\udc69\ud835\udc82\ud835\udc84\ud835\udc8c\ud835\udc96\ud835\udc91 \ud835\udc82\ud835\udc84\ud835\udc84 @nannerine l \ud835\udc6a\ud835\udc90\ud835\udc8d\ud835\udc8a\ud835\udc8f \ud835\udc6d\ud835\udc82\ud835\udc93\ud835\udc93\ud835\udc86\ud835\udc8d\ud835\udc8d l \u0e15\u0e34\u0e14\u0e15\u0e48\u0e2d\u0e07\u0e32\u0e19\/\u0e2a\u0e2d\u0e1a\u0e16\u0e32\u0e21 \ud835\udc84\ud835\udc90\ud835\udc8f\ud835\udc95\ud835\udc82\ud835\udc84\ud835\udc95 \ud835\udc8e\ud835\udc9a \ud835\udc6b\ud835\udc74  \ud83d\udcec\ud83c\udf08","translator_type":"none","protected":false,"verified":false,"followers_count":70639,"friends_count":55,"listed_count":100,"favourites_count":273,"statuses_count":79782,"created_at":"Sun Mar 18 02:06:35 +0000 2012","utc_offset":null,"time_zone":null,"geo_enabled":true,"lang":null,"contributors_enabled":false,"is_translator":false,"profile_background_color":"131516","profile_background_image_url":"http:\/\/abs.twimg.com\/images\/themes\/theme14\/bg.gif","profile_background_image_url_https":"https:\/\/abs.twimg.com\/images\/themes\/theme14\/bg.gif","profile_background_tile":true,"profile_link_color":"000000","profile_sidebar_border_color":"000000","profile_sidebar_fill_color":"000000","profile_text_color":"000000","profile_use_background_image":true,"profile_image_url":"http:\/\/pbs.twimg.com\/profile_images\/1245590524595077120\/ydZDCGKb_normal.jpg","profile_image_url_https":"https:\/\/pbs.twimg.com\/profile_images\/1245590524595077120\/ydZDCGKb_normal.jpg","profile_banner_url":"https:\/\/pbs.twimg.com\/profile_banners\/528044022\/1582020152","default_profile":false,"default_profile_image":false,"following":null,"follow_request_sent":null,"notifications":null},"geo":null,"coordinates":null,"place":null,"contributors":null,"is_quote_status":false,"quote_count":21,"reply_count":13,"retweet_count":26299,"favorite_count":2977,"entities":{"hashtags":[],"urls":[],"user_mentions":[],"symbols":[]},"favorited":false,"retweeted":false,"filter_level":"low","lang":"th"},"is_quote_status":false,"quote_count":0,"reply_count":0,"retweet_count":0,"favorite_count":0,"entities":{"hashtags":[],"urls":[],"user_mentions":[{"screen_name":"zornitsaxx","name":"\ud83c\udf38 \ud835\udc83\ud835\udc86\ud835\udc98\ud835\udc8a\ud835\udc95\ud835\udc84\ud835\udc89\ud835\udc86\ud835\udc85, \ud835\udc6a\ud835\udc90\ud835\udc8d\ud835\udc8a\ud835\udc8f\u2122 | *\uff61\u2605\uff65\ud83d\udcab\ud83c\udf84","id":528044022,"id_str":"528044022","indices":[3,14]}],"symbols":[]},"favorited":false,"retweeted":false,"filter_level":"low","lang":"th","timestamp_ms":"1586538235662"}
