{"created_at":"Fri Apr 10 17:03:48 +0000 2020","id":1248657949087674369,"id_str":"1248657949087674369","text":"RT @traderjosephina: Can someone find the creator of this?\n\nThis 18 second clip is better than thousands of 2hr films Ive seen https:\/\/t.co\u2026","source":"\u003ca href=\"http:\/\/twitter.com\/download\/iphone\" rel=\"nofollow\"\u003eTwitter for iPhone\u003c\/a\u003e","truncated":false,"in_reply_to_status_id":null,"in_reply_to_status_id_str":null,"in_reply_to_user_id":null,"in_reply_to_user_id_str":null,"in_reply_to_screen_name":null,"user":{"id":156351306,"id_str":"156351306","name":"QueenC\ud83d\udc51","screen_name":"_chrrissyyyy","location":"NOLA | Dell ","url":null,"description":"freespirit w\/ a wildheart.\u2728 basshead.\ud83c\udf08 7\/7\/19 Jonah.\ud83d\udc76\ud83c\udffd\u2764\ufe0f","translator_type":"none","protected":false,"verified":false,"followers_count":661,"friends_count":520,"listed_count":8,"favourites_count":11282,"statuses_count":30049,"created_at":"Wed Jun 16 18:19:46 +0000 2010","utc_offset":null,"time_zone":null,"geo_enabled":true,"lang":null,"contributors_enabled":false,"is_translator":false,"profile_background_color":"FF6699","profile_background_image_url":"http:\/\/abs.twimg.com\/images\/themes\/theme11\/bg.gif","profile_background_image_url_https":"https:\/\/abs.twimg.com\/images\/themes\/theme11\/bg.gif","profile_background_tile":true,"profile_link_color":"B40B43","profile_sidebar_border_color":"CC3366","profile_sidebar_fill_color":"E5507E","profile_text_color":"362720","profile_use_background_image":true,"profile_image_url":"http:\/\/pbs.twimg.com\/profile_images\/1228735897912381440\/xXFw3lgj_normal.jpg","profile_image_url_https":"https:\/\/pbs.twimg.com\/profile_images\/1228735897912381440\/xXFw3lgj_normal.jpg","profile_banner_url":"https:\/\/pbs.twimg.com\/profile_banners\/156351306\/1582909296","default_profile":false,"default_profile_image":false,"following":null,"follow_request_sent":null,"notifications":null},"geo":null,"coordinates":null,"place":null,"contributors":null,"retweeted_status":{"created_at":"Fri Apr 10 02:47:33 +0000 2020","id":1248442465234882561,"id_str":"1248442465234882561","text":"Can someone find the creator of this?\n\nThis 18 second clip is better than thousands of 2hr films Ive seen https:\/\/t.co\/kSIk4AT8lc","source":"\u003ca href=\"http:\/\/twitter.com\/download\/iphone\" rel=\"nofollow\"\u003eTwitter for iPhone\u003c\/a\u003e","truncated":false,"in_reply_to_status_id":null,"in_reply_to_status_id_str":null,"in_reply_to_user_id":null,"in_reply_to_user_id_str":null,"in_reply_to_screen_name":null,"user":{"id":1014667438946910208,"id_str":"1014667438946910208","name":"E","screen_name":"traderjosephina","location":null,"url":null,"description":"a bisexual Haitian with words to say \ud83d\udc8b$ohemgeeitsE","translator_type":"none","protected":false,"verified":false,"followers_count":1001,"friends_count":771,"listed_count":5,"favourites_count":48515,"statuses_count":101425,"created_at":"Thu Jul 05 00:29:03 +0000 2018","utc_offset":null,"time_zone":null,"geo_enabled":true,"lang":null,"contributors_enabled":false,"is_translator":false,"profile_background_color":"F5F8FA","profile_background_image_url":"","profile_background_image_url_https":"","profile_background_tile":false,"profile_link_color":"1DA1F2","profile_sidebar_border_color":"C0DEED","profile_sidebar_fill_color":"DDEEF6","profile_text_color":"333333","profile_use_background_image":true,"profile_image_url":"http:\/\/pbs.twimg.com\/profile_images\/1243967749392564225\/OGIYV2Rj_normal.jpg","profile_image_url_https":"https:\/\/pbs.twimg.com\/profile_images\/1243967749392564225\/OGIYV2Rj_normal.jpg","profile_banner_url":"https:\/\/pbs.twimg.com\/profile_banners\/1014667438946910208\/1586238982","default_profile":true,"default_profile_image":false,"following":null,"follow_request_sent":null,"notifications":null},"geo":null,"coordinates":null,"place":null,"contributors":null,"is_quote_status":false,"quote_count":1088,"reply_count":180,"retweet_count":6352,"favorite_count":23994,"entities":{"hashtags":[],"urls":[],"user_mentions":[],"symbols":[],"media":[{"id":1248375107677876229,"id_str":"1248375107677876229","indices":[106,129],"additional_media_info":{"monetizable":false},"media_url":"http:\/\/pbs.twimg.com\/ext_tw_video_thumb\/1248375107677876229\/pu\/img\/yvLskUFN-JoCEim6.jpg","media_url_https":"https:\/\/pbs.twimg.com\/ext_tw_video_thumb\/1248375107677876229\/pu\/img\/yvLskUFN-JoCEim6.jpg","url":"https:\/\/t.co\/kSIk4AT8lc","display_url":"pic.twitter.com\/kSIk4AT8lc","expanded_url":"https:\/\/twitter.com\/unclesteveabbey\/status\/1248375149159518209\/video\/1","type":"photo","sizes":{"thumb":{"w":150,"h":150,"resize":"crop"},"medium":{"w":480,"h":560,"resize":"fit"},"large":{"w":480,"h":560,"resize":"fit"},"small":{"w":480,"h":560,"resize":"fit"}},"source_status_id":1248375149159518209,"source_status_id_str":"1248375149159518209","source_user_id":1202679497130201090,"source_user_id_str":"1202679497130201090"}]},"extended_entities":{"media":[{"id":1248375107677876229,"id_str":"1248375107677876229","indices":[106,129],"additional_media_info":{"monetizable":false},"media_url":"http:\/\/pbs.twimg.com\/ext_tw_video_thumb\/1248375107677876229\/pu\/img\/yvLskUFN-JoCEim6.jpg","media_url_https":"https:\/\/pbs.twimg.com\/ext_tw_video_thumb\/1248375107677876229\/pu\/img\/yvLskUFN-JoCEim6.jpg","url":"https:\/\/t.co\/kSIk4AT8lc","display_url":"pic.twitter.com\/kSIk4AT8lc","expanded_url":"https:\/\/twitter.com\/unclesteveabbey\/status\/1248375149159518209\/video\/1","type":"video","video_info":{"aspect_ratio":[6,7],"duration_millis":17665,"variants":[{"bitrate":632000,"content_type":"video\/mp4","url":"https:\/\/video.twimg.com\/ext_tw_video\/1248375107677876229\/pu\/vid\/320x372\/HqF97qjf6r_aaAwl.mp4?tag=10"},{"bitrate":832000,"content_type":"video\/mp4","url":"https:\/\/video.twimg.com\/ext_tw_video\/1248375107677876229\/pu\/vid\/360x420\/SKGSCEnLumQjiNdb.mp4?tag=10"},{"content_type":"application\/x-mpegURL","url":"https:\/\/video.twimg.com\/ext_tw_video\/1248375107677876229\/pu\/pl\/1Ps127WMnCXa_ECZ.m3u8?tag=10"},{"bitrate":2176000,"content_type":"video\/mp4","url":"https:\/\/video.twimg.com\/ext_tw_video\/1248375107677876229\/pu\/vid\/480x560\/AOfaIMyCsUR3NQZO.mp4?tag=10"}]},"sizes":{"thumb":{"w":150,"h":150,"resize":"crop"},"medium":{"w":480,"h":560,"resize":"fit"},"large":{"w":480,"h":560,"resize":"fit"},"small":{"w":480,"h":560,"resize":"fit"}},"source_status_id":1248375149159518209,"source_status_id_str":"1248375149159518209","source_user_id":1202679497130201090,"source_user_id_str":"1202679497130201090"}]},"favorited":false,"retweeted":false,"possibly_sensitive":false,"filter_level":"low","lang":"en"},"is_quote_status":false,"quote_count":0,"reply_count":0,"retweet_count":0,"favorite_count":0,"entities":{"hashtags":[],"urls":[],"user_mentions":[{"screen_name":"traderjosephina","name":"E","id":1014667438946910208,"id_str":"1014667438946910208","indices":[3,19]}],"symbols":[]},"favorited":false,"retweeted":false,"filter_level":"low","lang":"en","timestamp_ms":"1586538228662"}
