{"created_at":"Fri Apr 10 17:03:56 +0000 2020","id":1248657982625202176,"id_str":"1248657982625202176","text":"RT @joshonlyyou: gg_ssob.jpg\n\n@SB19Official #SB19\n#SB19_MissionInDavao2\n#SB19_ShowBreak\n#SB19is8inBBS50 https:\/\/t.co\/3cTxEm8zn5","source":"\u003ca href=\"http:\/\/twitter.com\/download\/android\" rel=\"nofollow\"\u003eTwitter for Android\u003c\/a\u003e","truncated":false,"in_reply_to_status_id":null,"in_reply_to_status_id_str":null,"in_reply_to_user_id":null,"in_reply_to_user_id_str":null,"in_reply_to_screen_name":null,"user":{"id":1181162655911800833,"id_str":"1181162655911800833","name":"shadowbanned \ud835\ude67\ud835\ude6a\ud835\ude69\ud835\ude5d \u1d4d\u1d56 \u2070\u2070\u2078","screen_name":"sejunologist","location":"\u2074\/\u2074 \u1d52\u1da0 \u1d39\u1d43'\u1d57\u1da6\u207f\u1d48\u1da6\u1d49 ","url":"http:\/\/this.is.just.a.fan.account.com","description":"did someone say hotdog? \ud83c\udf2d nfwolac - a'tin\nstream alab : https:\/\/youtu.be\/-tWuVqZnoL4 \ud83d\udd25","translator_type":"none","protected":false,"verified":false,"followers_count":2675,"friends_count":1083,"listed_count":6,"favourites_count":34128,"statuses_count":18379,"created_at":"Mon Oct 07 11:01:54 +0000 2019","utc_offset":null,"time_zone":null,"geo_enabled":false,"lang":null,"contributors_enabled":false,"is_translator":false,"profile_background_color":"F5F8FA","profile_background_image_url":"","profile_background_image_url_https":"","profile_background_tile":false,"profile_link_color":"1DA1F2","profile_sidebar_border_color":"C0DEED","profile_sidebar_fill_color":"DDEEF6","profile_text_color":"333333","profile_use_background_image":true,"profile_image_url":"http:\/\/pbs.twimg.com\/profile_images\/1245237323286999042\/pfk1Hptc_normal.jpg","profile_image_url_https":"https:\/\/pbs.twimg.com\/profile_images\/1245237323286999042\/pfk1Hptc_normal.jpg","profile_banner_url":"https:\/\/pbs.twimg.com\/profile_banners\/1181162655911800833\/1585721780","default_profile":true,"default_profile_image":false,"following":null,"follow_request_sent":null,"notifications":null},"geo":null,"coordinates":null,"place":null,"contributors":null,"retweeted_status":{"created_at":"Wed Apr 08 14:20:51 +0000 2020","id":1247892165843234816,"id_str":"1247892165843234816","text":"gg_ssob.jpg\n\n@SB19Official #SB19\n#SB19_MissionInDavao2\n#SB19_ShowBreak\n#SB19is8inBBS50 https:\/\/t.co\/3cTxEm8zn5","display_text_range":[0,86],"source":"\u003ca href=\"http:\/\/twitter.com\/download\/iphone\" rel=\"nofollow\"\u003eTwitter for iPhone\u003c\/a\u003e","truncated":false,"in_reply_to_status_id":null,"in_reply_to_status_id_str":null,"in_reply_to_user_id":null,"in_reply_to_user_id_str":null,"in_reply_to_screen_name":null,"user":{"id":1037295879655317504,"id_str":"1037295879655317504","name":"JOY ni @JoshCullen_s \ud83d\udcf8\ud83c\udf3a\ud83d\udc27","screen_name":"joshonlyyou","location":null,"url":"https:\/\/www.youtube.com\/channel\/UCbbCYlDm_F0j-cPvIY2s3zQ","description":"for @ShowBTph\u2019s @SB19Official @JoshCullen_s \ud83d\ude46\ud83c\udffb\u200d\u2642\ufe0f\ud83d\udcf8 | stan talent, stan Sa Biglaan, stan SB19 | worth stanning OT5 all the way | nowhere but up \u261d\ud83c\udffb","translator_type":"none","protected":false,"verified":false,"followers_count":6305,"friends_count":1851,"listed_count":41,"favourites_count":14805,"statuses_count":14840,"created_at":"Wed Sep 05 11:06:24 +0000 2018","utc_offset":null,"time_zone":null,"geo_enabled":true,"lang":null,"contributors_enabled":false,"is_translator":false,"profile_background_color":"F5F8FA","profile_background_image_url":"","profile_background_image_url_https":"","profile_background_tile":false,"profile_link_color":"1DA1F2","profile_sidebar_border_color":"C0DEED","profile_sidebar_fill_color":"DDEEF6","profile_text_color":"333333","profile_use_background_image":true,"profile_image_url":"http:\/\/pbs.twimg.com\/profile_images\/1241043197171650561\/RfHYw7Sy_normal.jpg","profile_image_url_https":"https:\/\/pbs.twimg.com\/profile_images\/1241043197171650561\/RfHYw7Sy_normal.jpg","profile_banner_url":"https:\/\/pbs.twimg.com\/profile_banners\/1037295879655317504\/1583714753","default_profile":true,"default_profile_image":false,"following":null,"follow_request_sent":null,"notifications":null},"geo":null,"coordinates":null,"place":null,"contributors":null,"is_quote_status":false,"quote_count":40,"reply_count":6,"retweet_count":207,"favorite_count":266,"entities":{"hashtags":[{"text":"SB19","indices":[27,32]},{"text":"SB19_MissionInDavao2","indices":[33,54]},{"text":"SB19_ShowBreak","indices":[55,70]},{"text":"SB19is8inBBS50","indices":[71,86]}],"urls":[],"user_mentions":[{"screen_name":"SB19Official","name":"SB19 Official","id":1006064993282842624,"id_str":"1006064993282842624","indices":[13,26]}],"symbols":[],"media":[{"id":1247892095785783297,"id_str":"1247892095785783297","indices":[87,110],"additional_media_info":{"monetizable":false},"media_url":"http:\/\/pbs.twimg.com\/ext_tw_video_thumb\/1247892095785783297\/pu\/img\/zLUkaI4dYLIOdpza.jpg","media_url_https":"https:\/\/pbs.twimg.com\/ext_tw_video_thumb\/1247892095785783297\/pu\/img\/zLUkaI4dYLIOdpza.jpg","url":"https:\/\/t.co\/3cTxEm8zn5","display_url":"pic.twitter.com\/3cTxEm8zn5","expanded_url":"https:\/\/twitter.com\/joshonlyyou\/status\/1247892165843234816\/video\/1","type":"photo","sizes":{"thumb":{"w":150,"h":150,"resize":"crop"},"small":{"w":680,"h":680,"resize":"fit"},"medium":{"w":720,"h":720,"resize":"fit"},"large":{"w":720,"h":720,"resize":"fit"}}}]},"extended_entities":{"media":[{"id":1247892095785783297,"id_str":"1247892095785783297","indices":[87,110],"additional_media_info":{"monetizable":false},"media_url":"http:\/\/pbs.twimg.com\/ext_tw_video_thumb\/1247892095785783297\/pu\/img\/zLUkaI4dYLIOdpza.jpg","media_url_https":"https:\/\/pbs.twimg.com\/ext_tw_video_thumb\/1247892095785783297\/pu\/img\/zLUkaI4dYLIOdpza.jpg","url":"https:\/\/t.co\/3cTxEm8zn5","display_url":"pic.twitter.com\/3cTxEm8zn5","expanded_url":"https:\/\/twitter.com\/joshonlyyou\/status\/1247892165843234816\/video\/1","type":"video","video_info":{"aspect_ratio":[1,1],"duration_millis":1392,"variants":[{"bitrate":1280000,"content_type":"video\/mp4","url":"https:\/\/video.twimg.com\/ext_tw_video\/1247892095785783297\/pu\/vid\/720x720\/QCbCrCKfgLnSaSCv.mp4?tag=10"},{"bitrate":432000,"content_type":"video\/mp4","url":"https:\/\/video.twimg.com\/ext_tw_video\/1247892095785783297\/pu\/vid\/320x320\/0stSymZC1ra6fbUn.mp4?tag=10"},{"content_type":"application\/x-mpegURL","url":"https:\/\/video.twimg.com\/ext_tw_video\/1247892095785783297\/pu\/pl\/IW_T1bZK2nAPohtM.m3u8?tag=10"},{"bitrate":832000,"content_type":"video\/mp4","url":"https:\/\/video.twimg.com\/ext_tw_video\/1247892095785783297\/pu\/vid\/480x480\/B6pkIJPFyQubazUu.mp4?tag=10"}]},"sizes":{"thumb":{"w":150,"h":150,"resize":"crop"},"small":{"w":680,"h":680,"resize":"fit"},"medium":{"w":720,"h":720,"resize":"fit"},"large":{"w":720,"h":720,"resize":"fit"}}}]},"favorited":false,"retweeted":false,"possibly_sensitive":false,"filter_level":"low","lang":"tl"},"is_quote_status":false,"quote_count":0,"reply_count":0,"retweet_count":0,"favorite_count":0,"entities":{"hashtags":[{"text":"SB19","indices":[44,49]},{"text":"SB19_MissionInDavao2","indices":[50,71]},{"text":"SB19_ShowBreak","indices":[72,87]},{"text":"SB19is8inBBS50","indices":[88,103]}],"urls":[],"user_mentions":[{"screen_name":"joshonlyyou","name":"JOY ni @JoshCullen_s \ud83d\udcf8\ud83c\udf3a\ud83d\udc27","id":1037295879655317504,"id_str":"1037295879655317504","indices":[3,15]},{"screen_name":"SB19Official","name":"SB19 Official","id":1006064993282842624,"id_str":"1006064993282842624","indices":[30,43]}],"symbols":[],"media":[{"id":1247892095785783297,"id_str":"1247892095785783297","indices":[104,127],"additional_media_info":{"monetizable":false},"media_url":"http:\/\/pbs.twimg.com\/ext_tw_video_thumb\/1247892095785783297\/pu\/img\/zLUkaI4dYLIOdpza.jpg","media_url_https":"https:\/\/pbs.twimg.com\/ext_tw_video_thumb\/1247892095785783297\/pu\/img\/zLUkaI4dYLIOdpza.jpg","url":"https:\/\/t.co\/3cTxEm8zn5","display_url":"pic.twitter.com\/3cTxEm8zn5","expanded_url":"https:\/\/twitter.com\/joshonlyyou\/status\/1247892165843234816\/video\/1","type":"photo","sizes":{"thumb":{"w":150,"h":150,"resize":"crop"},"small":{"w":680,"h":680,"resize":"fit"},"medium":{"w":720,"h":720,"resize":"fit"},"large":{"w":720,"h":720,"resize":"fit"}},"source_status_id":1247892165843234816,"source_status_id_str":"1247892165843234816","source_user_id":1037295879655317504,"source_user_id_str":"1037295879655317504"}]},"extended_entities":{"media":[{"id":1247892095785783297,"id_str":"1247892095785783297","indices":[104,127],"additional_media_info":{"monetizable":false},"media_url":"http:\/\/pbs.twimg.com\/ext_tw_video_thumb\/1247892095785783297\/pu\/img\/zLUkaI4dYLIOdpza.jpg","media_url_https":"https:\/\/pbs.twimg.com\/ext_tw_video_thumb\/1247892095785783297\/pu\/img\/zLUkaI4dYLIOdpza.jpg","url":"https:\/\/t.co\/3cTxEm8zn5","display_url":"pic.twitter.com\/3cTxEm8zn5","expanded_url":"https:\/\/twitter.com\/joshonlyyou\/status\/1247892165843234816\/video\/1","type":"video","video_info":{"aspect_ratio":[1,1],"duration_millis":1392,"variants":[{"bitrate":1280000,"content_type":"video\/mp4","url":"https:\/\/video.twimg.com\/ext_tw_video\/1247892095785783297\/pu\/vid\/720x720\/QCbCrCKfgLnSaSCv.mp4?tag=10"},{"bitrate":432000,"content_type":"video\/mp4","url":"https:\/\/video.twimg.com\/ext_tw_video\/1247892095785783297\/pu\/vid\/320x320\/0stSymZC1ra6fbUn.mp4?tag=10"},{"content_type":"application\/x-mpegURL","url":"https:\/\/video.twimg.com\/ext_tw_video\/1247892095785783297\/pu\/pl\/IW_T1bZK2nAPohtM.m3u8?tag=10"},{"bitrate":832000,"content_type":"video\/mp4","url":"https:\/\/video.twimg.com\/ext_tw_video\/1247892095785783297\/pu\/vid\/480x480\/B6pkIJPFyQubazUu.mp4?tag=10"}]},"sizes":{"thumb":{"w":150,"h":150,"resize":"crop"},"small":{"w":680,"h":680,"resize":"fit"},"medium":{"w":720,"h":720,"resize":"fit"},"large":{"w":720,"h":720,"resize":"fit"}},"source_status_id":1247892165843234816,"source_status_id_str":"1247892165843234816","source_user_id":1037295879655317504,"source_user_id_str":"1037295879655317504"}]},"favorited":false,"retweeted":false,"possibly_sensitive":false,"filter_level":"low","lang":"tl","timestamp_ms":"1586538236658"}
