{"created_at":"Fri Apr 10 17:03:55 +0000 2020","id":1248657978443436033,"id_str":"1248657978443436033","text":"RT @gangbearegg: \u0e40\u0e25\u0e34\u0e01\u0e2a\u0e19\u0e43\u0e08\u0e40\u0e16\u0e2d\u0e30 \u0e40\u0e02\u0e32\u0e44\u0e21\u0e48\u0e01\u0e25\u0e31\u0e1a\u0e21\u0e32\u0e41\u0e25\u0e49\u0e27","source":"\u003ca href=\"http:\/\/twitter.com\/download\/iphone\" rel=\"nofollow\"\u003eTwitter for iPhone\u003c\/a\u003e","truncated":false,"in_reply_to_status_id":null,"in_reply_to_status_id_str":null,"in_reply_to_user_id":null,"in_reply_to_user_id_str":null,"in_reply_to_screen_name":null,"user":{"id":984315882359812096,"id_str":"984315882359812096","name":"\u30a2\u30fc\u30e9\u30e4\u30fc","screen_name":"moarraya","location":"\u0e2d.\u0e40\u0e21\u0e37\u0e2d\u0e07\u0e25\u0e1e\u0e1a\u0e38\u0e23\u0e35, \u0e08.\u0e25\u0e1e\u0e1a\u0e38\u0e23\u0e35","url":null,"description":"\ud835\udc40\ud835\udcce \ud835\udccc\ud835\udc5c\ud835\udcc7\ud835\udcc1\ud835\udcb9 \ud835\udcbe\ud835\udcc8 \ud835\udcc8\ud835\udcb6\ud835\udcb9 \ud83e\udd0d","translator_type":"none","protected":false,"verified":false,"followers_count":5,"friends_count":196,"listed_count":0,"favourites_count":4867,"statuses_count":1742,"created_at":"Thu Apr 12 06:22:48 +0000 2018","utc_offset":null,"time_zone":null,"geo_enabled":false,"lang":null,"contributors_enabled":false,"is_translator":false,"profile_background_color":"F5F8FA","profile_background_image_url":"","profile_background_image_url_https":"","profile_background_tile":false,"profile_link_color":"1DA1F2","profile_sidebar_border_color":"C0DEED","profile_sidebar_fill_color":"DDEEF6","profile_text_color":"333333","profile_use_background_image":true,"profile_image_url":"http:\/\/pbs.twimg.com\/profile_images\/1248303979294949376\/3h4JhiFG_normal.jpg","profile_image_url_https":"https:\/\/pbs.twimg.com\/profile_images\/1248303979294949376\/3h4JhiFG_normal.jpg","profile_banner_url":"https:\/\/pbs.twimg.com\/profile_banners\/984315882359812096\/1586453836","default_profile":true,"default_profile_image":false,"following":null,"follow_request_sent":null,"notifications":null},"geo":null,"coordinates":null,"place":null,"contributors":null,"retweeted_status":{"created_at":"Fri Apr 10 16:50:21 +0000 2020","id":1248654565576073216,"id_str":"1248654565576073216","text":"\u0e40\u0e25\u0e34\u0e01\u0e2a\u0e19\u0e43\u0e08\u0e40\u0e16\u0e2d\u0e30 \u0e40\u0e02\u0e32\u0e44\u0e21\u0e48\u0e01\u0e25\u0e31\u0e1a\u0e21\u0e32\u0e41\u0e25\u0e49\u0e27","source":"\u003ca href=\"http:\/\/twitter.com\/download\/iphone\" rel=\"nofollow\"\u003eTwitter for iPhone\u003c\/a\u003e","truncated":false,"in_reply_to_status_id":null,"in_reply_to_status_id_str":null,"in_reply_to_user_id":null,"in_reply_to_user_id_str":null,"in_reply_to_screen_name":null,"user":{"id":2988474979,"id_str":"2988474979","name":"\u0e2b\u0e21\u0e35\u0e44\u0e02\u0e48. \ud83d\udc3b","screen_name":"gangbearegg","location":"\u0e23\u0e31\u0e1a\u0e23\u0e35\u0e27\u0e34\u0e27\/\u0e23\u0e35\u0e17\u0e27\u0e34\u0e15 \ud83d\udccd\u0e15\u0e34\u0e14\u0e15\u0e48\u0e2d\u0e07\u0e32\u0e19Dm ","url":"https:\/\/www.instagram.com\/eggbe4r\/","description":"\u0e43\u0e2b\u0e49\u0e0a\u0e35\u0e27\u0e34\u0e15\u0e1e\u0e31\u0e07\u0e1a\u0e49\u0e32\u0e07\u0e01\u0e47\u0e14\u0e35\u0e08\u0e30\u0e44\u0e14\u0e49\u0e23\u0e31\u0e1a\u0e23\u0e39\u0e49\u0e2a\u0e34\u0e48\u0e07\u0e41\u0e22\u0e48\u0e46\u0e43\u0e19\u0e0a\u0e35\u0e27\u0e34\u0e15\u0e15\u0e31\u0e27\u0e40\u0e2d\u0e07\u0e1a\u0e49\u0e32\u0e07","translator_type":"none","protected":false,"verified":false,"followers_count":250687,"friends_count":215,"listed_count":47,"favourites_count":5695,"statuses_count":21799,"created_at":"Sun Jan 18 12:00:32 +0000 2015","utc_offset":null,"time_zone":null,"geo_enabled":true,"lang":null,"contributors_enabled":false,"is_translator":false,"profile_background_color":"000000","profile_background_image_url":"http:\/\/abs.twimg.com\/images\/themes\/theme1\/bg.png","profile_background_image_url_https":"https:\/\/abs.twimg.com\/images\/themes\/theme1\/bg.png","profile_background_tile":false,"profile_link_color":"E81C4F","profile_sidebar_border_color":"000000","profile_sidebar_fill_color":"000000","profile_text_color":"000000","profile_use_background_image":false,"profile_image_url":"http:\/\/pbs.twimg.com\/profile_images\/1240605900584308737\/_Ql5HcKO_normal.jpg","profile_image_url_https":"https:\/\/pbs.twimg.com\/profile_images\/1240605900584308737\/_Ql5HcKO_normal.jpg","profile_banner_url":"https:\/\/pbs.twimg.com\/profile_banners\/2988474979\/1534406687","default_profile":false,"default_profile_image":false,"following":null,"follow_request_sent":null,"notifications":null},"geo":null,"coordinates":null,"place":null,"contributors":null,"is_quote_status":false,"quote_count":3,"reply_count":2,"retweet_count":85,"favorite_count":51,"entities":{"hashtags":[],"urls":[],"user_mentions":[],"symbols":[]},"favorited":false,"retweeted":false,"filter_level":"low","lang":"th"},"is_quote_status":false,"quote_count":0,"reply_count":0,"retweet_count":0,"favorite_count":0,"entities":{"hashtags":[],"urls":[],"user_mentions":[{"screen_name":"gangbearegg","name":"\u0e2b\u0e21\u0e35\u0e44\u0e02\u0e48. \ud83d\udc3b","id":2988474979,"id_str":"2988474979","indices":[3,15]}],"symbols":[]},"favorited":false,"retweeted":false,"filter_level":"low","lang":"th","timestamp_ms":"1586538235661"}
