{"created_at":"Fri Apr 10 17:03:51 +0000 2020","id":1248657961666347009,"id_str":"1248657961666347009","text":"RT @_Iguuuu: Eu com 9 anos arrumando a casa pra fzr surpresa pra minha m\u00e3e","source":"\u003ca href=\"http:\/\/twitter.com\/download\/android\" rel=\"nofollow\"\u003eTwitter for Android\u003c\/a\u003e","truncated":false,"in_reply_to_status_id":null,"in_reply_to_status_id_str":null,"in_reply_to_user_id":null,"in_reply_to_user_id_str":null,"in_reply_to_screen_name":null,"user":{"id":1154129592665497601,"id_str":"1154129592665497601","name":"mario","screen_name":"btsgalaxyz","location":"fernanda ","url":"http:\/\/baitola.xn--7r8h","description":"\ubc29  \u2018  c\ud835\uddfc\ud835\ude00m\ud835\uddfc.  \u2317  \ud835\udff7\ud835\udff9 \u00b7 \u2ffb","translator_type":"none","protected":false,"verified":false,"followers_count":2808,"friends_count":4141,"listed_count":4,"favourites_count":7646,"statuses_count":30622,"created_at":"Wed Jul 24 20:41:52 +0000 2019","utc_offset":null,"time_zone":null,"geo_enabled":true,"lang":null,"contributors_enabled":false,"is_translator":false,"profile_background_color":"F5F8FA","profile_background_image_url":"","profile_background_image_url_https":"","profile_background_tile":false,"profile_link_color":"1DA1F2","profile_sidebar_border_color":"C0DEED","profile_sidebar_fill_color":"DDEEF6","profile_text_color":"333333","profile_use_background_image":true,"profile_image_url":"http:\/\/pbs.twimg.com\/profile_images\/1248624776072982528\/qOgYPbJp_normal.jpg","profile_image_url_https":"https:\/\/pbs.twimg.com\/profile_images\/1248624776072982528\/qOgYPbJp_normal.jpg","profile_banner_url":"https:\/\/pbs.twimg.com\/profile_banners\/1154129592665497601\/1586231634","default_profile":true,"default_profile_image":false,"following":null,"follow_request_sent":null,"notifications":null},"geo":null,"coordinates":null,"place":null,"contributors":null,"retweeted_status":{"created_at":"Tue Apr 07 06:23:30 +0000 2020","id":1247409650129080322,"id_str":"1247409650129080322","text":"Eu com 9 anos arrumando a casa pra fzr surpresa pra minha m\u00e3e","source":"\u003ca href=\"http:\/\/twitter.com\/download\/android\" rel=\"nofollow\"\u003eTwitter for Android\u003c\/a\u003e","truncated":false,"in_reply_to_status_id":null,"in_reply_to_status_id_str":null,"in_reply_to_user_id":null,"in_reply_to_user_id_str":null,"in_reply_to_screen_name":null,"user":{"id":1160019562194243584,"id_str":"1160019562194243584","name":"AMENO","screen_name":"_Iguuuu","location":"N\u00e1rnia ","url":null,"description":"\u2744YOUNG JACK FROST\u2744","translator_type":"none","protected":false,"verified":false,"followers_count":148,"friends_count":585,"listed_count":0,"favourites_count":8117,"statuses_count":4893,"created_at":"Sat Aug 10 02:46:30 +0000 2019","utc_offset":null,"time_zone":null,"geo_enabled":false,"lang":null,"contributors_enabled":false,"is_translator":false,"profile_background_color":"F5F8FA","profile_background_image_url":"","profile_background_image_url_https":"","profile_background_tile":false,"profile_link_color":"1DA1F2","profile_sidebar_border_color":"C0DEED","profile_sidebar_fill_color":"DDEEF6","profile_text_color":"333333","profile_use_background_image":true,"profile_image_url":"http:\/\/pbs.twimg.com\/profile_images\/1248404428870152197\/idID0QkF_normal.jpg","profile_image_url_https":"https:\/\/pbs.twimg.com\/profile_images\/1248404428870152197\/idID0QkF_normal.jpg","profile_banner_url":"https:\/\/pbs.twimg.com\/profile_banners\/1160019562194243584\/1583020935","default_profile":true,"default_profile_image":false,"following":null,"follow_request_sent":null,"notifications":null},"geo":null,"coordinates":null,"place":null,"contributors":null,"quoted_status_id":1243356251418800128,"quoted_status_id_str":"1243356251418800128","quoted_status":{"created_at":"Fri Mar 27 01:56:45 +0000 2020","id":1243356251418800128,"id_str":"1243356251418800128","text":"Bomboclaat https:\/\/t.co\/nRPLYrEXFY","display_text_range":[0,10],"source":"\u003ca href=\"http:\/\/twitter.com\/download\/android\" rel=\"nofollow\"\u003eTwitter for Android\u003c\/a\u003e","truncated":false,"in_reply_to_status_id":null,"in_reply_to_status_id_str":null,"in_reply_to_user_id":null,"in_reply_to_user_id_str":null,"in_reply_to_screen_name":null,"user":{"id":2828218024,"id_str":"2828218024","name":"Bart","screen_name":"hmdroga","location":"Minas Gerais, Brasil","url":"http:\/\/instagram.com\/followtrickbr7k","description":"Seja bem vindo, sou Bart, gosto de comer e dormir e tamb\u00e9m fa\u00e7os umas merdas quando acordado. Meta 50k","translator_type":"none","protected":false,"verified":false,"followers_count":43338,"friends_count":24921,"listed_count":163,"favourites_count":20180,"statuses_count":8153,"created_at":"Mon Oct 13 20:00:15 +0000 2014","utc_offset":null,"time_zone":null,"geo_enabled":true,"lang":null,"contributors_enabled":false,"is_translator":false,"profile_background_color":"C0DEED","profile_background_image_url":"http:\/\/abs.twimg.com\/images\/themes\/theme1\/bg.png","profile_background_image_url_https":"https:\/\/abs.twimg.com\/images\/themes\/theme1\/bg.png","profile_background_tile":false,"profile_link_color":"1DA1F2","profile_sidebar_border_color":"C0DEED","profile_sidebar_fill_color":"DDEEF6","profile_text_color":"333333","profile_use_background_image":true,"profile_image_url":"http:\/\/pbs.twimg.com\/profile_images\/1123557025466732545\/KMgiaksT_normal.jpg","profile_image_url_https":"https:\/\/pbs.twimg.com\/profile_images\/1123557025466732545\/KMgiaksT_normal.jpg","profile_banner_url":"https:\/\/pbs.twimg.com\/profile_banners\/2828218024\/1529183241","default_profile":true,"default_profile_image":false,"following":null,"follow_request_sent":null,"notifications":null},"geo":null,"coordinates":null,"place":null,"contributors":null,"is_quote_status":false,"quote_count":160,"reply_count":3,"retweet_count":29,"favorite_count":220,"entities":{"hashtags":[],"urls":[],"user_mentions":[],"symbols":[],"media":[{"id":1243356242510336000,"id_str":"1243356242510336000","indices":[11,34],"media_url":"http:\/\/pbs.twimg.com\/media\/EUFJ6jwX0AALLwq.jpg","media_url_https":"https:\/\/pbs.twimg.com\/media\/EUFJ6jwX0AALLwq.jpg","url":"https:\/\/t.co\/nRPLYrEXFY","display_url":"pic.twitter.com\/nRPLYrEXFY","expanded_url":"https:\/\/twitter.com\/hmdroga\/status\/1243356251418800128\/photo\/1","type":"photo","sizes":{"thumb":{"w":150,"h":150,"resize":"crop"},"small":{"w":680,"h":482,"resize":"fit"},"medium":{"w":1122,"h":796,"resize":"fit"},"large":{"w":1122,"h":796,"resize":"fit"}}}]},"extended_entities":{"media":[{"id":1243356242510336000,"id_str":"1243356242510336000","indices":[11,34],"media_url":"http:\/\/pbs.twimg.com\/media\/EUFJ6jwX0AALLwq.jpg","media_url_https":"https:\/\/pbs.twimg.com\/media\/EUFJ6jwX0AALLwq.jpg","url":"https:\/\/t.co\/nRPLYrEXFY","display_url":"pic.twitter.com\/nRPLYrEXFY","expanded_url":"https:\/\/twitter.com\/hmdroga\/status\/1243356251418800128\/photo\/1","type":"photo","sizes":{"thumb":{"w":150,"h":150,"resize":"crop"},"small":{"w":680,"h":482,"resize":"fit"},"medium":{"w":1122,"h":796,"resize":"fit"},"large":{"w":1122,"h":796,"resize":"fit"}}}]},"favorited":false,"retweeted":false,"possibly_sensitive":false,"filter_level":"low","lang":"in"},"quoted_status_permalink":{"url":"https:\/\/t.co\/0a6XwJBM9b","expanded":"https:\/\/twitter.com\/hmdroga\/status\/1243356251418800128","display":"twitter.com\/hmdroga\/status\u2026"},"is_quote_status":true,"quote_count":584,"reply_count":133,"retweet_count":13126,"favorite_count":27294,"entities":{"hashtags":[],"urls":[],"user_mentions":[],"symbols":[]},"favorited":false,"retweeted":false,"filter_level":"low","lang":"pt"},"quoted_status_id":1243356251418800128,"quoted_status_id_str":"1243356251418800128","quoted_status":{"created_at":"Fri Mar 27 01:56:45 +0000 2020","id":1243356251418800128,"id_str":"1243356251418800128","text":"Bomboclaat https:\/\/t.co\/nRPLYrEXFY","display_text_range":[0,10],"source":"\u003ca href=\"http:\/\/twitter.com\/download\/android\" rel=\"nofollow\"\u003eTwitter for Android\u003c\/a\u003e","truncated":false,"in_reply_to_status_id":null,"in_reply_to_status_id_str":null,"in_reply_to_user_id":null,"in_reply_to_user_id_str":null,"in_reply_to_screen_name":null,"user":{"id":2828218024,"id_str":"2828218024","name":"Bart","screen_name":"hmdroga","location":"Minas Gerais, Brasil","url":"http:\/\/instagram.com\/followtrickbr7k","description":"Seja bem vindo, sou Bart, gosto de comer e dormir e tamb\u00e9m fa\u00e7os umas merdas quando acordado. Meta 50k","translator_type":"none","protected":false,"verified":false,"followers_count":43338,"friends_count":24921,"listed_count":163,"favourites_count":20180,"statuses_count":8153,"created_at":"Mon Oct 13 20:00:15 +0000 2014","utc_offset":null,"time_zone":null,"geo_enabled":true,"lang":null,"contributors_enabled":false,"is_translator":false,"profile_background_color":"C0DEED","profile_background_image_url":"http:\/\/abs.twimg.com\/images\/themes\/theme1\/bg.png","profile_background_image_url_https":"https:\/\/abs.twimg.com\/images\/themes\/theme1\/bg.png","profile_background_tile":false,"profile_link_color":"1DA1F2","profile_sidebar_border_color":"C0DEED","profile_sidebar_fill_color":"DDEEF6","profile_text_color":"333333","profile_use_background_image":true,"profile_image_url":"http:\/\/pbs.twimg.com\/profile_images\/1123557025466732545\/KMgiaksT_normal.jpg","profile_image_url_https":"https:\/\/pbs.twimg.com\/profile_images\/1123557025466732545\/KMgiaksT_normal.jpg","profile_banner_url":"https:\/\/pbs.twimg.com\/profile_banners\/2828218024\/1529183241","default_profile":true,"default_profile_image":false,"following":null,"follow_request_sent":null,"notifications":null},"geo":null,"coordinates":null,"place":null,"contributors":null,"is_quote_status":false,"quote_count":160,"reply_count":3,"retweet_count":29,"favorite_count":220,"entities":{"hashtags":[],"urls":[],"user_mentions":[],"symbols":[],"media":[{"id":1243356242510336000,"id_str":"1243356242510336000","indices":[11,34],"media_url":"http:\/\/pbs.twimg.com\/media\/EUFJ6jwX0AALLwq.jpg","media_url_https":"https:\/\/pbs.twimg.com\/media\/EUFJ6jwX0AALLwq.jpg","url":"https:\/\/t.co\/nRPLYrEXFY","display_url":"pic.twitter.com\/nRPLYrEXFY","expanded_url":"https:\/\/twitter.com\/hmdroga\/status\/1243356251418800128\/photo\/1","type":"photo","sizes":{"thumb":{"w":150,"h":150,"resize":"crop"},"small":{"w":680,"h":482,"resize":"fit"},"medium":{"w":1122,"h":796,"resize":"fit"},"large":{"w":1122,"h":796,"resize":"fit"}}}]},"extended_entities":{"media":[{"id":1243356242510336000,"id_str":"1243356242510336000","indices":[11,34],"media_url":"http:\/\/pbs.twimg.com\/media\/EUFJ6jwX0AALLwq.jpg","media_url_https":"https:\/\/pbs.twimg.com\/media\/EUFJ6jwX0AALLwq.jpg","url":"https:\/\/t.co\/nRPLYrEXFY","display_url":"pic.twitter.com\/nRPLYrEXFY","expanded_url":"https:\/\/twitter.com\/hmdroga\/status\/1243356251418800128\/photo\/1","type":"photo","sizes":{"thumb":{"w":150,"h":150,"resize":"crop"},"small":{"w":680,"h":482,"resize":"fit"},"medium":{"w":1122,"h":796,"resize":"fit"},"large":{"w":1122,"h":796,"resize":"fit"}}}]},"favorited":false,"retweeted":false,"possibly_sensitive":false,"filter_level":"low","lang":"in"},"quoted_status_permalink":{"url":"https:\/\/t.co\/0a6XwJBM9b","expanded":"https:\/\/twitter.com\/hmdroga\/status\/1243356251418800128","display":"twitter.com\/hmdroga\/status\u2026"},"is_quote_status":true,"quote_count":0,"reply_count":0,"retweet_count":0,"favorite_count":0,"entities":{"hashtags":[],"urls":[],"user_mentions":[{"screen_name":"_Iguuuu","name":"AMENO","id":1160019562194243584,"id_str":"1160019562194243584","indices":[3,11]}],"symbols":[]},"favorited":false,"retweeted":false,"filter_level":"low","lang":"pt","timestamp_ms":"1586538231661"}
