{"created_at":"Fri Apr 10 17:03:50 +0000 2020","id":1248657957493096448,"id_str":"1248657957493096448","text":"RT @adage: What a crisis teaches brands about social media: The new lessons to be learned https:\/\/t.co\/eKweYvCciD","source":"\u003ca href=\"https:\/\/mobile.twitter.com\" rel=\"nofollow\"\u003eTwitter Web App\u003c\/a\u003e","truncated":false,"in_reply_to_status_id":null,"in_reply_to_status_id_str":null,"in_reply_to_user_id":null,"in_reply_to_user_id_str":null,"in_reply_to_screen_name":null,"user":{"id":17338640,"id_str":"17338640","name":"Bob Belciano\u2122","screen_name":"rbelciano","location":"Westport, CT","url":"https:\/\/www.linkedin.com\/m\/profile\/ACoAAAC7fXIBVmjv3f8TPYH-AmBBxeK1JLJVaMQ\/","description":"Brand Partnerships @Twitter. Proud Father to @Bodie_Marley_B. Fan of @SpursOfficial. #TrustTheProcess Tweets are my own.","translator_type":"regular","protected":false,"verified":false,"followers_count":1308,"friends_count":1169,"listed_count":46,"favourites_count":29496,"statuses_count":18315,"created_at":"Wed Nov 12 13:00:38 +0000 2008","utc_offset":null,"time_zone":null,"geo_enabled":true,"lang":null,"contributors_enabled":false,"is_translator":false,"profile_background_color":"60AADE","profile_background_image_url":"http:\/\/abs.twimg.com\/images\/themes\/theme1\/bg.png","profile_background_image_url_https":"https:\/\/abs.twimg.com\/images\/themes\/theme1\/bg.png","profile_background_tile":true,"profile_link_color":"60AADE","profile_sidebar_border_color":"FFFFFF","profile_sidebar_fill_color":"D2E5F8","profile_text_color":"002F59","profile_use_background_image":true,"profile_image_url":"http:\/\/pbs.twimg.com\/profile_images\/1191763372351610885\/uNUr9lBT_normal.jpg","profile_image_url_https":"https:\/\/pbs.twimg.com\/profile_images\/1191763372351610885\/uNUr9lBT_normal.jpg","profile_banner_url":"https:\/\/pbs.twimg.com\/profile_banners\/17338640\/1460555544","default_profile":false,"default_profile_image":false,"following":null,"follow_request_sent":null,"notifications":null},"geo":null,"coordinates":null,"place":null,"contributors":null,"retweeted_status":{"created_at":"Fri Apr 10 16:59:11 +0000 2020","id":1248656788200644608,"id_str":"1248656788200644608","text":"What a crisis teaches brands about social media: The new lessons to be learned https:\/\/t.co\/eKweYvCciD","source":"\u003ca href=\"https:\/\/periscope.tv\" rel=\"nofollow\"\u003ePeriscope\u003c\/a\u003e","truncated":false,"in_reply_to_status_id":null,"in_reply_to_status_id_str":null,"in_reply_to_user_id":null,"in_reply_to_user_id_str":null,"in_reply_to_screen_name":null,"user":{"id":12480582,"id_str":"12480582","name":"Ad Age","screen_name":"adage","location":"New York, NY","url":"http:\/\/adage.com","description":"Ad Age is a daily must-read for an influential audience of decision makers and disruptors across the marketing and media landscape. http:\/\/facebook.com\/adage","translator_type":"regular","protected":false,"verified":true,"followers_count":992113,"friends_count":76556,"listed_count":27018,"favourites_count":2597,"statuses_count":137787,"created_at":"Mon Jan 21 04:14:09 +0000 2008","utc_offset":null,"time_zone":null,"geo_enabled":true,"lang":null,"contributors_enabled":false,"is_translator":false,"profile_background_color":"FFFFFF","profile_background_image_url":"http:\/\/abs.twimg.com\/images\/themes\/theme1\/bg.png","profile_background_image_url_https":"https:\/\/abs.twimg.com\/images\/themes\/theme1\/bg.png","profile_background_tile":true,"profile_link_color":"0099FF","profile_sidebar_border_color":"FFFFFF","profile_sidebar_fill_color":"DDDDDD","profile_text_color":"000000","profile_use_background_image":false,"profile_image_url":"http:\/\/pbs.twimg.com\/profile_images\/912682094308012032\/9QkafiSn_normal.jpg","profile_image_url_https":"https:\/\/pbs.twimg.com\/profile_images\/912682094308012032\/9QkafiSn_normal.jpg","profile_banner_url":"https:\/\/pbs.twimg.com\/profile_banners\/12480582\/1506359488","default_profile":false,"default_profile_image":false,"following":null,"follow_request_sent":null,"notifications":null},"geo":null,"coordinates":null,"place":null,"contributors":null,"is_quote_status":false,"quote_count":2,"reply_count":0,"retweet_count":3,"favorite_count":5,"entities":{"hashtags":[],"urls":[{"url":"https:\/\/t.co\/eKweYvCciD","expanded_url":"https:\/\/www.pscp.tv\/w\/cV9L3zkyNDQyN3wxTHl4Qk5SV2tiWXhOJHL_1T8Pk6st66EZsaaQU7ODmlu3jwjhIb4LHtcrv8s=","display_url":"pscp.tv\/w\/cV9L3zkyNDQy\u2026","indices":[79,102]}],"user_mentions":[],"symbols":[]},"favorited":false,"retweeted":false,"possibly_sensitive":false,"filter_level":"low","lang":"en"},"is_quote_status":false,"quote_count":0,"reply_count":0,"retweet_count":0,"favorite_count":0,"entities":{"hashtags":[],"urls":[{"url":"https:\/\/t.co\/eKweYvCciD","expanded_url":"https:\/\/www.pscp.tv\/w\/cV9L3zkyNDQyN3wxTHl4Qk5SV2tiWXhOJHL_1T8Pk6st66EZsaaQU7ODmlu3jwjhIb4LHtcrv8s=","display_url":"pscp.tv\/w\/cV9L3zkyNDQy\u2026","indices":[90,113]}],"user_mentions":[{"screen_name":"adage","name":"Ad Age","id":12480582,"id_str":"12480582","indices":[3,9]}],"symbols":[]},"favorited":false,"retweeted":false,"possibly_sensitive":false,"filter_level":"low","lang":"en","timestamp_ms":"1586538230666"}
