{"created_at":"Fri Apr 10 17:03:50 +0000 2020","id":1248657957471932418,"id_str":"1248657957471932418","text":"man this song is making me feel things \ud83e\udd75","source":"\u003ca href=\"http:\/\/twitter.com\/download\/iphone\" rel=\"nofollow\"\u003eTwitter for iPhone\u003c\/a\u003e","truncated":false,"in_reply_to_status_id":null,"in_reply_to_status_id_str":null,"in_reply_to_user_id":null,"in_reply_to_user_id_str":null,"in_reply_to_screen_name":null,"user":{"id":1240530814976188416,"id_str":"1240530814976188416","name":"dayn | #OUSTDUTERTENOW","screen_name":"damndayniele","location":"laurent miguel","url":"https:\/\/open.spotify.com\/track\/3L0IKstjUgDFVQAbQIRZRv?si=Lxra7-4gRlSF5jBmxBhTrA","description":"utak at puso","translator_type":"none","protected":false,"verified":false,"followers_count":185,"friends_count":250,"listed_count":0,"favourites_count":1304,"statuses_count":728,"created_at":"Thu Mar 19 06:49:39 +0000 2020","utc_offset":null,"time_zone":null,"geo_enabled":false,"lang":null,"contributors_enabled":false,"is_translator":false,"profile_background_color":"F5F8FA","profile_background_image_url":"","profile_background_image_url_https":"","profile_background_tile":false,"profile_link_color":"1DA1F2","profile_sidebar_border_color":"C0DEED","profile_sidebar_fill_color":"DDEEF6","profile_text_color":"333333","profile_use_background_image":true,"profile_image_url":"http:\/\/pbs.twimg.com\/profile_images\/1245382720147968000\/9X39eBpn_normal.png","profile_image_url_https":"https:\/\/pbs.twimg.com\/profile_images\/1245382720147968000\/9X39eBpn_normal.png","profile_banner_url":"https:\/\/pbs.twimg.com\/profile_banners\/1240530814976188416\/1586375780","default_profile":true,"default_profile_image":false,"following":null,"follow_request_sent":null,"notifications":null},"geo":null,"coordinates":null,"place":null,"contributors":null,"is_quote_status":false,"quote_count":0,"reply_count":0,"retweet_count":0,"favorite_count":0,"entities":{"hashtags":[],"urls":[],"user_mentions":[],"symbols":[]},"favorited":false,"retweeted":false,"filter_level":"low","lang":"en","timestamp_ms":"1586538230661"}
