{"created_at":"Fri Apr 10 17:03:48 +0000 2020","id":1248657949091868674,"id_str":"1248657949091868674","text":"@rohebs \u062e\u0645\u064a\u0633 \u0645\u0634\u064a\u0637 \ud83d\udc4c\ud83c\udffb\ud83e\udd2d","display_text_range":[8,21],"source":"\u003ca href=\"http:\/\/twitter.com\/download\/android\" rel=\"nofollow\"\u003eTwitter for Android\u003c\/a\u003e","truncated":false,"in_reply_to_status_id":1248644140277075970,"in_reply_to_status_id_str":"1248644140277075970","in_reply_to_user_id":1554376868,"in_reply_to_user_id_str":"1554376868","in_reply_to_screen_name":"rohebs","user":{"id":1226170306978557954,"id_str":"1226170306978557954","name":"Mab Bg\ud83c\uddf1\ud83c\uddfe","screen_name":"Mabroza1","location":"\u0642\u0648\u0631\u064a\u0646\u0627 \u0644\u064a\u0628\u064a\u0627\ud83c\udf52\ud83d\udc9e\ud83c\udf0d\ud83c\udfbb","url":null,"description":"\u200f\u200f\u200f\u200f\u200f\u200f\u200f\u200f\u200f\u200f\u0645\u0639\u0644\u0645\u0629\ud83d\udcda\u2712\u0644\u0627 \u0627\u0644\u0647 \u0627\u0644\u0627 \u0627\u0644\u0644\u0647 \u0645\u062d\u0645\u062f \u0631\u0633\u0648\u0644 \u0627\u0644\u0644\u0647","translator_type":"none","protected":false,"verified":false,"followers_count":253,"friends_count":360,"listed_count":0,"favourites_count":17997,"statuses_count":2222,"created_at":"Sat Feb 08 15:46:19 +0000 2020","utc_offset":null,"time_zone":null,"geo_enabled":true,"lang":null,"contributors_enabled":false,"is_translator":false,"profile_background_color":"F5F8FA","profile_background_image_url":"","profile_background_image_url_https":"","profile_background_tile":false,"profile_link_color":"1DA1F2","profile_sidebar_border_color":"C0DEED","profile_sidebar_fill_color":"DDEEF6","profile_text_color":"333333","profile_use_background_image":true,"profile_image_url":"http:\/\/pbs.twimg.com\/profile_images\/1242154704496451588\/EHDoADdz_normal.jpg","profile_image_url_https":"https:\/\/pbs.twimg.com\/profile_images\/1242154704496451588\/EHDoADdz_normal.jpg","profile_banner_url":"https:\/\/pbs.twimg.com\/profile_banners\/1226170306978557954\/1581414270","default_profile":true,"default_profile_image":false,"following":null,"follow_request_sent":null,"notifications":null},"geo":null,"coordinates":null,"place":{"id":"70637f5c6cb00ec9","url":"https:\/\/api.twitter.com\/1.1\/geo\/id\/70637f5c6cb00ec9.json","place_type":"country","name":"Libya","full_name":"Libya","country_code":"LY","country":"Libya","bounding_box":{"type":"Polygon","coordinates":[[[9.389302,19.498766],[9.389302,33.166503],[25.146978,33.166503],[25.146978,19.498766]]]},"attributes":{}},"contributors":null,"is_quote_status":false,"quote_count":0,"reply_count":0,"retweet_count":0,"favorite_count":0,"entities":{"hashtags":[],"urls":[],"user_mentions":[{"screen_name":"rohebs","name":"ostora omar","id":1554376868,"id_str":"1554376868","indices":[0,7]}],"symbols":[]},"favorited":false,"retweeted":false,"filter_level":"low","lang":"ar","timestamp_ms":"1586538228663"}
