{"created_at":"Fri Apr 10 17:03:54 +0000 2020","id":1248657974240952320,"id_str":"1248657974240952320","text":"@LennSmit @ZiggoWebcare Dit is niet uit te leggen. Nieuwe klanten krijgen \u20ac450 korting en gratis monteur en bestaan\u2026 https:\/\/t.co\/TlQVWUD1ic","display_text_range":[24,140],"source":"\u003ca href=\"http:\/\/twitter.com\/download\/android\" rel=\"nofollow\"\u003eTwitter for Android\u003c\/a\u003e","truncated":true,"in_reply_to_status_id":1248198252027142144,"in_reply_to_status_id_str":"1248198252027142144","in_reply_to_user_id":28526648,"in_reply_to_user_id_str":"28526648","in_reply_to_screen_name":"LennSmit","user":{"id":938114445158572032,"id_str":"938114445158572032","name":"Wim Habraken","screen_name":"HabraWim","location":"Hanevoet, Eindhoven","url":null,"description":null,"translator_type":"none","protected":false,"verified":false,"followers_count":1,"friends_count":33,"listed_count":0,"favourites_count":146,"statuses_count":41,"created_at":"Tue Dec 05 18:34:47 +0000 2017","utc_offset":null,"time_zone":null,"geo_enabled":false,"lang":null,"contributors_enabled":false,"is_translator":false,"profile_background_color":"F5F8FA","profile_background_image_url":"","profile_background_image_url_https":"","profile_background_tile":false,"profile_link_color":"1DA1F2","profile_sidebar_border_color":"C0DEED","profile_sidebar_fill_color":"DDEEF6","profile_text_color":"333333","profile_use_background_image":true,"profile_image_url":"http:\/\/pbs.twimg.com\/profile_images\/963122800134377472\/up6FP6Pn_normal.jpg","profile_image_url_https":"https:\/\/pbs.twimg.com\/profile_images\/963122800134377472\/up6FP6Pn_normal.jpg","default_profile":true,"default_profile_image":false,"following":null,"follow_request_sent":null,"notifications":null},"geo":null,"coordinates":null,"place":null,"contributors":null,"is_quote_status":false,"extended_tweet":{"full_text":"@LennSmit @ZiggoWebcare Dit is niet uit te leggen. Nieuwe klanten krijgen \u20ac450 korting en gratis monteur en bestaande klanten (16 jaar) moeten gewoon \u20ac87 per maand betalen en ook de kosten van de monteur. Mensen trap er niet in.","display_text_range":[24,228],"entities":{"hashtags":[],"urls":[],"user_mentions":[{"screen_name":"LennSmit","name":"Meneer.Smit","id":28526648,"id_str":"28526648","indices":[0,9]},{"screen_name":"ZiggoWebcare","name":"Ziggo Webcare","id":155840449,"id_str":"155840449","indices":[10,23]}],"symbols":[]}},"quote_count":0,"reply_count":0,"retweet_count":0,"favorite_count":0,"entities":{"hashtags":[],"urls":[{"url":"https:\/\/t.co\/TlQVWUD1ic","expanded_url":"https:\/\/twitter.com\/i\/web\/status\/1248657974240952320","display_url":"twitter.com\/i\/web\/status\/1\u2026","indices":[117,140]}],"user_mentions":[{"screen_name":"LennSmit","name":"Meneer.Smit","id":28526648,"id_str":"28526648","indices":[0,9]},{"screen_name":"ZiggoWebcare","name":"Ziggo Webcare","id":155840449,"id_str":"155840449","indices":[10,23]}],"symbols":[]},"favorited":false,"retweeted":false,"filter_level":"low","lang":"nl","timestamp_ms":"1586538234659"}
