{"created_at":"Fri Apr 10 17:03:48 +0000 2020","id":1248657949070962688,"id_str":"1248657949070962688","text":"@rntmr \ud83d\udc40\ud83d\udc40\ud83d\udc40\nMulheer, eu tava co\u00e7ando pra raspar o meu esses dias, mas a falta de m\u00e1quina em casa me conteve kkkkkk","display_text_range":[7,113],"source":"\u003ca href=\"http:\/\/twitter.com\/download\/iphone\" rel=\"nofollow\"\u003eTwitter for iPhone\u003c\/a\u003e","truncated":false,"in_reply_to_status_id":1248654277163319308,"in_reply_to_status_id_str":"1248654277163319308","in_reply_to_user_id":16725584,"in_reply_to_user_id_str":"16725584","in_reply_to_screen_name":"rntmr","user":{"id":55378266,"id_str":"55378266","name":"quero caf\u00e9","screen_name":"rafaelameloa","location":null,"url":"http:\/\/Instagram.com\/rafaelameloa","description":null,"translator_type":"none","protected":false,"verified":false,"followers_count":268,"friends_count":338,"listed_count":1,"favourites_count":5980,"statuses_count":7716,"created_at":"Thu Jul 09 22:06:57 +0000 2009","utc_offset":null,"time_zone":null,"geo_enabled":false,"lang":null,"contributors_enabled":false,"is_translator":false,"profile_background_color":"352726","profile_background_image_url":"http:\/\/abs.twimg.com\/images\/themes\/theme1\/bg.png","profile_background_image_url_https":"https:\/\/abs.twimg.com\/images\/themes\/theme1\/bg.png","profile_background_tile":false,"profile_link_color":"4A913C","profile_sidebar_border_color":"FAFAFA","profile_sidebar_fill_color":"DDEEF6","profile_text_color":"5C5C51","profile_use_background_image":true,"profile_image_url":"http:\/\/pbs.twimg.com\/profile_images\/975841099645423621\/BgYXEP6C_normal.jpg","profile_image_url_https":"https:\/\/pbs.twimg.com\/profile_images\/975841099645423621\/BgYXEP6C_normal.jpg","profile_banner_url":"https:\/\/pbs.twimg.com\/profile_banners\/55378266\/1490481597","default_profile":false,"default_profile_image":false,"following":null,"follow_request_sent":null,"notifications":null},"geo":null,"coordinates":null,"place":null,"contributors":null,"is_quote_status":false,"quote_count":0,"reply_count":0,"retweet_count":0,"favorite_count":0,"entities":{"hashtags":[],"urls":[],"user_mentions":[{"screen_name":"rntmr","name":"Renata Maria","id":16725584,"id_str":"16725584","indices":[0,6]}],"symbols":[]},"favorited":false,"retweeted":false,"filter_level":"low","lang":"pt","timestamp_ms":"1586538228658"}
