{"created_at":"Fri Apr 10 17:03:55 +0000 2020","id":1248657978430898176,"id_str":"1248657978430898176","text":"RT @jiaersaries: have no idea whom my moots are fighting with but how abt leave unnecessary things behind guys? hal yg begituan gausah dila\u2026","source":"\u003ca href=\"http:\/\/twitter.com\/download\/iphone\" rel=\"nofollow\"\u003eTwitter for iPhone\u003c\/a\u003e","truncated":false,"in_reply_to_status_id":null,"in_reply_to_status_id_str":null,"in_reply_to_user_id":null,"in_reply_to_user_id_str":null,"in_reply_to_screen_name":null,"user":{"id":1187553705790332933,"id_str":"1187553705790332933","name":"\ud835\udd54\ud835\udd5a\ud835\udd6a\ud835\udd52 \u263e","screen_name":"goodboybam","location":"02\u2019s","url":null,"description":"the moon is always changing \u2022 NOT BY THE MOON","translator_type":"none","protected":false,"verified":false,"followers_count":456,"friends_count":549,"listed_count":2,"favourites_count":3805,"statuses_count":4632,"created_at":"Fri Oct 25 02:17:40 +0000 2019","utc_offset":null,"time_zone":null,"geo_enabled":true,"lang":null,"contributors_enabled":false,"is_translator":false,"profile_background_color":"F5F8FA","profile_background_image_url":"","profile_background_image_url_https":"","profile_background_tile":false,"profile_link_color":"1DA1F2","profile_sidebar_border_color":"C0DEED","profile_sidebar_fill_color":"DDEEF6","profile_text_color":"333333","profile_use_background_image":true,"profile_image_url":"http:\/\/pbs.twimg.com\/profile_images\/1246869253464059904\/E-poNhRX_normal.png","profile_image_url_https":"https:\/\/pbs.twimg.com\/profile_images\/1246869253464059904\/E-poNhRX_normal.png","profile_banner_url":"https:\/\/pbs.twimg.com\/profile_banners\/1187553705790332933\/1586103971","default_profile":true,"default_profile_image":false,"following":null,"follow_request_sent":null,"notifications":null},"geo":null,"coordinates":null,"place":null,"contributors":null,"retweeted_status":{"created_at":"Fri Apr 10 17:02:53 +0000 2020","id":1248657717956210688,"id_str":"1248657717956210688","text":"have no idea whom my moots are fighting with but how abt leave unnecessary things behind guys? hal yg begituan gaus\u2026 https:\/\/t.co\/CISpjRT9pC","source":"\u003ca href=\"http:\/\/twitter.com\/download\/iphone\" rel=\"nofollow\"\u003eTwitter for iPhone\u003c\/a\u003e","truncated":true,"in_reply_to_status_id":null,"in_reply_to_status_id_str":null,"in_reply_to_user_id":null,"in_reply_to_user_id_str":null,"in_reply_to_screen_name":null,"user":{"id":2202883135,"id_str":"2202883135","name":"\u263e","screen_name":"jiaersaries","location":null,"url":null,"description":null,"translator_type":"none","protected":false,"verified":false,"followers_count":3166,"friends_count":231,"listed_count":66,"favourites_count":7256,"statuses_count":126088,"created_at":"Tue Nov 19 10:37:50 +0000 2013","utc_offset":null,"time_zone":null,"geo_enabled":true,"lang":null,"contributors_enabled":false,"is_translator":false,"profile_background_color":"FFFFFF","profile_background_image_url":"http:\/\/abs.twimg.com\/images\/themes\/theme1\/bg.png","profile_background_image_url_https":"https:\/\/abs.twimg.com\/images\/themes\/theme1\/bg.png","profile_background_tile":false,"profile_link_color":"ABB8C2","profile_sidebar_border_color":"FFFFFF","profile_sidebar_fill_color":"DDEEF6","profile_text_color":"333333","profile_use_background_image":true,"profile_image_url":"http:\/\/pbs.twimg.com\/profile_images\/1248267570962026497\/WCpxKuJ9_normal.jpg","profile_image_url_https":"https:\/\/pbs.twimg.com\/profile_images\/1248267570962026497\/WCpxKuJ9_normal.jpg","profile_banner_url":"https:\/\/pbs.twimg.com\/profile_banners\/2202883135\/1585909053","default_profile":false,"default_profile_image":false,"following":null,"follow_request_sent":null,"notifications":null},"geo":null,"coordinates":null,"place":null,"contributors":null,"is_quote_status":false,"extended_tweet":{"full_text":"have no idea whom my moots are fighting with but how abt leave unnecessary things behind guys? hal yg begituan gausah diladeni apalagi yg mulai anon gajls like cmon we have more important things to focus on -the comeback- jd gausah dihebohin si menurut ak mending stream lullaby\ud83d\udc4b\ud83c\udffb","display_text_range":[0,280],"entities":{"hashtags":[],"urls":[],"user_mentions":[],"symbols":[]}},"quote_count":0,"reply_count":0,"retweet_count":1,"favorite_count":0,"entities":{"hashtags":[],"urls":[{"url":"https:\/\/t.co\/CISpjRT9pC","expanded_url":"https:\/\/twitter.com\/i\/web\/status\/1248657717956210688","display_url":"twitter.com\/i\/web\/status\/1\u2026","indices":[117,140]}],"user_mentions":[],"symbols":[]},"favorited":false,"retweeted":false,"filter_level":"low","lang":"en"},"is_quote_status":false,"quote_count":0,"reply_count":0,"retweet_count":0,"favorite_count":0,"entities":{"hashtags":[],"urls":[],"user_mentions":[{"screen_name":"jiaersaries","name":"\u263e","id":2202883135,"id_str":"2202883135","indices":[3,15]}],"symbols":[]},"favorited":false,"retweeted":false,"filter_level":"low","lang":"en","timestamp_ms":"1586538235658"}
