{"created_at":"Fri Apr 10 17:03:55 +0000 2020","id":1248657978443665413,"id_str":"1248657978443665413","text":"RT @benfield_jen: #RENTRELIEF this is for real! Don't give up. And if you can donate to the cause, please do! \ud83d\udc47\ud83d\udc47\ud83d\udc47","source":"\u003ca href=\"http:\/\/twitter.com\/download\/android\" rel=\"nofollow\"\u003eTwitter for Android\u003c\/a\u003e","truncated":false,"in_reply_to_status_id":null,"in_reply_to_status_id_str":null,"in_reply_to_user_id":null,"in_reply_to_user_id_str":null,"in_reply_to_screen_name":null,"user":{"id":35384127,"id_str":"35384127","name":"PATRINA PERRY","screen_name":"TRINA25","location":"ohio","url":null,"description":"loving life","translator_type":"none","protected":false,"verified":false,"followers_count":53,"friends_count":231,"listed_count":0,"favourites_count":1639,"statuses_count":1850,"created_at":"Sun Apr 26 02:57:22 +0000 2009","utc_offset":null,"time_zone":null,"geo_enabled":false,"lang":null,"contributors_enabled":false,"is_translator":false,"profile_background_color":"642D8B","profile_background_image_url":"http:\/\/abs.twimg.com\/images\/themes\/theme1\/bg.png","profile_background_image_url_https":"https:\/\/abs.twimg.com\/images\/themes\/theme1\/bg.png","profile_background_tile":true,"profile_link_color":"FF0000","profile_sidebar_border_color":"65B0DA","profile_sidebar_fill_color":"7AC3EE","profile_text_color":"571924","profile_use_background_image":true,"profile_image_url":"http:\/\/pbs.twimg.com\/profile_images\/1224116790369955840\/9cnBh5rv_normal.jpg","profile_image_url_https":"https:\/\/pbs.twimg.com\/profile_images\/1224116790369955840\/9cnBh5rv_normal.jpg","default_profile":false,"default_profile_image":false,"following":null,"follow_request_sent":null,"notifications":null},"geo":null,"coordinates":null,"place":null,"contributors":null,"retweeted_status":{"created_at":"Fri Apr 10 16:42:09 +0000 2020","id":1248652499260710919,"id_str":"1248652499260710919","text":"#RENTRELIEF this is for real! Don't give up. And if you can donate to the cause, please do! \ud83d\udc47\ud83d\udc47\ud83d\udc47","source":"\u003ca href=\"http:\/\/twitter.com\/download\/android\" rel=\"nofollow\"\u003eTwitter for Android\u003c\/a\u003e","truncated":false,"in_reply_to_status_id":null,"in_reply_to_status_id_str":null,"in_reply_to_user_id":null,"in_reply_to_user_id_str":null,"in_reply_to_screen_name":null,"user":{"id":1158466713266139136,"id_str":"1158466713266139136","name":"\ud83e\udd40JennyWren\ud83c\udf19","screen_name":"benfield_jen","location":"Delaware County, PA, USA","url":null,"description":"http:\/\/paypal.me\/jennywren75 $mysticjb My Dream: http:\/\/gf.me\/u\/xp6im3 \ud83d\udc9cMake a Difference @TTribeLadies  #TTLAdmins: me, @DawnMBoyd & @Lynnette2047","translator_type":"none","protected":false,"verified":false,"followers_count":1315,"friends_count":2205,"listed_count":3,"favourites_count":42367,"statuses_count":19991,"created_at":"Mon Aug 05 19:56:02 +0000 2019","utc_offset":null,"time_zone":null,"geo_enabled":false,"lang":null,"contributors_enabled":false,"is_translator":false,"profile_background_color":"F5F8FA","profile_background_image_url":"","profile_background_image_url_https":"","profile_background_tile":false,"profile_link_color":"1DA1F2","profile_sidebar_border_color":"C0DEED","profile_sidebar_fill_color":"DDEEF6","profile_text_color":"333333","profile_use_background_image":true,"profile_image_url":"http:\/\/pbs.twimg.com\/profile_images\/1218018888425885698\/d33Y7gd5_normal.jpg","profile_image_url_https":"https:\/\/pbs.twimg.com\/profile_images\/1218018888425885698\/d33Y7gd5_normal.jpg","profile_banner_url":"https:\/\/pbs.twimg.com\/profile_banners\/1158466713266139136\/1583689045","default_profile":true,"default_profile_image":false,"following":null,"follow_request_sent":null,"notifications":null},"geo":null,"coordinates":null,"place":null,"contributors":null,"quoted_status_id":1248639207733690369,"quoted_status_id_str":"1248639207733690369","quoted_status":{"created_at":"Fri Apr 10 15:49:20 +0000 2020","id":1248639207733690369,"id_str":"1248639207733690369","text":"PLEASE SHARE: We\u2019ve now donated $130k in #RENTRELIEF to people to help pay bills and buy food during #COVID19. \n\nWe\u2026 https:\/\/t.co\/E26bMbCqNV","source":"\u003ca href=\"http:\/\/twitter.com\/download\/iphone\" rel=\"nofollow\"\u003eTwitter for iPhone\u003c\/a\u003e","truncated":true,"in_reply_to_status_id":null,"in_reply_to_status_id_str":null,"in_reply_to_user_id":null,"in_reply_to_user_id_str":null,"in_reply_to_screen_name":null,"user":{"id":2729784259,"id_str":"2729784259","name":"Frederick Joseph","screen_name":"FredTJoseph","location":"Frederickt.joseph@gmail.com","url":"http:\/\/frederickjoseph.org","description":"Author \u201cThe Black Friend\u201d (2021) | #ForbesUnder30 Marketer | Founder @whsorg | Culture Critic | Politics Nerd| Frmr National Surrogate @ewarren | IG FredTJoseph","translator_type":"none","protected":false,"verified":true,"followers_count":69122,"friends_count":2185,"listed_count":421,"favourites_count":27539,"statuses_count":44429,"created_at":"Wed Aug 13 15:57:01 +0000 2014","utc_offset":null,"time_zone":null,"geo_enabled":true,"lang":null,"contributors_enabled":false,"is_translator":false,"profile_background_color":"C0DEED","profile_background_image_url":"http:\/\/abs.twimg.com\/images\/themes\/theme1\/bg.png","profile_background_image_url_https":"https:\/\/abs.twimg.com\/images\/themes\/theme1\/bg.png","profile_background_tile":false,"profile_link_color":"1DA1F2","profile_sidebar_border_color":"C0DEED","profile_sidebar_fill_color":"DDEEF6","profile_text_color":"333333","profile_use_background_image":true,"profile_image_url":"http:\/\/pbs.twimg.com\/profile_images\/1243724209446141952\/iUzBsVcP_normal.jpg","profile_image_url_https":"https:\/\/pbs.twimg.com\/profile_images\/1243724209446141952\/iUzBsVcP_normal.jpg","profile_banner_url":"https:\/\/pbs.twimg.com\/profile_banners\/2729784259\/1582209904","default_profile":true,"default_profile_image":false,"following":null,"follow_request_sent":null,"notifications":null},"geo":null,"coordinates":null,"place":null,"contributors":null,"quoted_status_id":1246442807394553856,"quoted_status_id_str":"1246442807394553856","is_quote_status":true,"extended_tweet":{"full_text":"PLEASE SHARE: We\u2019ve now donated $130k in #RENTRELIEF to people to help pay bills and buy food during #COVID19. \n\nWe have nearly $100k left, but we need to continue to raise money to help those in need. Even if you can\u2019t donate, a retweet goes a long way. \n\nhttps:\/\/t.co\/ysmzv4vAzB","display_text_range":[0,280],"entities":{"hashtags":[{"text":"RENTRELIEF","indices":[41,52]},{"text":"COVID19","indices":[101,109]}],"urls":[{"url":"https:\/\/t.co\/ysmzv4vAzB","expanded_url":"https:\/\/www.gofundme.com\/f\/coronavirus-rent-relief-fund","display_url":"gofundme.com\/f\/coronavirus-\u2026","indices":[257,280]}],"user_mentions":[],"symbols":[]}},"quote_count":102,"reply_count":798,"retweet_count":573,"favorite_count":617,"entities":{"hashtags":[{"text":"RENTRELIEF","indices":[41,52]},{"text":"COVID19","indices":[101,109]}],"urls":[{"url":"https:\/\/t.co\/E26bMbCqNV","expanded_url":"https:\/\/twitter.com\/i\/web\/status\/1248639207733690369","display_url":"twitter.com\/i\/web\/status\/1\u2026","indices":[117,140]}],"user_mentions":[],"symbols":[]},"favorited":false,"retweeted":false,"possibly_sensitive":false,"filter_level":"low","lang":"en"},"quoted_status_permalink":{"url":"https:\/\/t.co\/yEhZRVCyFr","expanded":"https:\/\/twitter.com\/FredTJoseph\/status\/1248639207733690369","display":"twitter.com\/FredTJoseph\/st\u2026"},"is_quote_status":true,"quote_count":1,"reply_count":7,"retweet_count":9,"favorite_count":27,"entities":{"hashtags":[{"text":"RENTRELIEF","indices":[0,11]}],"urls":[],"user_mentions":[],"symbols":[]},"favorited":false,"retweeted":false,"filter_level":"low","lang":"en"},"quoted_status_id":1248639207733690369,"quoted_status_id_str":"1248639207733690369","quoted_status":{"created_at":"Fri Apr 10 15:49:20 +0000 2020","id":1248639207733690369,"id_str":"1248639207733690369","text":"PLEASE SHARE: We\u2019ve now donated $130k in #RENTRELIEF to people to help pay bills and buy food during #COVID19. \n\nWe\u2026 https:\/\/t.co\/E26bMbCqNV","source":"\u003ca href=\"http:\/\/twitter.com\/download\/iphone\" rel=\"nofollow\"\u003eTwitter for iPhone\u003c\/a\u003e","truncated":true,"in_reply_to_status_id":null,"in_reply_to_status_id_str":null,"in_reply_to_user_id":null,"in_reply_to_user_id_str":null,"in_reply_to_screen_name":null,"user":{"id":2729784259,"id_str":"2729784259","name":"Frederick Joseph","screen_name":"FredTJoseph","location":"Frederickt.joseph@gmail.com","url":"http:\/\/frederickjoseph.org","description":"Author \u201cThe Black Friend\u201d (2021) | #ForbesUnder30 Marketer | Founder @whsorg | Culture Critic | Politics Nerd| Frmr National Surrogate @ewarren | IG FredTJoseph","translator_type":"none","protected":false,"verified":true,"followers_count":69122,"friends_count":2185,"listed_count":421,"favourites_count":27539,"statuses_count":44429,"created_at":"Wed Aug 13 15:57:01 +0000 2014","utc_offset":null,"time_zone":null,"geo_enabled":true,"lang":null,"contributors_enabled":false,"is_translator":false,"profile_background_color":"C0DEED","profile_background_image_url":"http:\/\/abs.twimg.com\/images\/themes\/theme1\/bg.png","profile_background_image_url_https":"https:\/\/abs.twimg.com\/images\/themes\/theme1\/bg.png","profile_background_tile":false,"profile_link_color":"1DA1F2","profile_sidebar_border_color":"C0DEED","profile_sidebar_fill_color":"DDEEF6","profile_text_color":"333333","profile_use_background_image":true,"profile_image_url":"http:\/\/pbs.twimg.com\/profile_images\/1243724209446141952\/iUzBsVcP_normal.jpg","profile_image_url_https":"https:\/\/pbs.twimg.com\/profile_images\/1243724209446141952\/iUzBsVcP_normal.jpg","profile_banner_url":"https:\/\/pbs.twimg.com\/profile_banners\/2729784259\/1582209904","default_profile":true,"default_profile_image":false,"following":null,"follow_request_sent":null,"notifications":null},"geo":null,"coordinates":null,"place":null,"contributors":null,"quoted_status_id":1246442807394553856,"quoted_status_id_str":"1246442807394553856","is_quote_status":true,"extended_tweet":{"full_text":"PLEASE SHARE: We\u2019ve now donated $130k in #RENTRELIEF to people to help pay bills and buy food during #COVID19. \n\nWe have nearly $100k left, but we need to continue to raise money to help those in need. Even if you can\u2019t donate, a retweet goes a long way. \n\nhttps:\/\/t.co\/ysmzv4vAzB","display_text_range":[0,280],"entities":{"hashtags":[{"text":"RENTRELIEF","indices":[41,52]},{"text":"COVID19","indices":[101,109]}],"urls":[{"url":"https:\/\/t.co\/ysmzv4vAzB","expanded_url":"https:\/\/www.gofundme.com\/f\/coronavirus-rent-relief-fund","display_url":"gofundme.com\/f\/coronavirus-\u2026","indices":[257,280]}],"user_mentions":[],"symbols":[]}},"quote_count":102,"reply_count":798,"retweet_count":573,"favorite_count":617,"entities":{"hashtags":[{"text":"RENTRELIEF","indices":[41,52]},{"text":"COVID19","indices":[101,109]}],"urls":[{"url":"https:\/\/t.co\/E26bMbCqNV","expanded_url":"https:\/\/twitter.com\/i\/web\/status\/1248639207733690369","display_url":"twitter.com\/i\/web\/status\/1\u2026","indices":[117,140]}],"user_mentions":[],"symbols":[]},"favorited":false,"retweeted":false,"possibly_sensitive":false,"filter_level":"low","lang":"en"},"quoted_status_permalink":{"url":"https:\/\/t.co\/yEhZRVCyFr","expanded":"https:\/\/twitter.com\/FredTJoseph\/status\/1248639207733690369","display":"twitter.com\/FredTJoseph\/st\u2026"},"is_quote_status":true,"quote_count":0,"reply_count":0,"retweet_count":0,"favorite_count":0,"entities":{"hashtags":[{"text":"RENTRELIEF","indices":[18,29]}],"urls":[],"user_mentions":[{"screen_name":"benfield_jen","name":"\ud83e\udd40JennyWren\ud83c\udf19","id":1158466713266139136,"id_str":"1158466713266139136","indices":[3,16]}],"symbols":[]},"favorited":false,"retweeted":false,"filter_level":"low","lang":"en","timestamp_ms":"1586538235661"}
