{"created_at":"Fri Apr 10 17:03:53 +0000 2020","id":1248657970042490884,"id_str":"1248657970042490884","text":"RT @sigepcory: Another 20% jump in one day.","source":"\u003ca href=\"http:\/\/twitter.com\/download\/iphone\" rel=\"nofollow\"\u003eTwitter for iPhone\u003c\/a\u003e","truncated":false,"in_reply_to_status_id":null,"in_reply_to_status_id_str":null,"in_reply_to_user_id":null,"in_reply_to_user_id_str":null,"in_reply_to_screen_name":null,"user":{"id":415635725,"id_str":"415635725","name":"David Alpers","screen_name":"dalpers7715","location":"Sioux Falls, SD","url":null,"description":"Husband (19yrs), Proud Father of Two (David 16and Abigail 10), High School Throws Coach (10yrs), Mans best friend Gator(the Black Lab), and Sports & Outdoor fan","translator_type":"none","protected":false,"verified":false,"followers_count":270,"friends_count":1371,"listed_count":0,"favourites_count":2249,"statuses_count":2174,"created_at":"Fri Nov 18 16:09:56 +0000 2011","utc_offset":null,"time_zone":null,"geo_enabled":true,"lang":null,"contributors_enabled":false,"is_translator":false,"profile_background_color":"131516","profile_background_image_url":"http:\/\/abs.twimg.com\/images\/themes\/theme14\/bg.gif","profile_background_image_url_https":"https:\/\/abs.twimg.com\/images\/themes\/theme14\/bg.gif","profile_background_tile":false,"profile_link_color":"ABB8C2","profile_sidebar_border_color":"FFFFFF","profile_sidebar_fill_color":"EFEFEF","profile_text_color":"333333","profile_use_background_image":true,"profile_image_url":"http:\/\/pbs.twimg.com\/profile_images\/987545906835681280\/WD2BnJXm_normal.jpg","profile_image_url_https":"https:\/\/pbs.twimg.com\/profile_images\/987545906835681280\/WD2BnJXm_normal.jpg","profile_banner_url":"https:\/\/pbs.twimg.com\/profile_banners\/415635725\/1524284156","default_profile":false,"default_profile_image":false,"following":null,"follow_request_sent":null,"notifications":null},"geo":null,"coordinates":null,"place":null,"contributors":null,"retweeted_status":{"created_at":"Fri Apr 10 16:24:40 +0000 2020","id":1248648101629394944,"id_str":"1248648101629394944","text":"Another 20% jump in one day.","source":"\u003ca href=\"https:\/\/mobile.twitter.com\" rel=\"nofollow\"\u003eTwitter Web App\u003c\/a\u003e","truncated":false,"in_reply_to_status_id":null,"in_reply_to_status_id_str":null,"in_reply_to_user_id":null,"in_reply_to_user_id_str":null,"in_reply_to_screen_name":null,"user":{"id":15726790,"id_str":"15726790","name":"Cory Myers","screen_name":"sigepcory","location":"Sioux Falls, SD","url":null,"description":"News Director w @argusleader. Married to @meganemyers. Love Sioux Falls, San Diego and Idaho. Griz alum. Friend of most, friendly to the rest.","translator_type":"none","protected":false,"verified":true,"followers_count":3077,"friends_count":1401,"listed_count":114,"favourites_count":6328,"statuses_count":22281,"created_at":"Mon Aug 04 19:47:51 +0000 2008","utc_offset":null,"time_zone":null,"geo_enabled":false,"lang":null,"contributors_enabled":false,"is_translator":false,"profile_background_color":"F20909","profile_background_image_url":"http:\/\/abs.twimg.com\/images\/themes\/theme1\/bg.png","profile_background_image_url_https":"https:\/\/abs.twimg.com\/images\/themes\/theme1\/bg.png","profile_background_tile":true,"profile_link_color":"0983E0","profile_sidebar_border_color":"430671","profile_sidebar_fill_color":"AAA8A8","profile_text_color":"080808","profile_use_background_image":true,"profile_image_url":"http:\/\/pbs.twimg.com\/profile_images\/879358051991470080\/oglk5AoR_normal.jpg","profile_image_url_https":"https:\/\/pbs.twimg.com\/profile_images\/879358051991470080\/oglk5AoR_normal.jpg","profile_banner_url":"https:\/\/pbs.twimg.com\/profile_banners\/15726790\/1398197041","default_profile":false,"default_profile_image":false,"following":null,"follow_request_sent":null,"notifications":null},"geo":null,"coordinates":null,"place":null,"contributors":null,"quoted_status_id":1248647879641702407,"quoted_status_id_str":"1248647879641702407","quoted_status":{"created_at":"Fri Apr 10 16:23:47 +0000 2020","id":1248647879641702407,"id_str":"1248647879641702407","text":"South Dakota reports 89 new confirmed cases of coronavirus. State's total now 536. No new deaths reported. 177 reco\u2026 https:\/\/t.co\/gtFfWclOgE","source":"\u003ca href=\"http:\/\/www.socialnewsdesk.com\" rel=\"nofollow\"\u003eSocialNewsDesk\u003c\/a\u003e","truncated":true,"in_reply_to_status_id":null,"in_reply_to_status_id_str":null,"in_reply_to_user_id":null,"in_reply_to_user_id_str":null,"in_reply_to_screen_name":null,"user":{"id":191866540,"id_str":"191866540","name":"ArgusLeader911","screen_name":"Argus911","location":"Sioux Falls, S.D.","url":"http:\/\/www.argusleader.com","description":"We keep our ears to the scanner to bring you the latest on crime, fire, accidents in the Sioux Falls area. Tips? argus-multimedia@argusleader.com or 331-2300.","translator_type":"none","protected":false,"verified":true,"followers_count":85361,"friends_count":3226,"listed_count":371,"favourites_count":625,"statuses_count":108270,"created_at":"Fri Sep 17 15:24:11 +0000 2010","utc_offset":null,"time_zone":null,"geo_enabled":true,"lang":null,"contributors_enabled":false,"is_translator":false,"profile_background_color":"C0DEED","profile_background_image_url":"http:\/\/abs.twimg.com\/images\/themes\/theme1\/bg.png","profile_background_image_url_https":"https:\/\/abs.twimg.com\/images\/themes\/theme1\/bg.png","profile_background_tile":false,"profile_link_color":"1DA1F2","profile_sidebar_border_color":"C0DEED","profile_sidebar_fill_color":"DDEEF6","profile_text_color":"333333","profile_use_background_image":true,"profile_image_url":"http:\/\/pbs.twimg.com\/profile_images\/1061989843281035264\/pMI2ILog_normal.jpg","profile_image_url_https":"https:\/\/pbs.twimg.com\/profile_images\/1061989843281035264\/pMI2ILog_normal.jpg","profile_banner_url":"https:\/\/pbs.twimg.com\/profile_banners\/191866540\/1563310388","default_profile":true,"default_profile_image":false,"following":null,"follow_request_sent":null,"notifications":null},"geo":null,"coordinates":null,"place":null,"contributors":null,"is_quote_status":false,"extended_tweet":{"full_text":"South Dakota reports 89 new confirmed cases of coronavirus. State's total now 536. No new deaths reported. 177 recoveries. Minnehaha County has 352 cases; Lincoln 38. Story soon.","display_text_range":[0,178],"entities":{"hashtags":[],"urls":[],"user_mentions":[],"symbols":[]}},"quote_count":3,"reply_count":3,"retweet_count":8,"favorite_count":23,"entities":{"hashtags":[],"urls":[{"url":"https:\/\/t.co\/gtFfWclOgE","expanded_url":"https:\/\/twitter.com\/i\/web\/status\/1248647879641702407","display_url":"twitter.com\/i\/web\/status\/1\u2026","indices":[117,140]}],"user_mentions":[],"symbols":[]},"favorited":false,"retweeted":false,"filter_level":"low","lang":"en"},"quoted_status_permalink":{"url":"https:\/\/t.co\/kdXPH21BId","expanded":"https:\/\/twitter.com\/Argus911\/status\/1248647879641702407","display":"twitter.com\/Argus911\/statu\u2026"},"is_quote_status":true,"quote_count":0,"reply_count":0,"retweet_count":6,"favorite_count":4,"entities":{"hashtags":[],"urls":[],"user_mentions":[],"symbols":[]},"favorited":false,"retweeted":false,"filter_level":"low","lang":"en"},"quoted_status_id":1248647879641702407,"quoted_status_id_str":"1248647879641702407","quoted_status":{"created_at":"Fri Apr 10 16:23:47 +0000 2020","id":1248647879641702407,"id_str":"1248647879641702407","text":"South Dakota reports 89 new confirmed cases of coronavirus. State's total now 536. No new deaths reported. 177 reco\u2026 https:\/\/t.co\/gtFfWclOgE","source":"\u003ca href=\"http:\/\/www.socialnewsdesk.com\" rel=\"nofollow\"\u003eSocialNewsDesk\u003c\/a\u003e","truncated":true,"in_reply_to_status_id":null,"in_reply_to_status_id_str":null,"in_reply_to_user_id":null,"in_reply_to_user_id_str":null,"in_reply_to_screen_name":null,"user":{"id":191866540,"id_str":"191866540","name":"ArgusLeader911","screen_name":"Argus911","location":"Sioux Falls, S.D.","url":"http:\/\/www.argusleader.com","description":"We keep our ears to the scanner to bring you the latest on crime, fire, accidents in the Sioux Falls area. Tips? argus-multimedia@argusleader.com or 331-2300.","translator_type":"none","protected":false,"verified":true,"followers_count":85361,"friends_count":3226,"listed_count":371,"favourites_count":625,"statuses_count":108270,"created_at":"Fri Sep 17 15:24:11 +0000 2010","utc_offset":null,"time_zone":null,"geo_enabled":true,"lang":null,"contributors_enabled":false,"is_translator":false,"profile_background_color":"C0DEED","profile_background_image_url":"http:\/\/abs.twimg.com\/images\/themes\/theme1\/bg.png","profile_background_image_url_https":"https:\/\/abs.twimg.com\/images\/themes\/theme1\/bg.png","profile_background_tile":false,"profile_link_color":"1DA1F2","profile_sidebar_border_color":"C0DEED","profile_sidebar_fill_color":"DDEEF6","profile_text_color":"333333","profile_use_background_image":true,"profile_image_url":"http:\/\/pbs.twimg.com\/profile_images\/1061989843281035264\/pMI2ILog_normal.jpg","profile_image_url_https":"https:\/\/pbs.twimg.com\/profile_images\/1061989843281035264\/pMI2ILog_normal.jpg","profile_banner_url":"https:\/\/pbs.twimg.com\/profile_banners\/191866540\/1563310388","default_profile":true,"default_profile_image":false,"following":null,"follow_request_sent":null,"notifications":null},"geo":null,"coordinates":null,"place":null,"contributors":null,"is_quote_status":false,"extended_tweet":{"full_text":"South Dakota reports 89 new confirmed cases of coronavirus. State's total now 536. No new deaths reported. 177 recoveries. Minnehaha County has 352 cases; Lincoln 38. Story soon.","display_text_range":[0,178],"entities":{"hashtags":[],"urls":[],"user_mentions":[],"symbols":[]}},"quote_count":3,"reply_count":3,"retweet_count":8,"favorite_count":23,"entities":{"hashtags":[],"urls":[{"url":"https:\/\/t.co\/gtFfWclOgE","expanded_url":"https:\/\/twitter.com\/i\/web\/status\/1248647879641702407","display_url":"twitter.com\/i\/web\/status\/1\u2026","indices":[117,140]}],"user_mentions":[],"symbols":[]},"favorited":false,"retweeted":false,"filter_level":"low","lang":"en"},"quoted_status_permalink":{"url":"https:\/\/t.co\/kdXPH21BId","expanded":"https:\/\/twitter.com\/Argus911\/status\/1248647879641702407","display":"twitter.com\/Argus911\/statu\u2026"},"is_quote_status":true,"quote_count":0,"reply_count":0,"retweet_count":0,"favorite_count":0,"entities":{"hashtags":[],"urls":[],"user_mentions":[{"screen_name":"sigepcory","name":"Cory Myers","id":15726790,"id_str":"15726790","indices":[3,13]}],"symbols":[]},"favorited":false,"retweeted":false,"filter_level":"low","lang":"en","timestamp_ms":"1586538233658"}
