{"created_at":"Fri Apr 10 17:03:48 +0000 2020","id":1248657949104304129,"id_str":"1248657949104304129","text":"@4106_mito \u7d76\u5bfe\u8a00\u3044\u305f\u304f\u306a\u3044\u3060\u3051\u3084\u3093\u60b2\u3057\u304f\u306a\u308b\u308f","display_text_range":[11,29],"source":"\u003ca href=\"http:\/\/twitter.com\/download\/iphone\" rel=\"nofollow\"\u003eTwitter for iPhone\u003c\/a\u003e","truncated":false,"in_reply_to_status_id":1248657844485779456,"in_reply_to_status_id_str":"1248657844485779456","in_reply_to_user_id":1233655583070244867,"in_reply_to_user_id_str":"1233655583070244867","in_reply_to_screen_name":"4106_mito","user":{"id":1226288674163183616,"id_str":"1226288674163183616","name":"\u304d\u3083\u308a\u3053@100\u65e5\u5f8c\u306b\u4e21\u601d\u3044\u306b\u306a\u308b\u307d\u3061\u3054\u308a","screen_name":"kyariko_music","location":null,"url":null,"description":"\u30b9\u30de\u30db\u3092\u6d17\u6fef\u6a5f\u306b\u3076\u3061\u8fbc\u3093\u3060\u306e\u3067\u307e\u305f1\u304b\u3089Twitter\u306f\u3058\u3081\u307e\u3059 \u30d5\u30a9\u30ed\u30d0\u3072\u3083\u304f\u3071\u30fc \u30d4\u30f3\u30af\u306e\u732b\u3055\u3093\u63a8\u3057\u3066\u304a\u308a\u307e\u3059 \u3088\u308d\u3057\u304f \u3059\u304d\u2192@JYONI_0 @JYONI_SUB","translator_type":"none","protected":false,"verified":false,"followers_count":59,"friends_count":507,"listed_count":0,"favourites_count":9408,"statuses_count":1145,"created_at":"Sat Feb 08 23:37:58 +0000 2020","utc_offset":null,"time_zone":null,"geo_enabled":false,"lang":null,"contributors_enabled":false,"is_translator":false,"profile_background_color":"F5F8FA","profile_background_image_url":"","profile_background_image_url_https":"","profile_background_tile":false,"profile_link_color":"1DA1F2","profile_sidebar_border_color":"C0DEED","profile_sidebar_fill_color":"DDEEF6","profile_text_color":"333333","profile_use_background_image":true,"profile_image_url":"http:\/\/pbs.twimg.com\/profile_images\/1247732863887216642\/pqLETEYu_normal.jpg","profile_image_url_https":"https:\/\/pbs.twimg.com\/profile_images\/1247732863887216642\/pqLETEYu_normal.jpg","profile_banner_url":"https:\/\/pbs.twimg.com\/profile_banners\/1226288674163183616\/1585581408","default_profile":true,"default_profile_image":false,"following":null,"follow_request_sent":null,"notifications":null},"geo":null,"coordinates":null,"place":null,"contributors":null,"is_quote_status":false,"quote_count":0,"reply_count":0,"retweet_count":0,"favorite_count":0,"entities":{"hashtags":[],"urls":[],"user_mentions":[{"screen_name":"4106_mito","name":"\u3068\u307f\u305f@\u7814\u7a76\u4e2d","id":1233655583070244867,"id_str":"1233655583070244867","indices":[0,10]}],"symbols":[]},"favorited":false,"retweeted":false,"filter_level":"low","lang":"ja","timestamp_ms":"1586538228666"}
