{"created_at":"Fri Apr 10 17:03:52 +0000 2020","id":1248657965856374784,"id_str":"1248657965856374784","text":"RT @it_meirl_bot: Me irl https:\/\/t.co\/eXUxMkpQaM https:\/\/t.co\/Kf3NYA4NRA","source":"\u003ca href=\"http:\/\/twitter.com\/download\/android\" rel=\"nofollow\"\u003eTwitter for Android\u003c\/a\u003e","truncated":false,"in_reply_to_status_id":null,"in_reply_to_status_id_str":null,"in_reply_to_user_id":null,"in_reply_to_user_id_str":null,"in_reply_to_screen_name":null,"user":{"id":939172944470667265,"id_str":"939172944470667265","name":"Ash","screen_name":"Ash_____XO","location":"Malaysia","url":null,"description":"in a pursuit of happiness. XOTWOD","translator_type":"none","protected":false,"verified":false,"followers_count":269,"friends_count":436,"listed_count":0,"favourites_count":6084,"statuses_count":15449,"created_at":"Fri Dec 08 16:40:53 +0000 2017","utc_offset":null,"time_zone":null,"geo_enabled":false,"lang":null,"contributors_enabled":false,"is_translator":false,"profile_background_color":"F5F8FA","profile_background_image_url":"","profile_background_image_url_https":"","profile_background_tile":false,"profile_link_color":"1DA1F2","profile_sidebar_border_color":"C0DEED","profile_sidebar_fill_color":"DDEEF6","profile_text_color":"333333","profile_use_background_image":true,"profile_image_url":"http:\/\/pbs.twimg.com\/profile_images\/1245751138042822656\/OFlY5cOt_normal.jpg","profile_image_url_https":"https:\/\/pbs.twimg.com\/profile_images\/1245751138042822656\/OFlY5cOt_normal.jpg","profile_banner_url":"https:\/\/pbs.twimg.com\/profile_banners\/939172944470667265\/1584768199","default_profile":true,"default_profile_image":false,"following":null,"follow_request_sent":null,"notifications":null},"geo":null,"coordinates":null,"place":null,"contributors":null,"retweeted_status":{"created_at":"Fri Apr 10 16:55:40 +0000 2020","id":1248655903072473089,"id_str":"1248655903072473089","text":"Me irl https:\/\/t.co\/eXUxMkpQaM https:\/\/t.co\/Kf3NYA4NRA","display_text_range":[0,30],"source":"\u003ca href=\"https:\/\/twitter.com\/it_meirl_bot\" rel=\"nofollow\"\u003eit_meirl_bot\u003c\/a\u003e","truncated":false,"in_reply_to_status_id":null,"in_reply_to_status_id_str":null,"in_reply_to_user_id":null,"in_reply_to_user_id_str":null,"in_reply_to_screen_name":null,"user":{"id":1009514640844308481,"id_str":"1009514640844308481","name":"me irl","screen_name":"it_meirl_bot","location":null,"url":null,"description":"I'm a bot that mirrors the newest posts from \/r\/me_irl to Twitter. Please direct message me any posts you want removed.","translator_type":"none","protected":false,"verified":false,"followers_count":249654,"friends_count":1,"listed_count":444,"favourites_count":15,"statuses_count":56456,"created_at":"Wed Jun 20 19:13:41 +0000 2018","utc_offset":null,"time_zone":null,"geo_enabled":false,"lang":null,"contributors_enabled":false,"is_translator":false,"profile_background_color":"F5F8FA","profile_background_image_url":"","profile_background_image_url_https":"","profile_background_tile":false,"profile_link_color":"1DA1F2","profile_sidebar_border_color":"C0DEED","profile_sidebar_fill_color":"DDEEF6","profile_text_color":"333333","profile_use_background_image":true,"profile_image_url":"http:\/\/pbs.twimg.com\/profile_images\/1206249933449256961\/ab11FuoE_normal.png","profile_image_url_https":"https:\/\/pbs.twimg.com\/profile_images\/1206249933449256961\/ab11FuoE_normal.png","profile_banner_url":"https:\/\/pbs.twimg.com\/profile_banners\/1009514640844308481\/1576427370","default_profile":true,"default_profile_image":false,"following":null,"follow_request_sent":null,"notifications":null},"geo":null,"coordinates":null,"place":null,"contributors":null,"is_quote_status":false,"quote_count":2,"reply_count":4,"retweet_count":70,"favorite_count":428,"entities":{"hashtags":[],"urls":[{"url":"https:\/\/t.co\/eXUxMkpQaM","expanded_url":"https:\/\/redd.it\/fyhyo7","display_url":"redd.it\/fyhyo7","indices":[7,30]}],"user_mentions":[],"symbols":[],"media":[{"id":1248655901134749696,"id_str":"1248655901134749696","indices":[31,54],"media_url":"http:\/\/pbs.twimg.com\/media\/EVQd7SnVAAATGxz.jpg","media_url_https":"https:\/\/pbs.twimg.com\/media\/EVQd7SnVAAATGxz.jpg","url":"https:\/\/t.co\/Kf3NYA4NRA","display_url":"pic.twitter.com\/Kf3NYA4NRA","expanded_url":"https:\/\/twitter.com\/it_meirl_bot\/status\/1248655903072473089\/photo\/1","type":"photo","sizes":{"thumb":{"w":150,"h":150,"resize":"crop"},"small":{"w":640,"h":638,"resize":"fit"},"large":{"w":640,"h":638,"resize":"fit"},"medium":{"w":640,"h":638,"resize":"fit"}}}]},"extended_entities":{"media":[{"id":1248655901134749696,"id_str":"1248655901134749696","indices":[31,54],"media_url":"http:\/\/pbs.twimg.com\/media\/EVQd7SnVAAATGxz.jpg","media_url_https":"https:\/\/pbs.twimg.com\/media\/EVQd7SnVAAATGxz.jpg","url":"https:\/\/t.co\/Kf3NYA4NRA","display_url":"pic.twitter.com\/Kf3NYA4NRA","expanded_url":"https:\/\/twitter.com\/it_meirl_bot\/status\/1248655903072473089\/photo\/1","type":"photo","sizes":{"thumb":{"w":150,"h":150,"resize":"crop"},"small":{"w":640,"h":638,"resize":"fit"},"large":{"w":640,"h":638,"resize":"fit"},"medium":{"w":640,"h":638,"resize":"fit"}}}]},"favorited":false,"retweeted":false,"possibly_sensitive":true,"filter_level":"low","lang":"en"},"is_quote_status":false,"quote_count":0,"reply_count":0,"retweet_count":0,"favorite_count":0,"entities":{"hashtags":[],"urls":[{"url":"https:\/\/t.co\/eXUxMkpQaM","expanded_url":"https:\/\/redd.it\/fyhyo7","display_url":"redd.it\/fyhyo7","indices":[25,48]}],"user_mentions":[{"screen_name":"it_meirl_bot","name":"me irl","id":1009514640844308481,"id_str":"1009514640844308481","indices":[3,16]}],"symbols":[],"media":[{"id":1248655901134749696,"id_str":"1248655901134749696","indices":[49,72],"media_url":"http:\/\/pbs.twimg.com\/media\/EVQd7SnVAAATGxz.jpg","media_url_https":"https:\/\/pbs.twimg.com\/media\/EVQd7SnVAAATGxz.jpg","url":"https:\/\/t.co\/Kf3NYA4NRA","display_url":"pic.twitter.com\/Kf3NYA4NRA","expanded_url":"https:\/\/twitter.com\/it_meirl_bot\/status\/1248655903072473089\/photo\/1","type":"photo","sizes":{"thumb":{"w":150,"h":150,"resize":"crop"},"small":{"w":640,"h":638,"resize":"fit"},"large":{"w":640,"h":638,"resize":"fit"},"medium":{"w":640,"h":638,"resize":"fit"}},"source_status_id":1248655903072473089,"source_status_id_str":"1248655903072473089","source_user_id":1009514640844308481,"source_user_id_str":"1009514640844308481"}]},"extended_entities":{"media":[{"id":1248655901134749696,"id_str":"1248655901134749696","indices":[49,72],"media_url":"http:\/\/pbs.twimg.com\/media\/EVQd7SnVAAATGxz.jpg","media_url_https":"https:\/\/pbs.twimg.com\/media\/EVQd7SnVAAATGxz.jpg","url":"https:\/\/t.co\/Kf3NYA4NRA","display_url":"pic.twitter.com\/Kf3NYA4NRA","expanded_url":"https:\/\/twitter.com\/it_meirl_bot\/status\/1248655903072473089\/photo\/1","type":"photo","sizes":{"thumb":{"w":150,"h":150,"resize":"crop"},"small":{"w":640,"h":638,"resize":"fit"},"large":{"w":640,"h":638,"resize":"fit"},"medium":{"w":640,"h":638,"resize":"fit"}},"source_status_id":1248655903072473089,"source_status_id_str":"1248655903072473089","source_user_id":1009514640844308481,"source_user_id_str":"1009514640844308481"}]},"favorited":false,"retweeted":false,"possibly_sensitive":false,"filter_level":"low","lang":"en","timestamp_ms":"1586538232660"}
