{"created_at":"Fri Apr 10 17:03:48 +0000 2020","id":1248657949083480066,"id_str":"1248657949083480066","text":"https:\/\/t.co\/YHQfj3NSOq","source":"\u003ca href=\"http:\/\/twitter.com\/download\/android\" rel=\"nofollow\"\u003eTwitter for Android\u003c\/a\u003e","truncated":false,"in_reply_to_status_id":null,"in_reply_to_status_id_str":null,"in_reply_to_user_id":null,"in_reply_to_user_id_str":null,"in_reply_to_screen_name":null,"user":{"id":1117698359261790208,"id_str":"1117698359261790208","name":"comoryano","screen_name":"comoryano","location":"quelque part dans le monde\ud83c\udf0d","url":"http:\/\/www.instagram.com\/comoryano","description":"L'espoir fait vivre, mais ceux qui vivent d'espoir meurt de faim..... [arsenik - jour de tonnerre -]","translator_type":"none","protected":false,"verified":false,"followers_count":21,"friends_count":129,"listed_count":0,"favourites_count":434,"statuses_count":1287,"created_at":"Mon Apr 15 07:57:09 +0000 2019","utc_offset":null,"time_zone":null,"geo_enabled":true,"lang":null,"contributors_enabled":false,"is_translator":false,"profile_background_color":"F5F8FA","profile_background_image_url":"","profile_background_image_url_https":"","profile_background_tile":false,"profile_link_color":"1DA1F2","profile_sidebar_border_color":"C0DEED","profile_sidebar_fill_color":"DDEEF6","profile_text_color":"333333","profile_use_background_image":true,"profile_image_url":"http:\/\/pbs.twimg.com\/profile_images\/1117698572185690112\/9LhVA1Gm_normal.jpg","profile_image_url_https":"https:\/\/pbs.twimg.com\/profile_images\/1117698572185690112\/9LhVA1Gm_normal.jpg","profile_banner_url":"https:\/\/pbs.twimg.com\/profile_banners\/1117698359261790208\/1580161228","default_profile":true,"default_profile_image":false,"following":null,"follow_request_sent":null,"notifications":null},"geo":null,"coordinates":null,"place":null,"contributors":null,"is_quote_status":false,"quote_count":0,"reply_count":0,"retweet_count":0,"favorite_count":0,"entities":{"hashtags":[],"urls":[{"url":"https:\/\/t.co\/YHQfj3NSOq","expanded_url":"https:\/\/www.instagram.com\/tv\/B-uv8YsBFCz\/?igshid=wwemsj45ryt","display_url":"instagram.com\/tv\/B-uv8YsBFCz\u2026","indices":[0,23]}],"user_mentions":[],"symbols":[]},"favorited":false,"retweeted":false,"possibly_sensitive":false,"filter_level":"low","lang":"und","timestamp_ms":"1586538228661"}
