{"created_at":"Fri Apr 10 17:03:54 +0000 2020","id":1248657974240968705,"id_str":"1248657974240968705","text":"RT @KXAN_News: Easter is going to look quite a bit different this year https:\/\/t.co\/bYTTK1EJel","source":"\u003ca href=\"http:\/\/twitter.com\/download\/android\" rel=\"nofollow\"\u003eTwitter for Android\u003c\/a\u003e","truncated":false,"in_reply_to_status_id":null,"in_reply_to_status_id_str":null,"in_reply_to_user_id":null,"in_reply_to_user_id_str":null,"in_reply_to_screen_name":null,"user":{"id":2872535267,"id_str":"2872535267","name":"Amber Garcia","screen_name":"ambergarcia596","location":null,"url":null,"description":null,"translator_type":"none","protected":false,"verified":false,"followers_count":38,"friends_count":300,"listed_count":0,"favourites_count":3234,"statuses_count":2117,"created_at":"Tue Nov 11 17:06:14 +0000 2014","utc_offset":null,"time_zone":null,"geo_enabled":false,"lang":null,"contributors_enabled":false,"is_translator":false,"profile_background_color":"C0DEED","profile_background_image_url":"http:\/\/abs.twimg.com\/images\/themes\/theme1\/bg.png","profile_background_image_url_https":"https:\/\/abs.twimg.com\/images\/themes\/theme1\/bg.png","profile_background_tile":false,"profile_link_color":"1DA1F2","profile_sidebar_border_color":"C0DEED","profile_sidebar_fill_color":"DDEEF6","profile_text_color":"333333","profile_use_background_image":true,"profile_image_url":"http:\/\/pbs.twimg.com\/profile_images\/712092642134269952\/4uZSQEcq_normal.jpg","profile_image_url_https":"https:\/\/pbs.twimg.com\/profile_images\/712092642134269952\/4uZSQEcq_normal.jpg","profile_banner_url":"https:\/\/pbs.twimg.com\/profile_banners\/2872535267\/1458611089","default_profile":true,"default_profile_image":false,"following":null,"follow_request_sent":null,"notifications":null},"geo":null,"coordinates":null,"place":null,"contributors":null,"retweeted_status":{"created_at":"Fri Apr 10 14:20:00 +0000 2020","id":1248616727430090757,"id_str":"1248616727430090757","text":"Easter is going to look quite a bit different this year https:\/\/t.co\/bYTTK1EJel","source":"\u003ca href=\"http:\/\/www.socialnewsdesk.com\" rel=\"nofollow\"\u003eSocialNewsDesk\u003c\/a\u003e","truncated":false,"in_reply_to_status_id":null,"in_reply_to_status_id_str":null,"in_reply_to_user_id":null,"in_reply_to_user_id_str":null,"in_reply_to_screen_name":null,"user":{"id":15169032,"id_str":"15169032","name":"KXAN News","screen_name":"KXAN_News","location":"Austin, Texas","url":"http:\/\/www.kxan.com","description":"In-depth and investigative updates from the KXAN newsdesk all day and night.","translator_type":"regular","protected":false,"verified":true,"followers_count":194044,"friends_count":2545,"listed_count":2550,"favourites_count":3091,"statuses_count":143911,"created_at":"Thu Jun 19 13:12:26 +0000 2008","utc_offset":null,"time_zone":null,"geo_enabled":true,"lang":null,"contributors_enabled":false,"is_translator":false,"profile_background_color":"021527","profile_background_image_url":"http:\/\/abs.twimg.com\/images\/themes\/theme1\/bg.png","profile_background_image_url_https":"https:\/\/abs.twimg.com\/images\/themes\/theme1\/bg.png","profile_background_tile":false,"profile_link_color":"2B5CA9","profile_sidebar_border_color":"FFFFFF","profile_sidebar_fill_color":"CDCDCD","profile_text_color":"000000","profile_use_background_image":false,"profile_image_url":"http:\/\/pbs.twimg.com\/profile_images\/1167553339481083908\/j5CjidPr_normal.jpg","profile_image_url_https":"https:\/\/pbs.twimg.com\/profile_images\/1167553339481083908\/j5CjidPr_normal.jpg","profile_banner_url":"https:\/\/pbs.twimg.com\/profile_banners\/15169032\/1567201384","default_profile":false,"default_profile_image":false,"following":null,"follow_request_sent":null,"notifications":null},"geo":null,"coordinates":null,"place":null,"contributors":null,"is_quote_status":false,"quote_count":0,"reply_count":1,"retweet_count":2,"favorite_count":6,"entities":{"hashtags":[],"urls":[{"url":"https:\/\/t.co\/bYTTK1EJel","expanded_url":"https:\/\/www.kxan.com\/news\/coronavirus\/easter-without-eggs-local-families-shift-traditions-during-pandemic\/?utm_medium=social&utm_source=twitter_KXAN_News","display_url":"kxan.com\/news\/coronavir\u2026","indices":[56,79]}],"user_mentions":[],"symbols":[]},"favorited":false,"retweeted":false,"possibly_sensitive":false,"filter_level":"low","lang":"en"},"is_quote_status":false,"quote_count":0,"reply_count":0,"retweet_count":0,"favorite_count":0,"entities":{"hashtags":[],"urls":[{"url":"https:\/\/t.co\/bYTTK1EJel","expanded_url":"https:\/\/www.kxan.com\/news\/coronavirus\/easter-without-eggs-local-families-shift-traditions-during-pandemic\/?utm_medium=social&utm_source=twitter_KXAN_News","display_url":"kxan.com\/news\/coronavir\u2026","indices":[71,94]}],"user_mentions":[{"screen_name":"KXAN_News","name":"KXAN News","id":15169032,"id_str":"15169032","indices":[3,13]}],"symbols":[]},"favorited":false,"retweeted":false,"possibly_sensitive":false,"filter_level":"low","lang":"en","timestamp_ms":"1586538234659"}
