{"created_at":"Fri Apr 10 17:03:54 +0000 2020","id":1248657974232592390,"id_str":"1248657974232592390","text":"Acabou de publicar uma foto https:\/\/t.co\/ov6HmQbpy7","source":"\u003ca href=\"http:\/\/instagram.com\" rel=\"nofollow\"\u003eInstagram\u003c\/a\u003e","truncated":false,"in_reply_to_status_id":null,"in_reply_to_status_id_str":null,"in_reply_to_user_id":null,"in_reply_to_user_id_str":null,"in_reply_to_screen_name":null,"user":{"id":80316728,"id_str":"80316728","name":"Nelson Zeni J\u00fanior.","screen_name":"TheRealZeni","location":"Guaruj\u00e1\/ Santos","url":"http:\/\/www.ecofriendly21.com","description":"Where there's a will, there's a way, where there's a way, there's a will. Esse \u00e9 meu perfil real. # Teamfollowback. F4F.  Verified Account","translator_type":"none","protected":false,"verified":false,"followers_count":34117,"friends_count":34500,"listed_count":132,"favourites_count":215,"statuses_count":17096,"created_at":"Tue Oct 06 14:36:17 +0000 2009","utc_offset":null,"time_zone":null,"geo_enabled":true,"lang":null,"contributors_enabled":false,"is_translator":false,"profile_background_color":"020812","profile_background_image_url":"http:\/\/abs.twimg.com\/images\/themes\/theme15\/bg.png","profile_background_image_url_https":"https:\/\/abs.twimg.com\/images\/themes\/theme15\/bg.png","profile_background_tile":false,"profile_link_color":"2280A9","profile_sidebar_border_color":"2280A9","profile_sidebar_fill_color":"020812","profile_text_color":"17406C","profile_use_background_image":true,"profile_image_url":"http:\/\/pbs.twimg.com\/profile_images\/1603027953\/vo1_normal.jpg","profile_image_url_https":"https:\/\/pbs.twimg.com\/profile_images\/1603027953\/vo1_normal.jpg","default_profile":false,"default_profile_image":false,"following":null,"follow_request_sent":null,"notifications":null},"geo":null,"coordinates":null,"place":null,"contributors":null,"is_quote_status":false,"quote_count":0,"reply_count":0,"retweet_count":0,"favorite_count":0,"entities":{"hashtags":[],"urls":[{"url":"https:\/\/t.co\/ov6HmQbpy7","expanded_url":"https:\/\/www.instagram.com\/p\/B-ztxL_gMw5w7EWse1utxLdfVVsI9NsqD-VacA0\/?igshid=sggsoyj2t90d","display_url":"instagram.com\/p\/B-ztxL_gMw5w\u2026","indices":[28,51]}],"user_mentions":[],"symbols":[]},"favorited":false,"retweeted":false,"possibly_sensitive":false,"filter_level":"low","lang":"pt","timestamp_ms":"1586538234657"}
