{"created_at":"Fri Apr 10 17:03:58 +0000 2020","id":1248657991030587392,"id_str":"1248657991030587392","text":"@savpngdj \u3082\u30461\u5e74\u524d\u304f\u3089\u3044\u306b\u624b\u306b\u5165\u308c\u305f\u3084\u3064\u3067\u3059\u306d","display_text_range":[10,29],"source":"\u003ca href=\"http:\/\/twitter.com\/download\/android\" rel=\"nofollow\"\u003eTwitter for Android\u003c\/a\u003e","truncated":false,"in_reply_to_status_id":1248605041298034688,"in_reply_to_status_id_str":"1248605041298034688","in_reply_to_user_id":1143499291668836352,"in_reply_to_user_id_str":"1143499291668836352","in_reply_to_screen_name":"savpngdj","user":{"id":846631787837083648,"id_str":"846631787837083648","name":"\u3086\u3002","screen_name":"inoyu5130","location":null,"url":null,"description":null,"translator_type":"none","protected":false,"verified":false,"followers_count":256,"friends_count":263,"listed_count":2,"favourites_count":1269,"statuses_count":830,"created_at":"Tue Mar 28 07:55:22 +0000 2017","utc_offset":null,"time_zone":null,"geo_enabled":false,"lang":null,"contributors_enabled":false,"is_translator":false,"profile_background_color":"F5F8FA","profile_background_image_url":"","profile_background_image_url_https":"","profile_background_tile":false,"profile_link_color":"1DA1F2","profile_sidebar_border_color":"C0DEED","profile_sidebar_fill_color":"DDEEF6","profile_text_color":"333333","profile_use_background_image":true,"profile_image_url":"http:\/\/pbs.twimg.com\/profile_images\/1104782454601072640\/0HvRiiKM_normal.jpg","profile_image_url_https":"https:\/\/pbs.twimg.com\/profile_images\/1104782454601072640\/0HvRiiKM_normal.jpg","profile_banner_url":"https:\/\/pbs.twimg.com\/profile_banners\/846631787837083648\/1535282984","default_profile":true,"default_profile_image":false,"following":null,"follow_request_sent":null,"notifications":null},"geo":null,"coordinates":null,"place":null,"contributors":null,"is_quote_status":false,"quote_count":0,"reply_count":0,"retweet_count":0,"favorite_count":0,"entities":{"hashtags":[],"urls":[],"user_mentions":[{"screen_name":"savpngdj","name":"\u304b\u3089\u3042\u3052@enjoy\u52e2","id":1143499291668836352,"id_str":"1143499291668836352","indices":[0,9]}],"symbols":[]},"favorited":false,"retweeted":false,"filter_level":"low","lang":"ja","timestamp_ms":"1586538238662"}
