{"created_at":"Fri Apr 10 17:03:50 +0000 2020","id":1248657957488918529,"id_str":"1248657957488918529","text":"@BasedSlovenia ill make you a honey fan sign","display_text_range":[15,44],"source":"\u003ca href=\"http:\/\/twitter.com\/download\/iphone\" rel=\"nofollow\"\u003eTwitter for iPhone\u003c\/a\u003e","truncated":false,"in_reply_to_status_id":1248654792995594242,"in_reply_to_status_id_str":"1248654792995594242","in_reply_to_user_id":852158488885243906,"in_reply_to_user_id_str":"852158488885243906","in_reply_to_screen_name":"BasedSlovenia","user":{"id":1237062152940331016,"id_str":"1237062152940331016","name":"bee","screen_name":"SexIsntOK","location":null,"url":null,"description":"*sips nectar juice* oh god oh fuck    i feel funny o   go d oh  fukc","translator_type":"none","protected":false,"verified":false,"followers_count":73,"friends_count":154,"listed_count":2,"favourites_count":126,"statuses_count":81,"created_at":"Mon Mar 09 17:06:22 +0000 2020","utc_offset":null,"time_zone":null,"geo_enabled":false,"lang":null,"contributors_enabled":false,"is_translator":false,"profile_background_color":"F5F8FA","profile_background_image_url":"","profile_background_image_url_https":"","profile_background_tile":false,"profile_link_color":"1DA1F2","profile_sidebar_border_color":"C0DEED","profile_sidebar_fill_color":"DDEEF6","profile_text_color":"333333","profile_use_background_image":true,"profile_image_url":"http:\/\/pbs.twimg.com\/profile_images\/1242549519050555402\/IBUF-UyT_normal.jpg","profile_image_url_https":"https:\/\/pbs.twimg.com\/profile_images\/1242549519050555402\/IBUF-UyT_normal.jpg","profile_banner_url":"https:\/\/pbs.twimg.com\/profile_banners\/1237062152940331016\/1586103645","default_profile":true,"default_profile_image":false,"following":null,"follow_request_sent":null,"notifications":null},"geo":null,"coordinates":null,"place":null,"contributors":null,"is_quote_status":false,"quote_count":0,"reply_count":0,"retweet_count":0,"favorite_count":0,"entities":{"hashtags":[],"urls":[],"user_mentions":[{"screen_name":"BasedSlovenia","name":"Lain \ud83c\uddf8\ud83c\uddee","id":852158488885243906,"id_str":"852158488885243906","indices":[0,14]}],"symbols":[]},"favorited":false,"retweeted":false,"filter_level":"low","lang":"en","timestamp_ms":"1586538230665"}
