{"created_at":"Fri Apr 10 17:03:49 +0000 2020","id":1248657953286053889,"id_str":"1248657953286053889","text":"RT @30SECVlDEOS: Hitting down a nest full of wasps\ud83d\udc1d \ud83e\udd23https:\/\/t.co\/cKxpTSMvgB","source":"\u003ca href=\"http:\/\/twitter.com\/download\/iphone\" rel=\"nofollow\"\u003eTwitter for iPhone\u003c\/a\u003e","truncated":false,"in_reply_to_status_id":null,"in_reply_to_status_id_str":null,"in_reply_to_user_id":null,"in_reply_to_user_id_str":null,"in_reply_to_screen_name":null,"user":{"id":1091793368,"id_str":"1091793368","name":"Andhiny Paramitha","screen_name":"andhinyparamtha","location":null,"url":null,"description":null,"translator_type":"none","protected":false,"verified":false,"followers_count":747,"friends_count":552,"listed_count":0,"favourites_count":239,"statuses_count":31669,"created_at":"Tue Jan 15 11:31:36 +0000 2013","utc_offset":null,"time_zone":null,"geo_enabled":true,"lang":null,"contributors_enabled":false,"is_translator":false,"profile_background_color":"C0DEED","profile_background_image_url":"http:\/\/abs.twimg.com\/images\/themes\/theme1\/bg.png","profile_background_image_url_https":"https:\/\/abs.twimg.com\/images\/themes\/theme1\/bg.png","profile_background_tile":true,"profile_link_color":"ADB0BA","profile_sidebar_border_color":"000000","profile_sidebar_fill_color":"DDEEF6","profile_text_color":"333333","profile_use_background_image":true,"profile_image_url":"http:\/\/pbs.twimg.com\/profile_images\/1075986342348111873\/nzuLFL4t_normal.jpg","profile_image_url_https":"https:\/\/pbs.twimg.com\/profile_images\/1075986342348111873\/nzuLFL4t_normal.jpg","profile_banner_url":"https:\/\/pbs.twimg.com\/profile_banners\/1091793368\/1420279236","default_profile":false,"default_profile_image":false,"following":null,"follow_request_sent":null,"notifications":null},"geo":null,"coordinates":null,"place":null,"contributors":null,"retweeted_status":{"created_at":"Fri Apr 10 03:38:29 +0000 2020","id":1248455284307062786,"id_str":"1248455284307062786","text":"Hitting down a nest full of wasps\ud83d\udc1d \ud83e\udd23https:\/\/t.co\/cKxpTSMvgB","source":"\u003ca href=\"http:\/\/twitter.com\/download\/iphone\" rel=\"nofollow\"\u003eTwitter for iPhone\u003c\/a\u003e","truncated":false,"in_reply_to_status_id":null,"in_reply_to_status_id_str":null,"in_reply_to_user_id":null,"in_reply_to_user_id_str":null,"in_reply_to_screen_name":null,"user":{"id":963204890842615809,"id_str":"963204890842615809","name":"Best Videos \ud83c\udfac\ud83c\udf7f","screen_name":"30SECVlDEOS","location":null,"url":"http:\/\/www.dbltap.com\/posts\/call-of-duty-modern-warfare-season-3-goes-live-01e5b8c0xgt7\/partners\/40714","description":"Owner @CallMeMatt - #BestVideos","translator_type":"none","protected":false,"verified":false,"followers_count":904627,"friends_count":44,"listed_count":591,"favourites_count":44136,"statuses_count":207,"created_at":"Tue Feb 13 00:15:16 +0000 2018","utc_offset":null,"time_zone":null,"geo_enabled":false,"lang":null,"contributors_enabled":false,"is_translator":false,"profile_background_color":"F5F8FA","profile_background_image_url":"","profile_background_image_url_https":"","profile_background_tile":false,"profile_link_color":"1DA1F2","profile_sidebar_border_color":"C0DEED","profile_sidebar_fill_color":"DDEEF6","profile_text_color":"333333","profile_use_background_image":true,"profile_image_url":"http:\/\/pbs.twimg.com\/profile_images\/1212809612342284288\/cebghvog_normal.jpg","profile_image_url_https":"https:\/\/pbs.twimg.com\/profile_images\/1212809612342284288\/cebghvog_normal.jpg","profile_banner_url":"https:\/\/pbs.twimg.com\/profile_banners\/963204890842615809\/1575525564","default_profile":true,"default_profile_image":false,"following":null,"follow_request_sent":null,"notifications":null},"geo":null,"coordinates":null,"place":null,"contributors":null,"is_quote_status":false,"quote_count":216,"reply_count":118,"retweet_count":3935,"favorite_count":16171,"entities":{"hashtags":[],"urls":[],"user_mentions":[],"symbols":[],"media":[{"id":1234677906854400001,"id_str":"1234677906854400001","indices":[36,59],"additional_media_info":{"monetizable":false},"media_url":"http:\/\/pbs.twimg.com\/ext_tw_video_thumb\/1234677906854400001\/pu\/img\/wKsCbin13CJcLvP8.jpg","media_url_https":"https:\/\/pbs.twimg.com\/ext_tw_video_thumb\/1234677906854400001\/pu\/img\/wKsCbin13CJcLvP8.jpg","url":"https:\/\/t.co\/cKxpTSMvgB","display_url":"pic.twitter.com\/cKxpTSMvgB","expanded_url":"https:\/\/twitter.com\/realmemeskids\/status\/1234677978925170691\/video\/1","type":"photo","sizes":{"thumb":{"w":150,"h":150,"resize":"crop"},"small":{"w":383,"h":680,"resize":"fit"},"medium":{"w":406,"h":720,"resize":"fit"},"large":{"w":406,"h":720,"resize":"fit"}},"source_status_id":1234677978925170691,"source_status_id_str":"1234677978925170691","source_user_id":718086449027887104,"source_user_id_str":"718086449027887104"}]},"extended_entities":{"media":[{"id":1234677906854400001,"id_str":"1234677906854400001","indices":[36,59],"additional_media_info":{"monetizable":false},"media_url":"http:\/\/pbs.twimg.com\/ext_tw_video_thumb\/1234677906854400001\/pu\/img\/wKsCbin13CJcLvP8.jpg","media_url_https":"https:\/\/pbs.twimg.com\/ext_tw_video_thumb\/1234677906854400001\/pu\/img\/wKsCbin13CJcLvP8.jpg","url":"https:\/\/t.co\/cKxpTSMvgB","display_url":"pic.twitter.com\/cKxpTSMvgB","expanded_url":"https:\/\/twitter.com\/realmemeskids\/status\/1234677978925170691\/video\/1","type":"video","video_info":{"aspect_ratio":[203,360],"duration_millis":16167,"variants":[{"content_type":"application\/x-mpegURL","url":"https:\/\/video.twimg.com\/ext_tw_video\/1234677906854400001\/pu\/pl\/4Bf9RJJVIxKXUfUQ.m3u8?tag=10"},{"bitrate":832000,"content_type":"video\/mp4","url":"https:\/\/video.twimg.com\/ext_tw_video\/1234677906854400001\/pu\/vid\/406x720\/BEgF1iXJTkOxy3WM.mp4?tag=10"},{"bitrate":632000,"content_type":"video\/mp4","url":"https:\/\/video.twimg.com\/ext_tw_video\/1234677906854400001\/pu\/vid\/320x566\/ubf1w6ctZE45zomb.mp4?tag=10"}]},"sizes":{"thumb":{"w":150,"h":150,"resize":"crop"},"small":{"w":383,"h":680,"resize":"fit"},"medium":{"w":406,"h":720,"resize":"fit"},"large":{"w":406,"h":720,"resize":"fit"}},"source_status_id":1234677978925170691,"source_status_id_str":"1234677978925170691","source_user_id":718086449027887104,"source_user_id_str":"718086449027887104"}]},"favorited":false,"retweeted":false,"possibly_sensitive":false,"filter_level":"low","lang":"en"},"is_quote_status":false,"quote_count":0,"reply_count":0,"retweet_count":0,"favorite_count":0,"entities":{"hashtags":[],"urls":[],"user_mentions":[{"screen_name":"30SECVlDEOS","name":"Best Videos \ud83c\udfac\ud83c\udf7f","id":963204890842615809,"id_str":"963204890842615809","indices":[3,15]}],"symbols":[],"media":[{"id":1234677906854400001,"id_str":"1234677906854400001","indices":[53,76],"additional_media_info":{"monetizable":false},"media_url":"http:\/\/pbs.twimg.com\/ext_tw_video_thumb\/1234677906854400001\/pu\/img\/wKsCbin13CJcLvP8.jpg","media_url_https":"https:\/\/pbs.twimg.com\/ext_tw_video_thumb\/1234677906854400001\/pu\/img\/wKsCbin13CJcLvP8.jpg","url":"https:\/\/t.co\/cKxpTSMvgB","display_url":"pic.twitter.com\/cKxpTSMvgB","expanded_url":"https:\/\/twitter.com\/realmemeskids\/status\/1234677978925170691\/video\/1","type":"photo","sizes":{"thumb":{"w":150,"h":150,"resize":"crop"},"small":{"w":383,"h":680,"resize":"fit"},"medium":{"w":406,"h":720,"resize":"fit"},"large":{"w":406,"h":720,"resize":"fit"}},"source_status_id":1234677978925170691,"source_status_id_str":"1234677978925170691","source_user_id":718086449027887104,"source_user_id_str":"718086449027887104"}]},"extended_entities":{"media":[{"id":1234677906854400001,"id_str":"1234677906854400001","indices":[53,76],"additional_media_info":{"monetizable":false},"media_url":"http:\/\/pbs.twimg.com\/ext_tw_video_thumb\/1234677906854400001\/pu\/img\/wKsCbin13CJcLvP8.jpg","media_url_https":"https:\/\/pbs.twimg.com\/ext_tw_video_thumb\/1234677906854400001\/pu\/img\/wKsCbin13CJcLvP8.jpg","url":"https:\/\/t.co\/cKxpTSMvgB","display_url":"pic.twitter.com\/cKxpTSMvgB","expanded_url":"https:\/\/twitter.com\/realmemeskids\/status\/1234677978925170691\/video\/1","type":"video","video_info":{"aspect_ratio":[203,360],"duration_millis":16167,"variants":[{"content_type":"application\/x-mpegURL","url":"https:\/\/video.twimg.com\/ext_tw_video\/1234677906854400001\/pu\/pl\/4Bf9RJJVIxKXUfUQ.m3u8?tag=10"},{"bitrate":832000,"content_type":"video\/mp4","url":"https:\/\/video.twimg.com\/ext_tw_video\/1234677906854400001\/pu\/vid\/406x720\/BEgF1iXJTkOxy3WM.mp4?tag=10"},{"bitrate":632000,"content_type":"video\/mp4","url":"https:\/\/video.twimg.com\/ext_tw_video\/1234677906854400001\/pu\/vid\/320x566\/ubf1w6ctZE45zomb.mp4?tag=10"}]},"sizes":{"thumb":{"w":150,"h":150,"resize":"crop"},"small":{"w":383,"h":680,"resize":"fit"},"medium":{"w":406,"h":720,"resize":"fit"},"large":{"w":406,"h":720,"resize":"fit"}},"source_status_id":1234677978925170691,"source_status_id_str":"1234677978925170691","source_user_id":718086449027887104,"source_user_id_str":"718086449027887104"}]},"favorited":false,"retweeted":false,"possibly_sensitive":false,"filter_level":"low","lang":"en","timestamp_ms":"1586538229663"}
