{"created_at":"Fri Apr 10 17:03:48 +0000 2020","id":1248657949070782465,"id_str":"1248657949070782465","text":"RT @vahidp2: \u0628\u0627\u0632 \u0647\u0645 \u0628\u0633\u06cc\u062c\u06cc\u0627\u0646 \u0648 \u0647\u06cc\u0623\u062a\u06cc \u0647\u0627 \u062f\u0631 \u062d\u0627\u0644 \u062d\u0645\u0627\u0633\u0647 \u0622\u0641\u0631\u06cc\u0646\u06cc \u0647\u0633\u062a\u0646\u062f\n#\u067e\u0646\u0627\u0647_\u0647\u0645_\u0628\u0627\u0634\u06cc\u0645\n#\u06a9\u0645\u06a9_\u0645\u0648\u0645\u0646\u0627\u0646\u0647 https:\/\/t.co\/rfkTVCefoe","source":"\u003ca href=\"http:\/\/twitter.com\/download\/android\" rel=\"nofollow\"\u003eTwitter for Android\u003c\/a\u003e","truncated":false,"in_reply_to_status_id":null,"in_reply_to_status_id_str":null,"in_reply_to_user_id":null,"in_reply_to_user_id_str":null,"in_reply_to_screen_name":null,"user":{"id":1213068629903675393,"id_str":"1213068629903675393","name":"Lahzeha313","screen_name":"Fatemeh52202950","location":null,"url":null,"description":null,"translator_type":"none","protected":false,"verified":false,"followers_count":234,"friends_count":211,"listed_count":0,"favourites_count":3357,"statuses_count":3749,"created_at":"Fri Jan 03 12:04:58 +0000 2020","utc_offset":null,"time_zone":null,"geo_enabled":false,"lang":null,"contributors_enabled":false,"is_translator":false,"profile_background_color":"F5F8FA","profile_background_image_url":"","profile_background_image_url_https":"","profile_background_tile":false,"profile_link_color":"1DA1F2","profile_sidebar_border_color":"C0DEED","profile_sidebar_fill_color":"DDEEF6","profile_text_color":"333333","profile_use_background_image":true,"profile_image_url":"http:\/\/pbs.twimg.com\/profile_images\/1216814577486159872\/IgTHTSgi_normal.jpg","profile_image_url_https":"https:\/\/pbs.twimg.com\/profile_images\/1216814577486159872\/IgTHTSgi_normal.jpg","default_profile":true,"default_profile_image":false,"following":null,"follow_request_sent":null,"notifications":null},"geo":null,"coordinates":null,"place":null,"contributors":null,"retweeted_status":{"created_at":"Fri Apr 10 16:57:30 +0000 2020","id":1248656362491576321,"id_str":"1248656362491576321","text":"\u0628\u0627\u0632 \u0647\u0645 \u0628\u0633\u06cc\u062c\u06cc\u0627\u0646 \u0648 \u0647\u06cc\u0623\u062a\u06cc \u0647\u0627 \u062f\u0631 \u062d\u0627\u0644 \u062d\u0645\u0627\u0633\u0647 \u0622\u0641\u0631\u06cc\u0646\u06cc \u0647\u0633\u062a\u0646\u062f\n#\u067e\u0646\u0627\u0647_\u0647\u0645_\u0628\u0627\u0634\u06cc\u0645\n#\u06a9\u0645\u06a9_\u0645\u0648\u0645\u0646\u0627\u0646\u0647 https:\/\/t.co\/rfkTVCefoe","display_text_range":[0,79],"source":"\u003ca href=\"http:\/\/twitter.com\/download\/android\" rel=\"nofollow\"\u003eTwitter for Android\u003c\/a\u003e","truncated":false,"in_reply_to_status_id":null,"in_reply_to_status_id_str":null,"in_reply_to_user_id":null,"in_reply_to_user_id_str":null,"in_reply_to_screen_name":null,"user":{"id":1192704492338319360,"id_str":"1192704492338319360","name":"\u0648\u062d\u06cc\u062f","screen_name":"vahidp2","location":"\u0641\u0627\u0631\u0633 - \u0627\u0633\u062a\u0647\u0628\u0627\u0646","url":null,"description":"\u06a9\u0631\u0628\u0644\u0627 \u0647\u0645\u0686\u0646\u0627\u0646 \u062c\u0627\u0631\u06cc\u0633\u062a . . .\n\u0645\u0646\u062a\u0642\u062f \u0641\u0631\u0647\u0646\u06af\u06cc \u0633\u06cc\u0627\u0633\u06cc","translator_type":"none","protected":false,"verified":false,"followers_count":591,"friends_count":462,"listed_count":0,"favourites_count":437,"statuses_count":1386,"created_at":"Fri Nov 08 07:24:56 +0000 2019","utc_offset":null,"time_zone":null,"geo_enabled":false,"lang":null,"contributors_enabled":false,"is_translator":false,"profile_background_color":"F5F8FA","profile_background_image_url":"","profile_background_image_url_https":"","profile_background_tile":false,"profile_link_color":"1DA1F2","profile_sidebar_border_color":"C0DEED","profile_sidebar_fill_color":"DDEEF6","profile_text_color":"333333","profile_use_background_image":true,"profile_image_url":"http:\/\/pbs.twimg.com\/profile_images\/1192705059974533121\/0kzUS0FJ_normal.jpg","profile_image_url_https":"https:\/\/pbs.twimg.com\/profile_images\/1192705059974533121\/0kzUS0FJ_normal.jpg","default_profile":true,"default_profile_image":false,"following":null,"follow_request_sent":null,"notifications":null},"geo":null,"coordinates":null,"place":null,"contributors":null,"is_quote_status":false,"quote_count":0,"reply_count":0,"retweet_count":1,"favorite_count":1,"entities":{"hashtags":[{"text":"\u067e\u0646\u0627\u0647_\u0647\u0645_\u0628\u0627\u0634\u06cc\u0645","indices":[52,66]},{"text":"\u06a9\u0645\u06a9_\u0645\u0648\u0645\u0646\u0627\u0646\u0647","indices":[67,79]}],"urls":[],"user_mentions":[],"symbols":[],"media":[{"id":1248656333190107136,"id_str":"1248656333190107136","indices":[80,103],"media_url":"http:\/\/pbs.twimg.com\/media\/EVQeUcJWkAANGHC.jpg","media_url_https":"https:\/\/pbs.twimg.com\/media\/EVQeUcJWkAANGHC.jpg","url":"https:\/\/t.co\/rfkTVCefoe","display_url":"pic.twitter.com\/rfkTVCefoe","expanded_url":"https:\/\/twitter.com\/vahidp2\/status\/1248656362491576321\/photo\/1","type":"photo","sizes":{"thumb":{"w":150,"h":150,"resize":"crop"},"medium":{"w":1080,"h":1080,"resize":"fit"},"small":{"w":680,"h":680,"resize":"fit"},"large":{"w":1080,"h":1080,"resize":"fit"}}}]},"extended_entities":{"media":[{"id":1248656333190107136,"id_str":"1248656333190107136","indices":[80,103],"media_url":"http:\/\/pbs.twimg.com\/media\/EVQeUcJWkAANGHC.jpg","media_url_https":"https:\/\/pbs.twimg.com\/media\/EVQeUcJWkAANGHC.jpg","url":"https:\/\/t.co\/rfkTVCefoe","display_url":"pic.twitter.com\/rfkTVCefoe","expanded_url":"https:\/\/twitter.com\/vahidp2\/status\/1248656362491576321\/photo\/1","type":"photo","sizes":{"thumb":{"w":150,"h":150,"resize":"crop"},"medium":{"w":1080,"h":1080,"resize":"fit"},"small":{"w":680,"h":680,"resize":"fit"},"large":{"w":1080,"h":1080,"resize":"fit"}}}]},"favorited":false,"retweeted":false,"possibly_sensitive":false,"filter_level":"low","lang":"fa"},"is_quote_status":false,"quote_count":0,"reply_count":0,"retweet_count":0,"favorite_count":0,"entities":{"hashtags":[{"text":"\u067e\u0646\u0627\u0647_\u0647\u0645_\u0628\u0627\u0634\u06cc\u0645","indices":[65,79]},{"text":"\u06a9\u0645\u06a9_\u0645\u0648\u0645\u0646\u0627\u0646\u0647","indices":[80,92]}],"urls":[],"user_mentions":[{"screen_name":"vahidp2","name":"\u0648\u062d\u06cc\u062f","id":1192704492338319360,"id_str":"1192704492338319360","indices":[3,11]}],"symbols":[],"media":[{"id":1248656333190107136,"id_str":"1248656333190107136","indices":[93,116],"media_url":"http:\/\/pbs.twimg.com\/media\/EVQeUcJWkAANGHC.jpg","media_url_https":"https:\/\/pbs.twimg.com\/media\/EVQeUcJWkAANGHC.jpg","url":"https:\/\/t.co\/rfkTVCefoe","display_url":"pic.twitter.com\/rfkTVCefoe","expanded_url":"https:\/\/twitter.com\/vahidp2\/status\/1248656362491576321\/photo\/1","type":"photo","sizes":{"thumb":{"w":150,"h":150,"resize":"crop"},"medium":{"w":1080,"h":1080,"resize":"fit"},"small":{"w":680,"h":680,"resize":"fit"},"large":{"w":1080,"h":1080,"resize":"fit"}},"source_status_id":1248656362491576321,"source_status_id_str":"1248656362491576321","source_user_id":1192704492338319360,"source_user_id_str":"1192704492338319360"}]},"extended_entities":{"media":[{"id":1248656333190107136,"id_str":"1248656333190107136","indices":[93,116],"media_url":"http:\/\/pbs.twimg.com\/media\/EVQeUcJWkAANGHC.jpg","media_url_https":"https:\/\/pbs.twimg.com\/media\/EVQeUcJWkAANGHC.jpg","url":"https:\/\/t.co\/rfkTVCefoe","display_url":"pic.twitter.com\/rfkTVCefoe","expanded_url":"https:\/\/twitter.com\/vahidp2\/status\/1248656362491576321\/photo\/1","type":"photo","sizes":{"thumb":{"w":150,"h":150,"resize":"crop"},"medium":{"w":1080,"h":1080,"resize":"fit"},"small":{"w":680,"h":680,"resize":"fit"},"large":{"w":1080,"h":1080,"resize":"fit"}},"source_status_id":1248656362491576321,"source_status_id_str":"1248656362491576321","source_user_id":1192704492338319360,"source_user_id_str":"1192704492338319360"}]},"favorited":false,"retweeted":false,"possibly_sensitive":false,"filter_level":"low","lang":"fa","timestamp_ms":"1586538228658"}
