{"created_at":"Fri Apr 10 17:03:55 +0000 2020","id":1248657978456182792,"id_str":"1248657978456182792","text":"That's why my shot so Wet \ud83d\ude0e","source":"\u003ca href=\"http:\/\/twitter.com\/download\/android\" rel=\"nofollow\"\u003eTwitter for Android\u003c\/a\u003e","truncated":false,"in_reply_to_status_id":null,"in_reply_to_status_id_str":null,"in_reply_to_user_id":null,"in_reply_to_user_id_str":null,"in_reply_to_screen_name":null,"user":{"id":525972058,"id_str":"525972058","name":"Zhermayne Caldwell","screen_name":"Z__Caldwell","location":null,"url":null,"description":"Assistant Coach For Luther High School Football \nRecruiting Coordinator\nRB\/DB Coach","translator_type":"none","protected":false,"verified":false,"followers_count":549,"friends_count":894,"listed_count":3,"favourites_count":26191,"statuses_count":9114,"created_at":"Fri Mar 16 02:53:53 +0000 2012","utc_offset":null,"time_zone":null,"geo_enabled":true,"lang":null,"contributors_enabled":false,"is_translator":false,"profile_background_color":"131516","profile_background_image_url":"http:\/\/abs.twimg.com\/images\/themes\/theme14\/bg.gif","profile_background_image_url_https":"https:\/\/abs.twimg.com\/images\/themes\/theme14\/bg.gif","profile_background_tile":true,"profile_link_color":"009999","profile_sidebar_border_color":"EEEEEE","profile_sidebar_fill_color":"EFEFEF","profile_text_color":"333333","profile_use_background_image":true,"profile_image_url":"http:\/\/pbs.twimg.com\/profile_images\/738813476332675072\/zGNL8uxJ_normal.jpg","profile_image_url_https":"https:\/\/pbs.twimg.com\/profile_images\/738813476332675072\/zGNL8uxJ_normal.jpg","profile_banner_url":"https:\/\/pbs.twimg.com\/profile_banners\/525972058\/1568815644","default_profile":false,"default_profile_image":false,"following":null,"follow_request_sent":null,"notifications":null},"geo":null,"coordinates":null,"place":null,"contributors":null,"quoted_status_id":1248656970795626499,"quoted_status_id_str":"1248656970795626499","quoted_status":{"created_at":"Fri Apr 10 16:59:55 +0000 2020","id":1248656970795626499,"id_str":"1248656970795626499","text":"@Z__Caldwell this was us in the backyard https:\/\/t.co\/F4FzcgpUoU","display_text_range":[0,40],"source":"\u003ca href=\"http:\/\/twitter.com\/download\/iphone\" rel=\"nofollow\"\u003eTwitter for iPhone\u003c\/a\u003e","truncated":false,"in_reply_to_status_id":null,"in_reply_to_status_id_str":null,"in_reply_to_user_id":525972058,"in_reply_to_user_id_str":"525972058","in_reply_to_screen_name":"Z__Caldwell","user":{"id":373767565,"id_str":"373767565","name":"\ud83d\udc68\ud83c\udffe\u200d\ud83d\ude80Spacehead Uncle Sticks","screen_name":"RocNation19","location":"Oklahoma City, OK","url":"http:\/\/Spaceheadclothing.com","description":"Pray we all live rich forever- Rick Ross Instagram: Spacehead_Sticky .. Dallas \ud83d\udef8 Oklahoma City","translator_type":"none","protected":false,"verified":false,"followers_count":1628,"friends_count":3807,"listed_count":8,"favourites_count":46597,"statuses_count":127308,"created_at":"Thu Sep 15 04:47:37 +0000 2011","utc_offset":null,"time_zone":null,"geo_enabled":true,"lang":null,"contributors_enabled":false,"is_translator":false,"profile_background_color":"C0DEED","profile_background_image_url":"http:\/\/abs.twimg.com\/images\/themes\/theme1\/bg.png","profile_background_image_url_https":"https:\/\/abs.twimg.com\/images\/themes\/theme1\/bg.png","profile_background_tile":true,"profile_link_color":"0084B4","profile_sidebar_border_color":"C0DEED","profile_sidebar_fill_color":"DDEEF6","profile_text_color":"333333","profile_use_background_image":true,"profile_image_url":"http:\/\/pbs.twimg.com\/profile_images\/1210321071230128128\/OMqk7dHg_normal.jpg","profile_image_url_https":"https:\/\/pbs.twimg.com\/profile_images\/1210321071230128128\/OMqk7dHg_normal.jpg","profile_banner_url":"https:\/\/pbs.twimg.com\/profile_banners\/373767565\/1356636069","default_profile":false,"default_profile_image":false,"following":null,"follow_request_sent":null,"notifications":null},"geo":null,"coordinates":null,"place":null,"contributors":null,"quoted_status_id":1248377609076879361,"quoted_status_id_str":"1248377609076879361","is_quote_status":true,"quote_count":0,"reply_count":0,"retweet_count":0,"favorite_count":1,"entities":{"hashtags":[],"urls":[{"url":"https:\/\/t.co\/F4FzcgpUoU","expanded_url":"https:\/\/twitter.com\/overtime\/status\/1248377609076879361","display_url":"twitter.com\/overtime\/statu\u2026","indices":[41,64]}],"user_mentions":[{"screen_name":"Z__Caldwell","name":"Zhermayne Caldwell","id":525972058,"id_str":"525972058","indices":[0,12]}],"symbols":[]},"favorited":false,"retweeted":false,"possibly_sensitive":false,"filter_level":"low","lang":"en"},"quoted_status_permalink":{"url":"https:\/\/t.co\/wM6lLnhAYp","expanded":"https:\/\/twitter.com\/RocNation19\/status\/1248656970795626499","display":"twitter.com\/RocNation19\/st\u2026"},"is_quote_status":true,"quote_count":0,"reply_count":0,"retweet_count":0,"favorite_count":0,"entities":{"hashtags":[],"urls":[],"user_mentions":[],"symbols":[]},"favorited":false,"retweeted":false,"filter_level":"low","lang":"en","timestamp_ms":"1586538235664"}
