{"created_at":"Fri Apr 10 17:03:53 +0000 2020","id":1248657970071605248,"id_str":"1248657970071605248","text":"RT @_itsyouu: Mood: \n\nJust for once, i want someone to be afraid of losing me.","source":"\u003ca href=\"http:\/\/twitter.com\/download\/android\" rel=\"nofollow\"\u003eTwitter for Android\u003c\/a\u003e","truncated":false,"in_reply_to_status_id":null,"in_reply_to_status_id_str":null,"in_reply_to_user_id":null,"in_reply_to_user_id_str":null,"in_reply_to_screen_name":null,"user":{"id":1025345245913833472,"id_str":"1025345245913833472","name":"N","screen_name":"xxnisazafri","location":null,"url":null,"description":"18 + 1","translator_type":"none","protected":false,"verified":false,"followers_count":86,"friends_count":118,"listed_count":0,"favourites_count":1693,"statuses_count":7134,"created_at":"Fri Aug 03 11:38:51 +0000 2018","utc_offset":null,"time_zone":null,"geo_enabled":true,"lang":null,"contributors_enabled":false,"is_translator":false,"profile_background_color":"000000","profile_background_image_url":"http:\/\/abs.twimg.com\/images\/themes\/theme1\/bg.png","profile_background_image_url_https":"https:\/\/abs.twimg.com\/images\/themes\/theme1\/bg.png","profile_background_tile":false,"profile_link_color":"F58EA8","profile_sidebar_border_color":"000000","profile_sidebar_fill_color":"000000","profile_text_color":"000000","profile_use_background_image":false,"profile_image_url":"http:\/\/pbs.twimg.com\/profile_images\/1245208311361761282\/Y4fws9AM_normal.jpg","profile_image_url_https":"https:\/\/pbs.twimg.com\/profile_images\/1245208311361761282\/Y4fws9AM_normal.jpg","profile_banner_url":"https:\/\/pbs.twimg.com\/profile_banners\/1025345245913833472\/1583600064","default_profile":false,"default_profile_image":false,"following":null,"follow_request_sent":null,"notifications":null},"geo":null,"coordinates":null,"place":null,"contributors":null,"retweeted_status":{"created_at":"Fri Apr 10 12:31:12 +0000 2020","id":1248589345407131649,"id_str":"1248589345407131649","text":"Mood: \n\nJust for once, i want someone to be afraid of losing me.","source":"\u003ca href=\"http:\/\/twitter.com\/download\/iphone\" rel=\"nofollow\"\u003eTwitter for iPhone\u003c\/a\u003e","truncated":false,"in_reply_to_status_id":null,"in_reply_to_status_id_str":null,"in_reply_to_user_id":null,"in_reply_to_user_id_str":null,"in_reply_to_screen_name":null,"user":{"id":1167654975658323968,"id_str":"1167654975658323968","name":"Shaa","screen_name":"_itsyouu","location":"Seremban, Negeri Sembilan","url":"https:\/\/www.instagram.com\/_shaamokhtar\/","description":"What are you looking for?","translator_type":"none","protected":false,"verified":false,"followers_count":4794,"friends_count":99,"listed_count":1,"favourites_count":4,"statuses_count":677,"created_at":"Sat Aug 31 04:27:11 +0000 2019","utc_offset":null,"time_zone":null,"geo_enabled":true,"lang":null,"contributors_enabled":false,"is_translator":false,"profile_background_color":"F5F8FA","profile_background_image_url":"","profile_background_image_url_https":"","profile_background_tile":false,"profile_link_color":"1DA1F2","profile_sidebar_border_color":"C0DEED","profile_sidebar_fill_color":"DDEEF6","profile_text_color":"333333","profile_use_background_image":true,"profile_image_url":"http:\/\/pbs.twimg.com\/profile_images\/1211872297478320129\/PM6fk7dL_normal.jpg","profile_image_url_https":"https:\/\/pbs.twimg.com\/profile_images\/1211872297478320129\/PM6fk7dL_normal.jpg","profile_banner_url":"https:\/\/pbs.twimg.com\/profile_banners\/1167654975658323968\/1584865353","default_profile":true,"default_profile_image":false,"following":null,"follow_request_sent":null,"notifications":null},"geo":null,"coordinates":null,"place":null,"contributors":null,"is_quote_status":false,"quote_count":5,"reply_count":3,"retweet_count":664,"favorite_count":972,"entities":{"hashtags":[],"urls":[],"user_mentions":[],"symbols":[]},"favorited":false,"retweeted":false,"filter_level":"low","lang":"en"},"is_quote_status":false,"quote_count":0,"reply_count":0,"retweet_count":0,"favorite_count":0,"entities":{"hashtags":[],"urls":[],"user_mentions":[{"screen_name":"_itsyouu","name":"Shaa","id":1167654975658323968,"id_str":"1167654975658323968","indices":[3,12]}],"symbols":[]},"favorited":false,"retweeted":false,"filter_level":"low","lang":"en","timestamp_ms":"1586538233665"}
