{"created_at":"Fri Apr 10 17:03:51 +0000 2020","id":1248657961657880576,"id_str":"1248657961657880576","text":"@CNNIndonesia Kan kang emil bilang, dari data yg disebarkan itu sebenernya 2-3x lipat jumlahnya","display_text_range":[14,95],"source":"\u003ca href=\"http:\/\/twitter.com\/download\/android\" rel=\"nofollow\"\u003eTwitter for Android\u003c\/a\u003e","truncated":false,"in_reply_to_status_id":1248650942255267840,"in_reply_to_status_id_str":"1248650942255267840","in_reply_to_user_id":17128975,"in_reply_to_user_id_str":"17128975","in_reply_to_screen_name":"CNNIndonesia","user":{"id":1123830899320217602,"id_str":"1123830899320217602","name":"\ud83c\udff9","screen_name":"niskyamalia","location":"Bandung, Jawa Barat","url":"https:\/\/www.instagram.com\/niskyamalia\/","description":"'98","translator_type":"none","protected":false,"verified":false,"followers_count":313,"friends_count":163,"listed_count":0,"favourites_count":8850,"statuses_count":10251,"created_at":"Thu May 02 06:05:40 +0000 2019","utc_offset":null,"time_zone":null,"geo_enabled":true,"lang":null,"contributors_enabled":false,"is_translator":false,"profile_background_color":"F5F8FA","profile_background_image_url":"","profile_background_image_url_https":"","profile_background_tile":false,"profile_link_color":"1DA1F2","profile_sidebar_border_color":"C0DEED","profile_sidebar_fill_color":"DDEEF6","profile_text_color":"333333","profile_use_background_image":true,"profile_image_url":"http:\/\/pbs.twimg.com\/profile_images\/1231628646160326658\/tiDzTFYL_normal.jpg","profile_image_url_https":"https:\/\/pbs.twimg.com\/profile_images\/1231628646160326658\/tiDzTFYL_normal.jpg","profile_banner_url":"https:\/\/pbs.twimg.com\/profile_banners\/1123830899320217602\/1581017628","default_profile":true,"default_profile_image":false,"following":null,"follow_request_sent":null,"notifications":null},"geo":null,"coordinates":null,"place":null,"contributors":null,"is_quote_status":false,"quote_count":0,"reply_count":0,"retweet_count":0,"favorite_count":0,"entities":{"hashtags":[],"urls":[],"user_mentions":[{"screen_name":"CNNIndonesia","name":"CNN Indonesia","id":17128975,"id_str":"17128975","indices":[0,13]}],"symbols":[]},"favorited":false,"retweeted":false,"filter_level":"low","lang":"in","timestamp_ms":"1586538231659"}
