{"created_at":"Fri Apr 10 17:03:57 +0000 2020","id":1248657986849030146,"id_str":"1248657986849030146","text":"\"\u0631\u0642\u0651\u0629 \u0627\u0644\u0642\u0644\u0628 \u062a\u0646\u0639\u0643\u0633 \u0639\u0644\u0649 \u0645\u0644\u0627\u0645\u062d \u0627\u0644\u0645\u0631\u0621.\" https:\/\/t.co\/lr19dub8YX","display_text_range":[0,35],"source":"\u003ca href=\"http:\/\/twitter.com\/download\/android\" rel=\"nofollow\"\u003eTwitter for Android\u003c\/a\u003e","truncated":false,"in_reply_to_status_id":null,"in_reply_to_status_id_str":null,"in_reply_to_user_id":null,"in_reply_to_user_id_str":null,"in_reply_to_screen_name":null,"user":{"id":1211715208747421696,"id_str":"1211715208747421696","name":"\u0647\u0646\u0648:- \ud83d\udc97","screen_name":"hLah7AVXhgxxsJF","location":"Iraq \ud83d\udc97","url":null,"description":"Graduate of the University of Mosul, College of Science, Department of BioPhysics","translator_type":"none","protected":false,"verified":false,"followers_count":4,"friends_count":12,"listed_count":0,"favourites_count":75,"statuses_count":16,"created_at":"Mon Dec 30 18:26:54 +0000 2019","utc_offset":null,"time_zone":null,"geo_enabled":false,"lang":null,"contributors_enabled":false,"is_translator":false,"profile_background_color":"F5F8FA","profile_background_image_url":"","profile_background_image_url_https":"","profile_background_tile":false,"profile_link_color":"1DA1F2","profile_sidebar_border_color":"C0DEED","profile_sidebar_fill_color":"DDEEF6","profile_text_color":"333333","profile_use_background_image":true,"profile_image_url":"http:\/\/pbs.twimg.com\/profile_images\/1211715475375345664\/RYRoxVaM_normal.jpg","profile_image_url_https":"https:\/\/pbs.twimg.com\/profile_images\/1211715475375345664\/RYRoxVaM_normal.jpg","default_profile":true,"default_profile_image":false,"following":null,"follow_request_sent":null,"notifications":null},"geo":null,"coordinates":null,"place":null,"contributors":null,"is_quote_status":false,"quote_count":0,"reply_count":0,"retweet_count":0,"favorite_count":0,"entities":{"hashtags":[],"urls":[],"user_mentions":[],"symbols":[],"media":[{"id":1248657966871588866,"id_str":"1248657966871588866","indices":[36,59],"media_url":"http:\/\/pbs.twimg.com\/media\/EVQfziFXsAIgrce.jpg","media_url_https":"https:\/\/pbs.twimg.com\/media\/EVQfziFXsAIgrce.jpg","url":"https:\/\/t.co\/lr19dub8YX","display_url":"pic.twitter.com\/lr19dub8YX","expanded_url":"https:\/\/twitter.com\/hLah7AVXhgxxsJF\/status\/1248657986849030146\/photo\/1","type":"photo","sizes":{"medium":{"w":960,"h":960,"resize":"fit"},"thumb":{"w":150,"h":150,"resize":"crop"},"large":{"w":960,"h":960,"resize":"fit"},"small":{"w":680,"h":680,"resize":"fit"}}}]},"extended_entities":{"media":[{"id":1248657966871588866,"id_str":"1248657966871588866","indices":[36,59],"media_url":"http:\/\/pbs.twimg.com\/media\/EVQfziFXsAIgrce.jpg","media_url_https":"https:\/\/pbs.twimg.com\/media\/EVQfziFXsAIgrce.jpg","url":"https:\/\/t.co\/lr19dub8YX","display_url":"pic.twitter.com\/lr19dub8YX","expanded_url":"https:\/\/twitter.com\/hLah7AVXhgxxsJF\/status\/1248657986849030146\/photo\/1","type":"photo","sizes":{"medium":{"w":960,"h":960,"resize":"fit"},"thumb":{"w":150,"h":150,"resize":"crop"},"large":{"w":960,"h":960,"resize":"fit"},"small":{"w":680,"h":680,"resize":"fit"}}}]},"favorited":false,"retweeted":false,"possibly_sensitive":false,"filter_level":"low","lang":"ar","timestamp_ms":"1586538237665"}
