{"created_at":"Fri Apr 10 17:03:49 +0000 2020","id":1248657953298751488,"id_str":"1248657953298751488","text":"@pqpclara2 fudeu mt","display_text_range":[11,19],"source":"\u003ca href=\"http:\/\/twitter.com\/download\/android\" rel=\"nofollow\"\u003eTwitter for Android\u003c\/a\u003e","truncated":false,"in_reply_to_status_id":1248657861153935361,"in_reply_to_status_id_str":"1248657861153935361","in_reply_to_user_id":1223775583882174464,"in_reply_to_user_id_str":"1223775583882174464","in_reply_to_screen_name":"pqpclara2","user":{"id":1223363015074111488,"id_str":"1223363015074111488","name":"naju","screen_name":"najuanna9","location":null,"url":null,"description":"vim s\u00f3 pelas tretas","translator_type":"none","protected":false,"verified":false,"followers_count":110,"friends_count":138,"listed_count":0,"favourites_count":1672,"statuses_count":969,"created_at":"Fri Jan 31 21:52:06 +0000 2020","utc_offset":null,"time_zone":null,"geo_enabled":false,"lang":null,"contributors_enabled":false,"is_translator":false,"profile_background_color":"F5F8FA","profile_background_image_url":"","profile_background_image_url_https":"","profile_background_tile":false,"profile_link_color":"1DA1F2","profile_sidebar_border_color":"C0DEED","profile_sidebar_fill_color":"DDEEF6","profile_text_color":"333333","profile_use_background_image":true,"profile_image_url":"http:\/\/pbs.twimg.com\/profile_images\/1235670733377986560\/z7Qrr7oF_normal.jpg","profile_image_url_https":"https:\/\/pbs.twimg.com\/profile_images\/1235670733377986560\/z7Qrr7oF_normal.jpg","profile_banner_url":"https:\/\/pbs.twimg.com\/profile_banners\/1223363015074111488\/1582832549","default_profile":true,"default_profile_image":false,"following":null,"follow_request_sent":null,"notifications":null},"geo":null,"coordinates":null,"place":null,"contributors":null,"is_quote_status":false,"quote_count":0,"reply_count":0,"retweet_count":0,"favorite_count":0,"entities":{"hashtags":[],"urls":[],"user_mentions":[{"screen_name":"pqpclara2","name":"pqp_clara","id":1223775583882174464,"id_str":"1223775583882174464","indices":[0,10]}],"symbols":[]},"favorited":false,"retweeted":false,"filter_level":"low","lang":"pt","timestamp_ms":"1586538229666"}
