{"created_at":"Fri Apr 10 17:03:55 +0000 2020","id":1248657978464624641,"id_str":"1248657978464624641","text":"\u0432\u0441\u0435-\u0442\u0430\u043a\u0438 \u0434\u043e\u043c \u0440\u0430\u0437\u043b\u044e\u0431\u0438\u0442\u044c \u043d\u0435\u043b\u044c\u0437\u044f","source":"\u003ca href=\"http:\/\/twitter.com\" rel=\"nofollow\"\u003eTwitter Web Client\u003c\/a\u003e","truncated":false,"in_reply_to_status_id":1248657881077100546,"in_reply_to_status_id_str":"1248657881077100546","in_reply_to_user_id":2169891262,"in_reply_to_user_id_str":"2169891262","in_reply_to_screen_name":"_irrsinn","user":{"id":2169891262,"id_str":"2169891262","name":"\u043e\u043b\u044f","screen_name":"_irrsinn","location":"saint-petersburg, russia","url":"https:\/\/www.instagram.com\/olgalerman_\/","description":"be yourself and never ever give up, you can do anything | i love shinee endlessly | \u0432 \u0441\u0432\u043e\u0431\u043e\u0434\u043d\u043e\u0435 \u0432\u0440\u0435\u043c\u044f \u043f\u043b\u0430\u0447\u0443 \u0438\u0437-\u0437\u0430 \u0430\u043d\u0438\u043c\u0435","translator_type":"none","protected":false,"verified":false,"followers_count":548,"friends_count":198,"listed_count":9,"favourites_count":146069,"statuses_count":62999,"created_at":"Tue Nov 05 20:41:09 +0000 2013","utc_offset":null,"time_zone":null,"geo_enabled":true,"lang":null,"contributors_enabled":false,"is_translator":false,"profile_background_color":"000000","profile_background_image_url":"http:\/\/abs.twimg.com\/images\/themes\/theme1\/bg.png","profile_background_image_url_https":"https:\/\/abs.twimg.com\/images\/themes\/theme1\/bg.png","profile_background_tile":true,"profile_link_color":"000000","profile_sidebar_border_color":"FFFFFF","profile_sidebar_fill_color":"DDEEF6","profile_text_color":"333333","profile_use_background_image":false,"profile_image_url":"http:\/\/pbs.twimg.com\/profile_images\/1248549937526132737\/bmQJXPVI_normal.jpg","profile_image_url_https":"https:\/\/pbs.twimg.com\/profile_images\/1248549937526132737\/bmQJXPVI_normal.jpg","profile_banner_url":"https:\/\/pbs.twimg.com\/profile_banners\/2169891262\/1549192455","default_profile":false,"default_profile_image":false,"following":null,"follow_request_sent":null,"notifications":null},"geo":null,"coordinates":null,"place":null,"contributors":null,"is_quote_status":false,"quote_count":0,"reply_count":0,"retweet_count":0,"favorite_count":0,"entities":{"hashtags":[],"urls":[],"user_mentions":[],"symbols":[]},"favorited":false,"retweeted":false,"filter_level":"low","lang":"ru","timestamp_ms":"1586538235666"}
