{"created_at":"Fri Apr 10 17:03:50 +0000 2020","id":1248657957488693250,"id_str":"1248657957488693250","text":"RT @jacknuicouple: \u0e41\u0e08\u0e01 100 \u0e1a\u0e32\u0e17\u0e04\u0e48\u0e30 \u0e2a\u0e33\u0e2b\u0e23\u0e31\u0e1a\u0e2a\u0e34\u0e48\u0e07\u0e17\u0e35\u0e48\u0e40\u0e01\u0e34\u0e14\u0e02\u0e36\u0e49\u0e19 \u0e17\u0e35\u0e48\u0e14\u0e34\u0e09\u0e31\u0e19\u0e40\u0e23\u0e35\u0e22\u0e01\u0e27\u0e48\u0e32\u0e04\u0e27\u0e32\u0e21\u0e23\u0e27\u0e31\u0e4a\u0e01 \u0e2e\u0e23\u0e36\u0e01 \u0e44\u0e21\u0e48\u0e23\u0e31\u0e01\u0e01\u0e31\u0e19\u0e08\u0e30\u0e2d\u0e2d\u0e01\u0e2b\u0e19\u0e49\u0e32\u0e2d\u0e2d\u0e01\u0e15\u0e32\u0e02\u0e19\u0e32\u0e14\u0e19\u0e35\u0e49\u0e21\u0e31\u0e49\u0e22\u0e04\u0e23\u0e30 \u0e1b\u0e25.\u0e02\u0e2d\u0e43\u0e2b\u0e49\u0e40\u0e09\u0e1e\u0e32\u0e30\u0e0a\u2026","source":"\u003ca href=\"http:\/\/twitter.com\/download\/iphone\" rel=\"nofollow\"\u003eTwitter for iPhone\u003c\/a\u003e","truncated":false,"in_reply_to_status_id":null,"in_reply_to_status_id_str":null,"in_reply_to_user_id":null,"in_reply_to_user_id_str":null,"in_reply_to_screen_name":null,"user":{"id":745247378744082432,"id_str":"745247378744082432","name":"\u0e2d\u0e34\u0e21\u0e41\u0e08\u0e1a\u0e2d\u0e21\u0e21\u0e21\u0e21\u0e21\u0e21\u0e21\u0e21\u0e40\u0e1b\u0e47\u0e19\u0e41\u0e1f\u0e19\u0e40\u0e23\u0e32\u0e40\u0e16\u0e2d\u0e30\ud83d\ude4f\ud83c\udffb","screen_name":"imdefa_","location":null,"url":null,"description":"\u0e2d\u0e34\u0e21\u0e41\u0e08\u0e1a\u0e2d\u0e21\u0e21\u0e21\u0e21\u0e21\u0e21\u0e21\u0e2b\u0e25\u0e48\u0e2d\u0e0a\u0e34\u0e1a\u0e2b\u0e32\u0e22\u0e40\u0e25\u0e22\u0e2d\u0e35\u0e40\u0e2b\u0e35\u0e49\u0e22","translator_type":"none","protected":false,"verified":false,"followers_count":44,"friends_count":401,"listed_count":1,"favourites_count":7829,"statuses_count":4088,"created_at":"Tue Jun 21 13:29:55 +0000 2016","utc_offset":null,"time_zone":null,"geo_enabled":true,"lang":null,"contributors_enabled":false,"is_translator":false,"profile_background_color":"000000","profile_background_image_url":"http:\/\/abs.twimg.com\/images\/themes\/theme1\/bg.png","profile_background_image_url_https":"https:\/\/abs.twimg.com\/images\/themes\/theme1\/bg.png","profile_background_tile":false,"profile_link_color":"F58EA8","profile_sidebar_border_color":"000000","profile_sidebar_fill_color":"000000","profile_text_color":"000000","profile_use_background_image":false,"profile_image_url":"http:\/\/pbs.twimg.com\/profile_images\/1247791485635842048\/jaokcU54_normal.jpg","profile_image_url_https":"https:\/\/pbs.twimg.com\/profile_images\/1247791485635842048\/jaokcU54_normal.jpg","profile_banner_url":"https:\/\/pbs.twimg.com\/profile_banners\/745247378744082432\/1586331649","default_profile":false,"default_profile_image":false,"following":null,"follow_request_sent":null,"notifications":null},"geo":null,"coordinates":null,"place":null,"contributors":null,"retweeted_status":{"created_at":"Fri Apr 10 15:33:40 +0000 2020","id":1248635265763008512,"id_str":"1248635265763008512","text":"\u0e41\u0e08\u0e01 100 \u0e1a\u0e32\u0e17\u0e04\u0e48\u0e30 \u0e2a\u0e33\u0e2b\u0e23\u0e31\u0e1a\u0e2a\u0e34\u0e48\u0e07\u0e17\u0e35\u0e48\u0e40\u0e01\u0e34\u0e14\u0e02\u0e36\u0e49\u0e19 \u0e17\u0e35\u0e48\u0e14\u0e34\u0e09\u0e31\u0e19\u0e40\u0e23\u0e35\u0e22\u0e01\u0e27\u0e48\u0e32\u0e04\u0e27\u0e32\u0e21\u0e23\u0e27\u0e31\u0e4a\u0e01 \u0e2e\u0e23\u0e36\u0e01 \u0e44\u0e21\u0e48\u0e23\u0e31\u0e01\u0e01\u0e31\u0e19\u0e08\u0e30\u0e2d\u0e2d\u0e01\u0e2b\u0e19\u0e49\u0e32\u0e2d\u0e2d\u0e01\u0e15\u0e32\u0e02\u0e19\u0e32\u0e14\u0e19\u0e35\u0e49\u0e21\u0e31\u0e49\u0e22\u0e04\u0e23\u0e30 \u0e1b\u0e25.\u0e02\u0e2d\u0e43\u0e2b\u0e49\u0e40\u2026 https:\/\/t.co\/mloWrECMFF","display_text_range":[0,140],"source":"\u003ca href=\"http:\/\/twitter.com\/download\/android\" rel=\"nofollow\"\u003eTwitter for Android\u003c\/a\u003e","truncated":true,"in_reply_to_status_id":null,"in_reply_to_status_id_str":null,"in_reply_to_user_id":null,"in_reply_to_user_id_str":null,"in_reply_to_screen_name":null,"user":{"id":956324590958997504,"id_str":"956324590958997504","name":"JS's \ud83d\udc9a ft.\u0e04\u0e25\u0e31\u0e48\u0e07\u0e23\u0e31\u0e01\u0e22\u0e39\u0e15\u0e30","screen_name":"jacknuicouple","location":"\u0e0a\u0e31\u0e49\u0e19\u0e41\u0e08\u0e47\u0e04\u0e41\u0e08 \u0e41\u0e01\u0e2b\u0e25\u0e48\u0e30","url":null,"description":"\u0e23\u0e31\u0e01\u0e1e\u0e35\u0e48 @JacksonWang852 \u0e40\u0e17\u0e48\u0e32\u0e17\u0e35\u0e48\u0e1c\u0e39\u0e49\u0e2b\u0e0d\u0e34\u0e07\u0e04\u0e19\u0e19\u0e36\u0e07\u0e08\u0e30\u0e23\u0e31\u0e01\u0e41\u0e25\u0e30\u0e40\u0e17\u0e34\u0e14\u0e17\u0e39\u0e19\u0e44\u0e14\u0e49 \ud83d\ude4f\ud83d\udc51 ft.\u0e2d\u0e22\u0e32\u0e01\u0e40\u0e14\u0e34\u0e19\u0e09\u0e32\u0e22 \u0e2d\u0e22\u0e32\u0e01\u0e43\u0e0a\u0e49\u0e40\u0e07\u0e34\u0e19\u0e40\u0e22\u0e19","translator_type":"none","protected":false,"verified":false,"followers_count":93,"friends_count":190,"listed_count":0,"favourites_count":12227,"statuses_count":33367,"created_at":"Thu Jan 25 00:35:24 +0000 2018","utc_offset":null,"time_zone":null,"geo_enabled":true,"lang":null,"contributors_enabled":false,"is_translator":false,"profile_background_color":"F5F8FA","profile_background_image_url":"","profile_background_image_url_https":"","profile_background_tile":false,"profile_link_color":"1DA1F2","profile_sidebar_border_color":"C0DEED","profile_sidebar_fill_color":"DDEEF6","profile_text_color":"333333","profile_use_background_image":true,"profile_image_url":"http:\/\/pbs.twimg.com\/profile_images\/1248296098126393345\/66uOnUiL_normal.jpg","profile_image_url_https":"https:\/\/pbs.twimg.com\/profile_images\/1248296098126393345\/66uOnUiL_normal.jpg","profile_banner_url":"https:\/\/pbs.twimg.com\/profile_banners\/956324590958997504\/1548139146","default_profile":true,"default_profile_image":false,"following":null,"follow_request_sent":null,"notifications":null},"geo":null,"coordinates":null,"place":null,"contributors":null,"is_quote_status":false,"extended_tweet":{"full_text":"\u0e41\u0e08\u0e01 100 \u0e1a\u0e32\u0e17\u0e04\u0e48\u0e30 \u0e2a\u0e33\u0e2b\u0e23\u0e31\u0e1a\u0e2a\u0e34\u0e48\u0e07\u0e17\u0e35\u0e48\u0e40\u0e01\u0e34\u0e14\u0e02\u0e36\u0e49\u0e19 \u0e17\u0e35\u0e48\u0e14\u0e34\u0e09\u0e31\u0e19\u0e40\u0e23\u0e35\u0e22\u0e01\u0e27\u0e48\u0e32\u0e04\u0e27\u0e32\u0e21\u0e23\u0e27\u0e31\u0e4a\u0e01 \u0e2e\u0e23\u0e36\u0e01 \u0e44\u0e21\u0e48\u0e23\u0e31\u0e01\u0e01\u0e31\u0e19\u0e08\u0e30\u0e2d\u0e2d\u0e01\u0e2b\u0e19\u0e49\u0e32\u0e2d\u0e2d\u0e01\u0e15\u0e32\u0e02\u0e19\u0e32\u0e14\u0e19\u0e35\u0e49\u0e21\u0e31\u0e49\u0e22\u0e04\u0e23\u0e30 \u0e1b\u0e25.\u0e02\u0e2d\u0e43\u0e2b\u0e49\u0e40\u0e09\u0e1e\u0e32\u0e30\u0e0a\u0e1b.\u0e41\u0e08\u0e47\u0e04\u0e41\u0e08\u0e19\u0e30\u0e04\u0e49\u0e32  #jackjae #JackJae https:\/\/t.co\/XMnkG6Tq2u","display_text_range":[0,152],"entities":{"hashtags":[{"text":"jackjae","indices":[135,143]},{"text":"JackJae","indices":[144,152]}],"urls":[],"user_mentions":[],"symbols":[],"media":[{"id":1248635241482211328,"id_str":"1248635241482211328","indices":[153,176],"media_url":"http:\/\/pbs.twimg.com\/media\/EVQLIvaU0AA9hhO.jpg","media_url_https":"https:\/\/pbs.twimg.com\/media\/EVQLIvaU0AA9hhO.jpg","url":"https:\/\/t.co\/XMnkG6Tq2u","display_url":"pic.twitter.com\/XMnkG6Tq2u","expanded_url":"https:\/\/twitter.com\/jacknuicouple\/status\/1248635265763008512\/photo\/1","type":"photo","sizes":{"thumb":{"w":150,"h":150,"resize":"crop"},"small":{"w":314,"h":680,"resize":"fit"},"medium":{"w":554,"h":1200,"resize":"fit"},"large":{"w":828,"h":1792,"resize":"fit"}}},{"id":1248635253335285760,"id_str":"1248635253335285760","indices":[153,176],"media_url":"http:\/\/pbs.twimg.com\/media\/EVQLJbkUYAAtwSC.jpg","media_url_https":"https:\/\/pbs.twimg.com\/media\/EVQLJbkUYAAtwSC.jpg","url":"https:\/\/t.co\/XMnkG6Tq2u","display_url":"pic.twitter.com\/XMnkG6Tq2u","expanded_url":"https:\/\/twitter.com\/jacknuicouple\/status\/1248635265763008512\/photo\/1","type":"photo","sizes":{"thumb":{"w":150,"h":150,"resize":"crop"},"small":{"w":680,"h":680,"resize":"fit"},"medium":{"w":680,"h":680,"resize":"fit"},"large":{"w":680,"h":680,"resize":"fit"}}},{"id":1248635256397115399,"id_str":"1248635256397115399","indices":[153,176],"media_url":"http:\/\/pbs.twimg.com\/media\/EVQLJm-UMAc8GTs.jpg","media_url_https":"https:\/\/pbs.twimg.com\/media\/EVQLJm-UMAc8GTs.jpg","url":"https:\/\/t.co\/XMnkG6Tq2u","display_url":"pic.twitter.com\/XMnkG6Tq2u","expanded_url":"https:\/\/twitter.com\/jacknuicouple\/status\/1248635265763008512\/photo\/1","type":"photo","sizes":{"thumb":{"w":150,"h":150,"resize":"crop"},"medium":{"w":1079,"h":930,"resize":"fit"},"large":{"w":1079,"h":930,"resize":"fit"},"small":{"w":680,"h":586,"resize":"fit"}}},{"id":1248635263351312385,"id_str":"1248635263351312385","indices":[153,176],"media_url":"http:\/\/pbs.twimg.com\/media\/EVQLKA4U0AERYPf.jpg","media_url_https":"https:\/\/pbs.twimg.com\/media\/EVQLKA4U0AERYPf.jpg","url":"https:\/\/t.co\/XMnkG6Tq2u","display_url":"pic.twitter.com\/XMnkG6Tq2u","expanded_url":"https:\/\/twitter.com\/jacknuicouple\/status\/1248635265763008512\/photo\/1","type":"photo","sizes":{"small":{"w":640,"h":640,"resize":"fit"},"thumb":{"w":150,"h":150,"resize":"crop"},"large":{"w":640,"h":640,"resize":"fit"},"medium":{"w":640,"h":640,"resize":"fit"}}}]},"extended_entities":{"media":[{"id":1248635241482211328,"id_str":"1248635241482211328","indices":[153,176],"media_url":"http:\/\/pbs.twimg.com\/media\/EVQLIvaU0AA9hhO.jpg","media_url_https":"https:\/\/pbs.twimg.com\/media\/EVQLIvaU0AA9hhO.jpg","url":"https:\/\/t.co\/XMnkG6Tq2u","display_url":"pic.twitter.com\/XMnkG6Tq2u","expanded_url":"https:\/\/twitter.com\/jacknuicouple\/status\/1248635265763008512\/photo\/1","type":"photo","sizes":{"thumb":{"w":150,"h":150,"resize":"crop"},"small":{"w":314,"h":680,"resize":"fit"},"medium":{"w":554,"h":1200,"resize":"fit"},"large":{"w":828,"h":1792,"resize":"fit"}}},{"id":1248635253335285760,"id_str":"1248635253335285760","indices":[153,176],"media_url":"http:\/\/pbs.twimg.com\/media\/EVQLJbkUYAAtwSC.jpg","media_url_https":"https:\/\/pbs.twimg.com\/media\/EVQLJbkUYAAtwSC.jpg","url":"https:\/\/t.co\/XMnkG6Tq2u","display_url":"pic.twitter.com\/XMnkG6Tq2u","expanded_url":"https:\/\/twitter.com\/jacknuicouple\/status\/1248635265763008512\/photo\/1","type":"photo","sizes":{"thumb":{"w":150,"h":150,"resize":"crop"},"small":{"w":680,"h":680,"resize":"fit"},"medium":{"w":680,"h":680,"resize":"fit"},"large":{"w":680,"h":680,"resize":"fit"}}},{"id":1248635256397115399,"id_str":"1248635256397115399","indices":[153,176],"media_url":"http:\/\/pbs.twimg.com\/media\/EVQLJm-UMAc8GTs.jpg","media_url_https":"https:\/\/pbs.twimg.com\/media\/EVQLJm-UMAc8GTs.jpg","url":"https:\/\/t.co\/XMnkG6Tq2u","display_url":"pic.twitter.com\/XMnkG6Tq2u","expanded_url":"https:\/\/twitter.com\/jacknuicouple\/status\/1248635265763008512\/photo\/1","type":"photo","sizes":{"thumb":{"w":150,"h":150,"resize":"crop"},"medium":{"w":1079,"h":930,"resize":"fit"},"large":{"w":1079,"h":930,"resize":"fit"},"small":{"w":680,"h":586,"resize":"fit"}}},{"id":1248635263351312385,"id_str":"1248635263351312385","indices":[153,176],"media_url":"http:\/\/pbs.twimg.com\/media\/EVQLKA4U0AERYPf.jpg","media_url_https":"https:\/\/pbs.twimg.com\/media\/EVQLKA4U0AERYPf.jpg","url":"https:\/\/t.co\/XMnkG6Tq2u","display_url":"pic.twitter.com\/XMnkG6Tq2u","expanded_url":"https:\/\/twitter.com\/jacknuicouple\/status\/1248635265763008512\/photo\/1","type":"photo","sizes":{"small":{"w":640,"h":640,"resize":"fit"},"thumb":{"w":150,"h":150,"resize":"crop"},"large":{"w":640,"h":640,"resize":"fit"},"medium":{"w":640,"h":640,"resize":"fit"}}}]}},"quote_count":1,"reply_count":2,"retweet_count":83,"favorite_count":31,"entities":{"hashtags":[],"urls":[{"url":"https:\/\/t.co\/mloWrECMFF","expanded_url":"https:\/\/twitter.com\/i\/web\/status\/1248635265763008512","display_url":"twitter.com\/i\/web\/status\/1\u2026","indices":[117,140]}],"user_mentions":[],"symbols":[]},"favorited":false,"retweeted":false,"possibly_sensitive":false,"filter_level":"low","lang":"th"},"is_quote_status":false,"quote_count":0,"reply_count":0,"retweet_count":0,"favorite_count":0,"entities":{"hashtags":[],"urls":[],"user_mentions":[{"screen_name":"jacknuicouple","name":"JS's \ud83d\udc9a ft.\u0e04\u0e25\u0e31\u0e48\u0e07\u0e23\u0e31\u0e01\u0e22\u0e39\u0e15\u0e30","id":956324590958997504,"id_str":"956324590958997504","indices":[3,17]}],"symbols":[]},"favorited":false,"retweeted":false,"filter_level":"low","lang":"th","timestamp_ms":"1586538230665"}
