{"created_at":"Fri Apr 10 17:03:55 +0000 2020","id":1248657978439487492,"id_str":"1248657978439487492","text":"RT @F4IRYGYUL: eu em dezembro                eu em 6 de \ndizendo que 2020              janeiro de 2020 \nseria o ano dos wonis         \ne do\u2026","source":"\u003ca href=\"http:\/\/twitter.com\/download\/android\" rel=\"nofollow\"\u003eTwitter for Android\u003c\/a\u003e","truncated":false,"in_reply_to_status_id":null,"in_reply_to_status_id_str":null,"in_reply_to_user_id":null,"in_reply_to_user_id_str":null,"in_reply_to_screen_name":null,"user":{"id":1239772999374516226,"id_str":"1239772999374516226","name":"Isis","screen_name":"jiwoorassic","location":"# THEBOYZ \u2013 \u2605 \ud835\udddc\ud835\uddf9\ud835\ude06\ud835\ude00\ud835\uddfa ","url":"https:\/\/KARD.xn--c6h\/","description":"me to changmin: StOp to being so adOrable grr\ud83d\ude20","translator_type":"none","protected":false,"verified":false,"followers_count":529,"friends_count":608,"listed_count":3,"favourites_count":525,"statuses_count":2442,"created_at":"Tue Mar 17 04:38:22 +0000 2020","utc_offset":null,"time_zone":null,"geo_enabled":false,"lang":null,"contributors_enabled":false,"is_translator":false,"profile_background_color":"F5F8FA","profile_background_image_url":"","profile_background_image_url_https":"","profile_background_tile":false,"profile_link_color":"1DA1F2","profile_sidebar_border_color":"C0DEED","profile_sidebar_fill_color":"DDEEF6","profile_text_color":"333333","profile_use_background_image":true,"profile_image_url":"http:\/\/pbs.twimg.com\/profile_images\/1247966282852364288\/vD1MHGiu_normal.jpg","profile_image_url_https":"https:\/\/pbs.twimg.com\/profile_images\/1247966282852364288\/vD1MHGiu_normal.jpg","profile_banner_url":"https:\/\/pbs.twimg.com\/profile_banners\/1239772999374516226\/1586373323","default_profile":true,"default_profile_image":false,"following":null,"follow_request_sent":null,"notifications":null},"geo":null,"coordinates":null,"place":null,"contributors":null,"retweeted_status":{"created_at":"Fri Apr 10 14:34:02 +0000 2020","id":1248620258681696257,"id_str":"1248620258681696257","text":"eu em dezembro                eu em 6 de \ndizendo que 2020              janeiro de 2020 \nseria o ano dos wonis\u2026 https:\/\/t.co\/qhUNLdQ899","source":"\u003ca href=\"https:\/\/mobile.twitter.com\" rel=\"nofollow\"\u003eTwitter Web App\u003c\/a\u003e","truncated":true,"in_reply_to_status_id":null,"in_reply_to_status_id_str":null,"in_reply_to_user_id":null,"in_reply_to_user_id_str":null,"in_reply_to_screen_name":null,"user":{"id":733339347311808512,"id_str":"733339347311808512","name":"nana \u22c6 soulmate","screen_name":"F4IRYGYUL","location":"\u3164\u3164\u3164\u3164 02020802  \u3164\u3164\u3164\u3164","url":"https:\/\/www.hangyul.xn--6ii","description":"\u3164\u3164 \u00a0\n\n\u3164\u22b9   \u00a0 \u156c\u156c  \u00a0  \u02d2\u00a0 \uc5d1\u00a0   \uc2a4 \u00a0 \u2726  \u00a0\uc6d0\u00a0 \n\u00a0\u3164\u3164\n\u3164\u3164","translator_type":"none","protected":false,"verified":false,"followers_count":1467,"friends_count":1433,"listed_count":18,"favourites_count":35491,"statuses_count":15701,"created_at":"Thu May 19 16:51:39 +0000 2016","utc_offset":null,"time_zone":null,"geo_enabled":true,"lang":null,"contributors_enabled":false,"is_translator":false,"profile_background_color":"F5F8FA","profile_background_image_url":"","profile_background_image_url_https":"","profile_background_tile":false,"profile_link_color":"1DA1F2","profile_sidebar_border_color":"C0DEED","profile_sidebar_fill_color":"DDEEF6","profile_text_color":"333333","profile_use_background_image":true,"profile_image_url":"http:\/\/pbs.twimg.com\/profile_images\/1248357111085531140\/u8nKkQDA_normal.jpg","profile_image_url_https":"https:\/\/pbs.twimg.com\/profile_images\/1248357111085531140\/u8nKkQDA_normal.jpg","profile_banner_url":"https:\/\/pbs.twimg.com\/profile_banners\/733339347311808512\/1586532754","default_profile":true,"default_profile_image":false,"following":null,"follow_request_sent":null,"notifications":null},"geo":null,"coordinates":null,"place":null,"contributors":null,"quoted_status_id":1221853131207860225,"quoted_status_id_str":"1221853131207860225","quoted_status":{"created_at":"Mon Jan 27 17:51:02 +0000 2020","id":1221853131207860225,"id_str":"1221853131207860225","text":"Bomboclaat https:\/\/t.co\/Glvu42Kavu","display_text_range":[0,10],"source":"\u003ca href=\"http:\/\/twitter.com\/download\/android\" rel=\"nofollow\"\u003eTwitter for Android\u003c\/a\u003e","truncated":false,"in_reply_to_status_id":null,"in_reply_to_status_id_str":null,"in_reply_to_user_id":null,"in_reply_to_user_id_str":null,"in_reply_to_screen_name":null,"user":{"id":1134631085277626368,"id_str":"1134631085277626368","name":"BomboclaatThis","screen_name":"BomboclaatThis","location":null,"url":null,"description":null,"translator_type":"none","protected":false,"verified":false,"followers_count":28050,"friends_count":152,"listed_count":81,"favourites_count":125,"statuses_count":790,"created_at":"Sat Jun 01 01:21:45 +0000 2019","utc_offset":null,"time_zone":null,"geo_enabled":false,"lang":null,"contributors_enabled":false,"is_translator":false,"profile_background_color":"F5F8FA","profile_background_image_url":"","profile_background_image_url_https":"","profile_background_tile":false,"profile_link_color":"1DA1F2","profile_sidebar_border_color":"C0DEED","profile_sidebar_fill_color":"DDEEF6","profile_text_color":"333333","profile_use_background_image":true,"profile_image_url":"http:\/\/pbs.twimg.com\/profile_images\/1185228198302408707\/kneUa79T_normal.jpg","profile_image_url_https":"https:\/\/pbs.twimg.com\/profile_images\/1185228198302408707\/kneUa79T_normal.jpg","default_profile":true,"default_profile_image":false,"following":null,"follow_request_sent":null,"notifications":null},"geo":null,"coordinates":null,"place":null,"contributors":null,"is_quote_status":false,"quote_count":1289,"reply_count":18,"retweet_count":59,"favorite_count":493,"entities":{"hashtags":[],"urls":[],"user_mentions":[],"symbols":[],"media":[{"id":1221853123813216258,"id_str":"1221853123813216258","indices":[11,34],"media_url":"http:\/\/pbs.twimg.com\/media\/EPTk8USWkAI8b67.jpg","media_url_https":"https:\/\/pbs.twimg.com\/media\/EPTk8USWkAI8b67.jpg","url":"https:\/\/t.co\/Glvu42Kavu","display_url":"pic.twitter.com\/Glvu42Kavu","expanded_url":"https:\/\/twitter.com\/KheyDeter2\/status\/1221853131207860225\/photo\/1","type":"photo","sizes":{"small":{"w":680,"h":382,"resize":"fit"},"thumb":{"w":150,"h":150,"resize":"crop"},"medium":{"w":697,"h":392,"resize":"fit"},"large":{"w":697,"h":392,"resize":"fit"}}}]},"extended_entities":{"media":[{"id":1221853123813216258,"id_str":"1221853123813216258","indices":[11,34],"media_url":"http:\/\/pbs.twimg.com\/media\/EPTk8USWkAI8b67.jpg","media_url_https":"https:\/\/pbs.twimg.com\/media\/EPTk8USWkAI8b67.jpg","url":"https:\/\/t.co\/Glvu42Kavu","display_url":"pic.twitter.com\/Glvu42Kavu","expanded_url":"https:\/\/twitter.com\/KheyDeter2\/status\/1221853131207860225\/photo\/1","type":"photo","sizes":{"small":{"w":680,"h":382,"resize":"fit"},"thumb":{"w":150,"h":150,"resize":"crop"},"medium":{"w":697,"h":392,"resize":"fit"},"large":{"w":697,"h":392,"resize":"fit"}}}]},"favorited":false,"retweeted":false,"possibly_sensitive":false,"filter_level":"low","lang":"in"},"quoted_status_permalink":{"url":"https:\/\/t.co\/Ix9ool7LHz","expanded":"https:\/\/twitter.com\/BomboclaatThis\/status\/1221853131207860225","display":"twitter.com\/BomboclaatThis\u2026"},"is_quote_status":true,"extended_tweet":{"full_text":"eu em dezembro                eu em 6 de \ndizendo que 2020              janeiro de 2020 \nseria o ano dos wonis         \ne do x1","display_text_range":[0,127],"entities":{"hashtags":[],"urls":[],"user_mentions":[],"symbols":[]}},"quote_count":0,"reply_count":1,"retweet_count":40,"favorite_count":63,"entities":{"hashtags":[],"urls":[{"url":"https:\/\/t.co\/qhUNLdQ899","expanded_url":"https:\/\/twitter.com\/i\/web\/status\/1248620258681696257","display_url":"twitter.com\/i\/web\/status\/1\u2026","indices":[112,135]}],"user_mentions":[],"symbols":[]},"favorited":false,"retweeted":false,"filter_level":"low","lang":"pt"},"quoted_status_id":1221853131207860225,"quoted_status_id_str":"1221853131207860225","quoted_status":{"created_at":"Mon Jan 27 17:51:02 +0000 2020","id":1221853131207860225,"id_str":"1221853131207860225","text":"Bomboclaat https:\/\/t.co\/Glvu42Kavu","display_text_range":[0,10],"source":"\u003ca href=\"http:\/\/twitter.com\/download\/android\" rel=\"nofollow\"\u003eTwitter for Android\u003c\/a\u003e","truncated":false,"in_reply_to_status_id":null,"in_reply_to_status_id_str":null,"in_reply_to_user_id":null,"in_reply_to_user_id_str":null,"in_reply_to_screen_name":null,"user":{"id":1134631085277626368,"id_str":"1134631085277626368","name":"BomboclaatThis","screen_name":"BomboclaatThis","location":null,"url":null,"description":null,"translator_type":"none","protected":false,"verified":false,"followers_count":28050,"friends_count":152,"listed_count":81,"favourites_count":125,"statuses_count":790,"created_at":"Sat Jun 01 01:21:45 +0000 2019","utc_offset":null,"time_zone":null,"geo_enabled":false,"lang":null,"contributors_enabled":false,"is_translator":false,"profile_background_color":"F5F8FA","profile_background_image_url":"","profile_background_image_url_https":"","profile_background_tile":false,"profile_link_color":"1DA1F2","profile_sidebar_border_color":"C0DEED","profile_sidebar_fill_color":"DDEEF6","profile_text_color":"333333","profile_use_background_image":true,"profile_image_url":"http:\/\/pbs.twimg.com\/profile_images\/1185228198302408707\/kneUa79T_normal.jpg","profile_image_url_https":"https:\/\/pbs.twimg.com\/profile_images\/1185228198302408707\/kneUa79T_normal.jpg","default_profile":true,"default_profile_image":false,"following":null,"follow_request_sent":null,"notifications":null},"geo":null,"coordinates":null,"place":null,"contributors":null,"is_quote_status":false,"quote_count":1289,"reply_count":18,"retweet_count":59,"favorite_count":493,"entities":{"hashtags":[],"urls":[],"user_mentions":[],"symbols":[],"media":[{"id":1221853123813216258,"id_str":"1221853123813216258","indices":[11,34],"media_url":"http:\/\/pbs.twimg.com\/media\/EPTk8USWkAI8b67.jpg","media_url_https":"https:\/\/pbs.twimg.com\/media\/EPTk8USWkAI8b67.jpg","url":"https:\/\/t.co\/Glvu42Kavu","display_url":"pic.twitter.com\/Glvu42Kavu","expanded_url":"https:\/\/twitter.com\/KheyDeter2\/status\/1221853131207860225\/photo\/1","type":"photo","sizes":{"small":{"w":680,"h":382,"resize":"fit"},"thumb":{"w":150,"h":150,"resize":"crop"},"medium":{"w":697,"h":392,"resize":"fit"},"large":{"w":697,"h":392,"resize":"fit"}}}]},"extended_entities":{"media":[{"id":1221853123813216258,"id_str":"1221853123813216258","indices":[11,34],"media_url":"http:\/\/pbs.twimg.com\/media\/EPTk8USWkAI8b67.jpg","media_url_https":"https:\/\/pbs.twimg.com\/media\/EPTk8USWkAI8b67.jpg","url":"https:\/\/t.co\/Glvu42Kavu","display_url":"pic.twitter.com\/Glvu42Kavu","expanded_url":"https:\/\/twitter.com\/KheyDeter2\/status\/1221853131207860225\/photo\/1","type":"photo","sizes":{"small":{"w":680,"h":382,"resize":"fit"},"thumb":{"w":150,"h":150,"resize":"crop"},"medium":{"w":697,"h":392,"resize":"fit"},"large":{"w":697,"h":392,"resize":"fit"}}}]},"favorited":false,"retweeted":false,"possibly_sensitive":false,"filter_level":"low","lang":"in"},"quoted_status_permalink":{"url":"https:\/\/t.co\/Ix9ool7LHz","expanded":"https:\/\/twitter.com\/BomboclaatThis\/status\/1221853131207860225","display":"twitter.com\/BomboclaatThis\u2026"},"is_quote_status":true,"quote_count":0,"reply_count":0,"retweet_count":0,"favorite_count":0,"entities":{"hashtags":[],"urls":[],"user_mentions":[{"screen_name":"F4IRYGYUL","name":"nana \u22c6 soulmate","id":733339347311808512,"id_str":"733339347311808512","indices":[3,13]}],"symbols":[]},"favorited":false,"retweeted":false,"filter_level":"low","lang":"pt","timestamp_ms":"1586538235660"}
