{"created_at":"Fri Apr 10 17:03:58 +0000 2020","id":1248657991018004481,"id_str":"1248657991018004481","text":"RT @mybrightmyheart: \u0e25\u0e48\u0e30\u0e43\u0e2b\u0e49\u0e44\u0e1a\u0e23\u0e4c\u0e17\u0e40\u0e2d\u0e32\u0e40\u0e2a\u0e37\u0e49\u0e2d\u0e1e\u0e32\u0e14\u0e1a\u0e48\u0e32\u0e32\u0e17\u0e33\u0e44\u0e21\u0e2d\u0e49\u0e30\n\u0e21\u0e31\u0e19\u0e19\u0e1c\u0e31\u0e27\u0e27\u0e27\u0e27!!! \u0e17\u0e33\u0e2d\u0e35\u0e01\u0e19\u0e30 \ud83d\ude2d \n#\u0e04\u0e31\u0e48\u0e19\u0e01\u0e39EP8 https:\/\/t.co\/Ulsn01mrXO","source":"\u003ca href=\"http:\/\/twitter.com\/download\/android\" rel=\"nofollow\"\u003eTwitter for Android\u003c\/a\u003e","truncated":false,"in_reply_to_status_id":null,"in_reply_to_status_id_str":null,"in_reply_to_user_id":null,"in_reply_to_user_id_str":null,"in_reply_to_screen_name":null,"user":{"id":1132629289130553346,"id_str":"1132629289130553346","name":"\u0e40\u0e21\u0e35\u0e22\u0e41\u0e08\u0e2e\u0e22\u0e2d\u0e19\u0e22\u0e37\u0e48\u0e19\u0e2b\u0e19\u0e36\u0e48\u0e07\u0e04\u0e48\u0e30","screen_name":"iamyok__","location":null,"url":null,"description":null,"translator_type":"none","protected":false,"verified":false,"followers_count":14,"friends_count":369,"listed_count":0,"favourites_count":2571,"statuses_count":4616,"created_at":"Sun May 26 12:47:20 +0000 2019","utc_offset":null,"time_zone":null,"geo_enabled":true,"lang":null,"contributors_enabled":false,"is_translator":false,"profile_background_color":"F5F8FA","profile_background_image_url":"","profile_background_image_url_https":"","profile_background_tile":false,"profile_link_color":"1DA1F2","profile_sidebar_border_color":"C0DEED","profile_sidebar_fill_color":"DDEEF6","profile_text_color":"333333","profile_use_background_image":true,"profile_image_url":"http:\/\/pbs.twimg.com\/profile_images\/1235526498657775616\/wdHAkRTV_normal.jpg","profile_image_url_https":"https:\/\/pbs.twimg.com\/profile_images\/1235526498657775616\/wdHAkRTV_normal.jpg","profile_banner_url":"https:\/\/pbs.twimg.com\/profile_banners\/1132629289130553346\/1583238214","default_profile":true,"default_profile_image":false,"following":null,"follow_request_sent":null,"notifications":null},"geo":null,"coordinates":null,"place":null,"contributors":null,"retweeted_status":{"created_at":"Fri Apr 10 16:43:47 +0000 2020","id":1248652909509664768,"id_str":"1248652909509664768","text":"\u0e25\u0e48\u0e30\u0e43\u0e2b\u0e49\u0e44\u0e1a\u0e23\u0e4c\u0e17\u0e40\u0e2d\u0e32\u0e40\u0e2a\u0e37\u0e49\u0e2d\u0e1e\u0e32\u0e14\u0e1a\u0e48\u0e32\u0e32\u0e17\u0e33\u0e44\u0e21\u0e2d\u0e49\u0e30\n\u0e21\u0e31\u0e19\u0e19\u0e1c\u0e31\u0e27\u0e27\u0e27\u0e27!!! \u0e17\u0e33\u0e2d\u0e35\u0e01\u0e19\u0e30 \ud83d\ude2d \n#\u0e04\u0e31\u0e48\u0e19\u0e01\u0e39EP8 https:\/\/t.co\/Ulsn01mrXO","display_text_range":[0,69],"source":"\u003ca href=\"http:\/\/twitter.com\/download\/android\" rel=\"nofollow\"\u003eTwitter for Android\u003c\/a\u003e","truncated":false,"in_reply_to_status_id":null,"in_reply_to_status_id_str":null,"in_reply_to_user_id":null,"in_reply_to_user_id_str":null,"in_reply_to_screen_name":null,"user":{"id":1232909918149251072,"id_str":"1232909918149251072","name":"My Bright \u2728 B\u2022B","screen_name":"mybrightmyheart","location":null,"url":null,"description":"@bbrightvc \u2022 | \u2022 #bbrightvc \u2022 |  #\u0e44\u0e1a\u0e23\u0e4c\u0e17\u0e27\u0e34\u0e19                                                        \u0e04\u0e27\u0e32\u0e21\u0e1d\u0e31\u0e19\u0e02\u0e2d\u0e07\u0e09\u0e31\u0e19\u0e04\u0e37\u0e2d\u0e01\u0e32\u0e23\u0e44\u0e14\u0e49\u0e16\u0e48\u0e32\u0e22\u0e23\u0e39\u0e1b\u0e04\u0e39\u0e48\u0e01\u0e31\u0e1a\u0e44\u0e1a\u0e23\u0e4c\u0e17\u0e2a\u0e31\u0e01\u0e23\u0e39\u0e1b \ud83d\udcf8","translator_type":"none","protected":false,"verified":false,"followers_count":3096,"friends_count":75,"listed_count":32,"favourites_count":320,"statuses_count":4121,"created_at":"Thu Feb 27 06:06:58 +0000 2020","utc_offset":null,"time_zone":null,"geo_enabled":false,"lang":null,"contributors_enabled":false,"is_translator":false,"profile_background_color":"F5F8FA","profile_background_image_url":"","profile_background_image_url_https":"","profile_background_tile":false,"profile_link_color":"1DA1F2","profile_sidebar_border_color":"C0DEED","profile_sidebar_fill_color":"DDEEF6","profile_text_color":"333333","profile_use_background_image":true,"profile_image_url":"http:\/\/pbs.twimg.com\/profile_images\/1248638274416984066\/G-SU3F7d_normal.jpg","profile_image_url_https":"https:\/\/pbs.twimg.com\/profile_images\/1248638274416984066\/G-SU3F7d_normal.jpg","profile_banner_url":"https:\/\/pbs.twimg.com\/profile_banners\/1232909918149251072\/1586446524","default_profile":true,"default_profile_image":false,"following":null,"follow_request_sent":null,"notifications":null},"geo":null,"coordinates":null,"place":null,"contributors":null,"is_quote_status":false,"quote_count":13,"reply_count":5,"retweet_count":595,"favorite_count":549,"entities":{"hashtags":[{"text":"\u0e04\u0e31\u0e48\u0e19\u0e01\u0e39EP8","indices":[59,69]}],"urls":[],"user_mentions":[],"symbols":[],"media":[{"id":1248652896779943939,"id_str":"1248652896779943939","indices":[70,93],"media_url":"http:\/\/pbs.twimg.com\/media\/EVQbMahUwAMN6Af.jpg","media_url_https":"https:\/\/pbs.twimg.com\/media\/EVQbMahUwAMN6Af.jpg","url":"https:\/\/t.co\/Ulsn01mrXO","display_url":"pic.twitter.com\/Ulsn01mrXO","expanded_url":"https:\/\/twitter.com\/mybrightmyheart\/status\/1248652909509664768\/photo\/1","type":"photo","sizes":{"thumb":{"w":150,"h":150,"resize":"crop"},"small":{"w":680,"h":453,"resize":"fit"},"large":{"w":2048,"h":1365,"resize":"fit"},"medium":{"w":1200,"h":800,"resize":"fit"}}}]},"extended_entities":{"media":[{"id":1248652896779943939,"id_str":"1248652896779943939","indices":[70,93],"media_url":"http:\/\/pbs.twimg.com\/media\/EVQbMahUwAMN6Af.jpg","media_url_https":"https:\/\/pbs.twimg.com\/media\/EVQbMahUwAMN6Af.jpg","url":"https:\/\/t.co\/Ulsn01mrXO","display_url":"pic.twitter.com\/Ulsn01mrXO","expanded_url":"https:\/\/twitter.com\/mybrightmyheart\/status\/1248652909509664768\/photo\/1","type":"photo","sizes":{"thumb":{"w":150,"h":150,"resize":"crop"},"small":{"w":680,"h":453,"resize":"fit"},"large":{"w":2048,"h":1365,"resize":"fit"},"medium":{"w":1200,"h":800,"resize":"fit"}}}]},"favorited":false,"retweeted":false,"possibly_sensitive":false,"filter_level":"low","lang":"th"},"is_quote_status":false,"quote_count":0,"reply_count":0,"retweet_count":0,"favorite_count":0,"entities":{"hashtags":[{"text":"\u0e04\u0e31\u0e48\u0e19\u0e01\u0e39EP8","indices":[80,90]}],"urls":[],"user_mentions":[{"screen_name":"mybrightmyheart","name":"My Bright \u2728 B\u2022B","id":1232909918149251072,"id_str":"1232909918149251072","indices":[3,19]}],"symbols":[],"media":[{"id":1248652896779943939,"id_str":"1248652896779943939","indices":[91,114],"media_url":"http:\/\/pbs.twimg.com\/media\/EVQbMahUwAMN6Af.jpg","media_url_https":"https:\/\/pbs.twimg.com\/media\/EVQbMahUwAMN6Af.jpg","url":"https:\/\/t.co\/Ulsn01mrXO","display_url":"pic.twitter.com\/Ulsn01mrXO","expanded_url":"https:\/\/twitter.com\/mybrightmyheart\/status\/1248652909509664768\/photo\/1","type":"photo","sizes":{"thumb":{"w":150,"h":150,"resize":"crop"},"small":{"w":680,"h":453,"resize":"fit"},"large":{"w":2048,"h":1365,"resize":"fit"},"medium":{"w":1200,"h":800,"resize":"fit"}},"source_status_id":1248652909509664768,"source_status_id_str":"1248652909509664768","source_user_id":1232909918149251072,"source_user_id_str":"1232909918149251072"}]},"extended_entities":{"media":[{"id":1248652896779943939,"id_str":"1248652896779943939","indices":[91,114],"media_url":"http:\/\/pbs.twimg.com\/media\/EVQbMahUwAMN6Af.jpg","media_url_https":"https:\/\/pbs.twimg.com\/media\/EVQbMahUwAMN6Af.jpg","url":"https:\/\/t.co\/Ulsn01mrXO","display_url":"pic.twitter.com\/Ulsn01mrXO","expanded_url":"https:\/\/twitter.com\/mybrightmyheart\/status\/1248652909509664768\/photo\/1","type":"photo","sizes":{"thumb":{"w":150,"h":150,"resize":"crop"},"small":{"w":680,"h":453,"resize":"fit"},"large":{"w":2048,"h":1365,"resize":"fit"},"medium":{"w":1200,"h":800,"resize":"fit"}},"source_status_id":1248652909509664768,"source_status_id_str":"1248652909509664768","source_user_id":1232909918149251072,"source_user_id_str":"1232909918149251072"}]},"favorited":false,"retweeted":false,"possibly_sensitive":false,"filter_level":"low","lang":"th","timestamp_ms":"1586538238659"}
