{"created_at":"Fri Apr 10 17:03:57 +0000 2020","id":1248657986840678403,"id_str":"1248657986840678403","text":"RT @LORAFRIMANEE: still funny https:\/\/t.co\/WrEcfWZehl","source":"\u003ca href=\"http:\/\/twitter.com\/download\/android\" rel=\"nofollow\"\u003eTwitter for Android\u003c\/a\u003e","truncated":false,"in_reply_to_status_id":null,"in_reply_to_status_id_str":null,"in_reply_to_user_id":null,"in_reply_to_user_id_str":null,"in_reply_to_screen_name":null,"user":{"id":1168874198929989632,"id_str":"1168874198929989632","name":"Buyi_Chantz","screen_name":"BuyiChantz","location":null,"url":null,"description":"humanity is very limited these days","translator_type":"none","protected":false,"verified":false,"followers_count":25,"friends_count":1245,"listed_count":0,"favourites_count":2073,"statuses_count":661,"created_at":"Tue Sep 03 13:11:50 +0000 2019","utc_offset":null,"time_zone":null,"geo_enabled":false,"lang":null,"contributors_enabled":false,"is_translator":false,"profile_background_color":"F5F8FA","profile_background_image_url":"","profile_background_image_url_https":"","profile_background_tile":false,"profile_link_color":"1DA1F2","profile_sidebar_border_color":"C0DEED","profile_sidebar_fill_color":"DDEEF6","profile_text_color":"333333","profile_use_background_image":true,"profile_image_url":"http:\/\/pbs.twimg.com\/profile_images\/1221699405948096513\/nov1QPux_normal.jpg","profile_image_url_https":"https:\/\/pbs.twimg.com\/profile_images\/1221699405948096513\/nov1QPux_normal.jpg","profile_banner_url":"https:\/\/pbs.twimg.com\/profile_banners\/1168874198929989632\/1578677563","default_profile":true,"default_profile_image":false,"following":null,"follow_request_sent":null,"notifications":null},"geo":null,"coordinates":null,"place":null,"contributors":null,"retweeted_status":{"created_at":"Thu Apr 09 21:55:17 +0000 2020","id":1248368913290792961,"id_str":"1248368913290792961","text":"still funny https:\/\/t.co\/WrEcfWZehl","display_text_range":[0,11],"source":"\u003ca href=\"http:\/\/twitter.com\/download\/iphone\" rel=\"nofollow\"\u003eTwitter for iPhone\u003c\/a\u003e","truncated":false,"in_reply_to_status_id":null,"in_reply_to_status_id_str":null,"in_reply_to_user_id":null,"in_reply_to_user_id_str":null,"in_reply_to_screen_name":null,"user":{"id":733344153673830400,"id_str":"733344153673830400","name":"LILAFRIMANE","screen_name":"LORAFRIMANEE","location":"baltimore \u2022 \ud83c\uddf0\ud83c\uddea","url":null,"description":"pharrell williams fan account. backup: @LILAFRIMANEE","translator_type":"none","protected":false,"verified":false,"followers_count":61320,"friends_count":861,"listed_count":432,"favourites_count":2964,"statuses_count":5554,"created_at":"Thu May 19 17:10:46 +0000 2016","utc_offset":null,"time_zone":null,"geo_enabled":true,"lang":null,"contributors_enabled":false,"is_translator":false,"profile_background_color":"F5F8FA","profile_background_image_url":"","profile_background_image_url_https":"","profile_background_tile":false,"profile_link_color":"1DA1F2","profile_sidebar_border_color":"C0DEED","profile_sidebar_fill_color":"DDEEF6","profile_text_color":"333333","profile_use_background_image":true,"profile_image_url":"http:\/\/pbs.twimg.com\/profile_images\/1029844240162009089\/-BULrUZE_normal.jpg","profile_image_url_https":"https:\/\/pbs.twimg.com\/profile_images\/1029844240162009089\/-BULrUZE_normal.jpg","profile_banner_url":"https:\/\/pbs.twimg.com\/profile_banners\/733344153673830400\/1545160042","default_profile":true,"default_profile_image":false,"following":null,"follow_request_sent":null,"notifications":null},"geo":null,"coordinates":null,"place":null,"contributors":null,"is_quote_status":false,"quote_count":1218,"reply_count":132,"retweet_count":32725,"favorite_count":168888,"entities":{"hashtags":[],"urls":[],"user_mentions":[],"symbols":[],"media":[{"id":1248368903623004161,"id_str":"1248368903623004161","indices":[12,35],"media_url":"http:\/\/pbs.twimg.com\/media\/EVMY51kX0AEz6s6.jpg","media_url_https":"https:\/\/pbs.twimg.com\/media\/EVMY51kX0AEz6s6.jpg","url":"https:\/\/t.co\/WrEcfWZehl","display_url":"pic.twitter.com\/WrEcfWZehl","expanded_url":"https:\/\/twitter.com\/LORAFRIMANEE\/status\/1248368913290792961\/photo\/1","type":"photo","sizes":{"thumb":{"w":150,"h":150,"resize":"crop"},"medium":{"w":852,"h":1200,"resize":"fit"},"large":{"w":944,"h":1330,"resize":"fit"},"small":{"w":483,"h":680,"resize":"fit"}}}]},"extended_entities":{"media":[{"id":1248368903623004161,"id_str":"1248368903623004161","indices":[12,35],"media_url":"http:\/\/pbs.twimg.com\/media\/EVMY51kX0AEz6s6.jpg","media_url_https":"https:\/\/pbs.twimg.com\/media\/EVMY51kX0AEz6s6.jpg","url":"https:\/\/t.co\/WrEcfWZehl","display_url":"pic.twitter.com\/WrEcfWZehl","expanded_url":"https:\/\/twitter.com\/LORAFRIMANEE\/status\/1248368913290792961\/photo\/1","type":"photo","sizes":{"thumb":{"w":150,"h":150,"resize":"crop"},"medium":{"w":852,"h":1200,"resize":"fit"},"large":{"w":944,"h":1330,"resize":"fit"},"small":{"w":483,"h":680,"resize":"fit"}}},{"id":1248368903627116550,"id_str":"1248368903627116550","indices":[12,35],"media_url":"http:\/\/pbs.twimg.com\/media\/EVMY51lWkAYkMwE.jpg","media_url_https":"https:\/\/pbs.twimg.com\/media\/EVMY51lWkAYkMwE.jpg","url":"https:\/\/t.co\/WrEcfWZehl","display_url":"pic.twitter.com\/WrEcfWZehl","expanded_url":"https:\/\/twitter.com\/LORAFRIMANEE\/status\/1248368913290792961\/photo\/1","type":"photo","sizes":{"thumb":{"w":150,"h":150,"resize":"crop"},"medium":{"w":1124,"h":626,"resize":"fit"},"large":{"w":1124,"h":626,"resize":"fit"},"small":{"w":680,"h":379,"resize":"fit"}}}]},"favorited":false,"retweeted":false,"possibly_sensitive":true,"filter_level":"low","lang":"en"},"is_quote_status":false,"quote_count":0,"reply_count":0,"retweet_count":0,"favorite_count":0,"entities":{"hashtags":[],"urls":[],"user_mentions":[{"screen_name":"LORAFRIMANEE","name":"LILAFRIMANE","id":733344153673830400,"id_str":"733344153673830400","indices":[3,16]}],"symbols":[],"media":[{"id":1248368903623004161,"id_str":"1248368903623004161","indices":[30,53],"media_url":"http:\/\/pbs.twimg.com\/media\/EVMY51kX0AEz6s6.jpg","media_url_https":"https:\/\/pbs.twimg.com\/media\/EVMY51kX0AEz6s6.jpg","url":"https:\/\/t.co\/WrEcfWZehl","display_url":"pic.twitter.com\/WrEcfWZehl","expanded_url":"https:\/\/twitter.com\/LORAFRIMANEE\/status\/1248368913290792961\/photo\/1","type":"photo","sizes":{"thumb":{"w":150,"h":150,"resize":"crop"},"medium":{"w":852,"h":1200,"resize":"fit"},"large":{"w":944,"h":1330,"resize":"fit"},"small":{"w":483,"h":680,"resize":"fit"}},"source_status_id":1248368913290792961,"source_status_id_str":"1248368913290792961","source_user_id":733344153673830400,"source_user_id_str":"733344153673830400"}]},"extended_entities":{"media":[{"id":1248368903623004161,"id_str":"1248368903623004161","indices":[30,53],"media_url":"http:\/\/pbs.twimg.com\/media\/EVMY51kX0AEz6s6.jpg","media_url_https":"https:\/\/pbs.twimg.com\/media\/EVMY51kX0AEz6s6.jpg","url":"https:\/\/t.co\/WrEcfWZehl","display_url":"pic.twitter.com\/WrEcfWZehl","expanded_url":"https:\/\/twitter.com\/LORAFRIMANEE\/status\/1248368913290792961\/photo\/1","type":"photo","sizes":{"thumb":{"w":150,"h":150,"resize":"crop"},"medium":{"w":852,"h":1200,"resize":"fit"},"large":{"w":944,"h":1330,"resize":"fit"},"small":{"w":483,"h":680,"resize":"fit"}},"source_status_id":1248368913290792961,"source_status_id_str":"1248368913290792961","source_user_id":733344153673830400,"source_user_id_str":"733344153673830400"},{"id":1248368903627116550,"id_str":"1248368903627116550","indices":[30,53],"media_url":"http:\/\/pbs.twimg.com\/media\/EVMY51lWkAYkMwE.jpg","media_url_https":"https:\/\/pbs.twimg.com\/media\/EVMY51lWkAYkMwE.jpg","url":"https:\/\/t.co\/WrEcfWZehl","display_url":"pic.twitter.com\/WrEcfWZehl","expanded_url":"https:\/\/twitter.com\/LORAFRIMANEE\/status\/1248368913290792961\/photo\/1","type":"photo","sizes":{"thumb":{"w":150,"h":150,"resize":"crop"},"medium":{"w":1124,"h":626,"resize":"fit"},"large":{"w":1124,"h":626,"resize":"fit"},"small":{"w":680,"h":379,"resize":"fit"}},"source_status_id":1248368913290792961,"source_status_id_str":"1248368913290792961","source_user_id":733344153673830400,"source_user_id_str":"733344153673830400"}]},"favorited":false,"retweeted":false,"possibly_sensitive":false,"filter_level":"low","lang":"en","timestamp_ms":"1586538237663"}
