{"created_at":"Fri Apr 10 17:03:58 +0000 2020","id":1248657991022153728,"id_str":"1248657991022153728","text":"RT @xdz12345: \u4e00\u5bf9\u5077\u60c5\u5c0f\u60c5\u4fa3\u5728\u73a9\u8f66\u9707 https:\/\/t.co\/gqsLWlKorA","source":"\u003ca href=\"http:\/\/twitter.com\/download\/android\" rel=\"nofollow\"\u003eTwitter for Android\u003c\/a\u003e","truncated":false,"in_reply_to_status_id":null,"in_reply_to_status_id_str":null,"in_reply_to_user_id":null,"in_reply_to_user_id_str":null,"in_reply_to_screen_name":null,"user":{"id":1203487297963880449,"id_str":"1203487297963880449","name":"Aryo.L","screen_name":"AryoL18","location":"Karawang Timur, Indonesia","url":null,"description":null,"translator_type":"none","protected":false,"verified":false,"followers_count":6,"friends_count":382,"listed_count":0,"favourites_count":2,"statuses_count":425,"created_at":"Sun Dec 08 01:32:18 +0000 2019","utc_offset":null,"time_zone":null,"geo_enabled":false,"lang":null,"contributors_enabled":false,"is_translator":false,"profile_background_color":"F5F8FA","profile_background_image_url":"","profile_background_image_url_https":"","profile_background_tile":false,"profile_link_color":"1DA1F2","profile_sidebar_border_color":"C0DEED","profile_sidebar_fill_color":"DDEEF6","profile_text_color":"333333","profile_use_background_image":true,"profile_image_url":"http:\/\/pbs.twimg.com\/profile_images\/1208284111846068224\/SSnyCsaP_normal.jpg","profile_image_url_https":"https:\/\/pbs.twimg.com\/profile_images\/1208284111846068224\/SSnyCsaP_normal.jpg","default_profile":true,"default_profile_image":false,"following":null,"follow_request_sent":null,"notifications":null},"geo":null,"coordinates":null,"place":null,"contributors":null,"retweeted_status":{"created_at":"Sun Mar 08 00:27:49 +0000 2020","id":1236448501640220673,"id_str":"1236448501640220673","text":"\u4e00\u5bf9\u5077\u60c5\u5c0f\u60c5\u4fa3\u5728\u73a9\u8f66\u9707 https:\/\/t.co\/gqsLWlKorA","display_text_range":[0,11],"source":"\u003ca href=\"http:\/\/twitter.com\/download\/android\" rel=\"nofollow\"\u003eTwitter for Android\u003c\/a\u003e","truncated":false,"in_reply_to_status_id":null,"in_reply_to_status_id_str":null,"in_reply_to_user_id":null,"in_reply_to_user_id_str":null,"in_reply_to_screen_name":null,"user":{"id":1235066853426253824,"id_str":"1235066853426253824","name":"\uc7ac\ubbf8\uc788\ub294 \ub2e8\ud3b8 \uc601\ud654.","screen_name":"xdz12345","location":"\u97e9\u56fd\u9996\u5c14","url":null,"description":"\u63a8\u5e7f\u8bf7\u79c1\u4fe1\uff0c\u53ea\u4f20\u7cbe\u54c1\u89c6\u9891\uff0c\u5982\u6709\u4fb5\u72af\u8bf7\u79c1\u4fe1\u7acb\u9a6c\u5220\u9664\uff01","translator_type":"none","protected":false,"verified":false,"followers_count":29705,"friends_count":45,"listed_count":129,"favourites_count":11,"statuses_count":212,"created_at":"Wed Mar 04 04:58:10 +0000 2020","utc_offset":null,"time_zone":null,"geo_enabled":false,"lang":null,"contributors_enabled":false,"is_translator":false,"profile_background_color":"F5F8FA","profile_background_image_url":"","profile_background_image_url_https":"","profile_background_tile":false,"profile_link_color":"1DA1F2","profile_sidebar_border_color":"C0DEED","profile_sidebar_fill_color":"DDEEF6","profile_text_color":"333333","profile_use_background_image":true,"profile_image_url":"http:\/\/pbs.twimg.com\/profile_images\/1235069839149916161\/TxFYnOF4_normal.jpg","profile_image_url_https":"https:\/\/pbs.twimg.com\/profile_images\/1235069839149916161\/TxFYnOF4_normal.jpg","default_profile":true,"default_profile_image":false,"following":null,"follow_request_sent":null,"notifications":null},"geo":null,"coordinates":null,"place":null,"contributors":null,"is_quote_status":false,"quote_count":2,"reply_count":2,"retweet_count":235,"favorite_count":643,"entities":{"hashtags":[],"urls":[],"user_mentions":[],"symbols":[],"media":[{"id":1236447859660058624,"id_str":"1236447859660058624","indices":[12,35],"additional_media_info":{"monetizable":false},"media_url":"http:\/\/pbs.twimg.com\/ext_tw_video_thumb\/1236447859660058624\/pu\/img\/bgfg1KeGTzXxfKa6.jpg","media_url_https":"https:\/\/pbs.twimg.com\/ext_tw_video_thumb\/1236447859660058624\/pu\/img\/bgfg1KeGTzXxfKa6.jpg","url":"https:\/\/t.co\/gqsLWlKorA","display_url":"pic.twitter.com\/gqsLWlKorA","expanded_url":"https:\/\/twitter.com\/xdz12345\/status\/1236448501640220673\/video\/1","type":"photo","sizes":{"thumb":{"w":150,"h":150,"resize":"crop"},"large":{"w":360,"h":640,"resize":"fit"},"medium":{"w":360,"h":640,"resize":"fit"},"small":{"w":360,"h":640,"resize":"fit"}}}]},"extended_entities":{"media":[{"id":1236447859660058624,"id_str":"1236447859660058624","indices":[12,35],"additional_media_info":{"monetizable":false},"media_url":"http:\/\/pbs.twimg.com\/ext_tw_video_thumb\/1236447859660058624\/pu\/img\/bgfg1KeGTzXxfKa6.jpg","media_url_https":"https:\/\/pbs.twimg.com\/ext_tw_video_thumb\/1236447859660058624\/pu\/img\/bgfg1KeGTzXxfKa6.jpg","url":"https:\/\/t.co\/gqsLWlKorA","display_url":"pic.twitter.com\/gqsLWlKorA","expanded_url":"https:\/\/twitter.com\/xdz12345\/status\/1236448501640220673\/video\/1","type":"video","video_info":{"aspect_ratio":[9,16],"duration_millis":137680,"variants":[{"bitrate":632000,"content_type":"video\/mp4","url":"https:\/\/video.twimg.com\/ext_tw_video\/1236447859660058624\/pu\/vid\/320x568\/9ek-l-Fs8AS1LcyR.mp4?tag=10"},{"bitrate":832000,"content_type":"video\/mp4","url":"https:\/\/video.twimg.com\/ext_tw_video\/1236447859660058624\/pu\/vid\/360x640\/lj9ICAD9DLp49Abk.mp4?tag=10"},{"content_type":"application\/x-mpegURL","url":"https:\/\/video.twimg.com\/ext_tw_video\/1236447859660058624\/pu\/pl\/2B6o9AAsqXzim94f.m3u8?tag=10"}]},"sizes":{"thumb":{"w":150,"h":150,"resize":"crop"},"large":{"w":360,"h":640,"resize":"fit"},"medium":{"w":360,"h":640,"resize":"fit"},"small":{"w":360,"h":640,"resize":"fit"}}}]},"favorited":false,"retweeted":false,"possibly_sensitive":false,"filter_level":"low","lang":"zh"},"is_quote_status":false,"quote_count":0,"reply_count":0,"retweet_count":0,"favorite_count":0,"entities":{"hashtags":[],"urls":[],"user_mentions":[{"screen_name":"xdz12345","name":"\uc7ac\ubbf8\uc788\ub294 \ub2e8\ud3b8 \uc601\ud654.","id":1235066853426253824,"id_str":"1235066853426253824","indices":[3,12]}],"symbols":[],"media":[{"id":1236447859660058624,"id_str":"1236447859660058624","indices":[26,49],"additional_media_info":{"monetizable":false},"media_url":"http:\/\/pbs.twimg.com\/ext_tw_video_thumb\/1236447859660058624\/pu\/img\/bgfg1KeGTzXxfKa6.jpg","media_url_https":"https:\/\/pbs.twimg.com\/ext_tw_video_thumb\/1236447859660058624\/pu\/img\/bgfg1KeGTzXxfKa6.jpg","url":"https:\/\/t.co\/gqsLWlKorA","display_url":"pic.twitter.com\/gqsLWlKorA","expanded_url":"https:\/\/twitter.com\/xdz12345\/status\/1236448501640220673\/video\/1","type":"photo","sizes":{"thumb":{"w":150,"h":150,"resize":"crop"},"large":{"w":360,"h":640,"resize":"fit"},"medium":{"w":360,"h":640,"resize":"fit"},"small":{"w":360,"h":640,"resize":"fit"}},"source_status_id":1236448501640220673,"source_status_id_str":"1236448501640220673","source_user_id":1235066853426253824,"source_user_id_str":"1235066853426253824"}]},"extended_entities":{"media":[{"id":1236447859660058624,"id_str":"1236447859660058624","indices":[26,49],"additional_media_info":{"monetizable":false},"media_url":"http:\/\/pbs.twimg.com\/ext_tw_video_thumb\/1236447859660058624\/pu\/img\/bgfg1KeGTzXxfKa6.jpg","media_url_https":"https:\/\/pbs.twimg.com\/ext_tw_video_thumb\/1236447859660058624\/pu\/img\/bgfg1KeGTzXxfKa6.jpg","url":"https:\/\/t.co\/gqsLWlKorA","display_url":"pic.twitter.com\/gqsLWlKorA","expanded_url":"https:\/\/twitter.com\/xdz12345\/status\/1236448501640220673\/video\/1","type":"video","video_info":{"aspect_ratio":[9,16],"duration_millis":137680,"variants":[{"bitrate":632000,"content_type":"video\/mp4","url":"https:\/\/video.twimg.com\/ext_tw_video\/1236447859660058624\/pu\/vid\/320x568\/9ek-l-Fs8AS1LcyR.mp4?tag=10"},{"bitrate":832000,"content_type":"video\/mp4","url":"https:\/\/video.twimg.com\/ext_tw_video\/1236447859660058624\/pu\/vid\/360x640\/lj9ICAD9DLp49Abk.mp4?tag=10"},{"content_type":"application\/x-mpegURL","url":"https:\/\/video.twimg.com\/ext_tw_video\/1236447859660058624\/pu\/pl\/2B6o9AAsqXzim94f.m3u8?tag=10"}]},"sizes":{"thumb":{"w":150,"h":150,"resize":"crop"},"large":{"w":360,"h":640,"resize":"fit"},"medium":{"w":360,"h":640,"resize":"fit"},"small":{"w":360,"h":640,"resize":"fit"}},"source_status_id":1236448501640220673,"source_status_id_str":"1236448501640220673","source_user_id":1235066853426253824,"source_user_id_str":"1235066853426253824"}]},"favorited":false,"retweeted":false,"possibly_sensitive":false,"filter_level":"low","lang":"zh","timestamp_ms":"1586538238660"}
