{"created_at":"Fri Apr 10 17:03:49 +0000 2020","id":1248657953281933314,"id_str":"1248657953281933314","text":"@gonzalotorne Hoy d\u00eda un mensaje de texti en WhatsApp es un tuit.","display_text_range":[14,65],"source":"\u003ca href=\"http:\/\/twitter.com\/download\/android\" rel=\"nofollow\"\u003eTwitter for Android\u003c\/a\u003e","truncated":false,"in_reply_to_status_id":1248656807507234818,"in_reply_to_status_id_str":"1248656807507234818","in_reply_to_user_id":2364149406,"in_reply_to_user_id_str":"2364149406","in_reply_to_screen_name":"gonzalotorne","user":{"id":253768845,"id_str":"253768845","name":"Jagoba \u00c1lvarez Ere\u00f1o \ud83d\udd3b","screen_name":"Jagospierre","location":"Bizkaia","url":"https:\/\/www.youtube.com\/channel\/UCA7vZ4SxsuN2v-vfzFF9M2Q","description":"Historiador. Profesor de Historia y Econom\u00eda. Autor de \u00ab#TomasMeabe: escritos pol\u00edticos\u00bb y \u00abUn siglo de JJSS en Euskadi\u00bb. Coordino @EuroAlazne.","translator_type":"none","protected":false,"verified":false,"followers_count":3348,"friends_count":2083,"listed_count":64,"favourites_count":10677,"statuses_count":56371,"created_at":"Thu Feb 17 22:55:58 +0000 2011","utc_offset":null,"time_zone":null,"geo_enabled":false,"lang":null,"contributors_enabled":false,"is_translator":false,"profile_background_color":"C0DEED","profile_background_image_url":"http:\/\/abs.twimg.com\/images\/themes\/theme1\/bg.png","profile_background_image_url_https":"https:\/\/abs.twimg.com\/images\/themes\/theme1\/bg.png","profile_background_tile":true,"profile_link_color":"0084B4","profile_sidebar_border_color":"C0DEED","profile_sidebar_fill_color":"DDEEF6","profile_text_color":"333333","profile_use_background_image":true,"profile_image_url":"http:\/\/pbs.twimg.com\/profile_images\/1201092345875369985\/g5TypH7d_normal.jpg","profile_image_url_https":"https:\/\/pbs.twimg.com\/profile_images\/1201092345875369985\/g5TypH7d_normal.jpg","profile_banner_url":"https:\/\/pbs.twimg.com\/profile_banners\/253768845\/1556046177","default_profile":false,"default_profile_image":false,"following":null,"follow_request_sent":null,"notifications":null},"geo":null,"coordinates":null,"place":null,"contributors":null,"is_quote_status":false,"quote_count":0,"reply_count":0,"retweet_count":0,"favorite_count":0,"entities":{"hashtags":[],"urls":[],"user_mentions":[{"screen_name":"gonzalotorne","name":"Gonzalo Torn\u00e9","id":2364149406,"id_str":"2364149406","indices":[0,13]}],"symbols":[]},"favorited":false,"retweeted":false,"filter_level":"low","lang":"es","timestamp_ms":"1586538229662"}
