{"created_at":"Fri Apr 10 17:03:53 +0000 2020","id":1248657970050695168,"id_str":"1248657970050695168","text":"@islamketurunan knpp","display_text_range":[16,20],"source":"\u003ca href=\"http:\/\/twitter.com\/download\/android\" rel=\"nofollow\"\u003eTwitter for Android\u003c\/a\u003e","truncated":false,"in_reply_to_status_id":1248657891868852228,"in_reply_to_status_id_str":"1248657891868852228","in_reply_to_user_id":1127625594693345280,"in_reply_to_user_id_str":"1127625594693345280","in_reply_to_screen_name":"islamketurunan","user":{"id":1242420788688326658,"id_str":"1242420788688326658","name":"anin\u2728","screen_name":"immasinner__","location":"unknown","url":"https:\/\/secreto.site\/id\/13003273","description":"udh ada yg punya","translator_type":"none","protected":false,"verified":false,"followers_count":261,"friends_count":293,"listed_count":0,"favourites_count":286,"statuses_count":2344,"created_at":"Tue Mar 24 11:59:49 +0000 2020","utc_offset":null,"time_zone":null,"geo_enabled":false,"lang":null,"contributors_enabled":false,"is_translator":false,"profile_background_color":"F5F8FA","profile_background_image_url":"","profile_background_image_url_https":"","profile_background_tile":false,"profile_link_color":"1DA1F2","profile_sidebar_border_color":"C0DEED","profile_sidebar_fill_color":"DDEEF6","profile_text_color":"333333","profile_use_background_image":true,"profile_image_url":"http:\/\/pbs.twimg.com\/profile_images\/1248286821382909952\/i392w-ii_normal.jpg","profile_image_url_https":"https:\/\/pbs.twimg.com\/profile_images\/1248286821382909952\/i392w-ii_normal.jpg","profile_banner_url":"https:\/\/pbs.twimg.com\/profile_banners\/1242420788688326658\/1585160762","default_profile":true,"default_profile_image":false,"following":null,"follow_request_sent":null,"notifications":null},"geo":null,"coordinates":null,"place":null,"contributors":null,"is_quote_status":false,"quote_count":0,"reply_count":0,"retweet_count":0,"favorite_count":0,"entities":{"hashtags":[],"urls":[],"user_mentions":[{"screen_name":"islamketurunan","name":"NOVAL","id":1127625594693345280,"id_str":"1127625594693345280","indices":[0,15]}],"symbols":[]},"favorited":false,"retweeted":false,"filter_level":"low","lang":"in","timestamp_ms":"1586538233660"}
