{"created_at":"Fri Apr 10 17:03:56 +0000 2020","id":1248657982641934336,"id_str":"1248657982641934336","text":"@DnnL1RzHMQtwaqf \u3147 \u314f \uc548\ud0c0\uae5d\uac8c\ub3c4 \ud06c\uae30\uac00 \uc548\ub9de..(\ub208\ubb3c)","display_text_range":[17,39],"source":"\u003ca href=\"http:\/\/twitter.com\/download\/iphone\" rel=\"nofollow\"\u003eTwitter for iPhone\u003c\/a\u003e","truncated":false,"in_reply_to_status_id":1248657293484253185,"in_reply_to_status_id_str":"1248657293484253185","in_reply_to_user_id":1244197548123754497,"in_reply_to_user_id_str":"1244197548123754497","in_reply_to_screen_name":"DnnL1RzHMQtwaqf","user":{"id":1248053357500960768,"id_str":"1248053357500960768","name":"\ucd08\ubc18 \ud835\udc0c\ud835\udc04\ud835\udc0b\ud835\udc13_","screen_name":"melting_suga_","location":"\ubbfc\uc724\uae30 \ub9c8\uc74c\uc18d","url":null,"description":"\ud611\ucc2c\uc740 DM \u201c \ucd94\ub77d\uc740 \ub450\ub824\uc6b0\ub098 \ucc29\ub959\uc740 \ub450\ub835\uc9c0 \uc54a\uc2b5\ub2c8\ub2e4 \u201c || #\uba5c\ud2b8_\ubc15\uc81c \/ #\uba5c\ud2b8_\ud6c4\uae30 || 24\uc2dc\uac04 \uc548\uc5d0 \ub9de\uad04 \uc548\ud558\uba74 \uc5b8\uad04","translator_type":"none","protected":false,"verified":false,"followers_count":69,"friends_count":78,"listed_count":0,"favourites_count":63,"statuses_count":206,"created_at":"Thu Apr 09 01:01:36 +0000 2020","utc_offset":null,"time_zone":null,"geo_enabled":false,"lang":null,"contributors_enabled":false,"is_translator":false,"profile_background_color":"F5F8FA","profile_background_image_url":"","profile_background_image_url_https":"","profile_background_tile":false,"profile_link_color":"1DA1F2","profile_sidebar_border_color":"C0DEED","profile_sidebar_fill_color":"DDEEF6","profile_text_color":"333333","profile_use_background_image":true,"profile_image_url":"http:\/\/pbs.twimg.com\/profile_images\/1248053508525281282\/XIiqDW36_normal.jpg","profile_image_url_https":"https:\/\/pbs.twimg.com\/profile_images\/1248053508525281282\/XIiqDW36_normal.jpg","profile_banner_url":"https:\/\/pbs.twimg.com\/profile_banners\/1248053357500960768\/1586402028","default_profile":true,"default_profile_image":false,"following":null,"follow_request_sent":null,"notifications":null},"geo":null,"coordinates":null,"place":null,"contributors":null,"is_quote_status":false,"quote_count":0,"reply_count":0,"retweet_count":0,"favorite_count":0,"entities":{"hashtags":[],"urls":[],"user_mentions":[{"screen_name":"DnnL1RzHMQtwaqf","name":"KORE\uac00\uace0\ub798\uace0\ub904\uccb4","id":1244197548123754497,"id_str":"1244197548123754497","indices":[0,16]}],"symbols":[]},"favorited":false,"retweeted":false,"filter_level":"low","lang":"ko","timestamp_ms":"1586538236662"}
