{"created_at":"Fri Apr 10 17:03:53 +0000 2020","id":1248657970075860992,"id_str":"1248657970075860992","text":"RT @armysstruggles: https:\/\/t.co\/1Z9JDECxHe","source":"\u003ca href=\"http:\/\/twitter.com\/download\/iphone\" rel=\"nofollow\"\u003eTwitter for iPhone\u003c\/a\u003e","truncated":false,"in_reply_to_status_id":null,"in_reply_to_status_id_str":null,"in_reply_to_user_id":null,"in_reply_to_user_id_str":null,"in_reply_to_screen_name":null,"user":{"id":1192785099823038464,"id_str":"1192785099823038464","name":"\ud835\uddba \ud835\uddc6 \ud835\uddbe \ud835\uddbe \ud835\uddcb \ud835\uddba\u2077 \ud83e\udd63\ud83e\uddf8 \ud835\uddc6\ud835\uddc2\ud835\uddcc\ud835\uddcc\ud835\uddbe\ud835\uddcc \ud835\uddd2\ud835\uddc8\ud835\uddc8\ud835\uddc7\ud835\uddc0\ud835\uddc2","screen_name":"yoomfi_core","location":"\ud835\uddcd\ud835\uddd1\ud835\uddcd.\ud835\uddc7\ud835\uddbc\ud835\uddcd \u2606 \ud835\uddcc\ud835\uddc1\ud835\uddbe\/\ud835\uddc1\ud835\uddbe\ud835\uddcb","url":null,"description":"#YOONGI : \ud835\uddc1\ud835\uddc8\ud835\uddc5\ud835\uddbd ... \ud835\uddc6\ud835\uddd2 ... \ud835\uddc1\ud835\uddba\ud835\uddc7\ud835\uddbd !! \u2022 \ud83d\udc8c","translator_type":"none","protected":false,"verified":false,"followers_count":454,"friends_count":695,"listed_count":1,"favourites_count":6562,"statuses_count":4540,"created_at":"Fri Nov 08 12:45:09 +0000 2019","utc_offset":null,"time_zone":null,"geo_enabled":false,"lang":null,"contributors_enabled":false,"is_translator":false,"profile_background_color":"F5F8FA","profile_background_image_url":"","profile_background_image_url_https":"","profile_background_tile":false,"profile_link_color":"1DA1F2","profile_sidebar_border_color":"C0DEED","profile_sidebar_fill_color":"DDEEF6","profile_text_color":"333333","profile_use_background_image":true,"profile_image_url":"http:\/\/pbs.twimg.com\/profile_images\/1245283272826843136\/IbVHIGZp_normal.jpg","profile_image_url_https":"https:\/\/pbs.twimg.com\/profile_images\/1245283272826843136\/IbVHIGZp_normal.jpg","profile_banner_url":"https:\/\/pbs.twimg.com\/profile_banners\/1192785099823038464\/1585733644","default_profile":true,"default_profile_image":false,"following":null,"follow_request_sent":null,"notifications":null},"geo":null,"coordinates":null,"place":null,"contributors":null,"retweeted_status":{"created_at":"Fri Apr 10 11:45:59 +0000 2020","id":1248577966956740608,"id_str":"1248577966956740608","text":"https:\/\/t.co\/1Z9JDECxHe","display_text_range":[0,0],"source":"\u003ca href=\"http:\/\/twitter.com\/download\/android\" rel=\"nofollow\"\u003eTwitter for Android\u003c\/a\u003e","truncated":false,"in_reply_to_status_id":null,"in_reply_to_status_id_str":null,"in_reply_to_user_id":null,"in_reply_to_user_id_str":null,"in_reply_to_screen_name":null,"user":{"id":1229050482078945280,"id_str":"1229050482078945280","name":"army struggles tweet\u2077","screen_name":"armysstruggles","location":"Official Army Struggle page.","url":null,"description":"Send me an army struggle tweet through DM's. @2kinassbichss","translator_type":"none","protected":false,"verified":false,"followers_count":11280,"friends_count":272,"listed_count":13,"favourites_count":442,"statuses_count":474,"created_at":"Sun Feb 16 14:30:56 +0000 2020","utc_offset":null,"time_zone":null,"geo_enabled":false,"lang":null,"contributors_enabled":false,"is_translator":false,"profile_background_color":"F5F8FA","profile_background_image_url":"","profile_background_image_url_https":"","profile_background_tile":false,"profile_link_color":"1DA1F2","profile_sidebar_border_color":"C0DEED","profile_sidebar_fill_color":"DDEEF6","profile_text_color":"333333","profile_use_background_image":true,"profile_image_url":"http:\/\/pbs.twimg.com\/profile_images\/1246850211970011136\/HgX1pnhP_normal.jpg","profile_image_url_https":"https:\/\/pbs.twimg.com\/profile_images\/1246850211970011136\/HgX1pnhP_normal.jpg","profile_banner_url":"https:\/\/pbs.twimg.com\/profile_banners\/1229050482078945280\/1586532450","default_profile":true,"default_profile_image":false,"following":null,"follow_request_sent":null,"notifications":null},"geo":null,"coordinates":null,"place":null,"contributors":null,"is_quote_status":false,"quote_count":41,"reply_count":80,"retweet_count":374,"favorite_count":2366,"entities":{"hashtags":[],"urls":[],"user_mentions":[],"symbols":[],"media":[{"id":1248577956059856897,"id_str":"1248577956059856897","indices":[0,23],"media_url":"http:\/\/pbs.twimg.com\/media\/EVPXCSlUwAE46vz.jpg","media_url_https":"https:\/\/pbs.twimg.com\/media\/EVPXCSlUwAE46vz.jpg","url":"https:\/\/t.co\/1Z9JDECxHe","display_url":"pic.twitter.com\/1Z9JDECxHe","expanded_url":"https:\/\/twitter.com\/armysstruggles\/status\/1248577966956740608\/photo\/1","type":"photo","sizes":{"thumb":{"w":150,"h":150,"resize":"crop"},"small":{"w":680,"h":351,"resize":"fit"},"large":{"w":720,"h":372,"resize":"fit"},"medium":{"w":720,"h":372,"resize":"fit"}}}]},"extended_entities":{"media":[{"id":1248577956059856897,"id_str":"1248577956059856897","indices":[0,23],"media_url":"http:\/\/pbs.twimg.com\/media\/EVPXCSlUwAE46vz.jpg","media_url_https":"https:\/\/pbs.twimg.com\/media\/EVPXCSlUwAE46vz.jpg","url":"https:\/\/t.co\/1Z9JDECxHe","display_url":"pic.twitter.com\/1Z9JDECxHe","expanded_url":"https:\/\/twitter.com\/armysstruggles\/status\/1248577966956740608\/photo\/1","type":"photo","sizes":{"thumb":{"w":150,"h":150,"resize":"crop"},"small":{"w":680,"h":351,"resize":"fit"},"large":{"w":720,"h":372,"resize":"fit"},"medium":{"w":720,"h":372,"resize":"fit"}}},{"id":1248577958710611968,"id_str":"1248577958710611968","indices":[0,23],"media_url":"http:\/\/pbs.twimg.com\/media\/EVPXCcdUEAAC8TI.jpg","media_url_https":"https:\/\/pbs.twimg.com\/media\/EVPXCcdUEAAC8TI.jpg","url":"https:\/\/t.co\/1Z9JDECxHe","display_url":"pic.twitter.com\/1Z9JDECxHe","expanded_url":"https:\/\/twitter.com\/armysstruggles\/status\/1248577966956740608\/photo\/1","type":"photo","sizes":{"thumb":{"w":150,"h":150,"resize":"crop"},"small":{"w":423,"h":680,"resize":"fit"},"large":{"w":720,"h":1157,"resize":"fit"},"medium":{"w":720,"h":1157,"resize":"fit"}}},{"id":1248577964985315328,"id_str":"1248577964985315328","indices":[0,23],"media_url":"http:\/\/pbs.twimg.com\/media\/EVPXCz1UcAAXISj.jpg","media_url_https":"https:\/\/pbs.twimg.com\/media\/EVPXCz1UcAAXISj.jpg","url":"https:\/\/t.co\/1Z9JDECxHe","display_url":"pic.twitter.com\/1Z9JDECxHe","expanded_url":"https:\/\/twitter.com\/armysstruggles\/status\/1248577966956740608\/photo\/1","type":"photo","sizes":{"thumb":{"w":150,"h":150,"resize":"crop"},"large":{"w":720,"h":543,"resize":"fit"},"medium":{"w":720,"h":543,"resize":"fit"},"small":{"w":680,"h":513,"resize":"fit"}}}]},"favorited":false,"retweeted":false,"possibly_sensitive":false,"filter_level":"low","lang":"und"},"is_quote_status":false,"quote_count":0,"reply_count":0,"retweet_count":0,"favorite_count":0,"entities":{"hashtags":[],"urls":[],"user_mentions":[{"screen_name":"armysstruggles","name":"army struggles tweet\u2077","id":1229050482078945280,"id_str":"1229050482078945280","indices":[3,18]}],"symbols":[],"media":[{"id":1248577956059856897,"id_str":"1248577956059856897","indices":[20,43],"media_url":"http:\/\/pbs.twimg.com\/media\/EVPXCSlUwAE46vz.jpg","media_url_https":"https:\/\/pbs.twimg.com\/media\/EVPXCSlUwAE46vz.jpg","url":"https:\/\/t.co\/1Z9JDECxHe","display_url":"pic.twitter.com\/1Z9JDECxHe","expanded_url":"https:\/\/twitter.com\/armysstruggles\/status\/1248577966956740608\/photo\/1","type":"photo","sizes":{"thumb":{"w":150,"h":150,"resize":"crop"},"small":{"w":680,"h":351,"resize":"fit"},"large":{"w":720,"h":372,"resize":"fit"},"medium":{"w":720,"h":372,"resize":"fit"}},"source_status_id":1248577966956740608,"source_status_id_str":"1248577966956740608","source_user_id":1229050482078945280,"source_user_id_str":"1229050482078945280"}]},"extended_entities":{"media":[{"id":1248577956059856897,"id_str":"1248577956059856897","indices":[20,43],"media_url":"http:\/\/pbs.twimg.com\/media\/EVPXCSlUwAE46vz.jpg","media_url_https":"https:\/\/pbs.twimg.com\/media\/EVPXCSlUwAE46vz.jpg","url":"https:\/\/t.co\/1Z9JDECxHe","display_url":"pic.twitter.com\/1Z9JDECxHe","expanded_url":"https:\/\/twitter.com\/armysstruggles\/status\/1248577966956740608\/photo\/1","type":"photo","sizes":{"thumb":{"w":150,"h":150,"resize":"crop"},"small":{"w":680,"h":351,"resize":"fit"},"large":{"w":720,"h":372,"resize":"fit"},"medium":{"w":720,"h":372,"resize":"fit"}},"source_status_id":1248577966956740608,"source_status_id_str":"1248577966956740608","source_user_id":1229050482078945280,"source_user_id_str":"1229050482078945280"},{"id":1248577958710611968,"id_str":"1248577958710611968","indices":[20,43],"media_url":"http:\/\/pbs.twimg.com\/media\/EVPXCcdUEAAC8TI.jpg","media_url_https":"https:\/\/pbs.twimg.com\/media\/EVPXCcdUEAAC8TI.jpg","url":"https:\/\/t.co\/1Z9JDECxHe","display_url":"pic.twitter.com\/1Z9JDECxHe","expanded_url":"https:\/\/twitter.com\/armysstruggles\/status\/1248577966956740608\/photo\/1","type":"photo","sizes":{"thumb":{"w":150,"h":150,"resize":"crop"},"small":{"w":423,"h":680,"resize":"fit"},"large":{"w":720,"h":1157,"resize":"fit"},"medium":{"w":720,"h":1157,"resize":"fit"}},"source_status_id":1248577966956740608,"source_status_id_str":"1248577966956740608","source_user_id":1229050482078945280,"source_user_id_str":"1229050482078945280"},{"id":1248577964985315328,"id_str":"1248577964985315328","indices":[20,43],"media_url":"http:\/\/pbs.twimg.com\/media\/EVPXCz1UcAAXISj.jpg","media_url_https":"https:\/\/pbs.twimg.com\/media\/EVPXCz1UcAAXISj.jpg","url":"https:\/\/t.co\/1Z9JDECxHe","display_url":"pic.twitter.com\/1Z9JDECxHe","expanded_url":"https:\/\/twitter.com\/armysstruggles\/status\/1248577966956740608\/photo\/1","type":"photo","sizes":{"thumb":{"w":150,"h":150,"resize":"crop"},"large":{"w":720,"h":543,"resize":"fit"},"medium":{"w":720,"h":543,"resize":"fit"},"small":{"w":680,"h":513,"resize":"fit"}},"source_status_id":1248577966956740608,"source_status_id_str":"1248577966956740608","source_user_id":1229050482078945280,"source_user_id_str":"1229050482078945280"}]},"favorited":false,"retweeted":false,"possibly_sensitive":true,"filter_level":"low","lang":"und","timestamp_ms":"1586538233666"}
