{"created_at":"Fri Apr 10 17:03:49 +0000 2020","id":1248657953269452800,"id_str":"1248657953269452800","text":"@Finalnesperado @daniela397 que co\u00f1o va a entender si era frances....","display_text_range":[28,69],"source":"\u003ca href=\"https:\/\/mobile.twitter.com\" rel=\"nofollow\"\u003eTwitter Web App\u003c\/a\u003e","truncated":false,"in_reply_to_status_id":1248284807831879682,"in_reply_to_status_id_str":"1248284807831879682","in_reply_to_user_id":1214211390296059904,"in_reply_to_user_id_str":"1214211390296059904","in_reply_to_screen_name":"Finalnesperado","user":{"id":109031817,"id_str":"109031817","name":"Daniel Farias","screen_name":"D_nielF","location":"Buenos Aires, Argentina","url":null,"description":"typing...","translator_type":"regular","protected":false,"verified":false,"followers_count":187,"friends_count":132,"listed_count":1,"favourites_count":13795,"statuses_count":7697,"created_at":"Wed Jan 27 19:20:14 +0000 2010","utc_offset":null,"time_zone":null,"geo_enabled":true,"lang":null,"contributors_enabled":false,"is_translator":false,"profile_background_color":"131516","profile_background_image_url":"http:\/\/abs.twimg.com\/images\/themes\/theme14\/bg.gif","profile_background_image_url_https":"https:\/\/abs.twimg.com\/images\/themes\/theme14\/bg.gif","profile_background_tile":true,"profile_link_color":"009999","profile_sidebar_border_color":"EEEEEE","profile_sidebar_fill_color":"EFEFEF","profile_text_color":"333333","profile_use_background_image":true,"profile_image_url":"http:\/\/pbs.twimg.com\/profile_images\/1222323317581012994\/5-pRracO_normal.jpg","profile_image_url_https":"https:\/\/pbs.twimg.com\/profile_images\/1222323317581012994\/5-pRracO_normal.jpg","profile_banner_url":"https:\/\/pbs.twimg.com\/profile_banners\/109031817\/1582165995","default_profile":false,"default_profile_image":false,"following":null,"follow_request_sent":null,"notifications":null},"geo":null,"coordinates":null,"place":null,"contributors":null,"is_quote_status":false,"quote_count":0,"reply_count":0,"retweet_count":0,"favorite_count":0,"entities":{"hashtags":[],"urls":[],"user_mentions":[{"screen_name":"Finalnesperado","name":"Finales Inesperados","id":1214211390296059904,"id_str":"1214211390296059904","indices":[0,15]},{"screen_name":"daniela397","name":"Daniela Hernandez","id":50196259,"id_str":"50196259","indices":[16,27]}],"symbols":[]},"favorited":false,"retweeted":false,"filter_level":"low","lang":"es","timestamp_ms":"1586538229659"}
