{"created_at":"Fri Apr 10 17:03:48 +0000 2020","id":1248657949074944002,"id_str":"1248657949074944002","text":"Ol\u00e1 pessoal, Boa tarde!!      \n Nesse post, irei explicar um pouco de como atrair clientes com o Instagram... \n\u2022\n\u2022\u2026 https:\/\/t.co\/1Y7cpiMiCC","source":"\u003ca href=\"http:\/\/instagram.com\" rel=\"nofollow\"\u003eInstagram\u003c\/a\u003e","truncated":true,"in_reply_to_status_id":null,"in_reply_to_status_id_str":null,"in_reply_to_user_id":null,"in_reply_to_user_id_str":null,"in_reply_to_screen_name":null,"user":{"id":938059213405908993,"id_str":"938059213405908993","name":"Jefferson Gomes\ud83c\udf7a\ud83c\udfa4","screen_name":"Gomesjefffd","location":"Natal RN","url":null,"description":"18 Anos\nFlamenguista \u26ab\ud83d\udd34","translator_type":"none","protected":false,"verified":false,"followers_count":285,"friends_count":465,"listed_count":0,"favourites_count":995,"statuses_count":2984,"created_at":"Tue Dec 05 14:55:19 +0000 2017","utc_offset":null,"time_zone":null,"geo_enabled":false,"lang":null,"contributors_enabled":false,"is_translator":false,"profile_background_color":"F5F8FA","profile_background_image_url":"","profile_background_image_url_https":"","profile_background_tile":false,"profile_link_color":"1DA1F2","profile_sidebar_border_color":"C0DEED","profile_sidebar_fill_color":"DDEEF6","profile_text_color":"333333","profile_use_background_image":true,"profile_image_url":"http:\/\/pbs.twimg.com\/profile_images\/1246992549006512128\/5gYEo1lS_normal.jpg","profile_image_url_https":"https:\/\/pbs.twimg.com\/profile_images\/1246992549006512128\/5gYEo1lS_normal.jpg","profile_banner_url":"https:\/\/pbs.twimg.com\/profile_banners\/938059213405908993\/1585449258","default_profile":true,"default_profile_image":false,"following":null,"follow_request_sent":null,"notifications":null},"geo":null,"coordinates":null,"place":null,"contributors":null,"is_quote_status":false,"extended_tweet":{"full_text":"Ol\u00e1 pessoal, Boa tarde!!      \n Nesse post, irei explicar um pouco de como atrair clientes com o Instagram... \n\u2022\n\u2022\nO Instagram \u00e9 uma oportunidade fant\u00e1stica para converter seguidores em clientes e para fidelizar quem\u2026 https:\/\/t.co\/A6g57YlJ2n","display_text_range":[0,241],"entities":{"hashtags":[],"urls":[{"url":"https:\/\/t.co\/A6g57YlJ2n","expanded_url":"https:\/\/www.instagram.com\/p\/B-ztwYzlgPs\/?igshid=3bxp09hawfs2","display_url":"instagram.com\/p\/B-ztwYzlgPs\/\u2026","indices":[218,241]}],"user_mentions":[],"symbols":[]}},"quote_count":0,"reply_count":0,"retweet_count":0,"favorite_count":0,"entities":{"hashtags":[],"urls":[{"url":"https:\/\/t.co\/1Y7cpiMiCC","expanded_url":"https:\/\/twitter.com\/i\/web\/status\/1248657949074944002","display_url":"twitter.com\/i\/web\/status\/1\u2026","indices":[116,139]}],"user_mentions":[],"symbols":[]},"favorited":false,"retweeted":false,"possibly_sensitive":false,"filter_level":"low","lang":"pt","timestamp_ms":"1586538228659"}
