{"created_at":"Fri Apr 10 17:03:52 +0000 2020","id":1248657965877547015,"id_str":"1248657965877547015","text":"RT @SoHaiB__0: \u0645\u06cc\u0631\u0627 \u0638\u0631\u0641 \u0633\u0645\u062c\u06be\u0648 \u06cc\u0627 \u0645\u06cc\u0631\u06cc \u0630\u0627\u062a \u06a9\u0627 \u067e\u0631\u062f\u06c1\n\u0645\u06cc\u06ba \u062c\u0628 \u0633\u06d2 \u0679\u0648\u0679\u0627 \u06c1\u0648\u06ba \u0686\u067e \u0631\u06c1\u062a\u0627 \u06c1\u0648\u06ba\u06d4   \n#\u0627\u062f\u0628_\u06a9\u0627_\u0633\u0641\u0631","source":"\u003ca href=\"https:\/\/mobile.twitter.com\" rel=\"nofollow\"\u003eTwitter Web App\u003c\/a\u003e","truncated":false,"in_reply_to_status_id":null,"in_reply_to_status_id_str":null,"in_reply_to_user_id":null,"in_reply_to_user_id_str":null,"in_reply_to_screen_name":null,"user":{"id":1077779702021087234,"id_str":"1077779702021087234","name":"\ud83c\udf38\u0635\u06c1\u06cc\u0628 \u062d\u0645\u06cc\u062f\ud83c\udf38","screen_name":"SoHaiB___0","location":"Pakistan","url":"https:\/\/twitter.com\/search?q=from%3A%40Sohaib___0&s=09","description":"\u200f\u200f\u2764\u200f\u200f\u06a9\u0648\u0626\u06cc \u062a\u062f\u0628\u06cc\u0631 \u06a9\u0631\u0648 \u060c \u0648\u0642\u062a \u06a9\u0648 \u0631\u0648\u06a9\u0648 \u06cc\u0627\u0631\u0648!\u2764\n\u0635\u0628\u062d \u062f\u06cc\u06a9\u06be\u06cc \u06c1\u06cc \u0646\u06c1\u06cc\u06ba \u060c \u0634\u0627\u0645 \u06c1\u0648\u0626\u06cc \u062c\u0627\u062a\u06cc \u06c1\u06d2\u2764","translator_type":"none","protected":false,"verified":false,"followers_count":1366,"friends_count":250,"listed_count":0,"favourites_count":28,"statuses_count":54706,"created_at":"Wed Dec 26 04:14:39 +0000 2018","utc_offset":null,"time_zone":null,"geo_enabled":false,"lang":null,"contributors_enabled":false,"is_translator":false,"profile_background_color":"F5F8FA","profile_background_image_url":"","profile_background_image_url_https":"","profile_background_tile":false,"profile_link_color":"1DA1F2","profile_sidebar_border_color":"C0DEED","profile_sidebar_fill_color":"DDEEF6","profile_text_color":"333333","profile_use_background_image":true,"profile_image_url":"http:\/\/pbs.twimg.com\/profile_images\/1237375095355641856\/mQekcCr5_normal.jpg","profile_image_url_https":"https:\/\/pbs.twimg.com\/profile_images\/1237375095355641856\/mQekcCr5_normal.jpg","profile_banner_url":"https:\/\/pbs.twimg.com\/profile_banners\/1077779702021087234\/1585536578","default_profile":true,"default_profile_image":false,"following":null,"follow_request_sent":null,"notifications":null},"geo":null,"coordinates":null,"place":null,"contributors":null,"retweeted_status":{"created_at":"Thu Mar 12 06:30:04 +0000 2020","id":1237989217071964160,"id_str":"1237989217071964160","text":"\u0645\u06cc\u0631\u0627 \u0638\u0631\u0641 \u0633\u0645\u062c\u06be\u0648 \u06cc\u0627 \u0645\u06cc\u0631\u06cc \u0630\u0627\u062a \u06a9\u0627 \u067e\u0631\u062f\u06c1\n\u0645\u06cc\u06ba \u062c\u0628 \u0633\u06d2 \u0679\u0648\u0679\u0627 \u06c1\u0648\u06ba \u0686\u067e \u0631\u06c1\u062a\u0627 \u06c1\u0648\u06ba\u06d4   \n#\u0627\u062f\u0628_\u06a9\u0627_\u0633\u0641\u0631","source":"\u003ca href=\"http:\/\/twitter.com\/download\/android\" rel=\"nofollow\"\u003eTwitter for Android\u003c\/a\u003e","truncated":false,"in_reply_to_status_id":null,"in_reply_to_status_id_str":null,"in_reply_to_user_id":null,"in_reply_to_user_id_str":null,"in_reply_to_screen_name":null,"user":{"id":895916772087517184,"id_str":"895916772087517184","name":"\ud83c\udf38\ud83c\udd82\ud83c\udd7e\ud83c\udd77\ud83c\udd70\ud83c\udd78\ud83c\udd71 \ud83c\udd77\ud83c\udd70\ud83c\udd7c\ud83c\udd74\ud83c\udd74\ud83c\udd73\ud83c\udf38","screen_name":"SoHaiB__0","location":"Someone's\ud83d\udc49\u2764","url":"https:\/\/twitter.com\/search?q=from%3A%40Sohaib__0%24-filter%3Amentions&s=09","description":"\u200f\u200f\u200f\u200f\u200f\u200f\u200f\u200f\u200f\u200f\u200f\u200f\u0627\u062f\u0628 \u06a9\u06d2 \u0628\u063a\u06cc\u0631 \u0645\u062d\u0628\u062a \u06a9\u0627 \u06a9\u0648\u0626\u06cc \u0648\u062c\u0648\u062f \u0646\u06c1\u06cc\u06ba\nMost favorite person\n\u2764\u200e\u200e\u200e\u200e\u200e\u200e\u200e\u200e@Sana__110\u2764\n\n\u0645\u06cc\u0631\u06cc \u067e\u06c1\u0686\u0627\u0646 \u200e\u200e\u200e\u200e\u200e\u200e#\u0627\u062f\u0628_\u06a9\u0627_\u0633\u0641\u0631 \n\u06c1\u06cc\u0688 \u0622\u0641 \u200e\u200e\u200e\u200e@adab_ka_safar","translator_type":"none","protected":false,"verified":false,"followers_count":13340,"friends_count":6854,"listed_count":4,"favourites_count":18711,"statuses_count":340412,"created_at":"Fri Aug 11 07:56:18 +0000 2017","utc_offset":null,"time_zone":null,"geo_enabled":false,"lang":null,"contributors_enabled":false,"is_translator":false,"profile_background_color":"F5F8FA","profile_background_image_url":"","profile_background_image_url_https":"","profile_background_tile":false,"profile_link_color":"1DA1F2","profile_sidebar_border_color":"C0DEED","profile_sidebar_fill_color":"DDEEF6","profile_text_color":"333333","profile_use_background_image":true,"profile_image_url":"http:\/\/pbs.twimg.com\/profile_images\/1244457788044165120\/3Z7ZFlab_normal.jpg","profile_image_url_https":"https:\/\/pbs.twimg.com\/profile_images\/1244457788044165120\/3Z7ZFlab_normal.jpg","profile_banner_url":"https:\/\/pbs.twimg.com\/profile_banners\/895916772087517184\/1585133751","default_profile":true,"default_profile_image":false,"following":null,"follow_request_sent":null,"notifications":null},"geo":null,"coordinates":null,"place":null,"contributors":null,"is_quote_status":false,"quote_count":0,"reply_count":1,"retweet_count":13,"favorite_count":4,"entities":{"hashtags":[{"text":"\u0627\u062f\u0628_\u06a9\u0627_\u0633\u0641\u0631","indices":[70,81]}],"urls":[],"user_mentions":[],"symbols":[]},"favorited":false,"retweeted":false,"filter_level":"low","lang":"ur"},"is_quote_status":false,"quote_count":0,"reply_count":0,"retweet_count":0,"favorite_count":0,"entities":{"hashtags":[{"text":"\u0627\u062f\u0628_\u06a9\u0627_\u0633\u0641\u0631","indices":[85,96]}],"urls":[],"user_mentions":[{"screen_name":"SoHaiB__0","name":"\ud83c\udf38\ud83c\udd82\ud83c\udd7e\ud83c\udd77\ud83c\udd70\ud83c\udd78\ud83c\udd71 \ud83c\udd77\ud83c\udd70\ud83c\udd7c\ud83c\udd74\ud83c\udd74\ud83c\udd73\ud83c\udf38","id":895916772087517184,"id_str":"895916772087517184","indices":[3,13]}],"symbols":[]},"favorited":false,"retweeted":false,"filter_level":"low","lang":"ur","timestamp_ms":"1586538232665"}
