{"created_at":"Fri Apr 10 17:03:58 +0000 2020","id":1248657991034757122,"id_str":"1248657991034757122","text":"RT @Coll3enG: i gave my friend advice yesterday by saying \u201cgood dick makes up for everything else\u201d and she said \u201cthat philosophy is why you\u2026","source":"\u003ca href=\"http:\/\/twitter.com\/download\/iphone\" rel=\"nofollow\"\u003eTwitter for iPhone\u003c\/a\u003e","truncated":false,"in_reply_to_status_id":null,"in_reply_to_status_id_str":null,"in_reply_to_user_id":null,"in_reply_to_user_id_str":null,"in_reply_to_screen_name":null,"user":{"id":1036825139411730433,"id_str":"1036825139411730433","name":"G-sus","screen_name":"HayZues22","location":null,"url":null,"description":"I have the power of god and anime on my side","translator_type":"none","protected":false,"verified":false,"followers_count":177,"friends_count":162,"listed_count":0,"favourites_count":25772,"statuses_count":26812,"created_at":"Tue Sep 04 03:55:51 +0000 2018","utc_offset":null,"time_zone":null,"geo_enabled":false,"lang":null,"contributors_enabled":false,"is_translator":false,"profile_background_color":"F5F8FA","profile_background_image_url":"","profile_background_image_url_https":"","profile_background_tile":false,"profile_link_color":"1DA1F2","profile_sidebar_border_color":"C0DEED","profile_sidebar_fill_color":"DDEEF6","profile_text_color":"333333","profile_use_background_image":true,"profile_image_url":"http:\/\/pbs.twimg.com\/profile_images\/1242846442504384512\/J9y4CdB2_normal.jpg","profile_image_url_https":"https:\/\/pbs.twimg.com\/profile_images\/1242846442504384512\/J9y4CdB2_normal.jpg","profile_banner_url":"https:\/\/pbs.twimg.com\/profile_banners\/1036825139411730433\/1543987884","default_profile":true,"default_profile_image":false,"following":null,"follow_request_sent":null,"notifications":null},"geo":null,"coordinates":null,"place":null,"contributors":null,"retweeted_status":{"created_at":"Fri Apr 10 01:09:40 +0000 2020","id":1248417832917852170,"id_str":"1248417832917852170","text":"i gave my friend advice yesterday by saying \u201cgood dick makes up for everything else\u201d and she said \u201cthat philosophy\u2026 https:\/\/t.co\/JjBGXCIgy6","source":"\u003ca href=\"http:\/\/twitter.com\/download\/iphone\" rel=\"nofollow\"\u003eTwitter for iPhone\u003c\/a\u003e","truncated":true,"in_reply_to_status_id":null,"in_reply_to_status_id_str":null,"in_reply_to_user_id":null,"in_reply_to_user_id_str":null,"in_reply_to_screen_name":null,"user":{"id":722942130,"id_str":"722942130","name":"colleen","screen_name":"Coll3enG","location":"arizona state","url":"http:\/\/instagram.com\/coll3eng","description":"local chaotic bitch\u2022 she\/ her","translator_type":"none","protected":false,"verified":false,"followers_count":59618,"friends_count":658,"listed_count":46,"favourites_count":45992,"statuses_count":22020,"created_at":"Sat Jul 28 22:40:30 +0000 2012","utc_offset":null,"time_zone":null,"geo_enabled":true,"lang":null,"contributors_enabled":false,"is_translator":false,"profile_background_color":"000000","profile_background_image_url":"http:\/\/abs.twimg.com\/images\/themes\/theme4\/bg.gif","profile_background_image_url_https":"https:\/\/abs.twimg.com\/images\/themes\/theme4\/bg.gif","profile_background_tile":false,"profile_link_color":"9266CC","profile_sidebar_border_color":"000000","profile_sidebar_fill_color":"000000","profile_text_color":"000000","profile_use_background_image":false,"profile_image_url":"http:\/\/pbs.twimg.com\/profile_images\/1231071089872105472\/WmQyiFuK_normal.jpg","profile_image_url_https":"https:\/\/pbs.twimg.com\/profile_images\/1231071089872105472\/WmQyiFuK_normal.jpg","profile_banner_url":"https:\/\/pbs.twimg.com\/profile_banners\/722942130\/1567443617","default_profile":false,"default_profile_image":false,"following":null,"follow_request_sent":null,"notifications":null},"geo":null,"coordinates":null,"place":null,"contributors":null,"is_quote_status":false,"extended_tweet":{"full_text":"i gave my friend advice yesterday by saying \u201cgood dick makes up for everything else\u201d and she said \u201cthat philosophy is why you date losers and cry six times a day\u201d i-","display_text_range":[0,165],"entities":{"hashtags":[],"urls":[],"user_mentions":[],"symbols":[]}},"quote_count":45,"reply_count":13,"retweet_count":500,"favorite_count":7346,"entities":{"hashtags":[],"urls":[{"url":"https:\/\/t.co\/JjBGXCIgy6","expanded_url":"https:\/\/twitter.com\/i\/web\/status\/1248417832917852170","display_url":"twitter.com\/i\/web\/status\/1\u2026","indices":[116,139]}],"user_mentions":[],"symbols":[]},"favorited":false,"retweeted":false,"filter_level":"low","lang":"en"},"is_quote_status":false,"quote_count":0,"reply_count":0,"retweet_count":0,"favorite_count":0,"entities":{"hashtags":[],"urls":[],"user_mentions":[{"screen_name":"Coll3enG","name":"colleen","id":722942130,"id_str":"722942130","indices":[3,12]}],"symbols":[]},"favorited":false,"retweeted":false,"filter_level":"low","lang":"en","timestamp_ms":"1586538238663"}
