{"created_at":"Fri Apr 10 17:03:54 +0000 2020","id":1248657974261960705,"id_str":"1248657974261960705","text":"RT @CeegaWaMeropa1: #Shimza\nPlease retweet my 5hr live for 2day with more than 23k views . Maybe it might reach someone's willing to work w\u2026","source":"\u003ca href=\"http:\/\/twitter.com\/download\/android\" rel=\"nofollow\"\u003eTwitter for Android\u003c\/a\u003e","truncated":false,"in_reply_to_status_id":null,"in_reply_to_status_id_str":null,"in_reply_to_user_id":null,"in_reply_to_user_id_str":null,"in_reply_to_screen_name":null,"user":{"id":433348749,"id_str":"433348749","name":"Lungile Jafri","screen_name":"Lungileprue","location":"Kempton Park","url":null,"description":"MBA strategy and management. Mother to the most precious gift and working towards the dream","translator_type":"none","protected":false,"verified":false,"followers_count":869,"friends_count":1073,"listed_count":0,"favourites_count":1033,"statuses_count":1407,"created_at":"Sat Dec 10 13:10:19 +0000 2011","utc_offset":null,"time_zone":null,"geo_enabled":false,"lang":null,"contributors_enabled":false,"is_translator":false,"profile_background_color":"C0DEED","profile_background_image_url":"http:\/\/abs.twimg.com\/images\/themes\/theme1\/bg.png","profile_background_image_url_https":"https:\/\/abs.twimg.com\/images\/themes\/theme1\/bg.png","profile_background_tile":false,"profile_link_color":"1DA1F2","profile_sidebar_border_color":"C0DEED","profile_sidebar_fill_color":"DDEEF6","profile_text_color":"333333","profile_use_background_image":true,"profile_image_url":"http:\/\/pbs.twimg.com\/profile_images\/950840772974301184\/hrT--4hT_normal.jpg","profile_image_url_https":"https:\/\/pbs.twimg.com\/profile_images\/950840772974301184\/hrT--4hT_normal.jpg","default_profile":true,"default_profile_image":false,"following":null,"follow_request_sent":null,"notifications":null},"geo":null,"coordinates":null,"place":null,"contributors":null,"retweeted_status":{"created_at":"Fri Apr 10 16:39:56 +0000 2020","id":1248651943033085962,"id_str":"1248651943033085962","text":"#Shimza\nPlease retweet my 5hr live for 2day with more than 23k views . Maybe it might reach someone's willing to wo\u2026 https:\/\/t.co\/dHPRN7ZxR0","display_text_range":[0,140],"source":"\u003ca href=\"http:\/\/twitter.com\/download\/android\" rel=\"nofollow\"\u003eTwitter for Android\u003c\/a\u003e","truncated":true,"in_reply_to_status_id":null,"in_reply_to_status_id_str":null,"in_reply_to_user_id":null,"in_reply_to_user_id_str":null,"in_reply_to_screen_name":null,"user":{"id":1010515042490634240,"id_str":"1010515042490634240","name":"CeegaWaMeropa","screen_name":"CeegaWaMeropa1","location":"Bethlehem, South Africa","url":null,"description":"National DJ & Founder of Meropa Sessions. \n\nFor Bookings:\n\u260e\ufe0f 0739844001 \n\u2709\ufe0f ceegameropa1@gmail.com","translator_type":"none","protected":false,"verified":false,"followers_count":11365,"friends_count":492,"listed_count":3,"favourites_count":1709,"statuses_count":781,"created_at":"Sat Jun 23 13:28:55 +0000 2018","utc_offset":null,"time_zone":null,"geo_enabled":true,"lang":null,"contributors_enabled":false,"is_translator":false,"profile_background_color":"F5F8FA","profile_background_image_url":"","profile_background_image_url_https":"","profile_background_tile":false,"profile_link_color":"1DA1F2","profile_sidebar_border_color":"C0DEED","profile_sidebar_fill_color":"DDEEF6","profile_text_color":"333333","profile_use_background_image":true,"profile_image_url":"http:\/\/pbs.twimg.com\/profile_images\/1020402269253259270\/ylkL1NAr_normal.jpg","profile_image_url_https":"https:\/\/pbs.twimg.com\/profile_images\/1020402269253259270\/ylkL1NAr_normal.jpg","profile_banner_url":"https:\/\/pbs.twimg.com\/profile_banners\/1010515042490634240\/1529989654","default_profile":true,"default_profile_image":false,"following":null,"follow_request_sent":null,"notifications":null},"geo":null,"coordinates":null,"place":{"id":"9d7cae88ff6a29f5","url":"https:\/\/api.twitter.com\/1.1\/geo\/id\/9d7cae88ff6a29f5.json","place_type":"city","name":"Durban","full_name":"Durban, South Africa","country_code":"ZA","country":"South Africa","bounding_box":{"type":"Polygon","coordinates":[[[30.878910,-30.055938],[30.878910,-29.745334],[31.066249,-29.745334],[31.066249,-30.055938]]]},"attributes":{}},"contributors":null,"is_quote_status":false,"extended_tweet":{"full_text":"#Shimza\nPlease retweet my 5hr live for 2day with more than 23k views . Maybe it might reach someone's willing to work with me.. I appreciate your support.\n\nIf u missed the show u can catch on the links below \n\nLink 1: https:\/\/t.co\/wzLr4GILny https:\/\/t.co\/T7m5myVUhR","display_text_range":[0,241],"entities":{"hashtags":[{"text":"Shimza","indices":[0,7]}],"urls":[{"url":"https:\/\/t.co\/wzLr4GILny","expanded_url":"https:\/\/m.facebook.com\/story.php?story_fbid=3070436249675229&id=240878622757724","display_url":"m.facebook.com\/story.php?stor\u2026","indices":[218,241]}],"user_mentions":[],"symbols":[],"media":[{"id":1248651928331898882,"id_str":"1248651928331898882","indices":[242,265],"media_url":"http:\/\/pbs.twimg.com\/media\/EVQaUCxUUAIygG7.jpg","media_url_https":"https:\/\/pbs.twimg.com\/media\/EVQaUCxUUAIygG7.jpg","url":"https:\/\/t.co\/T7m5myVUhR","display_url":"pic.twitter.com\/T7m5myVUhR","expanded_url":"https:\/\/twitter.com\/CeegaWaMeropa1\/status\/1248651943033085962\/photo\/1","type":"photo","sizes":{"thumb":{"w":150,"h":150,"resize":"crop"},"large":{"w":1144,"h":1144,"resize":"fit"},"medium":{"w":1144,"h":1144,"resize":"fit"},"small":{"w":680,"h":680,"resize":"fit"}}}]},"extended_entities":{"media":[{"id":1248651928331898882,"id_str":"1248651928331898882","indices":[242,265],"media_url":"http:\/\/pbs.twimg.com\/media\/EVQaUCxUUAIygG7.jpg","media_url_https":"https:\/\/pbs.twimg.com\/media\/EVQaUCxUUAIygG7.jpg","url":"https:\/\/t.co\/T7m5myVUhR","display_url":"pic.twitter.com\/T7m5myVUhR","expanded_url":"https:\/\/twitter.com\/CeegaWaMeropa1\/status\/1248651943033085962\/photo\/1","type":"photo","sizes":{"thumb":{"w":150,"h":150,"resize":"crop"},"large":{"w":1144,"h":1144,"resize":"fit"},"medium":{"w":1144,"h":1144,"resize":"fit"},"small":{"w":680,"h":680,"resize":"fit"}}}]}},"quote_count":15,"reply_count":35,"retweet_count":558,"favorite_count":595,"entities":{"hashtags":[{"text":"Shimza","indices":[0,7]}],"urls":[{"url":"https:\/\/t.co\/dHPRN7ZxR0","expanded_url":"https:\/\/twitter.com\/i\/web\/status\/1248651943033085962","display_url":"twitter.com\/i\/web\/status\/1\u2026","indices":[117,140]}],"user_mentions":[],"symbols":[]},"favorited":false,"retweeted":false,"possibly_sensitive":false,"filter_level":"low","lang":"en"},"is_quote_status":false,"quote_count":0,"reply_count":0,"retweet_count":0,"favorite_count":0,"entities":{"hashtags":[{"text":"Shimza","indices":[20,27]}],"urls":[],"user_mentions":[{"screen_name":"CeegaWaMeropa1","name":"CeegaWaMeropa","id":1010515042490634240,"id_str":"1010515042490634240","indices":[3,18]}],"symbols":[]},"favorited":false,"retweeted":false,"filter_level":"low","lang":"en","timestamp_ms":"1586538234664"}
