{"created_at":"Fri Apr 10 17:03:57 +0000 2020","id":1248657986815475712,"id_str":"1248657986815475712","text":"RT @mariama40450447: @NicolasMaduro PDTE. @NicolasMaduro escuche al pueblo liberen a #AryenisYAlfredoInocentes rectificaci\u00f3n en este caso!","source":"\u003ca href=\"http:\/\/twitter.com\/download\/android\" rel=\"nofollow\"\u003eTwitter for Android\u003c\/a\u003e","truncated":false,"in_reply_to_status_id":null,"in_reply_to_status_id_str":null,"in_reply_to_user_id":null,"in_reply_to_user_id_str":null,"in_reply_to_screen_name":null,"user":{"id":341985909,"id_str":"341985909","name":"SIN JUSTICIA NO HAY PAZ","screen_name":"yoestudiofotogr","location":"En el pa\u00eds m\u00e1s Vergatario","url":null,"description":"Dios con nosotros Venezuela.","translator_type":"none","protected":false,"verified":false,"followers_count":813,"friends_count":623,"listed_count":0,"favourites_count":5522,"statuses_count":18657,"created_at":"Mon Jul 25 08:40:28 +0000 2011","utc_offset":null,"time_zone":null,"geo_enabled":true,"lang":null,"contributors_enabled":false,"is_translator":false,"profile_background_color":"ACDED6","profile_background_image_url":"http:\/\/abs.twimg.com\/images\/themes\/theme18\/bg.gif","profile_background_image_url_https":"https:\/\/abs.twimg.com\/images\/themes\/theme18\/bg.gif","profile_background_tile":false,"profile_link_color":"038543","profile_sidebar_border_color":"EEEEEE","profile_sidebar_fill_color":"F6F6F6","profile_text_color":"333333","profile_use_background_image":true,"profile_image_url":"http:\/\/pbs.twimg.com\/profile_images\/1247545015091552256\/if8nwAHS_normal.jpg","profile_image_url_https":"https:\/\/pbs.twimg.com\/profile_images\/1247545015091552256\/if8nwAHS_normal.jpg","profile_banner_url":"https:\/\/pbs.twimg.com\/profile_banners\/341985909\/1586272885","default_profile":false,"default_profile_image":false,"following":null,"follow_request_sent":null,"notifications":null},"geo":null,"coordinates":null,"place":null,"contributors":null,"retweeted_status":{"created_at":"Fri Apr 10 16:19:35 +0000 2020","id":1248646819426549760,"id_str":"1248646819426549760","text":"@NicolasMaduro PDTE. @NicolasMaduro escuche al pueblo liberen a #AryenisYAlfredoInocentes rectificaci\u00f3n en este caso!","display_text_range":[15,117],"source":"\u003ca href=\"http:\/\/twitter.com\/download\/android\" rel=\"nofollow\"\u003eTwitter for Android\u003c\/a\u003e","truncated":false,"in_reply_to_status_id":1248625201555763200,"in_reply_to_status_id_str":"1248625201555763200","in_reply_to_user_id":1252764865,"in_reply_to_user_id_str":"1252764865","in_reply_to_screen_name":"NicolasMaduro","user":{"id":1233996440508170247,"id_str":"1233996440508170247","name":"maria margarita","screen_name":"mariama40450447","location":null,"url":null,"description":"Comunico lo que pienso","translator_type":"none","protected":false,"verified":false,"followers_count":95,"friends_count":129,"listed_count":0,"favourites_count":550,"statuses_count":1576,"created_at":"Sun Mar 01 06:04:19 +0000 2020","utc_offset":null,"time_zone":null,"geo_enabled":false,"lang":null,"contributors_enabled":false,"is_translator":false,"profile_background_color":"F5F8FA","profile_background_image_url":"","profile_background_image_url_https":"","profile_background_tile":false,"profile_link_color":"1DA1F2","profile_sidebar_border_color":"C0DEED","profile_sidebar_fill_color":"DDEEF6","profile_text_color":"333333","profile_use_background_image":true,"profile_image_url":"http:\/\/pbs.twimg.com\/profile_images\/1244717106756833283\/ind6S8JG_normal.jpg","profile_image_url_https":"https:\/\/pbs.twimg.com\/profile_images\/1244717106756833283\/ind6S8JG_normal.jpg","profile_banner_url":"https:\/\/pbs.twimg.com\/profile_banners\/1233996440508170247\/1584053330","default_profile":true,"default_profile_image":false,"following":null,"follow_request_sent":null,"notifications":null},"geo":null,"coordinates":null,"place":null,"contributors":null,"is_quote_status":false,"quote_count":0,"reply_count":0,"retweet_count":4,"favorite_count":6,"entities":{"hashtags":[{"text":"AryenisYAlfredoInocentes","indices":[64,89]}],"urls":[],"user_mentions":[{"screen_name":"NicolasMaduro","name":"Nicol\u00e1s Maduro","id":1252764865,"id_str":"1252764865","indices":[0,14]},{"screen_name":"NicolasMaduro","name":"Nicol\u00e1s Maduro","id":1252764865,"id_str":"1252764865","indices":[21,35]}],"symbols":[]},"favorited":false,"retweeted":false,"filter_level":"low","lang":"es"},"is_quote_status":false,"quote_count":0,"reply_count":0,"retweet_count":0,"favorite_count":0,"entities":{"hashtags":[{"text":"AryenisYAlfredoInocentes","indices":[85,110]}],"urls":[],"user_mentions":[{"screen_name":"mariama40450447","name":"maria margarita","id":1233996440508170247,"id_str":"1233996440508170247","indices":[3,19]},{"screen_name":"NicolasMaduro","name":"Nicol\u00e1s Maduro","id":1252764865,"id_str":"1252764865","indices":[21,35]},{"screen_name":"NicolasMaduro","name":"Nicol\u00e1s Maduro","id":1252764865,"id_str":"1252764865","indices":[42,56]}],"symbols":[]},"favorited":false,"retweeted":false,"filter_level":"low","lang":"es","timestamp_ms":"1586538237657"}
