{"created_at":"Fri Apr 10 17:03:49 +0000 2020","id":1248657953273470976,"id_str":"1248657953273470976","text":"@troll_thavaingu @VijayRa65513602 @master_wig @_ThalapathySk_ @kuttyponnu50 @Michael786012 @KumaranKova4 @Lenny___D\u2026 https:\/\/t.co\/7Egq2YO07o","display_text_range":[117,140],"source":"\u003ca href=\"http:\/\/twitter.com\/download\/android\" rel=\"nofollow\"\u003eTwitter for Android\u003c\/a\u003e","truncated":true,"in_reply_to_status_id":1248657774826811393,"in_reply_to_status_id_str":"1248657774826811393","in_reply_to_user_id":1227505063641243651,"in_reply_to_user_id_str":"1227505063641243651","in_reply_to_screen_name":"troll_thavaingu","user":{"id":1241855940317425664,"id_str":"1241855940317425664","name":"Thalapathy Arun","screen_name":"Thalapa29370589","location":null,"url":null,"description":"\u0ba4\u0bb3\u0baa\u0ba4\u0bbf \u0b85\u0ba3\u0bcd\u0ba3\u0bbe \u0bb5\u0bc6\u0bb1\u0bbf\u0baf\u0ba9\u0bcd \u0b9f\u0bbe\nIgnore Negativity or \u0b95\u0bc1\u0bb3\u0bcd\u0bb3\u0ba9\u0bcd\u0bb8\u0bcd and \u0b86\u0bae\u0bc8\u0baf\u0ba9\u0bcd\u0bb8\u0bcd \u0bb5\u0bbe\u0b99\u0bcd\u0b95\u0b9f\u0bbe \u0b9a\u0ba3\u0bcd\u0b9f \u0b9a\u0bc6\u0baf\u0bcd\u0bb5\u0bcb\u0bae\u0bcd. Strictly No Rules","translator_type":"none","protected":false,"verified":false,"followers_count":132,"friends_count":443,"listed_count":0,"favourites_count":2736,"statuses_count":2933,"created_at":"Sun Mar 22 22:35:17 +0000 2020","utc_offset":null,"time_zone":null,"geo_enabled":false,"lang":null,"contributors_enabled":false,"is_translator":false,"profile_background_color":"F5F8FA","profile_background_image_url":"","profile_background_image_url_https":"","profile_background_tile":false,"profile_link_color":"1DA1F2","profile_sidebar_border_color":"C0DEED","profile_sidebar_fill_color":"DDEEF6","profile_text_color":"333333","profile_use_background_image":true,"profile_image_url":"http:\/\/pbs.twimg.com\/profile_images\/1246332167610753024\/-tvIR0rh_normal.jpg","profile_image_url_https":"https:\/\/pbs.twimg.com\/profile_images\/1246332167610753024\/-tvIR0rh_normal.jpg","profile_banner_url":"https:\/\/pbs.twimg.com\/profile_banners\/1241855940317425664\/1586373147","default_profile":true,"default_profile_image":false,"following":null,"follow_request_sent":null,"notifications":null},"geo":null,"coordinates":null,"place":null,"contributors":null,"is_quote_status":false,"extended_tweet":{"full_text":"@troll_thavaingu @VijayRa65513602 @master_wig @_ThalapathySk_ @kuttyponnu50 @Michael786012 @KumaranKova4 @Lenny___D @Akash96538084 @Asoothu1 @Arunbala4388 @DoNLOeNE @Mad_Strikes @Vijaybodyguard1 @actorvijay @im_tamil45 @Itz_pokkiri7 @Kettavan_Freak @Thalapathi_Jega @Thalapathyniyas @GuRuThalaiva @_JILLAJEEVA_ @Dhanush_Aashish @dhanushRprakash @MarsPathi @500kodi2 @Sakthii_VFC @CViluthugal @dj96860517 @Master_Mahiii @kullan_aamaiii @TrollJokerVijay https:\/\/t.co\/gvq2nEldIL","display_text_range":[451,451],"entities":{"hashtags":[],"urls":[],"user_mentions":[{"screen_name":"troll_thavaingu","name":"\u0b95\u0bca\u0bb0\u0b99\u0bcd\u0b95\u0bc1 \u0bb5\u0bbf\u0b9c\u0baf\u0bcd\ud83d\udc12","id":1227505063641243651,"id_str":"1227505063641243651","indices":[0,16]},{"screen_name":"VijayRa65513602","name":"Vijay Rasigan","id":1244993075522355205,"id_str":"1244993075522355205","indices":[17,33]},{"screen_name":"master_wig","name":"Wig Master","id":1189470885389819905,"id_str":"1189470885389819905","indices":[34,45]},{"screen_name":"_ThalapathySk_","name":"\u0b9f\u0bb2 \ud83d\udc22 Army","id":1246401343415189504,"id_str":"1246401343415189504","indices":[46,61]},{"screen_name":"kuttyponnu50","name":"kuttyPonnu\ud83d\ude0e","id":3160003652,"id_str":"3160003652","indices":[62,75]},{"screen_name":"Michael786012","name":"\u0bb5\u0bc6\u0bb1\u0bcd\u0bb1\u0bbf \u0bae\u0bbe\u0bb1\u0ba9\u0bcd\ud83e\udd28\ud83e\udd28","id":1236206091408527361,"id_str":"1236206091408527361","indices":[76,90]},{"screen_name":"KumaranKova4","name":"Vijay","id":1180435359966121984,"id_str":"1180435359966121984","indices":[91,104]},{"screen_name":"Lenny___D","name":"DiCaprio","id":1185221850604822533,"id_str":"1185221850604822533","indices":[105,115]},{"screen_name":"Akash96538084","name":"Bigil Akash","id":1133794013234909184,"id_str":"1133794013234909184","indices":[116,130]},{"screen_name":"Asoothu1","name":"Dhoni Lee","id":1242821828705284099,"id_str":"1242821828705284099","indices":[131,140]},{"screen_name":"Arunbala4388","name":"Arunbala","id":1224325301305397250,"id_str":"1224325301305397250","indices":[141,154]},{"screen_name":"DoNLOeNE","name":"Leo","id":3235376774,"id_str":"3235376774","indices":[155,164]},{"screen_name":"Mad_Strikes","name":"Madhavan","id":1245605936225325060,"id_str":"1245605936225325060","indices":[165,177]},{"screen_name":"Vijaybodyguard1","name":"\u27a3\ud83c\uddfc\u200b\u24d8\u24bc\u24d0\u24e8\u2122\u24620\ud83d\udd30","id":1228914728874831872,"id_str":"1228914728874831872","indices":[178,194]},{"screen_name":"actorvijay","name":"Vijay","id":1156338067,"id_str":"1156338067","indices":[195,206]},{"screen_name":"im_tamil45","name":"\u0ba4\u0bae\u0bbf\u0bb4\u0ba9\u0bcd\ud83d\udc99 \u1d39\u1d43\u02e2\u1d57\u1d49\u02b3 \u2122","id":1129243731511504896,"id_str":"1129243731511504896","indices":[207,218]},{"screen_name":"Itz_pokkiri7","name":"Pokkiri Madhan\ud83d\ude0e","id":1227787768350134272,"id_str":"1227787768350134272","indices":[219,232]},{"screen_name":"Kettavan_Freak","name":"\u13e6e\u0442\u0442avan \u15b4r\u0454\u03b1\u043a \u1d39\u1d43\u02e2\u1d57\u1d49\u02b3 \u2122","id":972773047261278214,"id_str":"972773047261278214","indices":[233,248]},{"screen_name":"Thalapathi_Jega","name":"Thalapathy Jega","id":797433322955767808,"id_str":"797433322955767808","indices":[249,265]},{"screen_name":"Thalapathyniyas","name":"\u0ba4\u0bb3\u0baa\u0ba4\u0bbf \u0ba8\u0bbf\u0baf\u0bbe\u0bb8\u0bcd \u30c4","id":889860457548337153,"id_str":"889860457548337153","indices":[266,282]},{"screen_name":"GuRuThalaiva","name":"Gu Ru Thalaiva","id":751643287870636032,"id_str":"751643287870636032","indices":[283,296]},{"screen_name":"_JILLAJEEVA_","name":"\ud83d\udd76\ufe0f-JILLAJEEVA-\ud83d\udd76\ufe0f","id":1150265423142588418,"id_str":"1150265423142588418","indices":[297,310]},{"screen_name":"Dhanush_Aashish","name":"Vellailla Patadhari Aashish","id":971710245595590657,"id_str":"971710245595590657","indices":[311,327]},{"screen_name":"dhanushRprakash","name":"\u1d0b\u1d0f\u1d0b\u1d0b\u026a \u1d0b\u1d1c\u1d0d\u1d00\u0280\u1d1c ;-)\u0f12","id":1240236443961704448,"id_str":"1240236443961704448","indices":[328,344]},{"screen_name":"MarsPathi","name":"\u0bae\u0bbe\u0bb0\u0bcd\u0bb8\u0bcd \u0baa\u0ba4\u0bbf \ud83d\udd34","id":835697455878533121,"id_str":"835697455878533121","indices":[345,355]},{"screen_name":"500kodi2","name":"500kodi","id":1172182953092247552,"id_str":"1172182953092247552","indices":[356,365]},{"screen_name":"Sakthii_VFC","name":"S\u1d00\u1d0b\u1d1b\u029c\u026a \u1d20\ua730\u1d04 \u2757\ufe0f","id":1136181164715069440,"id_str":"1136181164715069440","indices":[366,378]},{"screen_name":"CViluthugal","name":"\ud83d\udc22\ud83d\udc22Aamai Daaaaw\ud83d\udc22\ud83d\udc22","id":1240960442425458690,"id_str":"1240960442425458690","indices":[379,391]},{"screen_name":"dj96860517","name":"dj","id":1228012724581388289,"id_str":"1228012724581388289","indices":[392,403]},{"screen_name":"Master_Mahiii","name":"\u0b95\u0ba4\u0bcd\u0ba4\u0bbf (\u0b8e) \u0b95\u0ba4\u0bbf\u0bb0\u0bc7\u0b9a\u0ba9\u0bcd \ud83d\ude0e\ud83d\udd25","id":859461686427754496,"id_str":"859461686427754496","indices":[404,418]},{"screen_name":"kullan_aamaiii","name":"\u0b85\u0bb2\u0bbf\u0b9c\u0bbf\u0ba4\u0bcd","id":1201874547743567874,"id_str":"1201874547743567874","indices":[419,434]},{"screen_name":"TrollJokerVijay","name":"Troll Joker Vijay","id":3239879106,"id_str":"3239879106","indices":[435,451]}],"symbols":[],"media":[{"id":1248657948882006016,"id_str":"1248657948882006016","indices":[452,475],"media_url":"http:\/\/pbs.twimg.com\/media\/EVQfyfEUcAAbH-2.jpg","media_url_https":"https:\/\/pbs.twimg.com\/media\/EVQfyfEUcAAbH-2.jpg","url":"https:\/\/t.co\/gvq2nEldIL","display_url":"pic.twitter.com\/gvq2nEldIL","expanded_url":"https:\/\/twitter.com\/Thalapa29370589\/status\/1248657953273470976\/photo\/1","type":"photo","sizes":{"thumb":{"w":150,"h":150,"resize":"crop"},"small":{"w":540,"h":680,"resize":"fit"},"large":{"w":1080,"h":1361,"resize":"fit"},"medium":{"w":952,"h":1200,"resize":"fit"}}}]},"extended_entities":{"media":[{"id":1248657948882006016,"id_str":"1248657948882006016","indices":[452,475],"media_url":"http:\/\/pbs.twimg.com\/media\/EVQfyfEUcAAbH-2.jpg","media_url_https":"https:\/\/pbs.twimg.com\/media\/EVQfyfEUcAAbH-2.jpg","url":"https:\/\/t.co\/gvq2nEldIL","display_url":"pic.twitter.com\/gvq2nEldIL","expanded_url":"https:\/\/twitter.com\/Thalapa29370589\/status\/1248657953273470976\/photo\/1","type":"photo","sizes":{"thumb":{"w":150,"h":150,"resize":"crop"},"small":{"w":540,"h":680,"resize":"fit"},"large":{"w":1080,"h":1361,"resize":"fit"},"medium":{"w":952,"h":1200,"resize":"fit"}}}]}},"quote_count":0,"reply_count":0,"retweet_count":0,"favorite_count":0,"entities":{"hashtags":[],"urls":[{"url":"https:\/\/t.co\/7Egq2YO07o","expanded_url":"https:\/\/twitter.com\/i\/web\/status\/1248657953273470976","display_url":"twitter.com\/i\/web\/status\/1\u2026","indices":[117,140]}],"user_mentions":[{"screen_name":"troll_thavaingu","name":"\u0b95\u0bca\u0bb0\u0b99\u0bcd\u0b95\u0bc1 \u0bb5\u0bbf\u0b9c\u0baf\u0bcd\ud83d\udc12","id":1227505063641243651,"id_str":"1227505063641243651","indices":[0,16]},{"screen_name":"VijayRa65513602","name":"Vijay Rasigan","id":1244993075522355205,"id_str":"1244993075522355205","indices":[17,33]},{"screen_name":"master_wig","name":"Wig Master","id":1189470885389819905,"id_str":"1189470885389819905","indices":[34,45]},{"screen_name":"_ThalapathySk_","name":"\u0b9f\u0bb2 \ud83d\udc22 Army","id":1246401343415189504,"id_str":"1246401343415189504","indices":[46,61]},{"screen_name":"kuttyponnu50","name":"kuttyPonnu\ud83d\ude0e","id":3160003652,"id_str":"3160003652","indices":[62,75]},{"screen_name":"Michael786012","name":"\u0bb5\u0bc6\u0bb1\u0bcd\u0bb1\u0bbf \u0bae\u0bbe\u0bb1\u0ba9\u0bcd\ud83e\udd28\ud83e\udd28","id":1236206091408527361,"id_str":"1236206091408527361","indices":[76,90]},{"screen_name":"KumaranKova4","name":"Vijay","id":1180435359966121984,"id_str":"1180435359966121984","indices":[91,104]},{"screen_name":"Lenny___D","name":"DiCaprio","id":1185221850604822533,"id_str":"1185221850604822533","indices":[105,115]}],"symbols":[]},"favorited":false,"retweeted":false,"possibly_sensitive":false,"filter_level":"low","lang":"und","timestamp_ms":"1586538229660"}
