{"created_at":"Fri Apr 10 17:03:52 +0000 2020","id":1248657965856497665,"id_str":"1248657965856497665","text":"@ateegolden Like u\u270c\ud83c\udffb\ud83d\ude10","display_text_range":[12,21],"source":"\u003ca href=\"http:\/\/twitter.com\/download\/iphone\" rel=\"nofollow\"\u003eTwitter for iPhone\u003c\/a\u003e","truncated":false,"in_reply_to_status_id":1248652501282422784,"in_reply_to_status_id_str":"1248652501282422784","in_reply_to_user_id":1204835710265630722,"in_reply_to_user_id_str":"1204835710265630722","in_reply_to_screen_name":"ateegolden","user":{"id":4234762156,"id_str":"4234762156","name":"\u2600\ufe0e\ufe0e\ud835\ude7c\ud835\ude70\ud835\ude78\u2603\ufe0e","screen_name":"seongmi1_","location":"Riyadh, Kingdom of Saudi Arabia","url":null,"description":"\u201c8makes one team \u201c             \u201cBlACKPINK in your area \u201c","translator_type":"none","protected":false,"verified":false,"followers_count":85,"friends_count":137,"listed_count":0,"favourites_count":1202,"statuses_count":1522,"created_at":"Fri Nov 20 13:18:02 +0000 2015","utc_offset":null,"time_zone":null,"geo_enabled":false,"lang":null,"contributors_enabled":false,"is_translator":false,"profile_background_color":"C0DEED","profile_background_image_url":"http:\/\/abs.twimg.com\/images\/themes\/theme1\/bg.png","profile_background_image_url_https":"https:\/\/abs.twimg.com\/images\/themes\/theme1\/bg.png","profile_background_tile":false,"profile_link_color":"1DA1F2","profile_sidebar_border_color":"C0DEED","profile_sidebar_fill_color":"DDEEF6","profile_text_color":"333333","profile_use_background_image":true,"profile_image_url":"http:\/\/pbs.twimg.com\/profile_images\/1248234708787318787\/tvSFrRnt_normal.jpg","profile_image_url_https":"https:\/\/pbs.twimg.com\/profile_images\/1248234708787318787\/tvSFrRnt_normal.jpg","profile_banner_url":"https:\/\/pbs.twimg.com\/profile_banners\/4234762156\/1585934239","default_profile":true,"default_profile_image":false,"following":null,"follow_request_sent":null,"notifications":null},"geo":null,"coordinates":null,"place":null,"contributors":null,"is_quote_status":false,"quote_count":0,"reply_count":0,"retweet_count":0,"favorite_count":0,"entities":{"hashtags":[],"urls":[],"user_mentions":[{"screen_name":"ateegolden","name":"\ud835\udd58\ud835\udd5a\ud835\udd58\ud835\udd5a \ud835\udd6a\ud835\udd56\ud835\udd60\ud835\udd64\ud835\udd52\ud835\udd5f\ud835\udd58\ud80c\udc80","id":1204835710265630722,"id_str":"1204835710265630722","indices":[0,11]}],"symbols":[]},"favorited":false,"retweeted":false,"filter_level":"low","lang":"en","timestamp_ms":"1586538232660"}
