{"created_at":"Fri Apr 10 17:03:51 +0000 2020","id":1248657961674817537,"id_str":"1248657961674817537","text":"RT @vasyellle: C\u2019est \u00e7a votre probl\u00e8me ! D\u00e8s qu\u2019un mec a le comportement du mec gentil la fille doit forc\u00e9ment c\u00e9der \u00e0 ses avances sinon c\u2019\u2026","source":"\u003ca href=\"http:\/\/twitter.com\/download\/android\" rel=\"nofollow\"\u003eTwitter for Android\u003c\/a\u003e","truncated":false,"in_reply_to_status_id":null,"in_reply_to_status_id_str":null,"in_reply_to_user_id":null,"in_reply_to_user_id_str":null,"in_reply_to_screen_name":null,"user":{"id":1022625545098612736,"id_str":"1022625545098612736","name":"\u263e\ud835\udc7b\ud835\udc82\ud835\udc86\ud835\udc89\ud835\udc9a\ud835\udc96\ud835\udc8f\ud835\udc88\u00b9\u00b2\u2077 \ud83d\udcccNSD","screen_name":"carmelklg_","location":"\u1d0d\u1d1c\u029f\u1d1b\u026a\ufe60\u1d0b\u029c\u029c","url":"https:\/\/youtu.be\/6rzzQ-q8ag4","description":"#JENNIE said zimzalabim \u2022 \ud83c\udde8\ud83c\udde9\ud83c\uddf7\ud83c\uddfc \u2022 @bellahadid stan account\u2661 \u2022 FA.\ud83e\udd8b","translator_type":"none","protected":false,"verified":false,"followers_count":480,"friends_count":394,"listed_count":4,"favourites_count":18736,"statuses_count":26506,"created_at":"Thu Jul 26 23:31:44 +0000 2018","utc_offset":null,"time_zone":null,"geo_enabled":false,"lang":null,"contributors_enabled":false,"is_translator":false,"profile_background_color":"F5F8FA","profile_background_image_url":"","profile_background_image_url_https":"","profile_background_tile":false,"profile_link_color":"1DA1F2","profile_sidebar_border_color":"C0DEED","profile_sidebar_fill_color":"DDEEF6","profile_text_color":"333333","profile_use_background_image":true,"profile_image_url":"http:\/\/pbs.twimg.com\/profile_images\/1248433517073055756\/g7kR9qXP_normal.jpg","profile_image_url_https":"https:\/\/pbs.twimg.com\/profile_images\/1248433517073055756\/g7kR9qXP_normal.jpg","profile_banner_url":"https:\/\/pbs.twimg.com\/profile_banners\/1022625545098612736\/1586484582","default_profile":true,"default_profile_image":false,"following":null,"follow_request_sent":null,"notifications":null},"geo":null,"coordinates":null,"place":null,"contributors":null,"retweeted_status":{"created_at":"Thu Apr 09 23:02:09 +0000 2020","id":1248385741937209348,"id_str":"1248385741937209348","text":"C\u2019est \u00e7a votre probl\u00e8me ! D\u00e8s qu\u2019un mec a le comportement du mec gentil la fille doit forc\u00e9ment c\u00e9der \u00e0 ses avances\u2026 https:\/\/t.co\/676eAJnWSl","source":"\u003ca href=\"http:\/\/twitter.com\/download\/iphone\" rel=\"nofollow\"\u003eTwitter for iPhone\u003c\/a\u003e","truncated":true,"in_reply_to_status_id":null,"in_reply_to_status_id_str":null,"in_reply_to_user_id":null,"in_reply_to_user_id_str":null,"in_reply_to_screen_name":null,"user":{"id":1194680857186971649,"id_str":"1194680857186971649","name":"whities \u0644\u0648 \u0646\u0629","screen_name":"vasyellle","location":null,"url":null,"description":"\ud83c\udded\ud83c\uddf9 | Afro f\u00e9minisme that\u2019s it","translator_type":"none","protected":false,"verified":false,"followers_count":157,"friends_count":323,"listed_count":0,"favourites_count":19793,"statuses_count":6288,"created_at":"Wed Nov 13 18:18:29 +0000 2019","utc_offset":null,"time_zone":null,"geo_enabled":false,"lang":null,"contributors_enabled":false,"is_translator":false,"profile_background_color":"F5F8FA","profile_background_image_url":"","profile_background_image_url_https":"","profile_background_tile":false,"profile_link_color":"1DA1F2","profile_sidebar_border_color":"C0DEED","profile_sidebar_fill_color":"DDEEF6","profile_text_color":"333333","profile_use_background_image":true,"profile_image_url":"http:\/\/pbs.twimg.com\/profile_images\/1245752538445553664\/l0d9htKl_normal.jpg","profile_image_url_https":"https:\/\/pbs.twimg.com\/profile_images\/1245752538445553664\/l0d9htKl_normal.jpg","profile_banner_url":"https:\/\/pbs.twimg.com\/profile_banners\/1194680857186971649\/1585425719","default_profile":true,"default_profile_image":false,"following":null,"follow_request_sent":null,"notifications":null},"geo":null,"coordinates":null,"place":null,"contributors":null,"quoted_status_id":1248317161690615810,"quoted_status_id_str":"1248317161690615810","quoted_status":{"created_at":"Thu Apr 09 18:29:38 +0000 2020","id":1248317161690615810,"id_str":"1248317161690615810","text":"il l\u2019a remet en place fort l\u00e0, \u00ab\u00a0c\u2019est pour rire\u00a0????\u00a0\u00bb https:\/\/t.co\/1dTI8H1t9f","display_text_range":[0,55],"source":"\u003ca href=\"http:\/\/twitter.com\/download\/iphone\" rel=\"nofollow\"\u003eTwitter for iPhone\u003c\/a\u003e","truncated":false,"in_reply_to_status_id":null,"in_reply_to_status_id_str":null,"in_reply_to_user_id":null,"in_reply_to_user_id_str":null,"in_reply_to_screen_name":null,"user":{"id":3325364445,"id_str":"3325364445","name":"\ud835\udce2\ud83d\udcad","screen_name":"SyrineNecib","location":"Bruxelles, Belgique","url":"http:\/\/www.instagram.com\/ncbsy\/","description":"Lord please, save him for me","translator_type":"none","protected":false,"verified":false,"followers_count":1000,"friends_count":515,"listed_count":0,"favourites_count":10099,"statuses_count":18443,"created_at":"Sun Jun 14 19:29:39 +0000 2015","utc_offset":null,"time_zone":null,"geo_enabled":true,"lang":null,"contributors_enabled":false,"is_translator":false,"profile_background_color":"C0DEED","profile_background_image_url":"http:\/\/abs.twimg.com\/images\/themes\/theme1\/bg.png","profile_background_image_url_https":"https:\/\/abs.twimg.com\/images\/themes\/theme1\/bg.png","profile_background_tile":false,"profile_link_color":"1DA1F2","profile_sidebar_border_color":"C0DEED","profile_sidebar_fill_color":"DDEEF6","profile_text_color":"333333","profile_use_background_image":true,"profile_image_url":"http:\/\/pbs.twimg.com\/profile_images\/1248041613949054976\/gAWmCtDh_normal.jpg","profile_image_url_https":"https:\/\/pbs.twimg.com\/profile_images\/1248041613949054976\/gAWmCtDh_normal.jpg","profile_banner_url":"https:\/\/pbs.twimg.com\/profile_banners\/3325364445\/1586442047","default_profile":true,"default_profile_image":false,"following":null,"follow_request_sent":null,"notifications":null},"geo":null,"coordinates":null,"place":null,"contributors":null,"is_quote_status":false,"quote_count":760,"reply_count":61,"retweet_count":2803,"favorite_count":6078,"entities":{"hashtags":[],"urls":[],"user_mentions":[],"symbols":[],"media":[{"id":1248317056434372609,"id_str":"1248317056434372609","indices":[56,79],"additional_media_info":{"monetizable":false},"media_url":"http:\/\/pbs.twimg.com\/ext_tw_video_thumb\/1248317056434372609\/pu\/img\/hJkeJvqvyglfYdEZ.jpg","media_url_https":"https:\/\/pbs.twimg.com\/ext_tw_video_thumb\/1248317056434372609\/pu\/img\/hJkeJvqvyglfYdEZ.jpg","url":"https:\/\/t.co\/1dTI8H1t9f","display_url":"pic.twitter.com\/1dTI8H1t9f","expanded_url":"https:\/\/twitter.com\/SyrineNecib\/status\/1248317161690615810\/video\/1","type":"photo","sizes":{"thumb":{"w":150,"h":150,"resize":"crop"},"small":{"w":315,"h":680,"resize":"fit"},"medium":{"w":555,"h":1200,"resize":"fit"},"large":{"w":592,"h":1280,"resize":"fit"}}}]},"extended_entities":{"media":[{"id":1248317056434372609,"id_str":"1248317056434372609","indices":[56,79],"additional_media_info":{"monetizable":false},"media_url":"http:\/\/pbs.twimg.com\/ext_tw_video_thumb\/1248317056434372609\/pu\/img\/hJkeJvqvyglfYdEZ.jpg","media_url_https":"https:\/\/pbs.twimg.com\/ext_tw_video_thumb\/1248317056434372609\/pu\/img\/hJkeJvqvyglfYdEZ.jpg","url":"https:\/\/t.co\/1dTI8H1t9f","display_url":"pic.twitter.com\/1dTI8H1t9f","expanded_url":"https:\/\/twitter.com\/SyrineNecib\/status\/1248317161690615810\/video\/1","type":"video","video_info":{"aspect_ratio":[37,80],"duration_millis":30915,"variants":[{"bitrate":632000,"content_type":"video\/mp4","url":"https:\/\/video.twimg.com\/ext_tw_video\/1248317056434372609\/pu\/vid\/320x690\/8lzPvir29c2Xipuk.mp4?tag=10"},{"bitrate":2176000,"content_type":"video\/mp4","url":"https:\/\/video.twimg.com\/ext_tw_video\/1248317056434372609\/pu\/vid\/592x1280\/lXi7OMel4_MKqPdr.mp4?tag=10"},{"bitrate":832000,"content_type":"video\/mp4","url":"https:\/\/video.twimg.com\/ext_tw_video\/1248317056434372609\/pu\/vid\/360x778\/ijque0iVzx282XNq.mp4?tag=10"},{"content_type":"application\/x-mpegURL","url":"https:\/\/video.twimg.com\/ext_tw_video\/1248317056434372609\/pu\/pl\/rw3iXxf5M8lwNgNY.m3u8?tag=10"}]},"sizes":{"thumb":{"w":150,"h":150,"resize":"crop"},"small":{"w":315,"h":680,"resize":"fit"},"medium":{"w":555,"h":1200,"resize":"fit"},"large":{"w":592,"h":1280,"resize":"fit"}}}]},"favorited":false,"retweeted":false,"possibly_sensitive":false,"filter_level":"low","lang":"fr"},"quoted_status_permalink":{"url":"https:\/\/t.co\/NzaoRYM4pu","expanded":"https:\/\/twitter.com\/syrinenecib\/status\/1248317161690615810","display":"twitter.com\/syrinenecib\/st\u2026"},"is_quote_status":true,"extended_tweet":{"full_text":"C\u2019est \u00e7a votre probl\u00e8me ! D\u00e8s qu\u2019un mec a le comportement du mec gentil la fille doit forc\u00e9ment c\u00e9der \u00e0 ses avances sinon c\u2019est une \u00ab\u00a0connasse\u00a0\u00bb. Vs \u00eates m\u00e9diocre, elle choisit qui elle veut crari vs aller la forcer ?","display_text_range":[0,217],"entities":{"hashtags":[],"urls":[],"user_mentions":[],"symbols":[]}},"quote_count":104,"reply_count":33,"retweet_count":1432,"favorite_count":2742,"entities":{"hashtags":[],"urls":[{"url":"https:\/\/t.co\/676eAJnWSl","expanded_url":"https:\/\/twitter.com\/i\/web\/status\/1248385741937209348","display_url":"twitter.com\/i\/web\/status\/1\u2026","indices":[117,140]}],"user_mentions":[],"symbols":[]},"favorited":false,"retweeted":false,"filter_level":"low","lang":"fr"},"quoted_status_id":1248317161690615810,"quoted_status_id_str":"1248317161690615810","quoted_status":{"created_at":"Thu Apr 09 18:29:38 +0000 2020","id":1248317161690615810,"id_str":"1248317161690615810","text":"il l\u2019a remet en place fort l\u00e0, \u00ab\u00a0c\u2019est pour rire\u00a0????\u00a0\u00bb https:\/\/t.co\/1dTI8H1t9f","display_text_range":[0,55],"source":"\u003ca href=\"http:\/\/twitter.com\/download\/iphone\" rel=\"nofollow\"\u003eTwitter for iPhone\u003c\/a\u003e","truncated":false,"in_reply_to_status_id":null,"in_reply_to_status_id_str":null,"in_reply_to_user_id":null,"in_reply_to_user_id_str":null,"in_reply_to_screen_name":null,"user":{"id":3325364445,"id_str":"3325364445","name":"\ud835\udce2\ud83d\udcad","screen_name":"SyrineNecib","location":"Bruxelles, Belgique","url":"http:\/\/www.instagram.com\/ncbsy\/","description":"Lord please, save him for me","translator_type":"none","protected":false,"verified":false,"followers_count":1000,"friends_count":515,"listed_count":0,"favourites_count":10099,"statuses_count":18443,"created_at":"Sun Jun 14 19:29:39 +0000 2015","utc_offset":null,"time_zone":null,"geo_enabled":true,"lang":null,"contributors_enabled":false,"is_translator":false,"profile_background_color":"C0DEED","profile_background_image_url":"http:\/\/abs.twimg.com\/images\/themes\/theme1\/bg.png","profile_background_image_url_https":"https:\/\/abs.twimg.com\/images\/themes\/theme1\/bg.png","profile_background_tile":false,"profile_link_color":"1DA1F2","profile_sidebar_border_color":"C0DEED","profile_sidebar_fill_color":"DDEEF6","profile_text_color":"333333","profile_use_background_image":true,"profile_image_url":"http:\/\/pbs.twimg.com\/profile_images\/1248041613949054976\/gAWmCtDh_normal.jpg","profile_image_url_https":"https:\/\/pbs.twimg.com\/profile_images\/1248041613949054976\/gAWmCtDh_normal.jpg","profile_banner_url":"https:\/\/pbs.twimg.com\/profile_banners\/3325364445\/1586442047","default_profile":true,"default_profile_image":false,"following":null,"follow_request_sent":null,"notifications":null},"geo":null,"coordinates":null,"place":null,"contributors":null,"is_quote_status":false,"quote_count":760,"reply_count":61,"retweet_count":2803,"favorite_count":6078,"entities":{"hashtags":[],"urls":[],"user_mentions":[],"symbols":[],"media":[{"id":1248317056434372609,"id_str":"1248317056434372609","indices":[56,79],"additional_media_info":{"monetizable":false},"media_url":"http:\/\/pbs.twimg.com\/ext_tw_video_thumb\/1248317056434372609\/pu\/img\/hJkeJvqvyglfYdEZ.jpg","media_url_https":"https:\/\/pbs.twimg.com\/ext_tw_video_thumb\/1248317056434372609\/pu\/img\/hJkeJvqvyglfYdEZ.jpg","url":"https:\/\/t.co\/1dTI8H1t9f","display_url":"pic.twitter.com\/1dTI8H1t9f","expanded_url":"https:\/\/twitter.com\/SyrineNecib\/status\/1248317161690615810\/video\/1","type":"photo","sizes":{"thumb":{"w":150,"h":150,"resize":"crop"},"small":{"w":315,"h":680,"resize":"fit"},"medium":{"w":555,"h":1200,"resize":"fit"},"large":{"w":592,"h":1280,"resize":"fit"}}}]},"extended_entities":{"media":[{"id":1248317056434372609,"id_str":"1248317056434372609","indices":[56,79],"additional_media_info":{"monetizable":false},"media_url":"http:\/\/pbs.twimg.com\/ext_tw_video_thumb\/1248317056434372609\/pu\/img\/hJkeJvqvyglfYdEZ.jpg","media_url_https":"https:\/\/pbs.twimg.com\/ext_tw_video_thumb\/1248317056434372609\/pu\/img\/hJkeJvqvyglfYdEZ.jpg","url":"https:\/\/t.co\/1dTI8H1t9f","display_url":"pic.twitter.com\/1dTI8H1t9f","expanded_url":"https:\/\/twitter.com\/SyrineNecib\/status\/1248317161690615810\/video\/1","type":"video","video_info":{"aspect_ratio":[37,80],"duration_millis":30915,"variants":[{"bitrate":632000,"content_type":"video\/mp4","url":"https:\/\/video.twimg.com\/ext_tw_video\/1248317056434372609\/pu\/vid\/320x690\/8lzPvir29c2Xipuk.mp4?tag=10"},{"bitrate":2176000,"content_type":"video\/mp4","url":"https:\/\/video.twimg.com\/ext_tw_video\/1248317056434372609\/pu\/vid\/592x1280\/lXi7OMel4_MKqPdr.mp4?tag=10"},{"bitrate":832000,"content_type":"video\/mp4","url":"https:\/\/video.twimg.com\/ext_tw_video\/1248317056434372609\/pu\/vid\/360x778\/ijque0iVzx282XNq.mp4?tag=10"},{"content_type":"application\/x-mpegURL","url":"https:\/\/video.twimg.com\/ext_tw_video\/1248317056434372609\/pu\/pl\/rw3iXxf5M8lwNgNY.m3u8?tag=10"}]},"sizes":{"thumb":{"w":150,"h":150,"resize":"crop"},"small":{"w":315,"h":680,"resize":"fit"},"medium":{"w":555,"h":1200,"resize":"fit"},"large":{"w":592,"h":1280,"resize":"fit"}}}]},"favorited":false,"retweeted":false,"possibly_sensitive":false,"filter_level":"low","lang":"fr"},"quoted_status_permalink":{"url":"https:\/\/t.co\/NzaoRYM4pu","expanded":"https:\/\/twitter.com\/syrinenecib\/status\/1248317161690615810","display":"twitter.com\/syrinenecib\/st\u2026"},"is_quote_status":true,"quote_count":0,"reply_count":0,"retweet_count":0,"favorite_count":0,"entities":{"hashtags":[],"urls":[],"user_mentions":[{"screen_name":"vasyellle","name":"whities \u0644\u0648 \u0646\u0629","id":1194680857186971649,"id_str":"1194680857186971649","indices":[3,13]}],"symbols":[]},"favorited":false,"retweeted":false,"filter_level":"low","lang":"fr","timestamp_ms":"1586538231663"}
