{"created_at":"Fri Apr 10 17:03:52 +0000 2020","id":1248657965873152005,"id_str":"1248657965873152005","text":"\ucea0\uc19d\ucea0............................................\ub099\uc11c https:\/\/t.co\/mzO3t4Hcvu","display_text_range":[0,49],"source":"\u003ca href=\"https:\/\/mobile.twitter.com\" rel=\"nofollow\"\u003eTwitter Web App\u003c\/a\u003e","truncated":false,"in_reply_to_status_id":null,"in_reply_to_status_id_str":null,"in_reply_to_user_id":null,"in_reply_to_user_id_str":null,"in_reply_to_screen_name":null,"user":{"id":1109476039099506688,"id_str":"1109476039099506688","name":"\uba85\uc608\uae40\uc790\ubc18","screen_name":"ligh4anolzigh4","location":"\ud558\uc2a4\ud130\ub530\uae4c\ub9ac","url":null,"description":"2\ucc28\uacc4 \uc81c5\uc778\uaca9\uc704\uc8fc \ud0c0\uc7a5\ub974\u25cb\n\uc774\uc19d\ucd5c\uc560\/ \ub9ac\ubc84\uc2dc\ube14\/ \u26b0\ufe0f\ud83e\uddf2\u26b0\ufe0f","translator_type":"none","protected":false,"verified":false,"followers_count":833,"friends_count":102,"listed_count":3,"favourites_count":16526,"statuses_count":20986,"created_at":"Sat Mar 23 15:24:35 +0000 2019","utc_offset":null,"time_zone":null,"geo_enabled":false,"lang":null,"contributors_enabled":false,"is_translator":false,"profile_background_color":"F5F8FA","profile_background_image_url":"","profile_background_image_url_https":"","profile_background_tile":false,"profile_link_color":"1DA1F2","profile_sidebar_border_color":"C0DEED","profile_sidebar_fill_color":"DDEEF6","profile_text_color":"333333","profile_use_background_image":true,"profile_image_url":"http:\/\/pbs.twimg.com\/profile_images\/1244991482135588878\/WI-mAa_e_normal.jpg","profile_image_url_https":"https:\/\/pbs.twimg.com\/profile_images\/1244991482135588878\/WI-mAa_e_normal.jpg","default_profile":true,"default_profile_image":false,"following":null,"follow_request_sent":null,"notifications":null},"geo":null,"coordinates":null,"place":null,"contributors":null,"is_quote_status":false,"quote_count":0,"reply_count":0,"retweet_count":0,"favorite_count":0,"entities":{"hashtags":[],"urls":[],"user_mentions":[],"symbols":[],"media":[{"id":1248657816165875712,"id_str":"1248657816165875712","indices":[50,73],"media_url":"http:\/\/pbs.twimg.com\/media\/EVQfqwqVAAADz9R.jpg","media_url_https":"https:\/\/pbs.twimg.com\/media\/EVQfqwqVAAADz9R.jpg","url":"https:\/\/t.co\/mzO3t4Hcvu","display_url":"pic.twitter.com\/mzO3t4Hcvu","expanded_url":"https:\/\/twitter.com\/ligh4anolzigh4\/status\/1248657965873152005\/photo\/1","type":"photo","sizes":{"thumb":{"w":150,"h":150,"resize":"crop"},"small":{"w":680,"h":680,"resize":"fit"},"medium":{"w":1200,"h":1200,"resize":"fit"},"large":{"w":2000,"h":2000,"resize":"fit"}}}]},"extended_entities":{"media":[{"id":1248657816165875712,"id_str":"1248657816165875712","indices":[50,73],"media_url":"http:\/\/pbs.twimg.com\/media\/EVQfqwqVAAADz9R.jpg","media_url_https":"https:\/\/pbs.twimg.com\/media\/EVQfqwqVAAADz9R.jpg","url":"https:\/\/t.co\/mzO3t4Hcvu","display_url":"pic.twitter.com\/mzO3t4Hcvu","expanded_url":"https:\/\/twitter.com\/ligh4anolzigh4\/status\/1248657965873152005\/photo\/1","type":"photo","sizes":{"thumb":{"w":150,"h":150,"resize":"crop"},"small":{"w":680,"h":680,"resize":"fit"},"medium":{"w":1200,"h":1200,"resize":"fit"},"large":{"w":2000,"h":2000,"resize":"fit"}}},{"id":1248657855042863106,"id_str":"1248657855042863106","indices":[50,73],"media_url":"http:\/\/pbs.twimg.com\/media\/EVQftBfUwAIBJtC.jpg","media_url_https":"https:\/\/pbs.twimg.com\/media\/EVQftBfUwAIBJtC.jpg","url":"https:\/\/t.co\/mzO3t4Hcvu","display_url":"pic.twitter.com\/mzO3t4Hcvu","expanded_url":"https:\/\/twitter.com\/ligh4anolzigh4\/status\/1248657965873152005\/photo\/1","type":"photo","sizes":{"thumb":{"w":150,"h":150,"resize":"crop"},"small":{"w":680,"h":680,"resize":"fit"},"medium":{"w":1200,"h":1200,"resize":"fit"},"large":{"w":2000,"h":2000,"resize":"fit"}}}]},"favorited":false,"retweeted":false,"possibly_sensitive":false,"filter_level":"low","lang":"ko","timestamp_ms":"1586538232664"}
