{"created_at":"Fri Apr 10 17:03:56 +0000 2020","id":1248657982650449921,"id_str":"1248657982650449921","text":"Eu preciso dormir depois do almo\u00e7o ou eu nem sou gente","source":"\u003ca href=\"http:\/\/twitter.com\/download\/android\" rel=\"nofollow\"\u003eTwitter for Android\u003c\/a\u003e","truncated":false,"in_reply_to_status_id":null,"in_reply_to_status_id_str":null,"in_reply_to_user_id":null,"in_reply_to_user_id_str":null,"in_reply_to_screen_name":null,"user":{"id":1137865653078155269,"id_str":"1137865653078155269","name":"elisa","screen_name":"dinahcomh","location":"Juazeiro do Norte, Brasil","url":null,"description":"aten\u00e7\u00e3o, tudo \u00e9 perigoso","translator_type":"none","protected":false,"verified":false,"followers_count":346,"friends_count":336,"listed_count":0,"favourites_count":7986,"statuses_count":6024,"created_at":"Sun Jun 09 23:34:47 +0000 2019","utc_offset":null,"time_zone":null,"geo_enabled":false,"lang":null,"contributors_enabled":false,"is_translator":false,"profile_background_color":"F5F8FA","profile_background_image_url":"","profile_background_image_url_https":"","profile_background_tile":false,"profile_link_color":"1DA1F2","profile_sidebar_border_color":"C0DEED","profile_sidebar_fill_color":"DDEEF6","profile_text_color":"333333","profile_use_background_image":true,"profile_image_url":"http:\/\/pbs.twimg.com\/profile_images\/1233211597373480961\/pFNkf18D_normal.jpg","profile_image_url_https":"https:\/\/pbs.twimg.com\/profile_images\/1233211597373480961\/pFNkf18D_normal.jpg","profile_banner_url":"https:\/\/pbs.twimg.com\/profile_banners\/1137865653078155269\/1586099619","default_profile":true,"default_profile_image":false,"following":null,"follow_request_sent":null,"notifications":null},"geo":null,"coordinates":null,"place":null,"contributors":null,"is_quote_status":false,"quote_count":0,"reply_count":0,"retweet_count":0,"favorite_count":0,"entities":{"hashtags":[],"urls":[],"user_mentions":[],"symbols":[]},"favorited":false,"retweeted":false,"filter_level":"low","lang":"pt","timestamp_ms":"1586538236664"}
