{"created_at":"Fri Apr 10 17:03:48 +0000 2020","id":1248657949083357184,"id_str":"1248657949083357184","text":"RT @reitou_pengin: \u6b73\u4e0b\u3068\u6b73\u4e0a\n\u307f\u301c\u301c\u301c\u301c\u301c\u301c\u301c\u301c\u301c\u301c\u3093\u306a\u304b\u308f\u3044\u3044\u306d\u301c\u301c\u301c\u301c\uff01\uff01\uff01\uff01\uff01\uff01\uff01\uff01\n\n#SOTUS https:\/\/t.co\/13pZHbtTy9","source":"\u003ca href=\"http:\/\/twitter.com\/download\/android\" rel=\"nofollow\"\u003eTwitter for Android\u003c\/a\u003e","truncated":false,"in_reply_to_status_id":null,"in_reply_to_status_id_str":null,"in_reply_to_user_id":null,"in_reply_to_user_id_str":null,"in_reply_to_screen_name":null,"user":{"id":896315517727670273,"id_str":"896315517727670273","name":"\u0e1e\u0e08. \u00bb \u0e44\u0e21\u0e48\u0e44\u0e14\u0e49\u0e21\u0e32\u0e01\u0e31\u0e1a\u0e41\u0e1f\u0e19 \u0e21\u0e32\u0e01\u0e31\u0e1a\u0e19\u0e49\u0e2d\u0e07 \u00ab","screen_name":"_Pink_Glasses","location":null,"url":null,"description":"\u0e04\u0e23\u0e34\u0e2a\u0e2a\u0e34\u0e07\u0e42\u0e15 (\u0e19.) \u0e04\u0e27\u0e32\u0e21\u0e2a\u0e31\u0e21\u0e1e\u0e31\u0e19\u0e18\u0e4c\u0e17\u0e35\u0e48\u0e21\u0e32\u0e01\u0e01\u0e27\u0e48\u0e32\u0e1e\u0e35\u0e48\u0e19\u0e49\u0e2d\u0e07 \u0e41\u0e15\u0e48\u0e44\u0e21\u0e48\u0e43\u0e0a\u0e48\u0e41\u0e1f\u0e19 \u0e40\u0e1b\u0e47\u0e19\u0e04\u0e27\u0e32\u0e21\u0e2a\u0e31\u0e21\u0e1e\u0e31\u0e19\u0e18\u0e4c\u0e17\u0e35\u0e48\u0e23\u0e39\u0e49\u0e01\u0e31\u0e19\u0e14\u0e35\u0e41\u0e04\u0e48\u0e40\u0e1e\u0e35\u0e22\u0e07\u0e43\u0e19\u0e43\u0e08 \u0e2a\u0e2d\u0e07\u0e04\u0e19\u0e40\u0e17\u0e48\u0e32\u0e19\u0e31\u0e49\u0e19\u0e01\u0e47\u0e04\u0e07\u0e40\u0e1e\u0e35\u0e22\u0e07\u0e1e\u0e2d \u0e21\u0e31\u0e19\u0e40\u0e01\u0e34\u0e19\u0e01\u0e27\u0e48\u0e32\u0e23\u0e31\u0e01 \u0e21\u0e31\u0e19\u0e21\u0e32\u0e01\u0e01\u0e27\u0e48\u0e32\u0e04\u0e33\u0e1e\u0e39\u0e14\u0e08\u0e32\u0e43\u0e14 \u0e46","translator_type":"none","protected":false,"verified":false,"followers_count":715,"friends_count":128,"listed_count":1,"favourites_count":18986,"statuses_count":23511,"created_at":"Sat Aug 12 10:20:46 +0000 2017","utc_offset":null,"time_zone":null,"geo_enabled":false,"lang":null,"contributors_enabled":false,"is_translator":false,"profile_background_color":"F5F8FA","profile_background_image_url":"","profile_background_image_url_https":"","profile_background_tile":false,"profile_link_color":"1DA1F2","profile_sidebar_border_color":"C0DEED","profile_sidebar_fill_color":"DDEEF6","profile_text_color":"333333","profile_use_background_image":true,"profile_image_url":"http:\/\/pbs.twimg.com\/profile_images\/1246790275894132737\/l7jH0mvx_normal.jpg","profile_image_url_https":"https:\/\/pbs.twimg.com\/profile_images\/1246790275894132737\/l7jH0mvx_normal.jpg","profile_banner_url":"https:\/\/pbs.twimg.com\/profile_banners\/896315517727670273\/1582545371","default_profile":true,"default_profile_image":false,"following":null,"follow_request_sent":null,"notifications":null},"geo":null,"coordinates":null,"place":null,"contributors":null,"retweeted_status":{"created_at":"Fri Apr 10 13:12:41 +0000 2020","id":1248599786862678017,"id_str":"1248599786862678017","text":"\u6b73\u4e0b\u3068\u6b73\u4e0a\n\u307f\u301c\u301c\u301c\u301c\u301c\u301c\u301c\u301c\u301c\u301c\u3093\u306a\u304b\u308f\u3044\u3044\u306d\u301c\u301c\u301c\u301c\uff01\uff01\uff01\uff01\uff01\uff01\uff01\uff01\n\n#SOTUS https:\/\/t.co\/13pZHbtTy9","display_text_range":[0,44],"source":"\u003ca href=\"http:\/\/twitter.com\/download\/iphone\" rel=\"nofollow\"\u003eTwitter for iPhone\u003c\/a\u003e","truncated":false,"in_reply_to_status_id":null,"in_reply_to_status_id_str":null,"in_reply_to_user_id":null,"in_reply_to_user_id_str":null,"in_reply_to_screen_name":null,"user":{"id":1245258317972160513,"id_str":"1245258317972160513","name":"\u307a\u3093\u3053","screen_name":"reitou_pengin","location":"\uff75\uff72\uff7c\uff72\uff8a\uff86\uff68\uff9a\uff93\uff9d\uff6f!!!!!","url":null,"description":"SOTUS\u3067\u7121\u4e8b\u3084\u3089\u308c\u307e\u3057\u305f\uff01\uff01\uff01\u58c1\u6253\u3061KA\u4e2d\u5fc3\u843d\u66f8\u304d\u6295\u3052\u5148\u3067\u3059\uff01\uff01\uff01\uff01\u6210\u4eba\u6e08\u3067\uff5e\uff5e\uff5e\u3059\ud83d\udc4c\ud83d\udc4c\ud83d\udc4c \u26a0\ufe0f\u3077\u3089\u3044\u3079\u3063\u305f\u30fc\u306f\u300c18\u6b73\u4ee5\u4e0a\u300d\u30ea\u30d7\u3067\u30ea\u30b9\u30a4\u30f3\u26a0\ufe0f https:\/\/privatter.net\/u\/reitou_pengin","translator_type":"none","protected":false,"verified":false,"followers_count":417,"friends_count":34,"listed_count":9,"favourites_count":376,"statuses_count":191,"created_at":"Wed Apr 01 07:55:03 +0000 2020","utc_offset":null,"time_zone":null,"geo_enabled":false,"lang":null,"contributors_enabled":false,"is_translator":false,"profile_background_color":"F5F8FA","profile_background_image_url":"","profile_background_image_url_https":"","profile_background_tile":false,"profile_link_color":"1DA1F2","profile_sidebar_border_color":"C0DEED","profile_sidebar_fill_color":"DDEEF6","profile_text_color":"333333","profile_use_background_image":true,"profile_image_url":"http:\/\/pbs.twimg.com\/profile_images\/1247543984861278210\/bxosIf-m_normal.jpg","profile_image_url_https":"https:\/\/pbs.twimg.com\/profile_images\/1247543984861278210\/bxosIf-m_normal.jpg","profile_banner_url":"https:\/\/pbs.twimg.com\/profile_banners\/1245258317972160513\/1585844692","default_profile":true,"default_profile_image":false,"following":null,"follow_request_sent":null,"notifications":null},"geo":null,"coordinates":null,"place":null,"contributors":null,"is_quote_status":false,"quote_count":8,"reply_count":4,"retweet_count":194,"favorite_count":439,"entities":{"hashtags":[{"text":"SOTUS","indices":[38,44]}],"urls":[],"user_mentions":[],"symbols":[],"media":[{"id":1248599775127068673,"id_str":"1248599775127068673","indices":[45,68],"media_url":"http:\/\/pbs.twimg.com\/media\/EVPq4U8U4AEoRds.jpg","media_url_https":"https:\/\/pbs.twimg.com\/media\/EVPq4U8U4AEoRds.jpg","url":"https:\/\/t.co\/13pZHbtTy9","display_url":"pic.twitter.com\/13pZHbtTy9","expanded_url":"https:\/\/twitter.com\/reitou_pengin\/status\/1248599786862678017\/photo\/1","type":"photo","sizes":{"small":{"w":680,"h":634,"resize":"fit"},"thumb":{"w":150,"h":150,"resize":"crop"},"medium":{"w":871,"h":812,"resize":"fit"},"large":{"w":871,"h":812,"resize":"fit"}}}]},"extended_entities":{"media":[{"id":1248599775127068673,"id_str":"1248599775127068673","indices":[45,68],"media_url":"http:\/\/pbs.twimg.com\/media\/EVPq4U8U4AEoRds.jpg","media_url_https":"https:\/\/pbs.twimg.com\/media\/EVPq4U8U4AEoRds.jpg","url":"https:\/\/t.co\/13pZHbtTy9","display_url":"pic.twitter.com\/13pZHbtTy9","expanded_url":"https:\/\/twitter.com\/reitou_pengin\/status\/1248599786862678017\/photo\/1","type":"photo","sizes":{"small":{"w":680,"h":634,"resize":"fit"},"thumb":{"w":150,"h":150,"resize":"crop"},"medium":{"w":871,"h":812,"resize":"fit"},"large":{"w":871,"h":812,"resize":"fit"}}},{"id":1248599775118635010,"id_str":"1248599775118635010","indices":[45,68],"media_url":"http:\/\/pbs.twimg.com\/media\/EVPq4U6UMAIguWu.jpg","media_url_https":"https:\/\/pbs.twimg.com\/media\/EVPq4U6UMAIguWu.jpg","url":"https:\/\/t.co\/13pZHbtTy9","display_url":"pic.twitter.com\/13pZHbtTy9","expanded_url":"https:\/\/twitter.com\/reitou_pengin\/status\/1248599786862678017\/photo\/1","type":"photo","sizes":{"thumb":{"w":150,"h":150,"resize":"crop"},"medium":{"w":819,"h":629,"resize":"fit"},"small":{"w":680,"h":522,"resize":"fit"},"large":{"w":819,"h":629,"resize":"fit"}}}]},"favorited":false,"retweeted":false,"possibly_sensitive":false,"filter_level":"low","lang":"ja"},"is_quote_status":false,"quote_count":0,"reply_count":0,"retweet_count":0,"favorite_count":0,"entities":{"hashtags":[{"text":"SOTUS","indices":[57,63]}],"urls":[],"user_mentions":[{"screen_name":"reitou_pengin","name":"\u307a\u3093\u3053","id":1245258317972160513,"id_str":"1245258317972160513","indices":[3,17]}],"symbols":[],"media":[{"id":1248599775127068673,"id_str":"1248599775127068673","indices":[64,87],"media_url":"http:\/\/pbs.twimg.com\/media\/EVPq4U8U4AEoRds.jpg","media_url_https":"https:\/\/pbs.twimg.com\/media\/EVPq4U8U4AEoRds.jpg","url":"https:\/\/t.co\/13pZHbtTy9","display_url":"pic.twitter.com\/13pZHbtTy9","expanded_url":"https:\/\/twitter.com\/reitou_pengin\/status\/1248599786862678017\/photo\/1","type":"photo","sizes":{"small":{"w":680,"h":634,"resize":"fit"},"thumb":{"w":150,"h":150,"resize":"crop"},"medium":{"w":871,"h":812,"resize":"fit"},"large":{"w":871,"h":812,"resize":"fit"}},"source_status_id":1248599786862678017,"source_status_id_str":"1248599786862678017","source_user_id":1245258317972160513,"source_user_id_str":"1245258317972160513"}]},"extended_entities":{"media":[{"id":1248599775127068673,"id_str":"1248599775127068673","indices":[64,87],"media_url":"http:\/\/pbs.twimg.com\/media\/EVPq4U8U4AEoRds.jpg","media_url_https":"https:\/\/pbs.twimg.com\/media\/EVPq4U8U4AEoRds.jpg","url":"https:\/\/t.co\/13pZHbtTy9","display_url":"pic.twitter.com\/13pZHbtTy9","expanded_url":"https:\/\/twitter.com\/reitou_pengin\/status\/1248599786862678017\/photo\/1","type":"photo","sizes":{"small":{"w":680,"h":634,"resize":"fit"},"thumb":{"w":150,"h":150,"resize":"crop"},"medium":{"w":871,"h":812,"resize":"fit"},"large":{"w":871,"h":812,"resize":"fit"}},"source_status_id":1248599786862678017,"source_status_id_str":"1248599786862678017","source_user_id":1245258317972160513,"source_user_id_str":"1245258317972160513"},{"id":1248599775118635010,"id_str":"1248599775118635010","indices":[64,87],"media_url":"http:\/\/pbs.twimg.com\/media\/EVPq4U6UMAIguWu.jpg","media_url_https":"https:\/\/pbs.twimg.com\/media\/EVPq4U6UMAIguWu.jpg","url":"https:\/\/t.co\/13pZHbtTy9","display_url":"pic.twitter.com\/13pZHbtTy9","expanded_url":"https:\/\/twitter.com\/reitou_pengin\/status\/1248599786862678017\/photo\/1","type":"photo","sizes":{"thumb":{"w":150,"h":150,"resize":"crop"},"medium":{"w":819,"h":629,"resize":"fit"},"small":{"w":680,"h":522,"resize":"fit"},"large":{"w":819,"h":629,"resize":"fit"}},"source_status_id":1248599786862678017,"source_status_id_str":"1248599786862678017","source_user_id":1245258317972160513,"source_user_id_str":"1245258317972160513"}]},"favorited":false,"retweeted":false,"possibly_sensitive":false,"filter_level":"low","lang":"ja","timestamp_ms":"1586538228661"}
