{"created_at":"Fri Apr 10 17:03:54 +0000 2020","id":1248657974232412160,"id_str":"1248657974232412160","text":"_xo__pm_my\n\u4eca\u65e5\u306e\u5929\u6c17:\u66c7\u306e\u3061\u96e8 \u6700\u9ad8\u6c17\u6e2915\u5ea6 \u6700\u4f4e\u6c17\u6e297\u5ea6\n\u30c4\u30a4\u30fc\u30c8\u6570:1(\u524d\u65e5\u6bd4:0)\nRT\u3055\u308c\u305f\u6570:0(\u524d\u65e5\u6bd4:0)\n\u53d7\u3051\u53d6\u3063\u305f\u30ea\u30d7\u30e9\u30a4\u6570:0(\u524d\u65e5\u6bd4:0)\n\u3044\u3044\u306d\u3055\u308c\u305f\u6570:0(\u524d\u65e5\u6bd4:0)\nhttps:\/\/t.co\/Dss5wuPQpZ","source":"\u003ca href=\"http:\/\/utabami.com\/TodaysTwitterLife\/\" rel=\"nofollow\"\u003e\u4eca\u65e5\u306e\u30c4\u30a4\u30e9\u30a4\u30d5\u003c\/a\u003e","truncated":false,"in_reply_to_status_id":null,"in_reply_to_status_id_str":null,"in_reply_to_user_id":null,"in_reply_to_user_id_str":null,"in_reply_to_screen_name":null,"user":{"id":4504247544,"id_str":"4504247544","name":"\u30ed\u30b0\u30a2\u30a6\u30c8","screen_name":"_xo__pm_my","location":null,"url":null,"description":null,"translator_type":"none","protected":false,"verified":false,"followers_count":0,"friends_count":0,"listed_count":0,"favourites_count":8,"statuses_count":7456,"created_at":"Wed Dec 09 05:49:26 +0000 2015","utc_offset":null,"time_zone":null,"geo_enabled":false,"lang":null,"contributors_enabled":false,"is_translator":false,"profile_background_color":"C0DEED","profile_background_image_url":"http:\/\/abs.twimg.com\/images\/themes\/theme1\/bg.png","profile_background_image_url_https":"https:\/\/abs.twimg.com\/images\/themes\/theme1\/bg.png","profile_background_tile":false,"profile_link_color":"1DA1F2","profile_sidebar_border_color":"C0DEED","profile_sidebar_fill_color":"DDEEF6","profile_text_color":"333333","profile_use_background_image":true,"profile_image_url":"http:\/\/pbs.twimg.com\/profile_images\/690470557343748096\/2EU1ukSO_normal.jpg","profile_image_url_https":"https:\/\/pbs.twimg.com\/profile_images\/690470557343748096\/2EU1ukSO_normal.jpg","profile_banner_url":"https:\/\/pbs.twimg.com\/profile_banners\/4504247544\/1453455985","default_profile":true,"default_profile_image":false,"following":null,"follow_request_sent":null,"notifications":null},"geo":null,"coordinates":null,"place":null,"contributors":null,"is_quote_status":false,"quote_count":0,"reply_count":0,"retweet_count":0,"favorite_count":0,"entities":{"hashtags":[],"urls":[{"url":"https:\/\/t.co\/Dss5wuPQpZ","expanded_url":"http:\/\/utabami.com\/TodaysTwitterLife","display_url":"utabami.com\/TodaysTwitterL\u2026","indices":[105,128]}],"user_mentions":[],"symbols":[]},"favorited":false,"retweeted":false,"possibly_sensitive":false,"filter_level":"low","lang":"ja","timestamp_ms":"1586538234657"}
