{"created_at":"Fri Apr 10 17:03:50 +0000 2020","id":1248657957463699457,"id_str":"1248657957463699457","text":"RT @BTS_twt: #\uc724\uae30\uc0dd\uc77c\u110e\u110f #\uc288\uac00\uc0dd\uc77c\u314a\u314b \n\uc724\uae30\ud615\uc740 \uadc0\uc5ec\uc6b0\ub2c8\uae4c 2\uc0b4 https:\/\/t.co\/N1mGIDg8rR","source":"\u003ca href=\"http:\/\/twitter.com\/download\/android\" rel=\"nofollow\"\u003eTwitter for Android\u003c\/a\u003e","truncated":false,"in_reply_to_status_id":null,"in_reply_to_status_id_str":null,"in_reply_to_user_id":null,"in_reply_to_user_id_str":null,"in_reply_to_screen_name":null,"user":{"id":160787634,"id_str":"160787634","name":"OT7Shooter\u2077 \ud83c\udfaf","screen_name":"TheRealEVE_","location":null,"url":null,"description":"Nocturnal eclectic with an open mind. \n\n$gimmeshmonet","translator_type":"regular","protected":false,"verified":false,"followers_count":2723,"friends_count":3106,"listed_count":9,"favourites_count":7862,"statuses_count":31426,"created_at":"Tue Jun 29 03:43:03 +0000 2010","utc_offset":null,"time_zone":null,"geo_enabled":false,"lang":null,"contributors_enabled":false,"is_translator":false,"profile_background_color":"FFFFFF","profile_background_image_url":"http:\/\/abs.twimg.com\/images\/themes\/theme10\/bg.gif","profile_background_image_url_https":"https:\/\/abs.twimg.com\/images\/themes\/theme10\/bg.gif","profile_background_tile":true,"profile_link_color":"087BC7","profile_sidebar_border_color":"FFFFFF","profile_sidebar_fill_color":"FFFFFF","profile_text_color":"000000","profile_use_background_image":true,"profile_image_url":"http:\/\/pbs.twimg.com\/profile_images\/1212791534015393793\/IGN7JJZe_normal.jpg","profile_image_url_https":"https:\/\/pbs.twimg.com\/profile_images\/1212791534015393793\/IGN7JJZe_normal.jpg","profile_banner_url":"https:\/\/pbs.twimg.com\/profile_banners\/160787634\/1563629582","default_profile":false,"default_profile_image":false,"following":null,"follow_request_sent":null,"notifications":null},"geo":null,"coordinates":null,"place":null,"contributors":null,"retweeted_status":{"created_at":"Sun Mar 08 15:10:52 +0000 2020","id":1236670727429873664,"id_str":"1236670727429873664","text":"#\uc724\uae30\uc0dd\uc77c\u110e\u110f #\uc288\uac00\uc0dd\uc77c\u314a\u314b \n\uc724\uae30\ud615\uc740 \uadc0\uc5ec\uc6b0\ub2c8\uae4c 2\uc0b4 https:\/\/t.co\/N1mGIDg8rR","display_text_range":[0,30],"source":"\u003ca href=\"http:\/\/twitter.com\/download\/android\" rel=\"nofollow\"\u003eTwitter for Android\u003c\/a\u003e","truncated":false,"in_reply_to_status_id":null,"in_reply_to_status_id_str":null,"in_reply_to_user_id":null,"in_reply_to_user_id_str":null,"in_reply_to_screen_name":null,"user":{"id":335141638,"id_str":"335141638","name":"\ubc29\ud0c4\uc18c\ub144\ub2e8","screen_name":"BTS_twt","location":null,"url":"http:\/\/btsblog.ibighit.com","description":"Hi! We are BTS!!","translator_type":"regular","protected":false,"verified":true,"followers_count":24880096,"friends_count":133,"listed_count":68311,"favourites_count":194,"statuses_count":12233,"created_at":"Thu Jul 14 06:32:56 +0000 2011","utc_offset":null,"time_zone":null,"geo_enabled":true,"lang":null,"contributors_enabled":false,"is_translator":false,"profile_background_color":"FFFFFF","profile_background_image_url":"http:\/\/abs.twimg.com\/images\/themes\/theme14\/bg.gif","profile_background_image_url_https":"https:\/\/abs.twimg.com\/images\/themes\/theme14\/bg.gif","profile_background_tile":false,"profile_link_color":"FF0000","profile_sidebar_border_color":"FFFFFF","profile_sidebar_fill_color":"EFEFEF","profile_text_color":"333333","profile_use_background_image":true,"profile_image_url":"http:\/\/pbs.twimg.com\/profile_images\/1229058123094056961\/QTkQZkBj_normal.jpg","profile_image_url_https":"https:\/\/pbs.twimg.com\/profile_images\/1229058123094056961\/QTkQZkBj_normal.jpg","profile_banner_url":"https:\/\/pbs.twimg.com\/profile_banners\/335141638\/1581519781","default_profile":false,"default_profile_image":false,"following":null,"follow_request_sent":null,"notifications":null},"geo":null,"coordinates":null,"place":null,"contributors":null,"is_quote_status":false,"quote_count":95496,"reply_count":152157,"retweet_count":667558,"favorite_count":1801313,"entities":{"hashtags":[{"text":"\uc724\uae30\uc0dd\uc77c\u110e\u110f","indices":[0,7]},{"text":"\uc288\uac00\uc0dd\uc77c\u314a\u314b","indices":[8,15]}],"urls":[],"user_mentions":[],"symbols":[],"media":[{"id":1236670635385864193,"id_str":"1236670635385864193","indices":[31,54],"additional_media_info":{"monetizable":false},"media_url":"http:\/\/pbs.twimg.com\/ext_tw_video_thumb\/1236670635385864193\/pu\/img\/g4shGI3zSkh7efOW.jpg","media_url_https":"https:\/\/pbs.twimg.com\/ext_tw_video_thumb\/1236670635385864193\/pu\/img\/g4shGI3zSkh7efOW.jpg","url":"https:\/\/t.co\/N1mGIDg8rR","display_url":"pic.twitter.com\/N1mGIDg8rR","expanded_url":"https:\/\/twitter.com\/BTS_twt\/status\/1236670727429873664\/video\/1","type":"photo","sizes":{"thumb":{"w":150,"h":150,"resize":"crop"},"medium":{"w":1200,"h":675,"resize":"fit"},"small":{"w":680,"h":383,"resize":"fit"},"large":{"w":1280,"h":720,"resize":"fit"}}}]},"extended_entities":{"media":[{"id":1236670635385864193,"id_str":"1236670635385864193","indices":[31,54],"additional_media_info":{"monetizable":false},"media_url":"http:\/\/pbs.twimg.com\/ext_tw_video_thumb\/1236670635385864193\/pu\/img\/g4shGI3zSkh7efOW.jpg","media_url_https":"https:\/\/pbs.twimg.com\/ext_tw_video_thumb\/1236670635385864193\/pu\/img\/g4shGI3zSkh7efOW.jpg","url":"https:\/\/t.co\/N1mGIDg8rR","display_url":"pic.twitter.com\/N1mGIDg8rR","expanded_url":"https:\/\/twitter.com\/BTS_twt\/status\/1236670727429873664\/video\/1","type":"video","video_info":{"aspect_ratio":[16,9],"duration_millis":24264,"variants":[{"bitrate":2176000,"content_type":"video\/mp4","url":"https:\/\/video.twimg.com\/ext_tw_video\/1236670635385864193\/pu\/vid\/1280x720\/tI6Ye6N0A6xVxNJM.mp4?tag=10"},{"content_type":"application\/x-mpegURL","url":"https:\/\/video.twimg.com\/ext_tw_video\/1236670635385864193\/pu\/pl\/70gmz84c6Xl6eVG2.m3u8?tag=10"},{"bitrate":256000,"content_type":"video\/mp4","url":"https:\/\/video.twimg.com\/ext_tw_video\/1236670635385864193\/pu\/vid\/480x270\/MSszNWhJLvKbpWaP.mp4?tag=10"},{"bitrate":832000,"content_type":"video\/mp4","url":"https:\/\/video.twimg.com\/ext_tw_video\/1236670635385864193\/pu\/vid\/640x360\/mmejQspfVj6_DRY1.mp4?tag=10"}]},"sizes":{"thumb":{"w":150,"h":150,"resize":"crop"},"medium":{"w":1200,"h":675,"resize":"fit"},"small":{"w":680,"h":383,"resize":"fit"},"large":{"w":1280,"h":720,"resize":"fit"}}}]},"favorited":false,"retweeted":false,"possibly_sensitive":false,"filter_level":"low","lang":"ko"},"is_quote_status":false,"quote_count":0,"reply_count":0,"retweet_count":0,"favorite_count":0,"entities":{"hashtags":[{"text":"\uc724\uae30\uc0dd\uc77c\u110e\u110f","indices":[13,20]},{"text":"\uc288\uac00\uc0dd\uc77c\u314a\u314b","indices":[21,28]}],"urls":[],"user_mentions":[{"screen_name":"BTS_twt","name":"\ubc29\ud0c4\uc18c\ub144\ub2e8","id":335141638,"id_str":"335141638","indices":[3,11]}],"symbols":[],"media":[{"id":1236670635385864193,"id_str":"1236670635385864193","indices":[44,67],"additional_media_info":{"monetizable":false},"media_url":"http:\/\/pbs.twimg.com\/ext_tw_video_thumb\/1236670635385864193\/pu\/img\/g4shGI3zSkh7efOW.jpg","media_url_https":"https:\/\/pbs.twimg.com\/ext_tw_video_thumb\/1236670635385864193\/pu\/img\/g4shGI3zSkh7efOW.jpg","url":"https:\/\/t.co\/N1mGIDg8rR","display_url":"pic.twitter.com\/N1mGIDg8rR","expanded_url":"https:\/\/twitter.com\/BTS_twt\/status\/1236670727429873664\/video\/1","type":"photo","sizes":{"thumb":{"w":150,"h":150,"resize":"crop"},"medium":{"w":1200,"h":675,"resize":"fit"},"small":{"w":680,"h":383,"resize":"fit"},"large":{"w":1280,"h":720,"resize":"fit"}},"source_status_id":1236670727429873664,"source_status_id_str":"1236670727429873664","source_user_id":335141638,"source_user_id_str":"335141638"}]},"extended_entities":{"media":[{"id":1236670635385864193,"id_str":"1236670635385864193","indices":[44,67],"additional_media_info":{"monetizable":false},"media_url":"http:\/\/pbs.twimg.com\/ext_tw_video_thumb\/1236670635385864193\/pu\/img\/g4shGI3zSkh7efOW.jpg","media_url_https":"https:\/\/pbs.twimg.com\/ext_tw_video_thumb\/1236670635385864193\/pu\/img\/g4shGI3zSkh7efOW.jpg","url":"https:\/\/t.co\/N1mGIDg8rR","display_url":"pic.twitter.com\/N1mGIDg8rR","expanded_url":"https:\/\/twitter.com\/BTS_twt\/status\/1236670727429873664\/video\/1","type":"video","video_info":{"aspect_ratio":[16,9],"duration_millis":24264,"variants":[{"bitrate":2176000,"content_type":"video\/mp4","url":"https:\/\/video.twimg.com\/ext_tw_video\/1236670635385864193\/pu\/vid\/1280x720\/tI6Ye6N0A6xVxNJM.mp4?tag=10"},{"content_type":"application\/x-mpegURL","url":"https:\/\/video.twimg.com\/ext_tw_video\/1236670635385864193\/pu\/pl\/70gmz84c6Xl6eVG2.m3u8?tag=10"},{"bitrate":256000,"content_type":"video\/mp4","url":"https:\/\/video.twimg.com\/ext_tw_video\/1236670635385864193\/pu\/vid\/480x270\/MSszNWhJLvKbpWaP.mp4?tag=10"},{"bitrate":832000,"content_type":"video\/mp4","url":"https:\/\/video.twimg.com\/ext_tw_video\/1236670635385864193\/pu\/vid\/640x360\/mmejQspfVj6_DRY1.mp4?tag=10"}]},"sizes":{"thumb":{"w":150,"h":150,"resize":"crop"},"medium":{"w":1200,"h":675,"resize":"fit"},"small":{"w":680,"h":383,"resize":"fit"},"large":{"w":1280,"h":720,"resize":"fit"}},"source_status_id":1236670727429873664,"source_status_id_str":"1236670727429873664","source_user_id":335141638,"source_user_id_str":"335141638"}]},"favorited":false,"retweeted":false,"possibly_sensitive":false,"filter_level":"low","lang":"ko","timestamp_ms":"1586538230659"}
