{"created_at":"Fri Apr 10 17:03:56 +0000 2020","id":1248657982641995776,"id_str":"1248657982641995776","text":".  \u2022 Tr\u1ecbnh V\u0103n T\u00e2n@trinhtan beat Quest: How to Time-Stamp any digital document  https:\/\/t.co\/cE6mJGuSCo","source":"\u003ca href=\"https:\/\/gitcoin.co\" rel=\"nofollow\"\u003eGitcoin Feed\u003c\/a\u003e","truncated":false,"in_reply_to_status_id":null,"in_reply_to_status_id_str":null,"in_reply_to_user_id":null,"in_reply_to_user_id_str":null,"in_reply_to_screen_name":null,"user":{"id":978342036200865792,"id_str":"978342036200865792","name":"Gitcoin Feed","screen_name":"GitcoinFeed","location":"the blockchain","url":"https:\/\/gitcoin.co\/explorer","description":"Activity feed from @gitcoin | Grow Open Source","translator_type":"none","protected":false,"verified":false,"followers_count":221,"friends_count":2,"listed_count":11,"favourites_count":1,"statuses_count":95049,"created_at":"Mon Mar 26 18:44:52 +0000 2018","utc_offset":null,"time_zone":null,"geo_enabled":false,"lang":null,"contributors_enabled":false,"is_translator":false,"profile_background_color":"000000","profile_background_image_url":"http:\/\/abs.twimg.com\/images\/themes\/theme1\/bg.png","profile_background_image_url_https":"https:\/\/abs.twimg.com\/images\/themes\/theme1\/bg.png","profile_background_tile":false,"profile_link_color":"1B95E0","profile_sidebar_border_color":"000000","profile_sidebar_fill_color":"000000","profile_text_color":"000000","profile_use_background_image":false,"profile_image_url":"http:\/\/pbs.twimg.com\/profile_images\/1156028475733491712\/05U8L-kB_normal.jpg","profile_image_url_https":"https:\/\/pbs.twimg.com\/profile_images\/1156028475733491712\/05U8L-kB_normal.jpg","profile_banner_url":"https:\/\/pbs.twimg.com\/profile_banners\/978342036200865792\/1568566875","default_profile":false,"default_profile_image":false,"following":null,"follow_request_sent":null,"notifications":null},"geo":null,"coordinates":null,"place":null,"contributors":null,"is_quote_status":false,"quote_count":0,"reply_count":0,"retweet_count":0,"favorite_count":0,"entities":{"hashtags":[],"urls":[{"url":"https:\/\/t.co\/cE6mJGuSCo","expanded_url":"https:\/\/gitcoin.co\/trinhtan","display_url":"gitcoin.co\/trinhtan","indices":[80,103]}],"user_mentions":[],"symbols":[]},"favorited":false,"retweeted":false,"possibly_sensitive":false,"filter_level":"low","lang":"vi","timestamp_ms":"1586538236662"}
