{"created_at":"Fri Apr 10 17:03:49 +0000 2020","id":1248657953265045504,"id_str":"1248657953265045504","text":"RT @NAMEISGRAY: 00:00 @tudfah","source":"\u003ca href=\"http:\/\/twitter.com\/download\/android\" rel=\"nofollow\"\u003eTwitter for Android\u003c\/a\u003e","truncated":false,"in_reply_to_status_id":null,"in_reply_to_status_id_str":null,"in_reply_to_user_id":null,"in_reply_to_user_id_str":null,"in_reply_to_screen_name":null,"user":{"id":1237702162710315008,"id_str":"1237702162710315008","name":"\u0e17\u0e31\u0e14\u0e1f\u0e49\u0e32","screen_name":"tudfah","location":"Gray \u2661","url":null,"description":"\u2014 TF.","translator_type":"none","protected":false,"verified":false,"followers_count":115,"friends_count":146,"listed_count":2,"favourites_count":388,"statuses_count":1486,"created_at":"Wed Mar 11 11:29:39 +0000 2020","utc_offset":null,"time_zone":null,"geo_enabled":false,"lang":null,"contributors_enabled":false,"is_translator":false,"profile_background_color":"F5F8FA","profile_background_image_url":"","profile_background_image_url_https":"","profile_background_tile":false,"profile_link_color":"1DA1F2","profile_sidebar_border_color":"C0DEED","profile_sidebar_fill_color":"DDEEF6","profile_text_color":"333333","profile_use_background_image":true,"profile_image_url":"http:\/\/pbs.twimg.com\/profile_images\/1243846513874235393\/NK3m9E5o_normal.jpg","profile_image_url_https":"https:\/\/pbs.twimg.com\/profile_images\/1243846513874235393\/NK3m9E5o_normal.jpg","profile_banner_url":"https:\/\/pbs.twimg.com\/profile_banners\/1237702162710315008\/1586496786","default_profile":true,"default_profile_image":false,"following":null,"follow_request_sent":null,"notifications":null},"geo":null,"coordinates":null,"place":null,"contributors":null,"retweeted_status":{"created_at":"Fri Apr 10 17:00:13 +0000 2020","id":1248657048532705280,"id_str":"1248657048532705280","text":"00:00 @tudfah","source":"\u003ca href=\"http:\/\/twitter.com\/download\/android\" rel=\"nofollow\"\u003eTwitter for Android\u003c\/a\u003e","truncated":false,"in_reply_to_status_id":null,"in_reply_to_status_id_str":null,"in_reply_to_user_id":null,"in_reply_to_user_id_str":null,"in_reply_to_screen_name":null,"user":{"id":1219084173425537024,"id_str":"1219084173425537024","name":"\u0e40\u0e01\u0e23\u0e22\u0e4c","screen_name":"NAMEISGRAY","location":"In relationship w\/\ud83d\udda4","url":"http:\/\/333mnu.th","description":"\u275d You cannot live your life to please others. The choice must be yours \u275e","translator_type":"none","protected":false,"verified":false,"followers_count":219,"friends_count":207,"listed_count":0,"favourites_count":286,"statuses_count":1298,"created_at":"Mon Jan 20 02:28:44 +0000 2020","utc_offset":null,"time_zone":null,"geo_enabled":false,"lang":null,"contributors_enabled":false,"is_translator":false,"profile_background_color":"F5F8FA","profile_background_image_url":"","profile_background_image_url_https":"","profile_background_tile":false,"profile_link_color":"1DA1F2","profile_sidebar_border_color":"C0DEED","profile_sidebar_fill_color":"DDEEF6","profile_text_color":"333333","profile_use_background_image":true,"profile_image_url":"http:\/\/pbs.twimg.com\/profile_images\/1246704968628760576\/HrlUpS9y_normal.jpg","profile_image_url_https":"https:\/\/pbs.twimg.com\/profile_images\/1246704968628760576\/HrlUpS9y_normal.jpg","profile_banner_url":"https:\/\/pbs.twimg.com\/profile_banners\/1219084173425537024\/1585975204","default_profile":true,"default_profile_image":false,"following":null,"follow_request_sent":null,"notifications":null},"geo":null,"coordinates":null,"place":null,"contributors":null,"is_quote_status":false,"quote_count":0,"reply_count":0,"retweet_count":1,"favorite_count":0,"entities":{"hashtags":[],"urls":[],"user_mentions":[{"screen_name":"tudfah","name":"\u0e17\u0e31\u0e14\u0e1f\u0e49\u0e32","id":1237702162710315008,"id_str":"1237702162710315008","indices":[6,13]}],"symbols":[]},"favorited":false,"retweeted":false,"filter_level":"low","lang":"und"},"is_quote_status":false,"quote_count":0,"reply_count":0,"retweet_count":0,"favorite_count":0,"entities":{"hashtags":[],"urls":[],"user_mentions":[{"screen_name":"NAMEISGRAY","name":"\u0e40\u0e01\u0e23\u0e22\u0e4c","id":1219084173425537024,"id_str":"1219084173425537024","indices":[3,14]},{"screen_name":"tudfah","name":"\u0e17\u0e31\u0e14\u0e1f\u0e49\u0e32","id":1237702162710315008,"id_str":"1237702162710315008","indices":[22,29]}],"symbols":[]},"favorited":false,"retweeted":false,"filter_level":"low","lang":"und","timestamp_ms":"1586538229658"}
