{"created_at":"Fri Apr 10 17:03:53 +0000 2020","id":1248657970050691073,"id_str":"1248657970050691073","text":"RT @maleewundekx: \u0e2d\u0e37\u0e49\u0e2d\u0e2b\u0e37\u0e2d\u0e41\u0e04\u0e48\u0e1f\u0e31\u0e07\u0e40\u0e2a\u0e35\u0e22\u0e07\u0e01\u0e47\u0e40\u0e2a\u0e35\u0e22\u0e27\u0e15\u0e32\u0e21\u0e41\u0e25\u0e49\u0e27\u0e21\u0e31\u0e49\u0e22\u0e04\u0e30\u0e41\u0e1a\u0e1a\u0e19\u0e35\u0e49 \u0e19\u0e49\u0e33\u0e2b\u0e35\u0e1e\u0e38\u0e48\u0e07\u0e41\u0e19\u0e48\u0e19\u0e2d\u0e19 \u0e15\u0e31\u0e27\u0e40\u0e15\u0e47\u0e21 21 \u0e19\u0e32\u0e17\u0e35 \u0e25\u0e07\u0e44\u0e27\u0e49\u0e43\u0e19\u0e01\u0e25\u0e38\u0e48\u0e21\u0e19\u0e49\u0e2d\u0e07\u0e19\u0e30\u0e04\u0e30\n\n\u0e14\u0e39\u0e15\u0e48\u0e2d\u0e43\u0e19\u0e01\u0e25\u0e38\u0e48\u0e21\u0e19\u0e49\u0e2d\u0e07\u0e04\u0e25\u0e34\u0e01 \ud83c\udfac\u2026","source":"\u003ca href=\"http:\/\/twitter.com\/download\/android\" rel=\"nofollow\"\u003eTwitter for Android\u003c\/a\u003e","truncated":false,"in_reply_to_status_id":null,"in_reply_to_status_id_str":null,"in_reply_to_user_id":null,"in_reply_to_user_id_str":null,"in_reply_to_screen_name":null,"user":{"id":1244900584878039040,"id_str":"1244900584878039040","name":"Thongsak","screen_name":"Thongsa20095717","location":null,"url":null,"description":"\u0e0a\u0e32\u0e22","translator_type":"none","protected":false,"verified":false,"followers_count":11,"friends_count":279,"listed_count":0,"favourites_count":32,"statuses_count":52,"created_at":"Tue Mar 31 08:13:39 +0000 2020","utc_offset":null,"time_zone":null,"geo_enabled":false,"lang":null,"contributors_enabled":false,"is_translator":false,"profile_background_color":"F5F8FA","profile_background_image_url":"","profile_background_image_url_https":"","profile_background_tile":false,"profile_link_color":"1DA1F2","profile_sidebar_border_color":"C0DEED","profile_sidebar_fill_color":"DDEEF6","profile_text_color":"333333","profile_use_background_image":true,"profile_image_url":"http:\/\/pbs.twimg.com\/profile_images\/1245182115890823168\/875AxRFe_normal.jpg","profile_image_url_https":"https:\/\/pbs.twimg.com\/profile_images\/1245182115890823168\/875AxRFe_normal.jpg","default_profile":true,"default_profile_image":false,"following":null,"follow_request_sent":null,"notifications":null},"geo":null,"coordinates":null,"place":null,"contributors":null,"retweeted_status":{"created_at":"Wed Jan 23 07:32:47 +0000 2019","id":1087976421576884224,"id_str":"1087976421576884224","text":"\u0e2d\u0e37\u0e49\u0e2d\u0e2b\u0e37\u0e2d\u0e41\u0e04\u0e48\u0e1f\u0e31\u0e07\u0e40\u0e2a\u0e35\u0e22\u0e07\u0e01\u0e47\u0e40\u0e2a\u0e35\u0e22\u0e27\u0e15\u0e32\u0e21\u0e41\u0e25\u0e49\u0e27\u0e21\u0e31\u0e49\u0e22\u0e04\u0e30\u0e41\u0e1a\u0e1a\u0e19\u0e35\u0e49 \u0e19\u0e49\u0e33\u0e2b\u0e35\u0e1e\u0e38\u0e48\u0e07\u0e41\u0e19\u0e48\u0e19\u0e2d\u0e19 \u0e15\u0e31\u0e27\u0e40\u0e15\u0e47\u0e21 21 \u0e19\u0e32\u0e17\u0e35 \u0e25\u0e07\u0e44\u0e27\u0e49\u0e43\u0e19\u0e01\u0e25\u0e38\u0e48\u0e21\u0e19\u0e49\u0e2d\u0e07\u0e19\u0e30\u0e04\u0e30\n\n\u0e14\u0e39\u0e15\u0e48\u0e2d\u0e43\u0e19\u0e01\u0e25\u0e38\u0e48\u0e21\u0e19\u0e49\u0e2d\u0e07\u2026 https:\/\/t.co\/kau03FQBXa","display_text_range":[0,140],"source":"\u003ca href=\"http:\/\/twitter.com\" rel=\"nofollow\"\u003eTwitter Web Client\u003c\/a\u003e","truncated":true,"in_reply_to_status_id":null,"in_reply_to_status_id_str":null,"in_reply_to_user_id":null,"in_reply_to_user_id_str":null,"in_reply_to_screen_name":null,"user":{"id":889936342494265344,"id_str":"889936342494265344","name":"MaleewunDekx","screen_name":"maleewundekx","location":"\u0e01\u0e23\u0e38\u0e07\u0e40\u0e17\u0e1e\u0e21\u0e2b\u0e32\u0e19\u0e04\u0e23, \u0e1b\u0e23\u0e30\u0e40\u0e17\u0e28\u0e44\u0e17\u0e22","url":null,"description":"\u0e02\u0e35\u0e49\u0e2d\u0e48\u0e2d\u0e22 \u0e02\u0e35\u0e49\u0e40\u0e07\u0e35\u0e48\u0e22\u0e19 \u0e0a\u0e2d\u0e1a\u0e2b\u0e37\u0e48\u0e19 \u0e0a\u0e2d\u0e1a\u0e40\u0e25\u0e35\u0e22 \u0e0a\u0e2d\u0e1a\u0e2d\u0e21 \u0e0a\u0e2d\u0e1a\u0e42\u0e0a\u0e27\u0e4c\u0e2b\u0e35\u0e41\u0e1a\u0e1a\u0e19\u0e49\u0e33\u0e40\u0e22\u0e34\u0e49\u0e21\u0e46 \ud83d\udca6\ud83d\udca6\ud83d\udca6 (\u0e2d\u0e22\u0e32\u0e01\u0e14\u0e39\u0e02\u0e2d\u0e07\u0e40\u0e23\u0e32\u0e41\u0e2d\u0e14\u0e44\u0e25\u0e19\u0e4c\u0e01\u0e14\u0e40\u0e1e\u0e34\u0e48\u0e21\u0e40\u0e1e\u0e37\u0e48\u0e2d\u0e19\u0e21\u0e32\u0e44\u0e14\u0e49\u0e17\u0e35\u0e48  @hsv6750u \u0e2d\u0e22\u0e48\u0e32\u0e25\u0e37\u0e21\u0e43\u0e2a\u0e48 @ \u0e14\u0e49\u0e27\u0e22)","translator_type":"none","protected":false,"verified":false,"followers_count":336736,"friends_count":42,"listed_count":856,"favourites_count":1714,"statuses_count":660,"created_at":"Tue Jul 25 19:52:13 +0000 2017","utc_offset":null,"time_zone":null,"geo_enabled":false,"lang":null,"contributors_enabled":false,"is_translator":false,"profile_background_color":"000000","profile_background_image_url":"http:\/\/abs.twimg.com\/images\/themes\/theme1\/bg.png","profile_background_image_url_https":"https:\/\/abs.twimg.com\/images\/themes\/theme1\/bg.png","profile_background_tile":false,"profile_link_color":"FF691F","profile_sidebar_border_color":"000000","profile_sidebar_fill_color":"000000","profile_text_color":"000000","profile_use_background_image":false,"profile_image_url":"http:\/\/pbs.twimg.com\/profile_images\/1035120469916057601\/rzl4xKAE_normal.jpg","profile_image_url_https":"https:\/\/pbs.twimg.com\/profile_images\/1035120469916057601\/rzl4xKAE_normal.jpg","profile_banner_url":"https:\/\/pbs.twimg.com\/profile_banners\/889936342494265344\/1535627199","default_profile":false,"default_profile_image":false,"following":null,"follow_request_sent":null,"notifications":null},"geo":null,"coordinates":null,"place":null,"contributors":null,"is_quote_status":false,"extended_tweet":{"full_text":"\u0e2d\u0e37\u0e49\u0e2d\u0e2b\u0e37\u0e2d\u0e41\u0e04\u0e48\u0e1f\u0e31\u0e07\u0e40\u0e2a\u0e35\u0e22\u0e07\u0e01\u0e47\u0e40\u0e2a\u0e35\u0e22\u0e27\u0e15\u0e32\u0e21\u0e41\u0e25\u0e49\u0e27\u0e21\u0e31\u0e49\u0e22\u0e04\u0e30\u0e41\u0e1a\u0e1a\u0e19\u0e35\u0e49 \u0e19\u0e49\u0e33\u0e2b\u0e35\u0e1e\u0e38\u0e48\u0e07\u0e41\u0e19\u0e48\u0e19\u0e2d\u0e19 \u0e15\u0e31\u0e27\u0e40\u0e15\u0e47\u0e21 21 \u0e19\u0e32\u0e17\u0e35 \u0e25\u0e07\u0e44\u0e27\u0e49\u0e43\u0e19\u0e01\u0e25\u0e38\u0e48\u0e21\u0e19\u0e49\u0e2d\u0e07\u0e19\u0e30\u0e04\u0e30\n\n\u0e14\u0e39\u0e15\u0e48\u0e2d\u0e43\u0e19\u0e01\u0e25\u0e38\u0e48\u0e21\u0e19\u0e49\u0e2d\u0e07\u0e04\u0e25\u0e34\u0e01 \ud83c\udfac https:\/\/t.co\/CUFz9lRj2s https:\/\/t.co\/7GF60JBj4j","display_text_range":[0,145],"entities":{"hashtags":[],"urls":[{"url":"https:\/\/t.co\/CUFz9lRj2s","expanded_url":"https:\/\/bit.ly\/2SNVlkn","display_url":"bit.ly\/2SNVlkn","indices":[122,145]}],"user_mentions":[],"symbols":[],"media":[{"id":1087976351150338048,"id_str":"1087976351150338048","indices":[146,169],"additional_media_info":{"monetizable":false},"media_url":"http:\/\/pbs.twimg.com\/ext_tw_video_thumb\/1087976351150338048\/pu\/img\/U21LTWNib1EPuL2P.jpg","media_url_https":"https:\/\/pbs.twimg.com\/ext_tw_video_thumb\/1087976351150338048\/pu\/img\/U21LTWNib1EPuL2P.jpg","url":"https:\/\/t.co\/7GF60JBj4j","display_url":"pic.twitter.com\/7GF60JBj4j","expanded_url":"https:\/\/twitter.com\/maleewundekx\/status\/1087976421576884224\/video\/1","type":"video","video_info":{"aspect_ratio":[9,16],"duration_millis":140000,"variants":[{"bitrate":832000,"content_type":"video\/mp4","url":"https:\/\/video.twimg.com\/ext_tw_video\/1087976351150338048\/pu\/vid\/360x640\/Qet55jyaixvgtRYA.mp4?tag=6"},{"content_type":"application\/x-mpegURL","url":"https:\/\/video.twimg.com\/ext_tw_video\/1087976351150338048\/pu\/pl\/Ts0x6h6_Iq9MzhrT.m3u8?tag=6"},{"bitrate":632000,"content_type":"video\/mp4","url":"https:\/\/video.twimg.com\/ext_tw_video\/1087976351150338048\/pu\/vid\/320x568\/5u5Q_UWJ0rE6AWkT.mp4?tag=6"}]},"sizes":{"thumb":{"w":150,"h":150,"resize":"crop"},"large":{"w":360,"h":640,"resize":"fit"},"medium":{"w":360,"h":640,"resize":"fit"},"small":{"w":360,"h":640,"resize":"fit"}}}]},"extended_entities":{"media":[{"id":1087976351150338048,"id_str":"1087976351150338048","indices":[146,169],"additional_media_info":{"monetizable":false},"media_url":"http:\/\/pbs.twimg.com\/ext_tw_video_thumb\/1087976351150338048\/pu\/img\/U21LTWNib1EPuL2P.jpg","media_url_https":"https:\/\/pbs.twimg.com\/ext_tw_video_thumb\/1087976351150338048\/pu\/img\/U21LTWNib1EPuL2P.jpg","url":"https:\/\/t.co\/7GF60JBj4j","display_url":"pic.twitter.com\/7GF60JBj4j","expanded_url":"https:\/\/twitter.com\/maleewundekx\/status\/1087976421576884224\/video\/1","type":"video","video_info":{"aspect_ratio":[9,16],"duration_millis":140000,"variants":[{"bitrate":832000,"content_type":"video\/mp4","url":"https:\/\/video.twimg.com\/ext_tw_video\/1087976351150338048\/pu\/vid\/360x640\/Qet55jyaixvgtRYA.mp4?tag=6"},{"content_type":"application\/x-mpegURL","url":"https:\/\/video.twimg.com\/ext_tw_video\/1087976351150338048\/pu\/pl\/Ts0x6h6_Iq9MzhrT.m3u8?tag=6"},{"bitrate":632000,"content_type":"video\/mp4","url":"https:\/\/video.twimg.com\/ext_tw_video\/1087976351150338048\/pu\/vid\/320x568\/5u5Q_UWJ0rE6AWkT.mp4?tag=6"}]},"sizes":{"thumb":{"w":150,"h":150,"resize":"crop"},"large":{"w":360,"h":640,"resize":"fit"},"medium":{"w":360,"h":640,"resize":"fit"},"small":{"w":360,"h":640,"resize":"fit"}}}]}},"quote_count":122,"reply_count":284,"retweet_count":12410,"favorite_count":21167,"entities":{"hashtags":[],"urls":[{"url":"https:\/\/t.co\/kau03FQBXa","expanded_url":"https:\/\/twitter.com\/i\/web\/status\/1087976421576884224","display_url":"twitter.com\/i\/web\/status\/1\u2026","indices":[117,140]}],"user_mentions":[],"symbols":[]},"favorited":false,"retweeted":false,"possibly_sensitive":true,"filter_level":"low","lang":"th"},"is_quote_status":false,"quote_count":0,"reply_count":0,"retweet_count":0,"favorite_count":0,"entities":{"hashtags":[],"urls":[],"user_mentions":[{"screen_name":"maleewundekx","name":"MaleewunDekx","id":889936342494265344,"id_str":"889936342494265344","indices":[3,16]}],"symbols":[]},"favorited":false,"retweeted":false,"filter_level":"low","lang":"th","timestamp_ms":"1586538233660"}
