{"created_at":"Fri Apr 10 17:03:54 +0000 2020","id":1248657974270275586,"id_str":"1248657974270275586","text":"@DrMller7 @frontieres_ J'adore suivre ce compte car il est suivi par tous les blaireaux bien pensants et les fiotte\u2026 https:\/\/t.co\/TJHO6xbpv8","display_text_range":[23,140],"source":"\u003ca href=\"http:\/\/twitter.com\/download\/android\" rel=\"nofollow\"\u003eTwitter for Android\u003c\/a\u003e","truncated":true,"in_reply_to_status_id":1248649502552207360,"in_reply_to_status_id_str":"1248649502552207360","in_reply_to_user_id":1212709499519127553,"in_reply_to_user_id_str":"1212709499519127553","in_reply_to_screen_name":"DrMller7","user":{"id":1219505002517012480,"id_str":"1219505002517012480","name":"Nico Iffland","screen_name":"kropotkine1","location":null,"url":null,"description":"Gott far domi noch a mol !","translator_type":"none","protected":false,"verified":false,"followers_count":75,"friends_count":222,"listed_count":1,"favourites_count":570,"statuses_count":1079,"created_at":"Tue Jan 21 06:20:34 +0000 2020","utc_offset":null,"time_zone":null,"geo_enabled":false,"lang":null,"contributors_enabled":false,"is_translator":false,"profile_background_color":"F5F8FA","profile_background_image_url":"","profile_background_image_url_https":"","profile_background_tile":false,"profile_link_color":"1DA1F2","profile_sidebar_border_color":"C0DEED","profile_sidebar_fill_color":"DDEEF6","profile_text_color":"333333","profile_use_background_image":true,"profile_image_url":"http:\/\/pbs.twimg.com\/profile_images\/1244931025215590401\/bu5ExmwM_normal.jpg","profile_image_url_https":"https:\/\/pbs.twimg.com\/profile_images\/1244931025215590401\/bu5ExmwM_normal.jpg","default_profile":true,"default_profile_image":false,"following":null,"follow_request_sent":null,"notifications":null},"geo":null,"coordinates":null,"place":null,"contributors":null,"is_quote_status":false,"extended_tweet":{"full_text":"@DrMller7 @frontieres_ J'adore suivre ce compte car il est suivi par tous les blaireaux bien pensants et les fiottes intersid\u00e9rales (soit 90% de la population)","display_text_range":[23,159],"entities":{"hashtags":[],"urls":[],"user_mentions":[{"screen_name":"DrMller7","name":"Dr M\u00fcller \u2670","id":1212709499519127553,"id_str":"1212709499519127553","indices":[0,9]},{"screen_name":"frontieres_","name":"Fronti\u00e8res J25 M0 A0","id":540115317,"id_str":"540115317","indices":[10,22]}],"symbols":[]}},"quote_count":0,"reply_count":0,"retweet_count":0,"favorite_count":0,"entities":{"hashtags":[],"urls":[{"url":"https:\/\/t.co\/TJHO6xbpv8","expanded_url":"https:\/\/twitter.com\/i\/web\/status\/1248657974270275586","display_url":"twitter.com\/i\/web\/status\/1\u2026","indices":[117,140]}],"user_mentions":[{"screen_name":"DrMller7","name":"Dr M\u00fcller \u2670","id":1212709499519127553,"id_str":"1212709499519127553","indices":[0,9]},{"screen_name":"frontieres_","name":"Fronti\u00e8res J25 M0 A0","id":540115317,"id_str":"540115317","indices":[10,22]}],"symbols":[]},"favorited":false,"retweeted":false,"filter_level":"low","lang":"fr","timestamp_ms":"1586538234666"}
