{"created_at":"Fri Apr 10 17:03:53 +0000 2020","id":1248657970050850823,"id_str":"1248657970050850823","text":"@alexgausman Good one.","display_text_range":[13,22],"source":"\u003ca href=\"http:\/\/twitter.com\/download\/iphone\" rel=\"nofollow\"\u003eTwitter for iPhone\u003c\/a\u003e","truncated":false,"in_reply_to_status_id":1248657798205865984,"in_reply_to_status_id_str":"1248657798205865984","in_reply_to_user_id":750871435141386240,"in_reply_to_user_id_str":"750871435141386240","in_reply_to_screen_name":"alexgausman","user":{"id":42584365,"id_str":"42584365","name":"Alex Svanevik","screen_name":"ASvanevik","location":"Hong Kong | Barcelona","url":"https:\/\/d5.ai","description":"Data Scientist. Co-founder @d5_dao. DMs open.","translator_type":"none","protected":false,"verified":false,"followers_count":3096,"friends_count":565,"listed_count":200,"favourites_count":15216,"statuses_count":6185,"created_at":"Tue May 26 07:36:43 +0000 2009","utc_offset":null,"time_zone":null,"geo_enabled":true,"lang":null,"contributors_enabled":false,"is_translator":false,"profile_background_color":"000000","profile_background_image_url":"http:\/\/abs.twimg.com\/images\/themes\/theme1\/bg.png","profile_background_image_url_https":"https:\/\/abs.twimg.com\/images\/themes\/theme1\/bg.png","profile_background_tile":false,"profile_link_color":"1B95E0","profile_sidebar_border_color":"000000","profile_sidebar_fill_color":"000000","profile_text_color":"000000","profile_use_background_image":false,"profile_image_url":"http:\/\/pbs.twimg.com\/profile_images\/1091197381008285696\/xPuvlBDP_normal.jpg","profile_image_url_https":"https:\/\/pbs.twimg.com\/profile_images\/1091197381008285696\/xPuvlBDP_normal.jpg","profile_banner_url":"https:\/\/pbs.twimg.com\/profile_banners\/42584365\/1556500467","default_profile":false,"default_profile_image":false,"following":null,"follow_request_sent":null,"notifications":null},"geo":null,"coordinates":null,"place":null,"contributors":null,"is_quote_status":false,"quote_count":0,"reply_count":0,"retweet_count":0,"favorite_count":0,"entities":{"hashtags":[],"urls":[],"user_mentions":[{"screen_name":"alexgausman","name":"Alex Gausman \ud83e\udd84\u26a1\ufe0f","id":750871435141386240,"id_str":"750871435141386240","indices":[0,12]}],"symbols":[]},"favorited":false,"retweeted":false,"filter_level":"low","lang":"en","timestamp_ms":"1586538233660"}
