{"created_at":"Fri Apr 10 17:03:53 +0000 2020","id":1248657970050658304,"id_str":"1248657970050658304","text":"RT @WahyuYordan: Aku doakan orang yang takda income, kena buang kerja, gaji kena potong dan yang tengah susah sekarang semoga dipermudah se\u2026","source":"\u003ca href=\"http:\/\/twitter.com\/download\/android\" rel=\"nofollow\"\u003eTwitter for Android\u003c\/a\u003e","truncated":false,"in_reply_to_status_id":null,"in_reply_to_status_id_str":null,"in_reply_to_user_id":null,"in_reply_to_user_id_str":null,"in_reply_to_screen_name":null,"user":{"id":2342395512,"id_str":"2342395512","name":"Silva","screen_name":"aizataliff__","location":"PJ-TPG","url":"http:\/\/instagram.com\/aizataliff_","description":"Man with a plan.","translator_type":"none","protected":false,"verified":false,"followers_count":418,"friends_count":298,"listed_count":3,"favourites_count":85207,"statuses_count":32757,"created_at":"Thu Feb 13 18:25:25 +0000 2014","utc_offset":null,"time_zone":null,"geo_enabled":true,"lang":null,"contributors_enabled":false,"is_translator":false,"profile_background_color":"C0DEED","profile_background_image_url":"http:\/\/abs.twimg.com\/images\/themes\/theme1\/bg.png","profile_background_image_url_https":"https:\/\/abs.twimg.com\/images\/themes\/theme1\/bg.png","profile_background_tile":false,"profile_link_color":"1DA1F2","profile_sidebar_border_color":"C0DEED","profile_sidebar_fill_color":"DDEEF6","profile_text_color":"333333","profile_use_background_image":true,"profile_image_url":"http:\/\/pbs.twimg.com\/profile_images\/1228025163267993601\/y7-7QA-H_normal.jpg","profile_image_url_https":"https:\/\/pbs.twimg.com\/profile_images\/1228025163267993601\/y7-7QA-H_normal.jpg","profile_banner_url":"https:\/\/pbs.twimg.com\/profile_banners\/2342395512\/1539098504","default_profile":true,"default_profile_image":false,"following":null,"follow_request_sent":null,"notifications":null},"geo":null,"coordinates":null,"place":null,"contributors":null,"retweeted_status":{"created_at":"Fri Apr 10 12:14:19 +0000 2020","id":1248585096715579392,"id_str":"1248585096715579392","text":"Aku doakan orang yang takda income, kena buang kerja, gaji kena potong dan yang tengah susah sekarang semoga diperm\u2026 https:\/\/t.co\/OvSCGRJHlW","source":"\u003ca href=\"http:\/\/twitter.com\/download\/android\" rel=\"nofollow\"\u003eTwitter for Android\u003c\/a\u003e","truncated":true,"in_reply_to_status_id":null,"in_reply_to_status_id_str":null,"in_reply_to_user_id":null,"in_reply_to_user_id_str":null,"in_reply_to_screen_name":null,"user":{"id":236635287,"id_str":"236635287","name":"wahyu","screen_name":"WahyuYordan","location":"Banda Aceh - Malaysia","url":"https:\/\/www.instagram.com\/wahyuyordan\/","description":"I'm not weird. I'm limited edition! | Graphic Designer | Esok Aku Diet | GGMU | Nikon | #MacbethMalaysia","translator_type":"regular","protected":false,"verified":false,"followers_count":24255,"friends_count":2556,"listed_count":171,"favourites_count":33729,"statuses_count":323705,"created_at":"Tue Jan 11 01:28:52 +0000 2011","utc_offset":null,"time_zone":null,"geo_enabled":true,"lang":null,"contributors_enabled":false,"is_translator":false,"profile_background_color":"FFFFFF","profile_background_image_url":"http:\/\/abs.twimg.com\/images\/themes\/theme1\/bg.png","profile_background_image_url_https":"https:\/\/abs.twimg.com\/images\/themes\/theme1\/bg.png","profile_background_tile":true,"profile_link_color":"3B94D9","profile_sidebar_border_color":"000000","profile_sidebar_fill_color":"DDEEF6","profile_text_color":"333333","profile_use_background_image":true,"profile_image_url":"http:\/\/pbs.twimg.com\/profile_images\/1247165898256834560\/bi_0EI6o_normal.jpg","profile_image_url_https":"https:\/\/pbs.twimg.com\/profile_images\/1247165898256834560\/bi_0EI6o_normal.jpg","profile_banner_url":"https:\/\/pbs.twimg.com\/profile_banners\/236635287\/1586378093","default_profile":false,"default_profile_image":false,"following":null,"follow_request_sent":null,"notifications":null},"geo":null,"coordinates":null,"place":null,"contributors":null,"is_quote_status":false,"extended_tweet":{"full_text":"Aku doakan orang yang takda income, kena buang kerja, gaji kena potong dan yang tengah susah sekarang semoga dipermudah segala urusan. Ada hikmah di sebalik semua ni.","display_text_range":[0,166],"entities":{"hashtags":[],"urls":[],"user_mentions":[],"symbols":[]}},"quote_count":13,"reply_count":7,"retweet_count":866,"favorite_count":683,"entities":{"hashtags":[],"urls":[{"url":"https:\/\/t.co\/OvSCGRJHlW","expanded_url":"https:\/\/twitter.com\/i\/web\/status\/1248585096715579392","display_url":"twitter.com\/i\/web\/status\/1\u2026","indices":[117,140]}],"user_mentions":[],"symbols":[]},"favorited":false,"retweeted":false,"filter_level":"low","lang":"in"},"is_quote_status":false,"quote_count":0,"reply_count":0,"retweet_count":0,"favorite_count":0,"entities":{"hashtags":[],"urls":[],"user_mentions":[{"screen_name":"WahyuYordan","name":"wahyu","id":236635287,"id_str":"236635287","indices":[3,15]}],"symbols":[]},"favorited":false,"retweeted":false,"filter_level":"low","lang":"in","timestamp_ms":"1586538233660"}
