{"created_at":"Fri Apr 10 17:03:48 +0000 2020","id":1248657949083332608,"id_str":"1248657949083332608","text":"RT @Flavius_dramus: \u3042\u3063\u305d\u3046\u3060\n\u591a\u5206\u4e94\u6708\u304f\u3089\u3044\u306eCOMIC X-EROS\u69d8\u3067\uff12\uff14P\u306e\u6f2b\u753b\u8f09\u305b\u3066\u9802\u304d\u307e\u3059\uff08\u591a\u5206\uff09\u306e\u3067\u3001\u3054\u8208\u5473\u3054\u3056\u3044\u307e\u3057\u305f\u3089\u3088\u308d\u3057\u304f\u304a\u9858\u3044\u3044\u305f\u3057\u307e\u3059\ud83d\ude47\u200d\u2640\ufe0f\u914d\u4fe1\u304c\u8da3\u5473\u306e\u5973\u306e\u5b50\u306e\u30b5\u30af\u30bb\u30b9\u30b9\u30c8\u30fc\u30ea\u30fc\u3067\u3059\u3002\uff08\u307e\u305f\u8fd1\u304f\u306a\u3063\u305f\u3089\u81ea\u5206\u5ba3\u4f1d\u3044\u3044\u3059\u304b\uff1f\uff09 htt\u2026","source":"\u003ca href=\"http:\/\/twitter.com\/download\/iphone\" rel=\"nofollow\"\u003eTwitter for iPhone\u003c\/a\u003e","truncated":false,"in_reply_to_status_id":null,"in_reply_to_status_id_str":null,"in_reply_to_user_id":null,"in_reply_to_user_id_str":null,"in_reply_to_screen_name":null,"user":{"id":1001482405763469314,"id_str":"1001482405763469314","name":"\u308c\u3061\u3087\u3048\u307a\u307a(\u8da3\u5473\u57a2)","screen_name":"rethu1029","location":"\u65e5\u672c \u57fc\u7389","url":null,"description":"ITZY\u30e9\u30d6!!\u30ea\u30a2\u3061\u3083\u3041\u3041\u3041\u3093\ud83d\udc93\ud83d\udc93\ud83d\udc93\ud83d\udc93","translator_type":"none","protected":false,"verified":false,"followers_count":112,"friends_count":252,"listed_count":6,"favourites_count":49701,"statuses_count":5633,"created_at":"Tue May 29 15:16:26 +0000 2018","utc_offset":null,"time_zone":null,"geo_enabled":false,"lang":null,"contributors_enabled":false,"is_translator":false,"profile_background_color":"F5F8FA","profile_background_image_url":"","profile_background_image_url_https":"","profile_background_tile":false,"profile_link_color":"1DA1F2","profile_sidebar_border_color":"C0DEED","profile_sidebar_fill_color":"DDEEF6","profile_text_color":"333333","profile_use_background_image":true,"profile_image_url":"http:\/\/pbs.twimg.com\/profile_images\/1001483571922587649\/NZ_gtALO_normal.jpg","profile_image_url_https":"https:\/\/pbs.twimg.com\/profile_images\/1001483571922587649\/NZ_gtALO_normal.jpg","profile_banner_url":"https:\/\/pbs.twimg.com\/profile_banners\/1001482405763469314\/1527607265","default_profile":true,"default_profile_image":false,"following":null,"follow_request_sent":null,"notifications":null},"geo":null,"coordinates":null,"place":null,"contributors":null,"retweeted_status":{"created_at":"Fri Apr 10 06:57:17 +0000 2020","id":1248505314569150465,"id_str":"1248505314569150465","text":"\u3042\u3063\u305d\u3046\u3060\n\u591a\u5206\u4e94\u6708\u304f\u3089\u3044\u306eCOMIC X-EROS\u69d8\u3067\uff12\uff14P\u306e\u6f2b\u753b\u8f09\u305b\u3066\u9802\u304d\u307e\u3059\uff08\u591a\u5206\uff09\u306e\u3067\u3001\u3054\u8208\u5473\u3054\u3056\u3044\u307e\u3057\u305f\u3089\u3088\u308d\u3057\u304f\u304a\u9858\u3044\u3044\u305f\u3057\u307e\u3059\ud83d\ude47\u200d\u2640\ufe0f\u914d\u4fe1\u304c\u8da3\u5473\u306e\u5973\u306e\u5b50\u306e\u30b5\u30af\u30bb\u30b9\u30b9\u30c8\u30fc\u30ea\u30fc\u3067\u3059\u3002\uff08\u307e\u305f\u8fd1\u304f\u306a\u3063\u305f\u3089\u81ea\u5206\u5ba3\u4f1d\u3044\u3044\u3059\u304b\uff1f\uff09 https:\/\/t.co\/TDms8jqcmi","display_text_range":[0,115],"source":"\u003ca href=\"https:\/\/mobile.twitter.com\" rel=\"nofollow\"\u003eTwitter Web App\u003c\/a\u003e","truncated":false,"in_reply_to_status_id":null,"in_reply_to_status_id_str":null,"in_reply_to_user_id":null,"in_reply_to_user_id_str":null,"in_reply_to_screen_name":null,"user":{"id":1098125811863891970,"id_str":"1098125811863891970","name":"\u30c9\u30e9\u30e0\u30b9","screen_name":"Flavius_dramus","location":"\u30ed\u30fc\u30de\u5143\u8001\u9662","url":"https:\/\/www.pixiv.net\/member.php?id=1148140","description":"Hi, I'm dick\ud83d\ude00\ud83c\uddef\ud83c\uddf5\ud83d\udd1e\u5065\u5168\u2192@Anatano_penpal ENG\u2192@Doramusu1\u3010Fanbox\u3011http:\/\/pixiv.net\/fanbox\/creator\u2026\nskeb: https:\/\/skeb.jp\/@Flavius_dramus (\u505c\u6b62\u4e2d)","translator_type":"none","protected":false,"verified":false,"followers_count":60922,"friends_count":5478,"listed_count":601,"favourites_count":16350,"statuses_count":15014,"created_at":"Wed Feb 20 07:42:50 +0000 2019","utc_offset":null,"time_zone":null,"geo_enabled":false,"lang":null,"contributors_enabled":false,"is_translator":false,"profile_background_color":"F5F8FA","profile_background_image_url":"","profile_background_image_url_https":"","profile_background_tile":false,"profile_link_color":"1DA1F2","profile_sidebar_border_color":"C0DEED","profile_sidebar_fill_color":"DDEEF6","profile_text_color":"333333","profile_use_background_image":true,"profile_image_url":"http:\/\/pbs.twimg.com\/profile_images\/1209033279719919617\/DwzPCun5_normal.jpg","profile_image_url_https":"https:\/\/pbs.twimg.com\/profile_images\/1209033279719919617\/DwzPCun5_normal.jpg","profile_banner_url":"https:\/\/pbs.twimg.com\/profile_banners\/1098125811863891970\/1556708043","default_profile":true,"default_profile_image":false,"following":null,"follow_request_sent":null,"notifications":null},"geo":null,"coordinates":null,"place":null,"contributors":null,"is_quote_status":false,"quote_count":0,"reply_count":14,"retweet_count":278,"favorite_count":1150,"entities":{"hashtags":[],"urls":[],"user_mentions":[],"symbols":[],"media":[{"id":1248504319411777536,"id_str":"1248504319411777536","indices":[116,139],"media_url":"http:\/\/pbs.twimg.com\/media\/EVOUEEsUcAA9CDl.jpg","media_url_https":"https:\/\/pbs.twimg.com\/media\/EVOUEEsUcAA9CDl.jpg","url":"https:\/\/t.co\/TDms8jqcmi","display_url":"pic.twitter.com\/TDms8jqcmi","expanded_url":"https:\/\/twitter.com\/Flavius_dramus\/status\/1248505314569150465\/photo\/1","type":"photo","sizes":{"thumb":{"w":150,"h":150,"resize":"crop"},"medium":{"w":1200,"h":976,"resize":"fit"},"small":{"w":680,"h":553,"resize":"fit"},"large":{"w":2048,"h":1665,"resize":"fit"}}}]},"extended_entities":{"media":[{"id":1248504319411777536,"id_str":"1248504319411777536","indices":[116,139],"media_url":"http:\/\/pbs.twimg.com\/media\/EVOUEEsUcAA9CDl.jpg","media_url_https":"https:\/\/pbs.twimg.com\/media\/EVOUEEsUcAA9CDl.jpg","url":"https:\/\/t.co\/TDms8jqcmi","display_url":"pic.twitter.com\/TDms8jqcmi","expanded_url":"https:\/\/twitter.com\/Flavius_dramus\/status\/1248505314569150465\/photo\/1","type":"photo","sizes":{"thumb":{"w":150,"h":150,"resize":"crop"},"medium":{"w":1200,"h":976,"resize":"fit"},"small":{"w":680,"h":553,"resize":"fit"},"large":{"w":2048,"h":1665,"resize":"fit"}}},{"id":1248504365276475392,"id_str":"1248504365276475392","indices":[116,139],"media_url":"http:\/\/pbs.twimg.com\/media\/EVOUGvjUMAA7THV.jpg","media_url_https":"https:\/\/pbs.twimg.com\/media\/EVOUGvjUMAA7THV.jpg","url":"https:\/\/t.co\/TDms8jqcmi","display_url":"pic.twitter.com\/TDms8jqcmi","expanded_url":"https:\/\/twitter.com\/Flavius_dramus\/status\/1248505314569150465\/photo\/1","type":"photo","sizes":{"thumb":{"w":150,"h":150,"resize":"crop"},"medium":{"w":863,"h":1200,"resize":"fit"},"small":{"w":489,"h":680,"resize":"fit"},"large":{"w":1473,"h":2048,"resize":"fit"}}},{"id":1248504479139262467,"id_str":"1248504479139262467","indices":[116,139],"media_url":"http:\/\/pbs.twimg.com\/media\/EVOUNXuUcAMaQPW.jpg","media_url_https":"https:\/\/pbs.twimg.com\/media\/EVOUNXuUcAMaQPW.jpg","url":"https:\/\/t.co\/TDms8jqcmi","display_url":"pic.twitter.com\/TDms8jqcmi","expanded_url":"https:\/\/twitter.com\/Flavius_dramus\/status\/1248505314569150465\/photo\/1","type":"photo","sizes":{"thumb":{"w":150,"h":150,"resize":"crop"},"small":{"w":680,"h":633,"resize":"fit"},"large":{"w":2048,"h":1905,"resize":"fit"},"medium":{"w":1200,"h":1116,"resize":"fit"}}}]},"favorited":false,"retweeted":false,"possibly_sensitive":true,"filter_level":"low","lang":"ja"},"is_quote_status":false,"quote_count":0,"reply_count":0,"retweet_count":0,"favorite_count":0,"entities":{"hashtags":[],"urls":[],"user_mentions":[{"screen_name":"Flavius_dramus","name":"\u30c9\u30e9\u30e0\u30b9","id":1098125811863891970,"id_str":"1098125811863891970","indices":[3,18]}],"symbols":[]},"favorited":false,"retweeted":false,"filter_level":"low","lang":"ja","timestamp_ms":"1586538228661"}
