{"created_at":"Fri Apr 10 17:03:51 +0000 2020","id":1248657961653686277,"id_str":"1248657961653686277","text":"@TyLaCour Smh","display_text_range":[10,13],"source":"\u003ca href=\"http:\/\/twitter.com\/download\/iphone\" rel=\"nofollow\"\u003eTwitter for iPhone\u003c\/a\u003e","truncated":false,"in_reply_to_status_id":1248657567376527360,"in_reply_to_status_id_str":"1248657567376527360","in_reply_to_user_id":202826537,"in_reply_to_user_id_str":"202826537","in_reply_to_screen_name":"TyLaCour","user":{"id":3193513458,"id_str":"3193513458","name":"Marc \ud83c\udfc1","screen_name":"throwit2marc","location":"909, California","url":"https:\/\/podcasts.apple.com\/us\/podcast\/charge-it-2-the-game\/id1500686431?i=1000468193207","description":"1. God 2. Caris\ud83d\udc8d","translator_type":"none","protected":false,"verified":false,"followers_count":609,"friends_count":584,"listed_count":2,"favourites_count":15559,"statuses_count":7196,"created_at":"Tue May 12 18:44:14 +0000 2015","utc_offset":null,"time_zone":null,"geo_enabled":true,"lang":null,"contributors_enabled":false,"is_translator":false,"profile_background_color":"C0DEED","profile_background_image_url":"http:\/\/abs.twimg.com\/images\/themes\/theme1\/bg.png","profile_background_image_url_https":"https:\/\/abs.twimg.com\/images\/themes\/theme1\/bg.png","profile_background_tile":false,"profile_link_color":"1DA1F2","profile_sidebar_border_color":"C0DEED","profile_sidebar_fill_color":"DDEEF6","profile_text_color":"333333","profile_use_background_image":true,"profile_image_url":"http:\/\/pbs.twimg.com\/profile_images\/1234248533751939072\/-9q5XyHO_normal.jpg","profile_image_url_https":"https:\/\/pbs.twimg.com\/profile_images\/1234248533751939072\/-9q5XyHO_normal.jpg","profile_banner_url":"https:\/\/pbs.twimg.com\/profile_banners\/3193513458\/1580519375","default_profile":true,"default_profile_image":false,"following":null,"follow_request_sent":null,"notifications":null},"geo":null,"coordinates":null,"place":null,"contributors":null,"is_quote_status":false,"quote_count":0,"reply_count":0,"retweet_count":0,"favorite_count":0,"entities":{"hashtags":[],"urls":[],"user_mentions":[{"screen_name":"TyLaCour","name":"Ty\ud83e\udd37\ud83c\udffe\u200d\u2642\ufe0f","id":202826537,"id_str":"202826537","indices":[0,9]}],"symbols":[]},"favorited":false,"retweeted":false,"filter_level":"low","lang":"und","timestamp_ms":"1586538231658"}
