{"created_at":"Fri Apr 10 17:03:56 +0000 2020","id":1248657982629412866,"id_str":"1248657982629412866","text":"Hey Guys I want to tell you MY AU that  - *remembered that the AU is focused at my rarepair and none of my mutual a\u2026 https:\/\/t.co\/rJytd6QFCb","source":"\u003ca href=\"http:\/\/twitter.com\/download\/android\" rel=\"nofollow\"\u003eTwitter for Android\u003c\/a\u003e","truncated":true,"in_reply_to_status_id":null,"in_reply_to_status_id_str":null,"in_reply_to_user_id":null,"in_reply_to_user_id_str":null,"in_reply_to_screen_name":null,"user":{"id":1045510843587121152,"id_str":"1045510843587121152","name":"Beru \ud83d\udc3b Can't FC Shuwarin\u2605Dreamin'","screen_name":"berukhansa","location":"Carrd link coming soon","url":null,"description":"I tweet and ramble about my AU of my fav fandom a lot","translator_type":"none","protected":false,"verified":false,"followers_count":94,"friends_count":200,"listed_count":1,"favourites_count":89450,"statuses_count":41095,"created_at":"Fri Sep 28 03:09:44 +0000 2018","utc_offset":null,"time_zone":null,"geo_enabled":false,"lang":null,"contributors_enabled":false,"is_translator":false,"profile_background_color":"F5F8FA","profile_background_image_url":"","profile_background_image_url_https":"","profile_background_tile":false,"profile_link_color":"1DA1F2","profile_sidebar_border_color":"C0DEED","profile_sidebar_fill_color":"DDEEF6","profile_text_color":"333333","profile_use_background_image":true,"profile_image_url":"http:\/\/pbs.twimg.com\/profile_images\/1245365433516969987\/hybPhqjb_normal.jpg","profile_image_url_https":"https:\/\/pbs.twimg.com\/profile_images\/1245365433516969987\/hybPhqjb_normal.jpg","profile_banner_url":"https:\/\/pbs.twimg.com\/profile_banners\/1045510843587121152\/1585753233","default_profile":true,"default_profile_image":false,"following":null,"follow_request_sent":null,"notifications":null},"geo":null,"coordinates":null,"place":null,"contributors":null,"is_quote_status":false,"extended_tweet":{"full_text":"Hey Guys I want to tell you MY AU that  - *remembered that the AU is focused at my rarepair and none of my mutual and followers ship it*\nNever mind","display_text_range":[0,147],"entities":{"hashtags":[],"urls":[],"user_mentions":[],"symbols":[]}},"quote_count":0,"reply_count":0,"retweet_count":0,"favorite_count":0,"entities":{"hashtags":[],"urls":[{"url":"https:\/\/t.co\/rJytd6QFCb","expanded_url":"https:\/\/twitter.com\/i\/web\/status\/1248657982629412866","display_url":"twitter.com\/i\/web\/status\/1\u2026","indices":[117,140]}],"user_mentions":[],"symbols":[]},"favorited":false,"retweeted":false,"filter_level":"low","lang":"en","timestamp_ms":"1586538236659"}
