{"created_at":"Fri Apr 10 17:03:51 +0000 2020","id":1248657961674661890,"id_str":"1248657961674661890","text":"RT @smaisiam: \u0e2b\u0e21\u0e48\u0e32\u0e21\u0e4a\u0e32\u0e2a\u0e48\u0e07\u0e21\u0e32 \u0e02\u0e33 55555555555555555555555555555555 https:\/\/t.co\/C0Mj6nXzUy","source":"\u003ca href=\"http:\/\/twitter.com\/download\/android\" rel=\"nofollow\"\u003eTwitter for Android\u003c\/a\u003e","truncated":false,"in_reply_to_status_id":null,"in_reply_to_status_id_str":null,"in_reply_to_user_id":null,"in_reply_to_user_id_str":null,"in_reply_to_screen_name":null,"user":{"id":2647027063,"id_str":"2647027063","name":"\u0e21\u0e30\u0e41\u0e19\u0e27","screen_name":"rkmild","location":null,"url":null,"description":null,"translator_type":"none","protected":false,"verified":false,"followers_count":76,"friends_count":414,"listed_count":1,"favourites_count":1787,"statuses_count":63049,"created_at":"Tue Jul 15 06:11:30 +0000 2014","utc_offset":null,"time_zone":null,"geo_enabled":false,"lang":null,"contributors_enabled":false,"is_translator":false,"profile_background_color":"46D2D2","profile_background_image_url":"http:\/\/abs.twimg.com\/images\/themes\/theme13\/bg.gif","profile_background_image_url_https":"https:\/\/abs.twimg.com\/images\/themes\/theme13\/bg.gif","profile_background_tile":false,"profile_link_color":"FF6A89","profile_sidebar_border_color":"000000","profile_sidebar_fill_color":"000000","profile_text_color":"000000","profile_use_background_image":true,"profile_image_url":"http:\/\/pbs.twimg.com\/profile_images\/1223264329190871041\/teijpKSX_normal.jpg","profile_image_url_https":"https:\/\/pbs.twimg.com\/profile_images\/1223264329190871041\/teijpKSX_normal.jpg","profile_banner_url":"https:\/\/pbs.twimg.com\/profile_banners\/2647027063\/1551208451","default_profile":false,"default_profile_image":false,"following":null,"follow_request_sent":null,"notifications":null},"geo":null,"coordinates":null,"place":null,"contributors":null,"retweeted_status":{"created_at":"Fri Apr 10 05:38:25 +0000 2020","id":1248485465247731714,"id_str":"1248485465247731714","text":"\u0e2b\u0e21\u0e48\u0e32\u0e21\u0e4a\u0e32\u0e2a\u0e48\u0e07\u0e21\u0e32 \u0e02\u0e33 55555555555555555555555555555555 https:\/\/t.co\/C0Mj6nXzUy","display_text_range":[0,48],"source":"\u003ca href=\"http:\/\/twitter.com\/download\/android\" rel=\"nofollow\"\u003eTwitter for Android\u003c\/a\u003e","truncated":false,"in_reply_to_status_id":null,"in_reply_to_status_id_str":null,"in_reply_to_user_id":null,"in_reply_to_user_id_str":null,"in_reply_to_screen_name":null,"user":{"id":143696132,"id_str":"143696132","name":"\u0e08\u0e21\u0e32\u0e22\u0e40\u0e21\u0e48\u0e19\u0e40\u0e21\u0e48\u0e19 \ud83e\udd94\ud83c\udf51","screen_name":"smaisiam","location":"\u0e14\u0e27\u0e07\u0e14\u0e32\u0e27\u0e40\u0e21\u0e48\u0e19\u0e41\u0e04\u0e23\u0e30","url":"https:\/\/pinkoi.com\/store\/smaisiam","description":"\ud83d\udc3c's \u0e40\u0e1b\u0e47\u0e19\u0e40\u0e08\u0e49\u0e46\u0e02\u0e2d\u0e07\u0e25\u0e39\u0e01\u0e40\u0e21\u0e48\u0e19\u0e43\u0e19 #\u0e09\u0e21\u0e32\u0e22\u0e41\u0e25\u0e30\u0e40\u0e21\u0e48\u0e19\u0e02\u0e2d\u0e07\u0e40\u0e18\u0e2d \ud83e\udd94 #\u0e27\u0e32\u0e14\u0e27\u0e31\u0e19\u0e25\u0e30\u0e23\u0e39\u0e1b \u0e40\u0e1b\u0e47\u0e19\u0e2b\u0e25\u0e31\u0e01 \u0e1e\u0e31\u0e01\u0e44\u0e1b\u0e27\u0e32\u0e14 #jmiledoodle \u0e40\u0e1b\u0e47\u0e19\u0e07\u0e32\u0e19\u0e2d\u0e14\u0e34\u0e40\u0e23\u0e01 \ud83d\udd8d ig: smaisiam \ud83d\udc3b \u0e2a\u0e31\u0e48\u0e07\u0e02\u0e2d\u0e07\u0e04\u0e38\u0e13\u0e2b\u0e21\u0e35\u0e44\u0e14\u0e49\u0e43\u0e19\u0e25\u0e34\u0e07\u0e04\u0e4c\u0e2e\u0e31\u0e1a \ud83d\udc47\ud83c\udffb \ud83d\udc31","translator_type":"none","protected":false,"verified":false,"followers_count":50682,"friends_count":686,"listed_count":89,"favourites_count":29410,"statuses_count":143433,"created_at":"Fri May 14 04:45:37 +0000 2010","utc_offset":null,"time_zone":null,"geo_enabled":true,"lang":null,"contributors_enabled":false,"is_translator":false,"profile_background_color":"FFFFFF","profile_background_image_url":"http:\/\/abs.twimg.com\/images\/themes\/theme7\/bg.gif","profile_background_image_url_https":"https:\/\/abs.twimg.com\/images\/themes\/theme7\/bg.gif","profile_background_tile":false,"profile_link_color":"DB9F95","profile_sidebar_border_color":"FFFFFF","profile_sidebar_fill_color":"DEDEDE","profile_text_color":"7A1717","profile_use_background_image":false,"profile_image_url":"http:\/\/pbs.twimg.com\/profile_images\/1225404608031252480\/G9zUKOt1_normal.jpg","profile_image_url_https":"https:\/\/pbs.twimg.com\/profile_images\/1225404608031252480\/G9zUKOt1_normal.jpg","profile_banner_url":"https:\/\/pbs.twimg.com\/profile_banners\/143696132\/1578297363","default_profile":false,"default_profile_image":false,"following":null,"follow_request_sent":null,"notifications":null},"geo":null,"coordinates":null,"place":null,"contributors":null,"is_quote_status":false,"quote_count":4,"reply_count":2,"retweet_count":5667,"favorite_count":477,"entities":{"hashtags":[],"urls":[],"user_mentions":[],"symbols":[],"media":[{"id":1248485455902822400,"id_str":"1248485455902822400","indices":[49,72],"media_url":"http:\/\/pbs.twimg.com\/media\/EVOC6EpUUAAQ95J.jpg","media_url_https":"https:\/\/pbs.twimg.com\/media\/EVOC6EpUUAAQ95J.jpg","url":"https:\/\/t.co\/C0Mj6nXzUy","display_url":"pic.twitter.com\/C0Mj6nXzUy","expanded_url":"https:\/\/twitter.com\/smaisiam\/status\/1248485465247731714\/photo\/1","type":"photo","sizes":{"small":{"w":680,"h":482,"resize":"fit"},"thumb":{"w":150,"h":150,"resize":"crop"},"medium":{"w":1080,"h":765,"resize":"fit"},"large":{"w":1080,"h":765,"resize":"fit"}}}]},"extended_entities":{"media":[{"id":1248485455902822400,"id_str":"1248485455902822400","indices":[49,72],"media_url":"http:\/\/pbs.twimg.com\/media\/EVOC6EpUUAAQ95J.jpg","media_url_https":"https:\/\/pbs.twimg.com\/media\/EVOC6EpUUAAQ95J.jpg","url":"https:\/\/t.co\/C0Mj6nXzUy","display_url":"pic.twitter.com\/C0Mj6nXzUy","expanded_url":"https:\/\/twitter.com\/smaisiam\/status\/1248485465247731714\/photo\/1","type":"photo","sizes":{"small":{"w":680,"h":482,"resize":"fit"},"thumb":{"w":150,"h":150,"resize":"crop"},"medium":{"w":1080,"h":765,"resize":"fit"},"large":{"w":1080,"h":765,"resize":"fit"}}}]},"favorited":false,"retweeted":false,"possibly_sensitive":false,"filter_level":"low","lang":"th"},"is_quote_status":false,"quote_count":0,"reply_count":0,"retweet_count":0,"favorite_count":0,"entities":{"hashtags":[],"urls":[],"user_mentions":[{"screen_name":"smaisiam","name":"\u0e08\u0e21\u0e32\u0e22\u0e40\u0e21\u0e48\u0e19\u0e40\u0e21\u0e48\u0e19 \ud83e\udd94\ud83c\udf51","id":143696132,"id_str":"143696132","indices":[3,12]}],"symbols":[],"media":[{"id":1248485455902822400,"id_str":"1248485455902822400","indices":[63,86],"media_url":"http:\/\/pbs.twimg.com\/media\/EVOC6EpUUAAQ95J.jpg","media_url_https":"https:\/\/pbs.twimg.com\/media\/EVOC6EpUUAAQ95J.jpg","url":"https:\/\/t.co\/C0Mj6nXzUy","display_url":"pic.twitter.com\/C0Mj6nXzUy","expanded_url":"https:\/\/twitter.com\/smaisiam\/status\/1248485465247731714\/photo\/1","type":"photo","sizes":{"small":{"w":680,"h":482,"resize":"fit"},"thumb":{"w":150,"h":150,"resize":"crop"},"medium":{"w":1080,"h":765,"resize":"fit"},"large":{"w":1080,"h":765,"resize":"fit"}},"source_status_id":1248485465247731714,"source_status_id_str":"1248485465247731714","source_user_id":143696132,"source_user_id_str":"143696132"}]},"extended_entities":{"media":[{"id":1248485455902822400,"id_str":"1248485455902822400","indices":[63,86],"media_url":"http:\/\/pbs.twimg.com\/media\/EVOC6EpUUAAQ95J.jpg","media_url_https":"https:\/\/pbs.twimg.com\/media\/EVOC6EpUUAAQ95J.jpg","url":"https:\/\/t.co\/C0Mj6nXzUy","display_url":"pic.twitter.com\/C0Mj6nXzUy","expanded_url":"https:\/\/twitter.com\/smaisiam\/status\/1248485465247731714\/photo\/1","type":"photo","sizes":{"small":{"w":680,"h":482,"resize":"fit"},"thumb":{"w":150,"h":150,"resize":"crop"},"medium":{"w":1080,"h":765,"resize":"fit"},"large":{"w":1080,"h":765,"resize":"fit"}},"source_status_id":1248485465247731714,"source_status_id_str":"1248485465247731714","source_user_id":143696132,"source_user_id_str":"143696132"}]},"favorited":false,"retweeted":false,"possibly_sensitive":false,"filter_level":"low","lang":"th","timestamp_ms":"1586538231663"}
