{"created_at":"Fri Apr 10 17:03:55 +0000 2020","id":1248657978460274688,"id_str":"1248657978460274688","text":"@seiji_Anime \u4e45\u3057\u3076\u308a\u306e\u30c4\u30a4\u30fc\u30c8\u304c\u305d\u308c\u304b\u2026","display_text_range":[13,27],"source":"\u003ca href=\"http:\/\/twitter.com\/download\/iphone\" rel=\"nofollow\"\u003eTwitter for iPhone\u003c\/a\u003e","truncated":false,"in_reply_to_status_id":1248655271758426113,"in_reply_to_status_id_str":"1248655271758426113","in_reply_to_user_id":1135571569328025601,"in_reply_to_user_id_str":"1135571569328025601","in_reply_to_screen_name":"seiji_Anime","user":{"id":928473418818666496,"id_str":"928473418818666496","name":"\u3061\u306e\u3093\ud83c\udf38","screen_name":"chinon_magireco","location":"\u795e\u6d5c\u5e02","url":"https:\/\/peing.net\/ja\/chinon_magireco?event=0","description":"\u30bf\u30e1\u3067\u7d61\u3093\u3067\u304f\u308c\u305f\u3089\u5b09\u3057\u3044\u306a\u3002\u3042\u3068\u3001\u30af\u30bd\u30ea\u30d7\u591a\u3044\u3051\u3069\u8a31\u3057\u3066\u304f\u3060\u3055\u3044\u3002\u4e3b\u306b\u30b2\u30fc\u30e0\u3084\u3063\u3066\u30a2\u30cb\u30e1\u898b\u3066\u307e\u3059\u3002\u4eca\u3084\u3063\u3066\u308b\u30b2\u30fc\u30e0\u306f\u3001\u30de\u30ae\u30ec\u30b3\u591a\u3081\u306e\u5076\u306b\u304d\u3089\u30d5\u30a1\u30f3\u30fb\u30c9\u30c3\u30ab\u30f3\u30fb\u30e2\u30f3\u30b9\u30c8\u3067\u3001\u4eca\u671f\u30aa\u30b9\u30b9\u30e1\u306e\u30a2\u30cb\u30e1\u306f\u3001\u30de\u30ae\u30ec\u30b3\/\u30c0\u30fc\u30a6\u30a3\u30f3\u30ba\/\u30bd\u30de\u30ea\/\u9632\u632f\u308a \u3067\u3059\u3002\u30a2\u30d1\u30e9\u30c1\u30a2\u5c71\u8108\u6559\u5f92","translator_type":"none","protected":false,"verified":false,"followers_count":1781,"friends_count":2493,"listed_count":42,"favourites_count":128316,"statuses_count":115718,"created_at":"Thu Nov 09 04:04:48 +0000 2017","utc_offset":null,"time_zone":null,"geo_enabled":false,"lang":null,"contributors_enabled":false,"is_translator":false,"profile_background_color":"F5F8FA","profile_background_image_url":"","profile_background_image_url_https":"","profile_background_tile":false,"profile_link_color":"1DA1F2","profile_sidebar_border_color":"C0DEED","profile_sidebar_fill_color":"DDEEF6","profile_text_color":"333333","profile_use_background_image":true,"profile_image_url":"http:\/\/pbs.twimg.com\/profile_images\/1242849274968166412\/rgt_XlUt_normal.jpg","profile_image_url_https":"https:\/\/pbs.twimg.com\/profile_images\/1242849274968166412\/rgt_XlUt_normal.jpg","profile_banner_url":"https:\/\/pbs.twimg.com\/profile_banners\/928473418818666496\/1585977949","default_profile":true,"default_profile_image":false,"following":null,"follow_request_sent":null,"notifications":null},"geo":null,"coordinates":null,"place":null,"contributors":null,"is_quote_status":false,"quote_count":0,"reply_count":0,"retweet_count":0,"favorite_count":0,"entities":{"hashtags":[],"urls":[],"user_mentions":[{"screen_name":"seiji_Anime","name":"\u305b\u3044\u3058","id":1135571569328025601,"id_str":"1135571569328025601","indices":[0,12]}],"symbols":[]},"favorited":false,"retweeted":false,"filter_level":"low","lang":"ja","timestamp_ms":"1586538235665"}
