{"created_at":"Fri Apr 10 17:03:51 +0000 2020","id":1248657961687252993,"id_str":"1248657961687252993","text":"\u672c\u65e5\u521d\u51fa\u52e4\u3057\u305f\u304c2\u6642\u9593\u3067\u5e30\u5b85\n\u30b3\u30ed\u30ca\u306e\u5f71\u97ff","source":"\u003ca href=\"http:\/\/twitter.com\/download\/iphone\" rel=\"nofollow\"\u003eTwitter for iPhone\u003c\/a\u003e","truncated":false,"in_reply_to_status_id":null,"in_reply_to_status_id_str":null,"in_reply_to_user_id":null,"in_reply_to_user_id_str":null,"in_reply_to_screen_name":null,"user":{"id":1245235396423774209,"id_str":"1245235396423774209","name":"\u65e5\u8a18\u3064\u3051\u3066\u308b\u3060\u3051\u3002","screen_name":"j6DiH7bQ3usmZ6B","location":null,"url":null,"description":"\u65b0\u793e\u4f1a\u4eba\u306b\u306a\u3063\u305f\u304b\u3089\u65e5\u8a18\u3064\u3051\u3066\u308b\u3060\u3051\u3002","translator_type":"none","protected":false,"verified":false,"followers_count":0,"friends_count":0,"listed_count":0,"favourites_count":0,"statuses_count":7,"created_at":"Wed Apr 01 06:23:57 +0000 2020","utc_offset":null,"time_zone":null,"geo_enabled":false,"lang":null,"contributors_enabled":false,"is_translator":false,"profile_background_color":"F5F8FA","profile_background_image_url":"","profile_background_image_url_https":"","profile_background_tile":false,"profile_link_color":"1DA1F2","profile_sidebar_border_color":"C0DEED","profile_sidebar_fill_color":"DDEEF6","profile_text_color":"333333","profile_use_background_image":true,"profile_image_url":"http:\/\/abs.twimg.com\/sticky\/default_profile_images\/default_profile_normal.png","profile_image_url_https":"https:\/\/abs.twimg.com\/sticky\/default_profile_images\/default_profile_normal.png","default_profile":true,"default_profile_image":false,"following":null,"follow_request_sent":null,"notifications":null},"geo":null,"coordinates":null,"place":null,"contributors":null,"is_quote_status":false,"quote_count":0,"reply_count":0,"retweet_count":0,"favorite_count":0,"entities":{"hashtags":[],"urls":[],"user_mentions":[],"symbols":[]},"favorited":false,"retweeted":false,"filter_level":"low","lang":"ja","timestamp_ms":"1586538231666"}
