{"created_at":"Fri Apr 10 17:03:58 +0000 2020","id":1248657991043362816,"id_str":"1248657991043362816","text":"RT @NurayLbacak: 36531 odaklanma Bulgaristanl\u0131 berhane kal\u0131ml\u0131 desigram  #buca escort https:\/\/t.co\/8AMiQ0O9t4","source":"\u003ca href=\"http:\/\/twitter.com\/#!\/download\/ipad\" rel=\"nofollow\"\u003eTwitter for iPad\u003c\/a\u003e","truncated":false,"in_reply_to_status_id":null,"in_reply_to_status_id_str":null,"in_reply_to_user_id":null,"in_reply_to_user_id_str":null,"in_reply_to_screen_name":null,"user":{"id":1247004827143614472,"id_str":"1247004827143614472","name":"Celile \u00d6zdil","screen_name":"ozdil_celile","location":"Tekel, Italy","url":null,"description":"\u00e7ak\u0131rla\u015fma toprak \u00e7ekmek kenet etmek n\u00f6tr, n\u00f6t\u00fcr ceza hukuku bildirme c\u00fcmlesi k\u0131nanma","translator_type":"none","protected":false,"verified":false,"followers_count":133,"friends_count":16,"listed_count":0,"favourites_count":938,"statuses_count":1446,"created_at":"Mon Apr 06 03:34:54 +0000 2020","utc_offset":null,"time_zone":null,"geo_enabled":false,"lang":null,"contributors_enabled":false,"is_translator":false,"profile_background_color":"F5F8FA","profile_background_image_url":"","profile_background_image_url_https":"","profile_background_tile":false,"profile_link_color":"1DA1F2","profile_sidebar_border_color":"C0DEED","profile_sidebar_fill_color":"DDEEF6","profile_text_color":"333333","profile_use_background_image":true,"profile_image_url":"http:\/\/pbs.twimg.com\/profile_images\/1247004888913018880\/FRKJCYAt_normal.jpg","profile_image_url_https":"https:\/\/pbs.twimg.com\/profile_images\/1247004888913018880\/FRKJCYAt_normal.jpg","default_profile":true,"default_profile_image":false,"following":null,"follow_request_sent":null,"notifications":null},"geo":null,"coordinates":null,"place":null,"contributors":null,"retweeted_status":{"created_at":"Fri Apr 10 17:03:57 +0000 2020","id":1248657988077916161,"id_str":"1248657988077916161","text":"36531 odaklanma Bulgaristanl\u0131 berhane kal\u0131ml\u0131 desigram  #buca escort https:\/\/t.co\/8AMiQ0O9t4","display_text_range":[0,68],"source":"\u003ca href=\"http:\/\/twitter.com\/#!\/download\/ipad\" rel=\"nofollow\"\u003eTwitter for iPad\u003c\/a\u003e","truncated":false,"in_reply_to_status_id":null,"in_reply_to_status_id_str":null,"in_reply_to_user_id":null,"in_reply_to_user_id_str":null,"in_reply_to_screen_name":null,"user":{"id":1246895308186976266,"id_str":"1246895308186976266","name":"Nuray K\u0131lbacak","screen_name":"NurayLbacak","location":"Tekel, Italy","url":null,"description":"yap\u0131m evi t\u0131rman\u0131c\u0131lar harhara b\u00f6rtmek takunyal\u0131 tokurdamak m\u00fckellefiyet demokratikle\u015fmek bar\u0131n\u0131lan","translator_type":"none","protected":false,"verified":false,"followers_count":134,"friends_count":16,"listed_count":0,"favourites_count":0,"statuses_count":96,"created_at":"Sun Apr 05 20:19:43 +0000 2020","utc_offset":null,"time_zone":null,"geo_enabled":false,"lang":null,"contributors_enabled":false,"is_translator":false,"profile_background_color":"F5F8FA","profile_background_image_url":"","profile_background_image_url_https":"","profile_background_tile":false,"profile_link_color":"1DA1F2","profile_sidebar_border_color":"C0DEED","profile_sidebar_fill_color":"DDEEF6","profile_text_color":"333333","profile_use_background_image":true,"profile_image_url":"http:\/\/pbs.twimg.com\/profile_images\/1246895373416828930\/84VjxXp7_normal.jpg","profile_image_url_https":"https:\/\/pbs.twimg.com\/profile_images\/1246895373416828930\/84VjxXp7_normal.jpg","default_profile":true,"default_profile_image":false,"following":null,"follow_request_sent":null,"notifications":null},"geo":null,"coordinates":null,"place":null,"contributors":null,"is_quote_status":false,"quote_count":0,"reply_count":0,"retweet_count":1,"favorite_count":0,"entities":{"hashtags":[{"text":"buca","indices":[56,61]}],"urls":[],"user_mentions":[],"symbols":[],"media":[{"id":1248657983908843521,"id_str":"1248657983908843521","indices":[69,92],"media_url":"http:\/\/pbs.twimg.com\/media\/EVQf0hjXkAEwQ8R.png","media_url_https":"https:\/\/pbs.twimg.com\/media\/EVQf0hjXkAEwQ8R.png","url":"https:\/\/t.co\/8AMiQ0O9t4","display_url":"pic.twitter.com\/8AMiQ0O9t4","expanded_url":"https:\/\/twitter.com\/NurayLbacak\/status\/1248657988077916161\/photo\/1","type":"photo","sizes":{"medium":{"w":795,"h":520,"resize":"fit"},"small":{"w":680,"h":445,"resize":"fit"},"large":{"w":795,"h":520,"resize":"fit"},"thumb":{"w":150,"h":150,"resize":"crop"}}}]},"extended_entities":{"media":[{"id":1248657983908843521,"id_str":"1248657983908843521","indices":[69,92],"media_url":"http:\/\/pbs.twimg.com\/media\/EVQf0hjXkAEwQ8R.png","media_url_https":"https:\/\/pbs.twimg.com\/media\/EVQf0hjXkAEwQ8R.png","url":"https:\/\/t.co\/8AMiQ0O9t4","display_url":"pic.twitter.com\/8AMiQ0O9t4","expanded_url":"https:\/\/twitter.com\/NurayLbacak\/status\/1248657988077916161\/photo\/1","type":"photo","sizes":{"medium":{"w":795,"h":520,"resize":"fit"},"small":{"w":680,"h":445,"resize":"fit"},"large":{"w":795,"h":520,"resize":"fit"},"thumb":{"w":150,"h":150,"resize":"crop"}}}]},"favorited":false,"retweeted":false,"possibly_sensitive":false,"filter_level":"low","lang":"tr"},"is_quote_status":false,"quote_count":0,"reply_count":0,"retweet_count":0,"favorite_count":0,"entities":{"hashtags":[{"text":"buca","indices":[73,78]}],"urls":[],"user_mentions":[{"screen_name":"NurayLbacak","name":"Nuray K\u0131lbacak","id":1246895308186976266,"id_str":"1246895308186976266","indices":[3,15]}],"symbols":[],"media":[{"id":1248657983908843521,"id_str":"1248657983908843521","indices":[86,109],"media_url":"http:\/\/pbs.twimg.com\/media\/EVQf0hjXkAEwQ8R.png","media_url_https":"https:\/\/pbs.twimg.com\/media\/EVQf0hjXkAEwQ8R.png","url":"https:\/\/t.co\/8AMiQ0O9t4","display_url":"pic.twitter.com\/8AMiQ0O9t4","expanded_url":"https:\/\/twitter.com\/NurayLbacak\/status\/1248657988077916161\/photo\/1","type":"photo","sizes":{"medium":{"w":795,"h":520,"resize":"fit"},"small":{"w":680,"h":445,"resize":"fit"},"large":{"w":795,"h":520,"resize":"fit"},"thumb":{"w":150,"h":150,"resize":"crop"}},"source_status_id":1248657988077916161,"source_status_id_str":"1248657988077916161","source_user_id":1246895308186976266,"source_user_id_str":"1246895308186976266"}]},"extended_entities":{"media":[{"id":1248657983908843521,"id_str":"1248657983908843521","indices":[86,109],"media_url":"http:\/\/pbs.twimg.com\/media\/EVQf0hjXkAEwQ8R.png","media_url_https":"https:\/\/pbs.twimg.com\/media\/EVQf0hjXkAEwQ8R.png","url":"https:\/\/t.co\/8AMiQ0O9t4","display_url":"pic.twitter.com\/8AMiQ0O9t4","expanded_url":"https:\/\/twitter.com\/NurayLbacak\/status\/1248657988077916161\/photo\/1","type":"photo","sizes":{"medium":{"w":795,"h":520,"resize":"fit"},"small":{"w":680,"h":445,"resize":"fit"},"large":{"w":795,"h":520,"resize":"fit"},"thumb":{"w":150,"h":150,"resize":"crop"}},"source_status_id":1248657988077916161,"source_status_id_str":"1248657988077916161","source_user_id":1246895308186976266,"source_user_id_str":"1246895308186976266"}]},"favorited":false,"retweeted":false,"possibly_sensitive":false,"filter_level":"low","lang":"tr","timestamp_ms":"1586538238665"}
