{"created_at":"Fri Apr 10 17:03:50 +0000 2020","id":1248657957455384577,"id_str":"1248657957455384577","text":"@gizellybicalho_ @felipeneto ADM faz tudo!!","display_text_range":[29,43],"source":"\u003ca href=\"http:\/\/twitter.com\/download\/android\" rel=\"nofollow\"\u003eTwitter for Android\u003c\/a\u003e","truncated":false,"in_reply_to_status_id":1248657370710003712,"in_reply_to_status_id_str":"1248657370710003712","in_reply_to_user_id":1218927204362596355,"in_reply_to_user_id_str":"1218927204362596355","in_reply_to_screen_name":"gizellybicalho_","user":{"id":234033278,"id_str":"234033278","name":"nayyy","screen_name":"dllovatoits","location":null,"url":null,"description":"i'm stronger than i've ever been","translator_type":"none","protected":false,"verified":false,"followers_count":2337,"friends_count":1896,"listed_count":17,"favourites_count":40712,"statuses_count":109206,"created_at":"Tue Jan 04 17:57:48 +0000 2011","utc_offset":null,"time_zone":null,"geo_enabled":false,"lang":null,"contributors_enabled":false,"is_translator":false,"profile_background_color":"FCEBB6","profile_background_image_url":"http:\/\/abs.twimg.com\/images\/themes\/theme11\/bg.gif","profile_background_image_url_https":"https:\/\/abs.twimg.com\/images\/themes\/theme11\/bg.gif","profile_background_tile":false,"profile_link_color":"DD2E44","profile_sidebar_border_color":"F0A830","profile_sidebar_fill_color":"78C0A8","profile_text_color":"5E412F","profile_use_background_image":true,"profile_image_url":"http:\/\/pbs.twimg.com\/profile_images\/1247402109332578304\/Az8NFzfh_normal.jpg","profile_image_url_https":"https:\/\/pbs.twimg.com\/profile_images\/1247402109332578304\/Az8NFzfh_normal.jpg","profile_banner_url":"https:\/\/pbs.twimg.com\/profile_banners\/234033278\/1586238813","default_profile":false,"default_profile_image":false,"following":null,"follow_request_sent":null,"notifications":null},"geo":null,"coordinates":null,"place":null,"contributors":null,"is_quote_status":false,"quote_count":0,"reply_count":0,"retweet_count":0,"favorite_count":0,"entities":{"hashtags":[],"urls":[],"user_mentions":[{"screen_name":"gizellybicalho_","name":"Gizelly Bicalho \ud83c\udf2a","id":1218927204362596355,"id_str":"1218927204362596355","indices":[0,16]},{"screen_name":"felipeneto","name":"Felipe Neto","id":14128609,"id_str":"14128609","indices":[17,28]}],"symbols":[]},"favorited":false,"retweeted":false,"filter_level":"low","lang":"pt","timestamp_ms":"1586538230657"}
