{"created_at":"Fri Apr 10 17:03:55 +0000 2020","id":1248657978426896387,"id_str":"1248657978426896387","text":"RT @nadeens07333594: #\u064a\u0627_\u0631\u064a\u0633_\u062a\u0643\u0644\u064a\u0641_\u0635\u064a\u0627\u062f\u0644\u064718","source":"\u003ca href=\"http:\/\/twitter.com\/download\/android\" rel=\"nofollow\"\u003eTwitter for Android\u003c\/a\u003e","truncated":false,"in_reply_to_status_id":null,"in_reply_to_status_id_str":null,"in_reply_to_user_id":null,"in_reply_to_user_id_str":null,"in_reply_to_screen_name":null,"user":{"id":1248314559246499841,"id_str":"1248314559246499841","name":"Samar Fathy","screen_name":"SamarFa20048163","location":null,"url":null,"description":"pharmacist\ud83d\udc69\u200d\u2695\ufe0f\ud83d\udc8a","translator_type":"none","protected":false,"verified":false,"followers_count":6,"friends_count":28,"listed_count":0,"favourites_count":0,"statuses_count":610,"created_at":"Thu Apr 09 18:19:48 +0000 2020","utc_offset":null,"time_zone":null,"geo_enabled":false,"lang":null,"contributors_enabled":false,"is_translator":false,"profile_background_color":"F5F8FA","profile_background_image_url":"","profile_background_image_url_https":"","profile_background_tile":false,"profile_link_color":"1DA1F2","profile_sidebar_border_color":"C0DEED","profile_sidebar_fill_color":"DDEEF6","profile_text_color":"333333","profile_use_background_image":true,"profile_image_url":"http:\/\/pbs.twimg.com\/profile_images\/1248315726156279809\/q8Ru3Omq_normal.jpg","profile_image_url_https":"https:\/\/pbs.twimg.com\/profile_images\/1248315726156279809\/q8Ru3Omq_normal.jpg","default_profile":true,"default_profile_image":false,"following":null,"follow_request_sent":null,"notifications":null},"geo":null,"coordinates":null,"place":null,"contributors":null,"retweeted_status":{"created_at":"Fri Apr 10 17:01:12 +0000 2020","id":1248657292947599364,"id_str":"1248657292947599364","text":"#\u064a\u0627_\u0631\u064a\u0633_\u062a\u0643\u0644\u064a\u0641_\u0635\u064a\u0627\u062f\u0644\u064718","source":"\u003ca href=\"http:\/\/twitter.com\/download\/iphone\" rel=\"nofollow\"\u003eTwitter for iPhone\u003c\/a\u003e","truncated":false,"in_reply_to_status_id":null,"in_reply_to_status_id_str":null,"in_reply_to_user_id":null,"in_reply_to_user_id_str":null,"in_reply_to_screen_name":null,"user":{"id":1237392534730444807,"id_str":"1237392534730444807","name":"nadeen salah","screen_name":"nadeens07333594","location":null,"url":null,"description":"Pharmcist \u270c\ufe0f","translator_type":"none","protected":false,"verified":false,"followers_count":25,"friends_count":108,"listed_count":0,"favourites_count":393,"statuses_count":436,"created_at":"Tue Mar 10 14:59:19 +0000 2020","utc_offset":null,"time_zone":null,"geo_enabled":false,"lang":null,"contributors_enabled":false,"is_translator":false,"profile_background_color":"F5F8FA","profile_background_image_url":"","profile_background_image_url_https":"","profile_background_tile":false,"profile_link_color":"1DA1F2","profile_sidebar_border_color":"C0DEED","profile_sidebar_fill_color":"DDEEF6","profile_text_color":"333333","profile_use_background_image":true,"profile_image_url":"http:\/\/pbs.twimg.com\/profile_images\/1237392732563243008\/4dtoDVuD_normal.jpg","profile_image_url_https":"https:\/\/pbs.twimg.com\/profile_images\/1237392732563243008\/4dtoDVuD_normal.jpg","profile_banner_url":"https:\/\/pbs.twimg.com\/profile_banners\/1237392534730444807\/1583853124","default_profile":true,"default_profile_image":false,"following":null,"follow_request_sent":null,"notifications":null},"geo":null,"coordinates":null,"place":null,"contributors":null,"is_quote_status":false,"quote_count":0,"reply_count":0,"retweet_count":8,"favorite_count":1,"entities":{"hashtags":[{"text":"\u064a\u0627_\u0631\u064a\u0633_\u062a\u0643\u0644\u064a\u0641_\u0635\u064a\u0627\u062f\u0644\u064718","indices":[0,22]}],"urls":[],"user_mentions":[],"symbols":[]},"favorited":false,"retweeted":false,"filter_level":"low","lang":"und"},"is_quote_status":false,"quote_count":0,"reply_count":0,"retweet_count":0,"favorite_count":0,"entities":{"hashtags":[{"text":"\u064a\u0627_\u0631\u064a\u0633_\u062a\u0643\u0644\u064a\u0641_\u0635\u064a\u0627\u062f\u0644\u064718","indices":[21,43]}],"urls":[],"user_mentions":[{"screen_name":"nadeens07333594","name":"nadeen salah","id":1237392534730444807,"id_str":"1237392534730444807","indices":[3,19]}],"symbols":[]},"favorited":false,"retweeted":false,"filter_level":"low","lang":"und","timestamp_ms":"1586538235657"}
