{"created_at":"Fri Apr 10 17:03:48 +0000 2020","id":1248657949070893056,"id_str":"1248657949070893056","text":"L.I.V.E on air   with \n@OFFICIALPAPA_T\n\n\u25b6\ufe0f\ud83d\udcfb 'LOVE ME' - \n@fanzy_papaya1  X @yemialadee","source":"\u003ca href=\"https:\/\/about.twitter.com\/products\/tweetdeck\" rel=\"nofollow\"\u003eTweetDeck\u003c\/a\u003e","truncated":false,"in_reply_to_status_id":null,"in_reply_to_status_id_str":null,"in_reply_to_user_id":null,"in_reply_to_user_id_str":null,"in_reply_to_screen_name":null,"user":{"id":226833635,"id_str":"226833635","name":"RAINBOW 94.1 FM","screen_name":"Rainbow941fm","location":"Nigeria","url":"http:\/\/www.rainbow941.fm","description":"The Complete Spectrum in Entertainment.\n\n\ud83d\udcbb  http:\/\/facebook.com\/rainbow94.1\/\n\ud83d\udcf9  http:\/\/youtube.com\/Rainbow941fm\n\ud83c\udf10  listen live |http:\/\/www.rainbow941.fm\/live","translator_type":"none","protected":false,"verified":false,"followers_count":80841,"friends_count":203,"listed_count":257,"favourites_count":7512,"statuses_count":285949,"created_at":"Wed Dec 15 05:45:17 +0000 2010","utc_offset":null,"time_zone":null,"geo_enabled":true,"lang":null,"contributors_enabled":false,"is_translator":false,"profile_background_color":"C0DEED","profile_background_image_url":"http:\/\/abs.twimg.com\/images\/themes\/theme1\/bg.png","profile_background_image_url_https":"https:\/\/abs.twimg.com\/images\/themes\/theme1\/bg.png","profile_background_tile":false,"profile_link_color":"981CEB","profile_sidebar_border_color":"000000","profile_sidebar_fill_color":"DDEEF6","profile_text_color":"333333","profile_use_background_image":true,"profile_image_url":"http:\/\/pbs.twimg.com\/profile_images\/1181226541793107969\/m2xW6Mc1_normal.jpg","profile_image_url_https":"https:\/\/pbs.twimg.com\/profile_images\/1181226541793107969\/m2xW6Mc1_normal.jpg","profile_banner_url":"https:\/\/pbs.twimg.com\/profile_banners\/226833635\/1571845174","default_profile":false,"default_profile_image":false,"following":null,"follow_request_sent":null,"notifications":null},"geo":null,"coordinates":null,"place":null,"contributors":null,"is_quote_status":false,"quote_count":0,"reply_count":0,"retweet_count":0,"favorite_count":0,"entities":{"hashtags":[],"urls":[],"user_mentions":[{"screen_name":"OFFICIALPAPA_T","name":"@OFFICIALPAPA_T","id":860162683219390464,"id_str":"860162683219390464","indices":[23,38]},{"screen_name":"fanzy_papaya1","name":"Fanzy Papaya","id":1050686491062652929,"id_str":"1050686491062652929","indices":[57,71]},{"screen_name":"yemialadee","name":"\ud83e\udd1c\ud83c\udffe #WOMANOFSTEEL \ud83e\udd1b\ud83c\udffe","id":166070714,"id_str":"166070714","indices":[75,86]}],"symbols":[]},"favorited":false,"retweeted":false,"filter_level":"low","lang":"en","timestamp_ms":"1586538228658"}
