{"created_at":"Fri Apr 10 17:03:49 +0000 2020","id":1248657953298591744,"id_str":"1248657953298591744","text":"@kamonegi25 \u306a\u3093\u3068\ud83d\ude07\ud83d\ude07\ud83d\ude07\n\u672c\u7269\u306e\u304a\u6599\u7406\u30ad\u30e3\u30b9\u304a\u9858\u3044\u3057\u307e\u3059\uff01","display_text_range":[12,35],"source":"\u003ca href=\"http:\/\/twitter.com\/download\/iphone\" rel=\"nofollow\"\u003eTwitter for iPhone\u003c\/a\u003e","truncated":false,"in_reply_to_status_id":1248656558361214977,"in_reply_to_status_id_str":"1248656558361214977","in_reply_to_user_id":745388636821028865,"in_reply_to_user_id_str":"745388636821028865","in_reply_to_screen_name":"kamonegi25","user":{"id":941528891201433600,"id_str":"941528891201433600","name":"\u3081\u3044\ud83d\udc11","screen_name":"mei_mgmg","location":null,"url":null,"description":"\u3042\u3093\u3053\u3074\u3083\u3093\uff01","translator_type":"none","protected":false,"verified":false,"followers_count":1038,"friends_count":443,"listed_count":8,"favourites_count":32959,"statuses_count":25256,"created_at":"Fri Dec 15 04:42:35 +0000 2017","utc_offset":null,"time_zone":null,"geo_enabled":false,"lang":null,"contributors_enabled":false,"is_translator":false,"profile_background_color":"F5F8FA","profile_background_image_url":"","profile_background_image_url_https":"","profile_background_tile":false,"profile_link_color":"1DA1F2","profile_sidebar_border_color":"C0DEED","profile_sidebar_fill_color":"DDEEF6","profile_text_color":"333333","profile_use_background_image":true,"profile_image_url":"http:\/\/pbs.twimg.com\/profile_images\/1160542928734830595\/TMwv8Unj_normal.jpg","profile_image_url_https":"https:\/\/pbs.twimg.com\/profile_images\/1160542928734830595\/TMwv8Unj_normal.jpg","profile_banner_url":"https:\/\/pbs.twimg.com\/profile_banners\/941528891201433600\/1579411320","default_profile":true,"default_profile_image":false,"following":null,"follow_request_sent":null,"notifications":null},"geo":null,"coordinates":null,"place":null,"contributors":null,"is_quote_status":false,"quote_count":0,"reply_count":0,"retweet_count":0,"favorite_count":0,"entities":{"hashtags":[],"urls":[],"user_mentions":[{"screen_name":"kamonegi25","name":"\u767d\u3046\u3055\ud83d\udc30","id":745388636821028865,"id_str":"745388636821028865","indices":[0,11]}],"symbols":[]},"favorited":false,"retweeted":false,"filter_level":"low","lang":"ja","timestamp_ms":"1586538229666"}
