{"created_at":"Fri Apr 10 17:03:57 +0000 2020","id":1248657986836463617,"id_str":"1248657986836463617","text":"RT @uillm2: \"\u0644\u064a\u0633 \u0639\u0644\u064a\u0643 \u0623\u0646 \u062a\u062d\u0627\u0648\u0644 \u0641\u064a \u0643\u0644 \u0645\u0631\u0629 \u0645\u0646 \u0623\u062c\u0644 \u0627\u0644\u0634\u064a\u0621 \u0646\u0641\u0633\u0647\u060c \u0627\u0644\u0625\u0641\u0644\u0627\u062a \u062d\u0644 \u0623\u064a\u0636\u064b\u0627.\"","source":"\u003ca href=\"http:\/\/twitter.com\/download\/iphone\" rel=\"nofollow\"\u003eTwitter for iPhone\u003c\/a\u003e","truncated":false,"in_reply_to_status_id":null,"in_reply_to_status_id_str":null,"in_reply_to_user_id":null,"in_reply_to_user_id_str":null,"in_reply_to_screen_name":null,"user":{"id":705758400160927744,"id_str":"705758400160927744","name":"SA","screen_name":"L88Xs","location":null,"url":null,"description":"Be real, not perfect.","translator_type":"none","protected":false,"verified":false,"followers_count":77,"friends_count":219,"listed_count":0,"favourites_count":611,"statuses_count":1279,"created_at":"Fri Mar 04 14:14:49 +0000 2016","utc_offset":null,"time_zone":null,"geo_enabled":true,"lang":null,"contributors_enabled":false,"is_translator":false,"profile_background_color":"F5F8FA","profile_background_image_url":"","profile_background_image_url_https":"","profile_background_tile":false,"profile_link_color":"1DA1F2","profile_sidebar_border_color":"C0DEED","profile_sidebar_fill_color":"DDEEF6","profile_text_color":"333333","profile_use_background_image":true,"profile_image_url":"http:\/\/pbs.twimg.com\/profile_images\/1241636815213228032\/l6Uc_xmq_normal.jpg","profile_image_url_https":"https:\/\/pbs.twimg.com\/profile_images\/1241636815213228032\/l6Uc_xmq_normal.jpg","profile_banner_url":"https:\/\/pbs.twimg.com\/profile_banners\/705758400160927744\/1576710404","default_profile":true,"default_profile_image":false,"following":null,"follow_request_sent":null,"notifications":null},"geo":null,"coordinates":null,"place":null,"contributors":null,"retweeted_status":{"created_at":"Fri Apr 10 15:00:17 +0000 2020","id":1248626863682940930,"id_str":"1248626863682940930","text":"\"\u0644\u064a\u0633 \u0639\u0644\u064a\u0643 \u0623\u0646 \u062a\u062d\u0627\u0648\u0644 \u0641\u064a \u0643\u0644 \u0645\u0631\u0629 \u0645\u0646 \u0623\u062c\u0644 \u0627\u0644\u0634\u064a\u0621 \u0646\u0641\u0633\u0647\u060c \u0627\u0644\u0625\u0641\u0644\u0627\u062a \u062d\u0644 \u0623\u064a\u0636\u064b\u0627.\"","source":"\u003ca href=\"http:\/\/twitter.com\/download\/iphone\" rel=\"nofollow\"\u003eTwitter for iPhone\u003c\/a\u003e","truncated":false,"in_reply_to_status_id":null,"in_reply_to_status_id_str":null,"in_reply_to_user_id":null,"in_reply_to_user_id_str":null,"in_reply_to_screen_name":null,"user":{"id":1103386762477531139,"id_str":"1103386762477531139","name":"\u0645\u064e\u0631\u064a\u0640\u0645.","screen_name":"uillm2","location":null,"url":"http:\/\/instagram.com\/uillm2","description":"\u062a\u0623\u0643\u062f \u0628\u0623\u0646\u0646\u064a \u0623\u062d\u0645\u0644 \u0644\u0643 \u0634\u064a\u0626\u0627\u064b \u0628\u062f\u0627\u062e\u0644\u064a \u0645\u0646\u0630\u064f \u0633\u0646\u0648\u0627\u062a \u0637\u0648\u064a\u0644\u064e\u0647 \u0644\u064a\u0637\u0645\u0626\u0646 \u0642\u0644\u0628\u0643 \u0644\u0646 \u0623\u063a\u064a\u0631 \u0648\u062c\u0647\u062a\u064a \u0639\u0646\u0643 \u064a\u0648\u0645\u0627\u064b \u0645\u0646 \u0627\u0644\u0623\u064a\u0627\u0645 .","translator_type":"none","protected":false,"verified":false,"followers_count":6049,"friends_count":48,"listed_count":8,"favourites_count":619,"statuses_count":1025,"created_at":"Wed Mar 06 20:07:58 +0000 2019","utc_offset":null,"time_zone":null,"geo_enabled":false,"lang":null,"contributors_enabled":false,"is_translator":false,"profile_background_color":"F5F8FA","profile_background_image_url":"","profile_background_image_url_https":"","profile_background_tile":false,"profile_link_color":"1DA1F2","profile_sidebar_border_color":"C0DEED","profile_sidebar_fill_color":"DDEEF6","profile_text_color":"333333","profile_use_background_image":true,"profile_image_url":"http:\/\/pbs.twimg.com\/profile_images\/1247971772231593984\/VH31xwxE_normal.jpg","profile_image_url_https":"https:\/\/pbs.twimg.com\/profile_images\/1247971772231593984\/VH31xwxE_normal.jpg","profile_banner_url":"https:\/\/pbs.twimg.com\/profile_banners\/1103386762477531139\/1582825771","default_profile":true,"default_profile_image":false,"following":null,"follow_request_sent":null,"notifications":null},"geo":null,"coordinates":null,"place":null,"contributors":null,"is_quote_status":false,"quote_count":0,"reply_count":1,"retweet_count":15,"favorite_count":17,"entities":{"hashtags":[],"urls":[],"user_mentions":[],"symbols":[]},"favorited":false,"retweeted":false,"filter_level":"low","lang":"ar"},"is_quote_status":false,"quote_count":0,"reply_count":0,"retweet_count":0,"favorite_count":0,"entities":{"hashtags":[],"urls":[],"user_mentions":[{"screen_name":"uillm2","name":"\u0645\u064e\u0631\u064a\u0640\u0645.","id":1103386762477531139,"id_str":"1103386762477531139","indices":[3,10]}],"symbols":[]},"favorited":false,"retweeted":false,"filter_level":"low","lang":"ar","timestamp_ms":"1586538237662"}
