{"created_at":"Fri Apr 10 17:03:52 +0000 2020","id":1248657965864935425,"id_str":"1248657965864935425","text":"RT @1kwon7: \uc8fd\uc5b4\ub3c4... \ud0c8\ucf54 \ud398\ubbf8\ub2c8\uc2a4\ud2b8 \uc720\ud29c\ubc84\ub97c... \ubd80\uce58\ub85c... \uc18c\ube44\ud574\uc57c\uaca0\ub294 \uc774\uc720\ub294......?","source":"\u003ca href=\"http:\/\/twitter.com\/download\/android\" rel=\"nofollow\"\u003eTwitter for Android\u003c\/a\u003e","truncated":false,"in_reply_to_status_id":null,"in_reply_to_status_id_str":null,"in_reply_to_user_id":null,"in_reply_to_user_id_str":null,"in_reply_to_screen_name":null,"user":{"id":1087501715190870017,"id_str":"1087501715190870017","name":"\uc131\uc801\ub300\uc0c1\ud654_\uc18c\ube44\ubb38\ud654_\ubd88\ub9e4","screen_name":"Cream_MMMcorset","location":null,"url":null,"description":"\ub108\uac00 \uc88b\uc544\ud558\ub294 \uc544\uc774\ub3cc\uc774 \uc5ec\uc131\uc774\uba74 \uc624\ub298\ub3c4 \uc139\uc2a4\uc5b4\ud544\uc744 \uad6c\uc870\uc801\uc73c\ub85c \uac15\uc694 \ubc1b\uace0 \uc788\ub2e4.\n#\uc5ec\ub3cc\ucf54\ub974\uc14b_\uacf5\ub860\ud654\n\n\ubbf8\ub514\uc5b4\uc5d0 \ub178\ucd9c\ub418\uace0\ub3c4 \uc0b4\uc544\uac00\ub294 \uc5ec\uc131\ub4e4 \uc874\uacbd\ud568.\n\uc5ec\uc131\uc8fc\uc758\uc801\uc778 \uc2dc\uac01\uc5d0\uc11c \ube44\ud310\ud560 \uac74 \ube44\ud310\ud568.","translator_type":"none","protected":false,"verified":false,"followers_count":77,"friends_count":37,"listed_count":0,"favourites_count":35,"statuses_count":1459,"created_at":"Tue Jan 22 00:06:28 +0000 2019","utc_offset":null,"time_zone":null,"geo_enabled":false,"lang":null,"contributors_enabled":false,"is_translator":false,"profile_background_color":"F5F8FA","profile_background_image_url":"","profile_background_image_url_https":"","profile_background_tile":false,"profile_link_color":"1DA1F2","profile_sidebar_border_color":"C0DEED","profile_sidebar_fill_color":"DDEEF6","profile_text_color":"333333","profile_use_background_image":true,"profile_image_url":"http:\/\/pbs.twimg.com\/profile_images\/1087502480152227841\/JUPdiuZ5_normal.jpg","profile_image_url_https":"https:\/\/pbs.twimg.com\/profile_images\/1087502480152227841\/JUPdiuZ5_normal.jpg","profile_banner_url":"https:\/\/pbs.twimg.com\/profile_banners\/1087501715190870017\/1548115770","default_profile":true,"default_profile_image":false,"following":null,"follow_request_sent":null,"notifications":null},"geo":null,"coordinates":null,"place":null,"contributors":null,"retweeted_status":{"created_at":"Fri Apr 10 04:20:19 +0000 2020","id":1248465812240793605,"id_str":"1248465812240793605","text":"\uc8fd\uc5b4\ub3c4... \ud0c8\ucf54 \ud398\ubbf8\ub2c8\uc2a4\ud2b8 \uc720\ud29c\ubc84\ub97c... \ubd80\uce58\ub85c... \uc18c\ube44\ud574\uc57c\uaca0\ub294 \uc774\uc720\ub294......?","source":"\u003ca href=\"http:\/\/twitter.com\/download\/iphone\" rel=\"nofollow\"\u003eTwitter for iPhone\u003c\/a\u003e","truncated":false,"in_reply_to_status_id":null,"in_reply_to_status_id_str":null,"in_reply_to_user_id":null,"in_reply_to_user_id_str":null,"in_reply_to_screen_name":null,"user":{"id":1239198963657347082,"id_str":"1239198963657347082","name":"\ud0c8\ucf54\uc720\ud29c\ubc84\ub355\uc9c8\uc544\ub2c8\uace0\uc9c0\uc9c0\ud558\ub294 \ub3cc\ub3c5\ube44\uc5b8","screen_name":"1kwon7","location":null,"url":null,"description":"4B 4T \uc778\uac04\uc758 \uc77c\uc0c1\uacc4 | \uc77c\ubc29\uc801\uc778 \ud314\ub85c\uc6b0\ub294 \ube14\uc5b8\ube14 | \ud604\uc0dd\uc220\uc9d1 \uc778\ud134 \ube44\uacf5\uc2dd \uc624\ub514\uc158 \ud0c8\ub77d\uc790","translator_type":"none","protected":false,"verified":false,"followers_count":86,"friends_count":86,"listed_count":0,"favourites_count":2259,"statuses_count":3839,"created_at":"Sun Mar 15 14:37:27 +0000 2020","utc_offset":null,"time_zone":null,"geo_enabled":false,"lang":null,"contributors_enabled":false,"is_translator":false,"profile_background_color":"F5F8FA","profile_background_image_url":"","profile_background_image_url_https":"","profile_background_tile":false,"profile_link_color":"1DA1F2","profile_sidebar_border_color":"C0DEED","profile_sidebar_fill_color":"DDEEF6","profile_text_color":"333333","profile_use_background_image":true,"profile_image_url":"http:\/\/pbs.twimg.com\/profile_images\/1247157596978475009\/PEnd3zdf_normal.jpg","profile_image_url_https":"https:\/\/pbs.twimg.com\/profile_images\/1247157596978475009\/PEnd3zdf_normal.jpg","profile_banner_url":"https:\/\/pbs.twimg.com\/profile_banners\/1239198963657347082\/1584283149","default_profile":true,"default_profile_image":false,"following":null,"follow_request_sent":null,"notifications":null},"geo":null,"coordinates":null,"place":null,"contributors":null,"is_quote_status":false,"quote_count":1,"reply_count":2,"retweet_count":73,"favorite_count":49,"entities":{"hashtags":[],"urls":[],"user_mentions":[],"symbols":[]},"favorited":false,"retweeted":false,"filter_level":"low","lang":"ko"},"is_quote_status":false,"quote_count":0,"reply_count":0,"retweet_count":0,"favorite_count":0,"entities":{"hashtags":[],"urls":[],"user_mentions":[{"screen_name":"1kwon7","name":"\ud0c8\ucf54\uc720\ud29c\ubc84\ub355\uc9c8\uc544\ub2c8\uace0\uc9c0\uc9c0\ud558\ub294 \ub3cc\ub3c5\ube44\uc5b8","id":1239198963657347082,"id_str":"1239198963657347082","indices":[3,10]}],"symbols":[]},"favorited":false,"retweeted":false,"filter_level":"low","lang":"ko","timestamp_ms":"1586538232662"}
