{"created_at":"Fri Apr 10 17:03:48 +0000 2020","id":1248657949095915520,"id_str":"1248657949095915520","text":"\u307f\u3093\u306a\u4f5c\u696d\u3057\u3066\u3066\u51c4\u3044\u306a\u3042\uff08\u9f3b\u307b\u3058","source":"\u003ca href=\"https:\/\/mobile.twitter.com\" rel=\"nofollow\"\u003eTwitter Web App\u003c\/a\u003e","truncated":false,"in_reply_to_status_id":null,"in_reply_to_status_id_str":null,"in_reply_to_user_id":null,"in_reply_to_user_id_str":null,"in_reply_to_screen_name":null,"user":{"id":3930748933,"id_str":"3930748933","name":"itehu44","screen_name":"itehu44","location":"\u795e\u5948\u5ddd","url":null,"description":"\u30d7\u30e9\u30e2\u5927\u597d\u304d\uff01\u5857\u88c5\u306f\u7b46\u5857\u308a\u3067\u9811\u5f35\u3063\u3066\u307e\u3059\u3002\u4eca\u306fFA\u30ac\u30fc\u30eb\u30e1\u30a4\u30f3\u3067\u3059\u3002 \u7121\u8a00\u30d5\u30a9\u30ed\u30fc\u5931\u793c\u3055\u305b\u3066\u9802\u3044\u3066\u304a\u308a\u307e\u3059\u3002\u30d8\u30c3\u30c0\u30fc\u306f\u7d79\u9905(\uff20silk_mochi)\u3055\u3093\u306b\u63cf\u3044\u3066\u9802\u304d\u307e\u3057\u305f\uff01","translator_type":"none","protected":false,"verified":false,"followers_count":976,"friends_count":459,"listed_count":17,"favourites_count":6996,"statuses_count":3054,"created_at":"Sun Oct 18 01:18:09 +0000 2015","utc_offset":null,"time_zone":null,"geo_enabled":false,"lang":null,"contributors_enabled":false,"is_translator":false,"profile_background_color":"000000","profile_background_image_url":"http:\/\/abs.twimg.com\/images\/themes\/theme1\/bg.png","profile_background_image_url_https":"https:\/\/abs.twimg.com\/images\/themes\/theme1\/bg.png","profile_background_tile":false,"profile_link_color":"19CF86","profile_sidebar_border_color":"000000","profile_sidebar_fill_color":"000000","profile_text_color":"000000","profile_use_background_image":false,"profile_image_url":"http:\/\/pbs.twimg.com\/profile_images\/1246850428530077698\/Vq-nLk7F_normal.jpg","profile_image_url_https":"https:\/\/pbs.twimg.com\/profile_images\/1246850428530077698\/Vq-nLk7F_normal.jpg","profile_banner_url":"https:\/\/pbs.twimg.com\/profile_banners\/3930748933\/1528562779","default_profile":false,"default_profile_image":false,"following":null,"follow_request_sent":null,"notifications":null},"geo":null,"coordinates":null,"place":null,"contributors":null,"is_quote_status":false,"quote_count":0,"reply_count":0,"retweet_count":0,"favorite_count":0,"entities":{"hashtags":[],"urls":[],"user_mentions":[],"symbols":[]},"favorited":false,"retweeted":false,"filter_level":"low","lang":"ja","timestamp_ms":"1586538228664"}
