{"created_at":"Fri Apr 10 17:03:56 +0000 2020","id":1248657982629519360,"id_str":"1248657982629519360","text":"@raplume https:\/\/t.co\/Jmfh17ZzvE","display_text_range":[9,32],"source":"\u003ca href=\"http:\/\/twitter.com\/download\/iphone\" rel=\"nofollow\"\u003eTwitter for iPhone\u003c\/a\u003e","truncated":false,"in_reply_to_status_id":1248555208029978630,"in_reply_to_status_id_str":"1248555208029978630","in_reply_to_user_id":723584983491842048,"in_reply_to_user_id_str":"723584983491842048","in_reply_to_screen_name":"raplume","user":{"id":1248655067164573696,"id_str":"1248655067164573696","name":"Aina \ud83c\udde8\ud83c\uddeb\ud83c\udde8\ud83c\udde9","screen_name":"nanaforeal236","location":null,"url":null,"description":"Yup theres nothing here","translator_type":"none","protected":false,"verified":false,"followers_count":0,"friends_count":26,"listed_count":0,"favourites_count":0,"statuses_count":6,"created_at":"Fri Apr 10 16:52:34 +0000 2020","utc_offset":null,"time_zone":null,"geo_enabled":false,"lang":null,"contributors_enabled":false,"is_translator":false,"profile_background_color":"F5F8FA","profile_background_image_url":"","profile_background_image_url_https":"","profile_background_tile":false,"profile_link_color":"1DA1F2","profile_sidebar_border_color":"C0DEED","profile_sidebar_fill_color":"DDEEF6","profile_text_color":"333333","profile_use_background_image":true,"profile_image_url":"http:\/\/pbs.twimg.com\/profile_images\/1248655927605186560\/ytULcsI2_normal.jpg","profile_image_url_https":"https:\/\/pbs.twimg.com\/profile_images\/1248655927605186560\/ytULcsI2_normal.jpg","profile_banner_url":"https:\/\/pbs.twimg.com\/profile_banners\/1248655067164573696\/1586537772","default_profile":true,"default_profile_image":false,"following":null,"follow_request_sent":null,"notifications":null},"geo":null,"coordinates":null,"place":null,"contributors":null,"is_quote_status":false,"quote_count":0,"reply_count":0,"retweet_count":0,"favorite_count":0,"entities":{"hashtags":[],"urls":[{"url":"https:\/\/t.co\/Jmfh17ZzvE","expanded_url":"https:\/\/youtu.be\/AvgJ1OCVoEI","display_url":"youtu.be\/AvgJ1OCVoEI","indices":[9,32]}],"user_mentions":[{"screen_name":"raplume","name":"RAPLUME \ud83d\udd4a","id":723584983491842048,"id_str":"723584983491842048","indices":[0,8]}],"symbols":[]},"favorited":false,"retweeted":false,"possibly_sensitive":false,"filter_level":"low","lang":"und","timestamp_ms":"1586538236659"}
