{"created_at":"Fri Apr 10 17:03:48 +0000 2020","id":1248657949083328512,"id_str":"1248657949083328512","text":"\uff71\uff8f\uff94\uff84\uff9e\u3063\u3066\u7f6a\u306a\u7537\u3060\u3088\u3042\u308a\u3083\u2026\u2026\u2026\u2026\u2026\u2026\u2026\u2026","source":"\u003ca href=\"http:\/\/twitter.com\/download\/iphone\" rel=\"nofollow\"\u003eTwitter for iPhone\u003c\/a\u003e","truncated":false,"in_reply_to_status_id":null,"in_reply_to_status_id_str":null,"in_reply_to_user_id":null,"in_reply_to_user_id_str":null,"in_reply_to_screen_name":null,"user":{"id":1192426058605199360,"id_str":"1192426058605199360","name":"\u59eb\u8334\u9999","screen_name":"Soysrmn","location":"\uff71\uff8f\uff94\uff84\uff9e\u306e\u8c37\u9593","url":"https:\/\/twpf.jp\/Soysrmn","description":"\u3010\u5927\u9b54\u7f85\u795e\u59eb\u8334\u9999\u9b54\u7f85\u76db\u3011\u6210\u4eba\u6e08\u7d75\u63cf.\u4e0b\uff88\uff80.\u96d1\u591a\u57a2.\u8150\u3068\u5922\u261e@nico39b \u9032\u6357+\uff7a\uff7d\u57a2\u21d2 @MITOYmito h\u261e\u4e2d\u52d9\uff7b\uff9d\u306b\u66f8\u3044\u3066\u8cb0\u3063\u305f\uff01","translator_type":"none","protected":false,"verified":false,"followers_count":258,"friends_count":260,"listed_count":12,"favourites_count":622,"statuses_count":6991,"created_at":"Thu Nov 07 12:58:28 +0000 2019","utc_offset":null,"time_zone":null,"geo_enabled":false,"lang":null,"contributors_enabled":false,"is_translator":false,"profile_background_color":"F5F8FA","profile_background_image_url":"","profile_background_image_url_https":"","profile_background_tile":false,"profile_link_color":"1DA1F2","profile_sidebar_border_color":"C0DEED","profile_sidebar_fill_color":"DDEEF6","profile_text_color":"333333","profile_use_background_image":true,"profile_image_url":"http:\/\/pbs.twimg.com\/profile_images\/1246491373475258368\/qfb59STs_normal.jpg","profile_image_url_https":"https:\/\/pbs.twimg.com\/profile_images\/1246491373475258368\/qfb59STs_normal.jpg","profile_banner_url":"https:\/\/pbs.twimg.com\/profile_banners\/1192426058605199360\/1586023151","default_profile":true,"default_profile_image":false,"following":null,"follow_request_sent":null,"notifications":null},"geo":null,"coordinates":null,"place":null,"contributors":null,"is_quote_status":false,"quote_count":0,"reply_count":0,"retweet_count":0,"favorite_count":0,"entities":{"hashtags":[],"urls":[],"user_mentions":[],"symbols":[]},"favorited":false,"retweeted":false,"filter_level":"low","lang":"ja","timestamp_ms":"1586538228661"}
