{"created_at":"Fri Apr 10 17:03:56 +0000 2020","id":1248657982642098176,"id_str":"1248657982642098176","text":"RT @Americans4Arts: This week: The news continues to be tough, but we've found spots of hope &amp; promise to focus on. Read on for stories of\u2026","source":"\u003ca href=\"https:\/\/mobile.twitter.com\" rel=\"nofollow\"\u003eTwitter Web App\u003c\/a\u003e","truncated":false,"in_reply_to_status_id":null,"in_reply_to_status_id_str":null,"in_reply_to_user_id":null,"in_reply_to_user_id_str":null,"in_reply_to_screen_name":null,"user":{"id":44686331,"id_str":"44686331","name":"HoCo Arts Council","screen_name":"hocoarts","location":"Howard County, MD","url":"http:\/\/www.hocoarts.org","description":"Serving the citizens of Howard Co by fostering the arts. Nurturing local artists and arts orgs, furthering appreciation of the arts, & ensuring access for all.","translator_type":"none","protected":false,"verified":false,"followers_count":2330,"friends_count":347,"listed_count":105,"favourites_count":232,"statuses_count":2321,"created_at":"Thu Jun 04 18:46:44 +0000 2009","utc_offset":null,"time_zone":null,"geo_enabled":false,"lang":null,"contributors_enabled":false,"is_translator":false,"profile_background_color":"B2DFDA","profile_background_image_url":"http:\/\/abs.twimg.com\/images\/themes\/theme13\/bg.gif","profile_background_image_url_https":"https:\/\/abs.twimg.com\/images\/themes\/theme13\/bg.gif","profile_background_tile":true,"profile_link_color":"93A644","profile_sidebar_border_color":"EEEEEE","profile_sidebar_fill_color":"FFFFFF","profile_text_color":"333333","profile_use_background_image":true,"profile_image_url":"http:\/\/pbs.twimg.com\/profile_images\/463338038056079360\/Ce3C5XOV_normal.jpeg","profile_image_url_https":"https:\/\/pbs.twimg.com\/profile_images\/463338038056079360\/Ce3C5XOV_normal.jpeg","profile_banner_url":"https:\/\/pbs.twimg.com\/profile_banners\/44686331\/1416329274","default_profile":false,"default_profile_image":false,"following":null,"follow_request_sent":null,"notifications":null},"geo":null,"coordinates":null,"place":null,"contributors":null,"retweeted_status":{"created_at":"Fri Apr 10 17:01:59 +0000 2020","id":1248657489652039682,"id_str":"1248657489652039682","text":"This week: The news continues to be tough, but we've found spots of hope &amp; promise to focus on. Read on for stories\u2026 https:\/\/t.co\/O2xR0kyZFh","source":"\u003ca href=\"https:\/\/sproutsocial.com\" rel=\"nofollow\"\u003eSprout Social\u003c\/a\u003e","truncated":true,"in_reply_to_status_id":null,"in_reply_to_status_id_str":null,"in_reply_to_user_id":null,"in_reply_to_user_id_str":null,"in_reply_to_screen_name":null,"user":{"id":15384023,"id_str":"15384023","name":"AmericansForTheArts","screen_name":"Americans4Arts","location":"Washington DC","url":"http:\/\/www.AmericansForTheArts.org","description":"Americans for the Arts is the nation's leading nonprofit organization for advancing the arts in America. RTs are not endorsements. #SAVEtheNEA","translator_type":"none","protected":false,"verified":true,"followers_count":66349,"friends_count":3575,"listed_count":1994,"favourites_count":17067,"statuses_count":18239,"created_at":"Thu Jul 10 22:17:03 +0000 2008","utc_offset":null,"time_zone":null,"geo_enabled":true,"lang":null,"contributors_enabled":false,"is_translator":false,"profile_background_color":"292522","profile_background_image_url":"http:\/\/abs.twimg.com\/images\/themes\/theme1\/bg.png","profile_background_image_url_https":"https:\/\/abs.twimg.com\/images\/themes\/theme1\/bg.png","profile_background_tile":false,"profile_link_color":"0094B3","profile_sidebar_border_color":"000000","profile_sidebar_fill_color":"A6C2CC","profile_text_color":"0A0A0A","profile_use_background_image":true,"profile_image_url":"http:\/\/pbs.twimg.com\/profile_images\/415234425345953793\/AOvzgMzh_normal.png","profile_image_url_https":"https:\/\/pbs.twimg.com\/profile_images\/415234425345953793\/AOvzgMzh_normal.png","profile_banner_url":"https:\/\/pbs.twimg.com\/profile_banners\/15384023\/1466533475","default_profile":false,"default_profile_image":false,"following":null,"follow_request_sent":null,"notifications":null},"geo":null,"coordinates":null,"place":null,"contributors":null,"is_quote_status":false,"extended_tweet":{"full_text":"This week: The news continues to be tough, but we've found spots of hope &amp; promise to focus on. Read on for stories of the arts lifting up communities, opportunities to further your arts career, and available economic relief during the COVID-19 crisis. https:\/\/t.co\/BJ5RCzVgH2","display_text_range":[0,280],"entities":{"hashtags":[],"urls":[{"url":"https:\/\/t.co\/BJ5RCzVgH2","expanded_url":"https:\/\/bit.ly\/2JXlj2y","display_url":"bit.ly\/2JXlj2y","indices":[257,280]}],"user_mentions":[],"symbols":[]}},"quote_count":0,"reply_count":0,"retweet_count":1,"favorite_count":0,"entities":{"hashtags":[],"urls":[{"url":"https:\/\/t.co\/O2xR0kyZFh","expanded_url":"https:\/\/twitter.com\/i\/web\/status\/1248657489652039682","display_url":"twitter.com\/i\/web\/status\/1\u2026","indices":[121,144]}],"user_mentions":[],"symbols":[]},"favorited":false,"retweeted":false,"possibly_sensitive":false,"filter_level":"low","lang":"en"},"is_quote_status":false,"quote_count":0,"reply_count":0,"retweet_count":0,"favorite_count":0,"entities":{"hashtags":[],"urls":[],"user_mentions":[{"screen_name":"Americans4Arts","name":"AmericansForTheArts","id":15384023,"id_str":"15384023","indices":[3,18]}],"symbols":[]},"favorited":false,"retweeted":false,"filter_level":"low","lang":"en","timestamp_ms":"1586538236662"}
