{"created_at":"Fri Apr 10 17:03:55 +0000 2020","id":1248657978431078401,"id_str":"1248657978431078401","text":"@nocontextizmit Bula\u015f\u0131k  sulu \u00e7ay","display_text_range":[16,33],"source":"\u003ca href=\"http:\/\/twitter.com\/download\/android\" rel=\"nofollow\"\u003eTwitter for Android\u003c\/a\u003e","truncated":false,"in_reply_to_status_id":1248639371814875136,"in_reply_to_status_id_str":"1248639371814875136","in_reply_to_user_id":1101556720621572099,"in_reply_to_user_id_str":"1101556720621572099","in_reply_to_screen_name":"nocontextizmit","user":{"id":796321699,"id_str":"796321699","name":"Bark\u0131n","screen_name":"BarkinTheBand","location":"Kocaeli, T\u00fcrkiye","url":"http:\/\/instagram.com\/barkinargit","description":"''Hayat dedi\u011fin sadece kocaman bir mizah''\nboyum 1.95 olabilir ama ruhum 1.10\n#HerseyCokGuzelOlacak !","translator_type":"regular","protected":false,"verified":false,"followers_count":176,"friends_count":108,"listed_count":0,"favourites_count":482,"statuses_count":4951,"created_at":"Sat Sep 01 15:35:45 +0000 2012","utc_offset":null,"time_zone":null,"geo_enabled":true,"lang":null,"contributors_enabled":false,"is_translator":false,"profile_background_color":"ACDED6","profile_background_image_url":"http:\/\/abs.twimg.com\/images\/themes\/theme9\/bg.gif","profile_background_image_url_https":"https:\/\/abs.twimg.com\/images\/themes\/theme9\/bg.gif","profile_background_tile":true,"profile_link_color":"030303","profile_sidebar_border_color":"000000","profile_sidebar_fill_color":"252429","profile_text_color":"666666","profile_use_background_image":true,"profile_image_url":"http:\/\/pbs.twimg.com\/profile_images\/1123607556193173504\/EOTxvqrT_normal.jpg","profile_image_url_https":"https:\/\/pbs.twimg.com\/profile_images\/1123607556193173504\/EOTxvqrT_normal.jpg","profile_banner_url":"https:\/\/pbs.twimg.com\/profile_banners\/796321699\/1561352325","default_profile":false,"default_profile_image":false,"following":null,"follow_request_sent":null,"notifications":null},"geo":null,"coordinates":null,"place":null,"contributors":null,"is_quote_status":false,"quote_count":0,"reply_count":0,"retweet_count":0,"favorite_count":0,"entities":{"hashtags":[],"urls":[],"user_mentions":[{"screen_name":"nocontextizmit","name":"no context izmit","id":1101556720621572099,"id_str":"1101556720621572099","indices":[0,15]}],"symbols":[]},"favorited":false,"retweeted":false,"filter_level":"low","lang":"tr","timestamp_ms":"1586538235658"}
