{"created_at":"Fri Apr 10 17:03:53 +0000 2020","id":1248657970075820032,"id_str":"1248657970075820032","text":"RT @ItsLifeFact: when i feel unwanted, i distance myself","source":"\u003ca href=\"http:\/\/twitter.com\/download\/iphone\" rel=\"nofollow\"\u003eTwitter for iPhone\u003c\/a\u003e","truncated":false,"in_reply_to_status_id":null,"in_reply_to_status_id_str":null,"in_reply_to_user_id":null,"in_reply_to_user_id_str":null,"in_reply_to_screen_name":null,"user":{"id":207947186,"id_str":"207947186","name":"Yang \ud83c\udf80","screen_name":"Maaayyyaaang","location":null,"url":null,"description":"Diversity","translator_type":"none","protected":false,"verified":false,"followers_count":365,"friends_count":493,"listed_count":4,"favourites_count":15620,"statuses_count":26401,"created_at":"Tue Oct 26 10:38:01 +0000 2010","utc_offset":null,"time_zone":null,"geo_enabled":true,"lang":null,"contributors_enabled":false,"is_translator":false,"profile_background_color":"94D487","profile_background_image_url":"http:\/\/abs.twimg.com\/images\/themes\/theme1\/bg.png","profile_background_image_url_https":"https:\/\/abs.twimg.com\/images\/themes\/theme1\/bg.png","profile_background_tile":true,"profile_link_color":"ABB8C2","profile_sidebar_border_color":"FFFFFF","profile_sidebar_fill_color":"DDEEF6","profile_text_color":"333333","profile_use_background_image":false,"profile_image_url":"http:\/\/pbs.twimg.com\/profile_images\/1221428122383310848\/WqWBTY7Q_normal.jpg","profile_image_url_https":"https:\/\/pbs.twimg.com\/profile_images\/1221428122383310848\/WqWBTY7Q_normal.jpg","profile_banner_url":"https:\/\/pbs.twimg.com\/profile_banners\/207947186\/1583808213","default_profile":false,"default_profile_image":false,"following":null,"follow_request_sent":null,"notifications":null},"geo":null,"coordinates":null,"place":null,"contributors":null,"retweeted_status":{"created_at":"Fri Apr 10 15:30:12 +0000 2020","id":1248634391754137602,"id_str":"1248634391754137602","text":"when i feel unwanted, i distance myself","source":"\u003ca href=\"https:\/\/buffer.com\" rel=\"nofollow\"\u003eBuffer\u003c\/a\u003e","truncated":false,"in_reply_to_status_id":null,"in_reply_to_status_id_str":null,"in_reply_to_user_id":null,"in_reply_to_user_id_str":null,"in_reply_to_screen_name":null,"user":{"id":396086694,"id_str":"396086694","name":"LIFE QUOTES","screen_name":"ItsLifeFact","location":"Peaceful World","url":null,"description":"One day, You and i will be together.. forever \u2665 Business, Advertising \u2709 itslifefact@gmail.com","translator_type":"regular","protected":false,"verified":false,"followers_count":3066827,"friends_count":27158,"listed_count":4263,"favourites_count":15,"statuses_count":76458,"created_at":"Sat Oct 22 18:34:26 +0000 2011","utc_offset":null,"time_zone":null,"geo_enabled":false,"lang":null,"contributors_enabled":false,"is_translator":false,"profile_background_color":"1A1B1F","profile_background_image_url":"http:\/\/abs.twimg.com\/images\/themes\/theme9\/bg.gif","profile_background_image_url_https":"https:\/\/abs.twimg.com\/images\/themes\/theme9\/bg.gif","profile_background_tile":false,"profile_link_color":"858A86","profile_sidebar_border_color":"FFFFFF","profile_sidebar_fill_color":"252429","profile_text_color":"666666","profile_use_background_image":true,"profile_image_url":"http:\/\/pbs.twimg.com\/profile_images\/739928180492886016\/syZrDxAM_normal.jpg","profile_image_url_https":"https:\/\/pbs.twimg.com\/profile_images\/739928180492886016\/syZrDxAM_normal.jpg","profile_banner_url":"https:\/\/pbs.twimg.com\/profile_banners\/396086694\/1427363772","default_profile":false,"default_profile_image":false,"following":null,"follow_request_sent":null,"notifications":null},"geo":null,"coordinates":null,"place":null,"contributors":null,"is_quote_status":false,"quote_count":35,"reply_count":8,"retweet_count":779,"favorite_count":1459,"entities":{"hashtags":[],"urls":[],"user_mentions":[],"symbols":[]},"favorited":false,"retweeted":false,"filter_level":"low","lang":"en"},"is_quote_status":false,"quote_count":0,"reply_count":0,"retweet_count":0,"favorite_count":0,"entities":{"hashtags":[],"urls":[],"user_mentions":[{"screen_name":"ItsLifeFact","name":"LIFE QUOTES","id":396086694,"id_str":"396086694","indices":[3,15]}],"symbols":[]},"favorited":false,"retweeted":false,"filter_level":"low","lang":"en","timestamp_ms":"1586538233666"}
