{"created_at":"Fri Apr 10 17:03:58 +0000 2020","id":1248657991018176513,"id_str":"1248657991018176513","text":"#DeportAllChineseStudents\n\nWe need our students educated properly.","source":"\u003ca href=\"https:\/\/mobile.twitter.com\" rel=\"nofollow\"\u003eTwitter Web App\u003c\/a\u003e","truncated":false,"in_reply_to_status_id":null,"in_reply_to_status_id_str":null,"in_reply_to_user_id":null,"in_reply_to_user_id_str":null,"in_reply_to_screen_name":null,"user":{"id":1142258758967422976,"id_str":"1142258758967422976","name":"BallRoomBlitz2020","screen_name":"BBlitz2020","location":null,"url":null,"description":"#MAGA #QAnon #Trump2020 #WWG1WGA #AmericanPatriot #ImBackBitches #GodWins\n#A Dream is a Wish Your Heart Makes","translator_type":"none","protected":false,"verified":false,"followers_count":1853,"friends_count":2341,"listed_count":0,"favourites_count":10851,"statuses_count":21649,"created_at":"Sat Jun 22 02:31:25 +0000 2019","utc_offset":null,"time_zone":null,"geo_enabled":false,"lang":null,"contributors_enabled":false,"is_translator":false,"profile_background_color":"F5F8FA","profile_background_image_url":"","profile_background_image_url_https":"","profile_background_tile":false,"profile_link_color":"1DA1F2","profile_sidebar_border_color":"C0DEED","profile_sidebar_fill_color":"DDEEF6","profile_text_color":"333333","profile_use_background_image":true,"profile_image_url":"http:\/\/pbs.twimg.com\/profile_images\/1142267058932969472\/B7q7kre4_normal.jpg","profile_image_url_https":"https:\/\/pbs.twimg.com\/profile_images\/1142267058932969472\/B7q7kre4_normal.jpg","profile_banner_url":"https:\/\/pbs.twimg.com\/profile_banners\/1142258758967422976\/1561172665","default_profile":true,"default_profile_image":false,"following":null,"follow_request_sent":null,"notifications":null},"geo":null,"coordinates":null,"place":null,"contributors":null,"quoted_status_id":1248655366805749764,"quoted_status_id_str":"1248655366805749764","quoted_status":{"created_at":"Fri Apr 10 16:53:32 +0000 2020","id":1248655366805749764,"id_str":"1248655366805749764","text":"Do we really need over 300,000 Chinese students?","source":"\u003ca href=\"http:\/\/twitter.com\/download\/iphone\" rel=\"nofollow\"\u003eTwitter for iPhone\u003c\/a\u003e","truncated":false,"in_reply_to_status_id":null,"in_reply_to_status_id_str":null,"in_reply_to_user_id":null,"in_reply_to_user_id_str":null,"in_reply_to_screen_name":null,"user":{"id":261749735,"id_str":"261749735","name":"Steph","screen_name":"steph93065","location":"North Carolina ","url":"https:\/\/www.donaldjtrump.com","description":"#AirForceMom #MarineMom The only valid censorship of ideas is the right of people not to listen.","translator_type":"none","protected":false,"verified":false,"followers_count":322073,"friends_count":121707,"listed_count":1431,"favourites_count":618881,"statuses_count":328313,"created_at":"Sun Mar 06 16:36:44 +0000 2011","utc_offset":null,"time_zone":null,"geo_enabled":true,"lang":null,"contributors_enabled":false,"is_translator":false,"profile_background_color":"000000","profile_background_image_url":"http:\/\/abs.twimg.com\/images\/themes\/theme14\/bg.gif","profile_background_image_url_https":"https:\/\/abs.twimg.com\/images\/themes\/theme14\/bg.gif","profile_background_tile":false,"profile_link_color":"ABB8C2","profile_sidebar_border_color":"000000","profile_sidebar_fill_color":"000000","profile_text_color":"000000","profile_use_background_image":false,"profile_image_url":"http:\/\/pbs.twimg.com\/profile_images\/1058159653991866368\/6XaSXYo5_normal.jpg","profile_image_url_https":"https:\/\/pbs.twimg.com\/profile_images\/1058159653991866368\/6XaSXYo5_normal.jpg","profile_banner_url":"https:\/\/pbs.twimg.com\/profile_banners\/261749735\/1584583475","default_profile":false,"default_profile_image":false,"following":null,"follow_request_sent":null,"notifications":null},"geo":null,"coordinates":null,"place":null,"contributors":null,"is_quote_status":false,"quote_count":29,"reply_count":121,"retweet_count":125,"favorite_count":362,"entities":{"hashtags":[],"urls":[],"user_mentions":[],"symbols":[]},"favorited":false,"retweeted":false,"filter_level":"low","lang":"en"},"quoted_status_permalink":{"url":"https:\/\/t.co\/jo82p7Q8F8","expanded":"https:\/\/twitter.com\/steph93065\/status\/1248655366805749764","display":"twitter.com\/steph93065\/sta\u2026"},"is_quote_status":true,"quote_count":0,"reply_count":0,"retweet_count":0,"favorite_count":0,"entities":{"hashtags":[{"text":"DeportAllChineseStudents","indices":[0,25]}],"urls":[],"user_mentions":[],"symbols":[]},"favorited":false,"retweeted":false,"filter_level":"low","lang":"en","timestamp_ms":"1586538238659"}
