{"created_at":"Fri Apr 10 17:03:57 +0000 2020","id":1248657986844835840,"id_str":"1248657986844835840","text":"@1439Mem \u062a\u062d\u0643\u0647\u061f","display_text_range":[9,14],"source":"\u003ca href=\"http:\/\/twitter.com\/download\/iphone\" rel=\"nofollow\"\u003eTwitter for iPhone\u003c\/a\u003e","truncated":false,"in_reply_to_status_id":1248615075495079940,"in_reply_to_status_id_str":"1248615075495079940","in_reply_to_user_id":1155879920926699522,"in_reply_to_user_id_str":"1155879920926699522","in_reply_to_screen_name":"1439Mem","user":{"id":370321155,"id_str":"370321155","name":"\u0627.\u062f \u062e\u0627\u0644\u062f \u0627\u0644\u0641\u0627\u0644\u062d","screen_name":"DrKhalidAlfaleh","location":"Riyadh, Kingdom of Saudi Arabia","url":null,"description":"\u0627\u0643\u0627\u062f\u064a\u0645\u064a \u0648\u0627\u0633\u062a\u0634\u0627\u0631\u064a \u0644\u0637\u0628 \u0627\u0644\u0627\u0637\u0641\u0627\u0644\u060c \u062c\u0627\u0645\u0639\u0629 \u0627\u0644\u0645\u0644\u0643 \u0633\u0639\u0648\u062f \u0648\u0645\u062c\u0645\u0648\u0639\u0629 \u0627\u0644\u062f\u0643\u062a\u0648\u0631 \u0633\u0644\u064a\u0645\u0627\u0646 \u0627\u0644\u062d\u0628\u064a\u0628 \u0627\u0644\u0637\u0628\u064a\u0629-\u0627\u0644\u0639\u0644\u064a\u0627","translator_type":"none","protected":false,"verified":false,"followers_count":25843,"friends_count":807,"listed_count":64,"favourites_count":201,"statuses_count":18624,"created_at":"Thu Sep 08 20:39:33 +0000 2011","utc_offset":null,"time_zone":null,"geo_enabled":true,"lang":null,"contributors_enabled":false,"is_translator":false,"profile_background_color":"C0DEED","profile_background_image_url":"http:\/\/abs.twimg.com\/images\/themes\/theme1\/bg.png","profile_background_image_url_https":"https:\/\/abs.twimg.com\/images\/themes\/theme1\/bg.png","profile_background_tile":false,"profile_link_color":"1DA1F2","profile_sidebar_border_color":"C0DEED","profile_sidebar_fill_color":"DDEEF6","profile_text_color":"333333","profile_use_background_image":true,"profile_image_url":"http:\/\/pbs.twimg.com\/profile_images\/1232626763412406272\/WgKoj7D1_normal.jpg","profile_image_url_https":"https:\/\/pbs.twimg.com\/profile_images\/1232626763412406272\/WgKoj7D1_normal.jpg","profile_banner_url":"https:\/\/pbs.twimg.com\/profile_banners\/370321155\/1569070418","default_profile":true,"default_profile_image":false,"following":null,"follow_request_sent":null,"notifications":null},"geo":null,"coordinates":null,"place":null,"contributors":null,"is_quote_status":false,"quote_count":0,"reply_count":0,"retweet_count":0,"favorite_count":0,"entities":{"hashtags":[],"urls":[],"user_mentions":[{"screen_name":"1439Mem","name":"\u0645\u0635\u0645\u0645\u0629 \u062f\u0639\u0648\u0627\u062a \u0627\u0644\u0643\u062a\u0631\u0648\u0646\u064a\u0647 \u0648\u0641\u0644\u0627\u062a\u0631 \u0648\u0639\u062f\u0633\u0627\u062a \u0633\u0646\u0627\u0628 \u0634\u0627\u062a","id":1155879920926699522,"id_str":"1155879920926699522","indices":[0,8]}],"symbols":[]},"favorited":false,"retweeted":false,"filter_level":"low","lang":"ar","timestamp_ms":"1586538237664"}
