{"created_at":"Fri Apr 10 17:03:57 +0000 2020","id":1248657986819698694,"id_str":"1248657986819698694","text":"@RenataMaccor @marcelamcgowan @marcelamcgowan vem aqui","display_text_range":[30,54],"source":"\u003ca href=\"http:\/\/twitter.com\/download\/android\" rel=\"nofollow\"\u003eTwitter for Android\u003c\/a\u003e","truncated":false,"in_reply_to_status_id":1248657822675542016,"in_reply_to_status_id_str":"1248657822675542016","in_reply_to_user_id":959528253236170752,"in_reply_to_user_id_str":"959528253236170752","in_reply_to_screen_name":"RenataMaccor","user":{"id":2868959459,"id_str":"2868959459","name":"cami \ud83c\udf2a\ufe0f","screen_name":"nightsbarb","location":"rio","url":null,"description":"eu sou advogada, brother | @vascodagama","translator_type":"regular","protected":false,"verified":false,"followers_count":10695,"friends_count":5596,"listed_count":77,"favourites_count":19815,"statuses_count":110549,"created_at":"Sun Nov 09 13:47:46 +0000 2014","utc_offset":null,"time_zone":null,"geo_enabled":true,"lang":null,"contributors_enabled":false,"is_translator":false,"profile_background_color":"9266CC","profile_background_image_url":"http:\/\/abs.twimg.com\/images\/themes\/theme1\/bg.png","profile_background_image_url_https":"https:\/\/abs.twimg.com\/images\/themes\/theme1\/bg.png","profile_background_tile":true,"profile_link_color":"090000","profile_sidebar_border_color":"FFFFFF","profile_sidebar_fill_color":"DDEEF6","profile_text_color":"333333","profile_use_background_image":false,"profile_image_url":"http:\/\/pbs.twimg.com\/profile_images\/1248345262382342151\/-D0Cwe88_normal.jpg","profile_image_url_https":"https:\/\/pbs.twimg.com\/profile_images\/1248345262382342151\/-D0Cwe88_normal.jpg","profile_banner_url":"https:\/\/pbs.twimg.com\/profile_banners\/2868959459\/1586463762","default_profile":false,"default_profile_image":false,"following":null,"follow_request_sent":null,"notifications":null},"geo":null,"coordinates":null,"place":null,"contributors":null,"is_quote_status":false,"quote_count":0,"reply_count":0,"retweet_count":0,"favorite_count":0,"entities":{"hashtags":[],"urls":[],"user_mentions":[{"screen_name":"RenataMaccor","name":"Renata","id":959528253236170752,"id_str":"959528253236170752","indices":[0,13]},{"screen_name":"marcelamcgowan","name":"Marcela Mc Gowan \ud83e\udd84","id":1218700882243661825,"id_str":"1218700882243661825","indices":[14,29]},{"screen_name":"marcelamcgowan","name":"Marcela Mc Gowan \ud83e\udd84","id":1218700882243661825,"id_str":"1218700882243661825","indices":[30,45]}],"symbols":[]},"favorited":false,"retweeted":false,"filter_level":"low","lang":"pt","timestamp_ms":"1586538237658"}
