{"created_at":"Fri Apr 10 17:03:53 +0000 2020","id":1248657970075926529,"id_str":"1248657970075926529","text":"This can also be switched with Ramones","source":"\u003ca href=\"http:\/\/twitter.com\/download\/iphone\" rel=\"nofollow\"\u003eTwitter for iPhone\u003c\/a\u003e","truncated":false,"in_reply_to_status_id":1248657968318623747,"in_reply_to_status_id_str":"1248657968318623747","in_reply_to_user_id":1119016979338231808,"in_reply_to_user_id_str":"1119016979338231808","in_reply_to_screen_name":"kobrakidsbitch","user":{"id":1119016979338231808,"id_str":"1119016979338231808","name":"\ud83d\udd77\ud83d\udd78 I BERT \ud83d\udd78\ud83d\udd77","screen_name":"kobrakidsbitch","location":"Bert McCrackens asshole","url":null,"description":"long hair Bert McCracken beat me up challenge \u2022 call me Bert \u2022 she\/her \u2022 sometimes nsfw \u2022 turning 17 this November \ud83d\ude0a \u2022 @5periodmasacre is a bottom","translator_type":"none","protected":false,"verified":false,"followers_count":610,"friends_count":1324,"listed_count":6,"favourites_count":12413,"statuses_count":3278,"created_at":"Thu Apr 18 23:16:52 +0000 2019","utc_offset":null,"time_zone":null,"geo_enabled":false,"lang":null,"contributors_enabled":false,"is_translator":false,"profile_background_color":"F5F8FA","profile_background_image_url":"","profile_background_image_url_https":"","profile_background_tile":false,"profile_link_color":"1DA1F2","profile_sidebar_border_color":"C0DEED","profile_sidebar_fill_color":"DDEEF6","profile_text_color":"333333","profile_use_background_image":true,"profile_image_url":"http:\/\/pbs.twimg.com\/profile_images\/1245439562178011137\/ATHcWpJA_normal.jpg","profile_image_url_https":"https:\/\/pbs.twimg.com\/profile_images\/1245439562178011137\/ATHcWpJA_normal.jpg","profile_banner_url":"https:\/\/pbs.twimg.com\/profile_banners\/1119016979338231808\/1583019886","default_profile":true,"default_profile_image":false,"following":null,"follow_request_sent":null,"notifications":null},"geo":null,"coordinates":null,"place":null,"contributors":null,"is_quote_status":false,"quote_count":0,"reply_count":0,"retweet_count":0,"favorite_count":0,"entities":{"hashtags":[],"urls":[],"user_mentions":[],"symbols":[]},"favorited":false,"retweeted":false,"filter_level":"low","lang":"en","timestamp_ms":"1586538233666"}
