{"created_at":"Fri Apr 10 17:03:51 +0000 2020","id":1248657961653854211,"id_str":"1248657961653854211","text":"RT @markkirin_: KAG1843\n@ReallyKW\n@KI4FDW\n@gooner1jdc\n@QmagaMike\n@CaliNeedsHelp\n@briantopping66\n@BlockTwitSlvts\n@CharlieVNathan\n@RealMissNi\u2026","source":"\u003ca href=\"https:\/\/mobile.twitter.com\" rel=\"nofollow\"\u003eTwitter Web App\u003c\/a\u003e","truncated":false,"in_reply_to_status_id":null,"in_reply_to_status_id_str":null,"in_reply_to_user_id":null,"in_reply_to_user_id_str":null,"in_reply_to_screen_name":null,"user":{"id":930846637567692800,"id_str":"930846637567692800","name":"Fish Chips","screen_name":"fish_ahoy","location":"USA","url":null,"description":"#MAGA #TRUMP #TRUMP2020 #DRAINTheSwamp  \n #BlueLivesMatter #HelpOurVets #POTUS #FLOTUS #Landslide2020 #FirstResponders #Heros #NeverForget911","translator_type":"none","protected":false,"verified":false,"followers_count":15717,"friends_count":15509,"listed_count":5,"favourites_count":75,"statuses_count":24020,"created_at":"Wed Nov 15 17:15:07 +0000 2017","utc_offset":null,"time_zone":null,"geo_enabled":false,"lang":null,"contributors_enabled":false,"is_translator":false,"profile_background_color":"F5F8FA","profile_background_image_url":"","profile_background_image_url_https":"","profile_background_tile":false,"profile_link_color":"1DA1F2","profile_sidebar_border_color":"C0DEED","profile_sidebar_fill_color":"DDEEF6","profile_text_color":"333333","profile_use_background_image":true,"profile_image_url":"http:\/\/pbs.twimg.com\/profile_images\/1107439155091591168\/RQwHT7tA_normal.jpg","profile_image_url_https":"https:\/\/pbs.twimg.com\/profile_images\/1107439155091591168\/RQwHT7tA_normal.jpg","profile_banner_url":"https:\/\/pbs.twimg.com\/profile_banners\/930846637567692800\/1552868989","default_profile":true,"default_profile_image":false,"following":null,"follow_request_sent":null,"notifications":null},"geo":null,"coordinates":null,"place":null,"contributors":null,"retweeted_status":{"created_at":"Fri Apr 10 13:05:34 +0000 2020","id":1248597994053816322,"id_str":"1248597994053816322","text":"KAG1843\n@ReallyKW\n@KI4FDW\n@gooner1jdc\n@QmagaMike\n@CaliNeedsHelp\n@briantopping66\n@BlockTwitSlvts\n@CharlieVNathan\u2026 https:\/\/t.co\/SFcQ7ZCPi1","display_text_range":[0,140],"source":"\u003ca href=\"https:\/\/mobile.twitter.com\" rel=\"nofollow\"\u003eTwitter Web App\u003c\/a\u003e","truncated":true,"in_reply_to_status_id":null,"in_reply_to_status_id_str":null,"in_reply_to_user_id":null,"in_reply_to_user_id_str":null,"in_reply_to_screen_name":null,"user":{"id":3526395106,"id_str":"3526395106","name":"Mark Kirin","screen_name":"markkirin_","location":"Florida, USA","url":null,"description":"Father, #Christian and lesser half of a beautiful woman.\nI ALWAYS FB PATRIOTS! #ProLife #1A #2A #MAGA #KAG #Trump2020 #QAnon Pr 22:4","translator_type":"none","protected":false,"verified":false,"followers_count":54359,"friends_count":53949,"listed_count":16,"favourites_count":9900,"statuses_count":33468,"created_at":"Wed Sep 02 19:30:47 +0000 2015","utc_offset":null,"time_zone":null,"geo_enabled":false,"lang":null,"contributors_enabled":false,"is_translator":false,"profile_background_color":"000000","profile_background_image_url":"http:\/\/abs.twimg.com\/images\/themes\/theme1\/bg.png","profile_background_image_url_https":"https:\/\/abs.twimg.com\/images\/themes\/theme1\/bg.png","profile_background_tile":false,"profile_link_color":"19CF86","profile_sidebar_border_color":"000000","profile_sidebar_fill_color":"000000","profile_text_color":"000000","profile_use_background_image":false,"profile_image_url":"http:\/\/pbs.twimg.com\/profile_images\/1244996310094286850\/pbwKlEuT_normal.jpg","profile_image_url_https":"https:\/\/pbs.twimg.com\/profile_images\/1244996310094286850\/pbwKlEuT_normal.jpg","profile_banner_url":"https:\/\/pbs.twimg.com\/profile_banners\/3526395106\/1557414018","default_profile":false,"default_profile_image":false,"following":null,"follow_request_sent":null,"notifications":null},"geo":null,"coordinates":null,"place":null,"contributors":null,"is_quote_status":false,"extended_tweet":{"full_text":"KAG1843\n@ReallyKW\n@KI4FDW\n@gooner1jdc\n@QmagaMike\n@CaliNeedsHelp\n@briantopping66\n@BlockTwitSlvts\n@CharlieVNathan\n@RealMissNikky\n@saturngirl74\n@KaraBear110\n@MJoeTeedoff\n@Bogan1Kevin\n@markkirin_\n@Anonagain3\n@thames_tim\n@RealWolf72\n@pinkmommy5\n@TdLombard\n@MMchiara\n@glock_it\n@garway95 https:\/\/t.co\/ROrG1VQToj","display_text_range":[0,280],"entities":{"hashtags":[],"urls":[],"user_mentions":[{"screen_name":"ReallyKW","name":"\ud83c\uddfa\ud83c\uddf8\u271d\ufe0fKelly Wolf\u271d\ufe0f\ud83c\uddfa\ud83c\uddf2","id":954185356840263681,"id_str":"954185356840263681","indices":[8,17]},{"screen_name":"KI4FDW","name":"\ud83c\uddfa\ud83c\uddf8Kevin\ud83c\uddfa\ud83c\uddf8\u2b50\u2b50\u2b50","id":1143090054946009088,"id_str":"1143090054946009088","indices":[18,25]},{"screen_name":"gooner1jdc","name":"John Duncan Clements","id":3012772163,"id_str":"3012772163","indices":[26,37]},{"screen_name":"QmagaMike","name":"mike kelley","id":935177547234422786,"id_str":"935177547234422786","indices":[38,48]},{"screen_name":"CaliNeedsHelp","name":"CaliServative","id":1123646302980431872,"id_str":"1123646302980431872","indices":[49,63]},{"screen_name":"briantopping66","name":"Brian Topping","id":2946461925,"id_str":"2946461925","indices":[64,79]},{"screen_name":"BlockTwitSlvts","name":"Twiitter Sluts Get Blocked","id":3600767297,"id_str":"3600767297","indices":[80,95]},{"screen_name":"CharlieVNathan","name":"Charlie V Nathan","id":132119360,"id_str":"132119360","indices":[96,111]},{"screen_name":"RealMissNikky","name":"Miss Nikky\u271d\ufe0f(K)\ud83d\udc60\ud83c\udf39\ud83d\udc60","id":968459714735591424,"id_str":"968459714735591424","indices":[112,126]},{"screen_name":"KaraBear110","name":"OG KareBear","id":1239583418775633927,"id_str":"1239583418775633927","indices":[141,153]},{"screen_name":"MJoeTeedoff","name":"MikeyJoeTeedoff","id":3430240516,"id_str":"3430240516","indices":[154,166]},{"screen_name":"Bogan1Kevin","name":"KJ","id":3894551112,"id_str":"3894551112","indices":[167,179]},{"screen_name":"markkirin_","name":"Mark Kirin","id":3526395106,"id_str":"3526395106","indices":[180,191]},{"screen_name":"Anonagain3","name":"Anonagain3","id":991482360842534912,"id_str":"991482360842534912","indices":[192,203]},{"screen_name":"thames_tim","name":"Just a Redneck From The South","id":741546248,"id_str":"741546248","indices":[204,215]},{"screen_name":"RealWolf72","name":"KC Deplorable","id":1071161325852786694,"id_str":"1071161325852786694","indices":[216,227]},{"screen_name":"pinkmommy5","name":"\ud83e\udd8b\ud83e\udd8bjLo\ud83e\udd8b\ud83e\udd8b","id":46287204,"id_str":"46287204","indices":[228,239]},{"screen_name":"TdLombard","name":"TD Lombard \u00ae\ufe0f","id":982306160454852608,"id_str":"982306160454852608","indices":[240,250]},{"screen_name":"MMchiara","name":"\u274cMMchiara\u274c\ud83c\uddfa\ud83c\uddf8\ud83d\udd46#SuperElitest","id":19191894,"id_str":"19191894","indices":[251,260]},{"screen_name":"glock_it","name":"GlockIt","id":1233475491916582912,"id_str":"1233475491916582912","indices":[261,270]},{"screen_name":"garway95","name":"~Gary Wants Trump 2020~","id":2450840197,"id_str":"2450840197","indices":[271,280]}],"symbols":[],"media":[{"id":1248597979939737601,"id_str":"1248597979939737601","indices":[281,304],"media_url":"http:\/\/pbs.twimg.com\/media\/EVPpP1WUEAEdMcf.png","media_url_https":"https:\/\/pbs.twimg.com\/media\/EVPpP1WUEAEdMcf.png","url":"https:\/\/t.co\/ROrG1VQToj","display_url":"pic.twitter.com\/ROrG1VQToj","expanded_url":"https:\/\/twitter.com\/markkirin_\/status\/1248597994053816322\/photo\/1","type":"photo","sizes":{"small":{"w":560,"h":560,"resize":"fit"},"medium":{"w":560,"h":560,"resize":"fit"},"large":{"w":560,"h":560,"resize":"fit"},"thumb":{"w":150,"h":150,"resize":"crop"}}}]},"extended_entities":{"media":[{"id":1248597979939737601,"id_str":"1248597979939737601","indices":[281,304],"media_url":"http:\/\/pbs.twimg.com\/media\/EVPpP1WUEAEdMcf.png","media_url_https":"https:\/\/pbs.twimg.com\/media\/EVPpP1WUEAEdMcf.png","url":"https:\/\/t.co\/ROrG1VQToj","display_url":"pic.twitter.com\/ROrG1VQToj","expanded_url":"https:\/\/twitter.com\/markkirin_\/status\/1248597994053816322\/photo\/1","type":"photo","sizes":{"small":{"w":560,"h":560,"resize":"fit"},"medium":{"w":560,"h":560,"resize":"fit"},"large":{"w":560,"h":560,"resize":"fit"},"thumb":{"w":150,"h":150,"resize":"crop"}}}]}},"quote_count":2,"reply_count":41,"retweet_count":128,"favorite_count":79,"entities":{"hashtags":[],"urls":[{"url":"https:\/\/t.co\/SFcQ7ZCPi1","expanded_url":"https:\/\/twitter.com\/i\/web\/status\/1248597994053816322","display_url":"twitter.com\/i\/web\/status\/1\u2026","indices":[113,136]}],"user_mentions":[{"screen_name":"ReallyKW","name":"\ud83c\uddfa\ud83c\uddf8\u271d\ufe0fKelly Wolf\u271d\ufe0f\ud83c\uddfa\ud83c\uddf2","id":954185356840263681,"id_str":"954185356840263681","indices":[8,17]},{"screen_name":"KI4FDW","name":"\ud83c\uddfa\ud83c\uddf8Kevin\ud83c\uddfa\ud83c\uddf8\u2b50\u2b50\u2b50","id":1143090054946009088,"id_str":"1143090054946009088","indices":[18,25]},{"screen_name":"gooner1jdc","name":"John Duncan Clements","id":3012772163,"id_str":"3012772163","indices":[26,37]},{"screen_name":"QmagaMike","name":"mike kelley","id":935177547234422786,"id_str":"935177547234422786","indices":[38,48]},{"screen_name":"CaliNeedsHelp","name":"CaliServative","id":1123646302980431872,"id_str":"1123646302980431872","indices":[49,63]},{"screen_name":"briantopping66","name":"Brian Topping","id":2946461925,"id_str":"2946461925","indices":[64,79]},{"screen_name":"BlockTwitSlvts","name":"Twiitter Sluts Get Blocked","id":3600767297,"id_str":"3600767297","indices":[80,95]},{"screen_name":"CharlieVNathan","name":"Charlie V Nathan","id":132119360,"id_str":"132119360","indices":[96,111]}],"symbols":[]},"favorited":false,"retweeted":false,"possibly_sensitive":false,"filter_level":"low","lang":"und"},"is_quote_status":false,"quote_count":0,"reply_count":0,"retweet_count":0,"favorite_count":0,"entities":{"hashtags":[],"urls":[],"user_mentions":[{"screen_name":"markkirin_","name":"Mark Kirin","id":3526395106,"id_str":"3526395106","indices":[3,14]},{"screen_name":"ReallyKW","name":"\ud83c\uddfa\ud83c\uddf8\u271d\ufe0fKelly Wolf\u271d\ufe0f\ud83c\uddfa\ud83c\uddf2","id":954185356840263681,"id_str":"954185356840263681","indices":[24,33]},{"screen_name":"KI4FDW","name":"\ud83c\uddfa\ud83c\uddf8Kevin\ud83c\uddfa\ud83c\uddf8\u2b50\u2b50\u2b50","id":1143090054946009088,"id_str":"1143090054946009088","indices":[34,41]},{"screen_name":"gooner1jdc","name":"John Duncan Clements","id":3012772163,"id_str":"3012772163","indices":[42,53]},{"screen_name":"QmagaMike","name":"mike kelley","id":935177547234422786,"id_str":"935177547234422786","indices":[54,64]},{"screen_name":"CaliNeedsHelp","name":"CaliServative","id":1123646302980431872,"id_str":"1123646302980431872","indices":[65,79]},{"screen_name":"briantopping66","name":"Brian Topping","id":2946461925,"id_str":"2946461925","indices":[80,95]},{"screen_name":"BlockTwitSlvts","name":"Twiitter Sluts Get Blocked","id":3600767297,"id_str":"3600767297","indices":[96,111]},{"screen_name":"CharlieVNathan","name":"Charlie V Nathan","id":132119360,"id_str":"132119360","indices":[112,127]}],"symbols":[]},"favorited":false,"retweeted":false,"filter_level":"low","lang":"und","timestamp_ms":"1586538231658"}
