{"created_at":"Fri Apr 10 17:03:57 +0000 2020","id":1248657986827976710,"id_str":"1248657986827976710","text":"RT @MIAN_84: \u06cc\u06c1 \u06c1\u06cc\u06ba \u0648\u06c1 \u067e\u06cc\u0627\u0631\u06d2 \u0644\u0648\u06af \u062c\u0646 \u0633\u06d2 \u0622\u067e\u06a9\u0648 \u06c1\u0645\u06cc\u0634\u06c1 \u067e\u06cc\u0627\u0631 \u0645\u0644\u06d2 \u06af\u0627\n\ud83d\udc9e \n@786ifb\n@Pk_ifb\n@gul115m\n@MIAN_84\n@wahla79\n@Khiz_ra\n@soon_abid\n@H_A_H92\n@A\u2026","source":"\u003ca href=\"http:\/\/twitter.com\/download\/android\" rel=\"nofollow\"\u003eTwitter for Android\u003c\/a\u003e","truncated":false,"in_reply_to_status_id":null,"in_reply_to_status_id_str":null,"in_reply_to_user_id":null,"in_reply_to_user_id_str":null,"in_reply_to_screen_name":null,"user":{"id":2736939500,"id_str":"2736939500","name":"\u157c\u15e9\u15f0!\u15ea\u2066\u2066\ud83c\udf34","screen_name":"HMD042","location":"Dubai\/Lahore","url":null,"description":"#Single #UrduSpeaker #FreePalestine #FreeKashmir #SaveHumanity \ud83e\udd40","translator_type":"none","protected":false,"verified":false,"followers_count":5315,"friends_count":5357,"listed_count":0,"favourites_count":10988,"statuses_count":18274,"created_at":"Sat Aug 16 10:15:17 +0000 2014","utc_offset":null,"time_zone":null,"geo_enabled":true,"lang":null,"contributors_enabled":false,"is_translator":false,"profile_background_color":"4A913C","profile_background_image_url":"http:\/\/abs.twimg.com\/images\/themes\/theme14\/bg.gif","profile_background_image_url_https":"https:\/\/abs.twimg.com\/images\/themes\/theme14\/bg.gif","profile_background_tile":true,"profile_link_color":"1B95E0","profile_sidebar_border_color":"EEEEEE","profile_sidebar_fill_color":"EFEFEF","profile_text_color":"333333","profile_use_background_image":false,"profile_image_url":"http:\/\/pbs.twimg.com\/profile_images\/1244487875896528896\/PKUP3xXD_normal.jpg","profile_image_url_https":"https:\/\/pbs.twimg.com\/profile_images\/1244487875896528896\/PKUP3xXD_normal.jpg","profile_banner_url":"https:\/\/pbs.twimg.com\/profile_banners\/2736939500\/1586423669","default_profile":false,"default_profile_image":false,"following":null,"follow_request_sent":null,"notifications":null},"geo":null,"coordinates":null,"place":null,"contributors":null,"retweeted_status":{"created_at":"Fri Apr 10 17:00:12 +0000 2020","id":1248657042363101184,"id_str":"1248657042363101184","text":"\u06cc\u06c1 \u06c1\u06cc\u06ba \u0648\u06c1 \u067e\u06cc\u0627\u0631\u06d2 \u0644\u0648\u06af \u062c\u0646 \u0633\u06d2 \u0622\u067e\u06a9\u0648 \u06c1\u0645\u06cc\u0634\u06c1 \u067e\u06cc\u0627\u0631 \u0645\u0644\u06d2 \u06af\u0627\n\ud83d\udc9e \n@786ifb\n@Pk_ifb\n@gul115m\n@MIAN_84\n@wahla79\n@Khiz_ra\n@soon_abid\u2026 https:\/\/t.co\/smrYt2mina","source":"\u003ca href=\"http:\/\/twitter.com\/download\/android\" rel=\"nofollow\"\u003eTwitter for Android\u003c\/a\u003e","truncated":true,"in_reply_to_status_id":null,"in_reply_to_status_id_str":null,"in_reply_to_user_id":null,"in_reply_to_user_id_str":null,"in_reply_to_screen_name":null,"user":{"id":1048671997566353408,"id_str":"1048671997566353408","name":"Mian PK","screen_name":"MIAN_84","location":"Dubai, United Arab Emirates","url":null,"description":null,"translator_type":"none","protected":false,"verified":false,"followers_count":509,"friends_count":2371,"listed_count":0,"favourites_count":2267,"statuses_count":2194,"created_at":"Sat Oct 06 20:31:02 +0000 2018","utc_offset":null,"time_zone":null,"geo_enabled":false,"lang":null,"contributors_enabled":false,"is_translator":false,"profile_background_color":"F5F8FA","profile_background_image_url":"","profile_background_image_url_https":"","profile_background_tile":false,"profile_link_color":"1DA1F2","profile_sidebar_border_color":"C0DEED","profile_sidebar_fill_color":"DDEEF6","profile_text_color":"333333","profile_use_background_image":true,"profile_image_url":"http:\/\/pbs.twimg.com\/profile_images\/1245822614695804928\/6PQUOzIH_normal.jpg","profile_image_url_https":"https:\/\/pbs.twimg.com\/profile_images\/1245822614695804928\/6PQUOzIH_normal.jpg","default_profile":true,"default_profile_image":false,"following":null,"follow_request_sent":null,"notifications":null},"geo":null,"coordinates":null,"place":null,"contributors":null,"is_quote_status":false,"extended_tweet":{"full_text":"\u06cc\u06c1 \u06c1\u06cc\u06ba \u0648\u06c1 \u067e\u06cc\u0627\u0631\u06d2 \u0644\u0648\u06af \u062c\u0646 \u0633\u06d2 \u0622\u067e\u06a9\u0648 \u06c1\u0645\u06cc\u0634\u06c1 \u067e\u06cc\u0627\u0631 \u0645\u0644\u06d2 \u06af\u0627\n\ud83d\udc9e \n@786ifb\n@Pk_ifb\n@gul115m\n@MIAN_84\n@wahla79\n@Khiz_ra\n@soon_abid\n@H_A_H92\n@Adnan8162\n@d_50k\n@B1nadir\n@sh_zib\n@NJ__NU\n@atta_natt\n@NaeemF4\n@HMD042\n@JLone72\n@RiazBut4\n@Zshz01","display_text_range":[0,221],"entities":{"hashtags":[],"urls":[],"user_mentions":[{"screen_name":"786ifb","name":"\ud83c\uddf5\ud83c\uddf0 \u06cc\u0627 \u0627\u0644\u0644\u06c1 \u0631\u062d\u0645 \u0641\u0631\u0645\u0627 \u062f\u06cc\u06ba \ud83c\uddf5\ud83c\uddf0","id":1162250845045395459,"id_str":"1162250845045395459","indices":[52,59]},{"screen_name":"Pk_ifb","name":"\u0644\u0633\u0679\u0648\u06ba \u0645\u06cc\u06ba \u0634\u0627\u0645\u0644 - \u0631\u06cc\u0679\u0648\u06cc\u0679 \u06a9\u0631\u06cc\u06ba","id":1174116021902499850,"id_str":"1174116021902499850","indices":[60,67]},{"screen_name":"gul115m","name":"\ud83d\udc94\u157c\u15e9\u146d\u146d\u01b3\ud83d\udc94","id":3067892118,"id_str":"3067892118","indices":[68,76]},{"screen_name":"MIAN_84","name":"Mian PK","id":1048671997566353408,"id_str":"1048671997566353408","indices":[77,85]},{"screen_name":"wahla79","name":"Atif mahmood\ud83d\udc9e\ud83d\udc9e\ud83c\udf39","id":718553951675760641,"id_str":"718553951675760641","indices":[86,94]},{"screen_name":"Khiz_ra","name":"\u049c\u043d\u0197\u24e9\u0158\u24b6 \u2131\u03b1\u0442\u0e40\u043c\u0e04 (15 K\ud83d\ude0c\ud83d\ude0c)","id":1203374461229109249,"id_str":"1203374461229109249","indices":[95,103]},{"screen_name":"soon_abid","name":"Abid Afridi","id":884441964619235329,"id_str":"884441964619235329","indices":[104,114]},{"screen_name":"H_A_H92","name":"\u0627\u0644\u0637\u0627\u0641 \u0628\u0627\u062c\u0648\u06c1","id":1206794776684744704,"id_str":"1206794776684744704","indices":[115,123]},{"screen_name":"Adnan8162","name":"Adnan Sandhu \u0645\u062d\u0628\u0651\u062a_ \u0645\u0627\u0641\u064a\u0627 #","id":1173250483789664256,"id_str":"1173250483789664256","indices":[124,134]},{"screen_name":"d_50k","name":"\u2661Durdana","id":1189508253769711617,"id_str":"1189508253769711617","indices":[135,141]},{"screen_name":"B1nadir","name":"Nadir Bakhtiari","id":1062310574401445888,"id_str":"1062310574401445888","indices":[142,150]},{"screen_name":"sh_zib","name":"ShaNi","id":1166427570281340928,"id_str":"1166427570281340928","indices":[151,158]},{"screen_name":"NJ__NU","name":"\ud83d\udc9eNJ \ud83d\udc9e","id":1222916482750873600,"id_str":"1222916482750873600","indices":[159,166]},{"screen_name":"atta_natt","name":"\u0639\u0637\u0627 \u0646\u062a","id":996648443128041472,"id_str":"996648443128041472","indices":[167,177]},{"screen_name":"NaeemF4","name":"Naeem Faheem pti","id":1179085677025206272,"id_str":"1179085677025206272","indices":[178,186]},{"screen_name":"HMD042","name":"\u157c\u15e9\u15f0!\u15ea\u2066\u2066\ud83c\udf34","id":2736939500,"id_str":"2736939500","indices":[187,194]},{"screen_name":"JLone72","name":"\u062c\u0627\u0648\u06cc\u062f \u0644\u0648\u0646","id":602112233,"id_str":"602112233","indices":[195,203]},{"screen_name":"RiazBut4","name":"Riaz Butt","id":923565131853942785,"id_str":"923565131853942785","indices":[204,213]},{"screen_name":"Zshz01","name":"\ud83d\udc93\ud83c\udf97\ufe0fZarnish\ud83c\udf97\ufe0f\ud83d\udc93","id":1232951121553088512,"id_str":"1232951121553088512","indices":[214,221]}],"symbols":[]}},"quote_count":0,"reply_count":0,"retweet_count":2,"favorite_count":4,"entities":{"hashtags":[],"urls":[{"url":"https:\/\/t.co\/smrYt2mina","expanded_url":"https:\/\/twitter.com\/i\/web\/status\/1248657042363101184","display_url":"twitter.com\/i\/web\/status\/1\u2026","indices":[116,139]}],"user_mentions":[{"screen_name":"786ifb","name":"\ud83c\uddf5\ud83c\uddf0 \u06cc\u0627 \u0627\u0644\u0644\u06c1 \u0631\u062d\u0645 \u0641\u0631\u0645\u0627 \u062f\u06cc\u06ba \ud83c\uddf5\ud83c\uddf0","id":1162250845045395459,"id_str":"1162250845045395459","indices":[52,59]},{"screen_name":"Pk_ifb","name":"\u0644\u0633\u0679\u0648\u06ba \u0645\u06cc\u06ba \u0634\u0627\u0645\u0644 - \u0631\u06cc\u0679\u0648\u06cc\u0679 \u06a9\u0631\u06cc\u06ba","id":1174116021902499850,"id_str":"1174116021902499850","indices":[60,67]},{"screen_name":"gul115m","name":"\ud83d\udc94\u157c\u15e9\u146d\u146d\u01b3\ud83d\udc94","id":3067892118,"id_str":"3067892118","indices":[68,76]},{"screen_name":"MIAN_84","name":"Mian PK","id":1048671997566353408,"id_str":"1048671997566353408","indices":[77,85]},{"screen_name":"wahla79","name":"Atif mahmood\ud83d\udc9e\ud83d\udc9e\ud83c\udf39","id":718553951675760641,"id_str":"718553951675760641","indices":[86,94]},{"screen_name":"Khiz_ra","name":"\u049c\u043d\u0197\u24e9\u0158\u24b6 \u2131\u03b1\u0442\u0e40\u043c\u0e04 (15 K\ud83d\ude0c\ud83d\ude0c)","id":1203374461229109249,"id_str":"1203374461229109249","indices":[95,103]},{"screen_name":"soon_abid","name":"Abid Afridi","id":884441964619235329,"id_str":"884441964619235329","indices":[104,114]}],"symbols":[]},"favorited":false,"retweeted":false,"filter_level":"low","lang":"ur"},"is_quote_status":false,"quote_count":0,"reply_count":0,"retweet_count":0,"favorite_count":0,"entities":{"hashtags":[],"urls":[],"user_mentions":[{"screen_name":"MIAN_84","name":"Mian PK","id":1048671997566353408,"id_str":"1048671997566353408","indices":[3,11]},{"screen_name":"786ifb","name":"\ud83c\uddf5\ud83c\uddf0 \u06cc\u0627 \u0627\u0644\u0644\u06c1 \u0631\u062d\u0645 \u0641\u0631\u0645\u0627 \u062f\u06cc\u06ba \ud83c\uddf5\ud83c\uddf0","id":1162250845045395459,"id_str":"1162250845045395459","indices":[65,72]},{"screen_name":"Pk_ifb","name":"\u0644\u0633\u0679\u0648\u06ba \u0645\u06cc\u06ba \u0634\u0627\u0645\u0644 - \u0631\u06cc\u0679\u0648\u06cc\u0679 \u06a9\u0631\u06cc\u06ba","id":1174116021902499850,"id_str":"1174116021902499850","indices":[73,80]},{"screen_name":"gul115m","name":"\ud83d\udc94\u157c\u15e9\u146d\u146d\u01b3\ud83d\udc94","id":3067892118,"id_str":"3067892118","indices":[81,89]},{"screen_name":"MIAN_84","name":"Mian PK","id":1048671997566353408,"id_str":"1048671997566353408","indices":[90,98]},{"screen_name":"wahla79","name":"Atif mahmood\ud83d\udc9e\ud83d\udc9e\ud83c\udf39","id":718553951675760641,"id_str":"718553951675760641","indices":[99,107]},{"screen_name":"Khiz_ra","name":"\u049c\u043d\u0197\u24e9\u0158\u24b6 \u2131\u03b1\u0442\u0e40\u043c\u0e04 (15 K\ud83d\ude0c\ud83d\ude0c)","id":1203374461229109249,"id_str":"1203374461229109249","indices":[108,116]},{"screen_name":"soon_abid","name":"Abid Afridi","id":884441964619235329,"id_str":"884441964619235329","indices":[117,127]},{"screen_name":"H_A_H92","name":"\u0627\u0644\u0637\u0627\u0641 \u0628\u0627\u062c\u0648\u06c1","id":1206794776684744704,"id_str":"1206794776684744704","indices":[128,136]}],"symbols":[]},"favorited":false,"retweeted":false,"filter_level":"low","lang":"ur","timestamp_ms":"1586538237660"}
