{"created_at":"Fri Apr 10 17:03:57 +0000 2020","id":1248657986840477696,"id_str":"1248657986840477696","text":"RT @sweet_35dream: \u96d1\u8a8c\u300cSATOMIN\u300d\u597d\u8a55\u767a\u58f2\u4e2d\uff08\u5618\uff09\n \n#\u3059\u3068\u3077\u308a\u30ae\u30e3\u30e9\u30ea\u30fc\n#\u3055\u3068\u307f\u304f\u3093 https:\/\/t.co\/XLdaACmcDg","source":"\u003ca href=\"http:\/\/twitter.com\/download\/iphone\" rel=\"nofollow\"\u003eTwitter for iPhone\u003c\/a\u003e","truncated":false,"in_reply_to_status_id":null,"in_reply_to_status_id_str":null,"in_reply_to_user_id":null,"in_reply_to_user_id_str":null,"in_reply_to_screen_name":null,"user":{"id":1187031781595181056,"id_str":"1187031781595181056","name":"\ud83d\udc99kirika","screen_name":"56N_Kirika","location":"\u3053\u308d\u3093\u304f\u5927\u597d\u304d\u3067\u3059\uff01\u3059\u3068\u3077\u308a\u3044\u3064\u3082\u3042\u308a\u304c\u3068\u3046\ud83e\udd8b","url":null,"description":"#\u7b2c\u4e94\u4eba\u683c\u3084\u3063\u3066\u308b\u4eba\u3068\u7e4b\u304c\u308a\u305f\u3044\/@colon56N\u3088\u308a\u306e\u7bb1\u63a8\u3057\uff01\/\u30ac\u30c1\u306e\u53cc\u5b50@marika0620_\/\u5e38\u306b\u7802\u7cd6\u30b5\u30e9\u30b5\u30e9\u72b6\u614b\u3067\u5bfe\u5fdc\u3059\u308b\u3088\/@penpen0311m\u2190\u30d8\u30c3\u30c0\u30fc&\u30a2\u30a4\u30b3\u30f3","translator_type":"none","protected":false,"verified":false,"followers_count":368,"friends_count":358,"listed_count":8,"favourites_count":32912,"statuses_count":3958,"created_at":"Wed Oct 23 15:43:41 +0000 2019","utc_offset":null,"time_zone":null,"geo_enabled":false,"lang":null,"contributors_enabled":false,"is_translator":false,"profile_background_color":"F5F8FA","profile_background_image_url":"","profile_background_image_url_https":"","profile_background_tile":false,"profile_link_color":"1DA1F2","profile_sidebar_border_color":"C0DEED","profile_sidebar_fill_color":"DDEEF6","profile_text_color":"333333","profile_use_background_image":true,"profile_image_url":"http:\/\/pbs.twimg.com\/profile_images\/1247784178227142660\/PETVi7Fe_normal.jpg","profile_image_url_https":"https:\/\/pbs.twimg.com\/profile_images\/1247784178227142660\/PETVi7Fe_normal.jpg","profile_banner_url":"https:\/\/pbs.twimg.com\/profile_banners\/1187031781595181056\/1586510985","default_profile":true,"default_profile_image":false,"following":null,"follow_request_sent":null,"notifications":null},"geo":null,"coordinates":null,"place":null,"contributors":null,"retweeted_status":{"created_at":"Fri Apr 10 11:51:21 +0000 2020","id":1248579319418327041,"id_str":"1248579319418327041","text":"\u96d1\u8a8c\u300cSATOMIN\u300d\u597d\u8a55\u767a\u58f2\u4e2d\uff08\u5618\uff09\n \n#\u3059\u3068\u3077\u308a\u30ae\u30e3\u30e9\u30ea\u30fc\n#\u3055\u3068\u307f\u304f\u3093 https:\/\/t.co\/XLdaACmcDg","display_text_range":[0,39],"source":"\u003ca href=\"http:\/\/twitter.com\/download\/android\" rel=\"nofollow\"\u003eTwitter for Android\u003c\/a\u003e","truncated":false,"in_reply_to_status_id":null,"in_reply_to_status_id_str":null,"in_reply_to_user_id":null,"in_reply_to_user_id_str":null,"in_reply_to_screen_name":null,"user":{"id":1077067544215805952,"id_str":"1077067544215805952","name":"\u7518\u5922 \u307f\u3053@\u30a2\u30a4\u30b3\u30f3\u4f01\u753b\u4e2d","screen_name":"sweet_35dream","location":"\u30d5\u30a9\u30ed\u30d0\u76ee\u7684\u274c","url":"https:\/\/www.pixiv.net\/users\/39315370","description":"\ud83c\udf53\ud83d\udc51\u306e\u7d75\u3092\u4e2d\u5fc3\u306b\u63cf\u3044\u3066\u307e\u3059\uff01\uff0f\u5275\u4f5c\u3082\u597d\u304d\u3067\u3059\ud83d\ude0d\ud83d\ude18\uff0f\u6c17\u306b\u306a\u3063\u305f\u65b9\u3092\u30d5\u30a9\u30ed\u30fc\u3057\u307e\u3059\ud83e\udd17\ud83d\udc4d\uff0f\n\u30de\u30a4\u30da\u30fc\u30b9\u306b\u304a\u7d75\u63cf\u304d\uff01\u4ef2\u826f\u304f\u3057\u3066\u8cb0\u3048\u308b\u3068\u5b09\u3057\u3044\u3067\u3059\ud83d\ude33","translator_type":"none","protected":false,"verified":false,"followers_count":348,"friends_count":71,"listed_count":5,"favourites_count":3121,"statuses_count":2410,"created_at":"Mon Dec 24 05:04:48 +0000 2018","utc_offset":null,"time_zone":null,"geo_enabled":false,"lang":null,"contributors_enabled":false,"is_translator":false,"profile_background_color":"F5F8FA","profile_background_image_url":"","profile_background_image_url_https":"","profile_background_tile":false,"profile_link_color":"1DA1F2","profile_sidebar_border_color":"C0DEED","profile_sidebar_fill_color":"DDEEF6","profile_text_color":"333333","profile_use_background_image":true,"profile_image_url":"http:\/\/pbs.twimg.com\/profile_images\/1246311309286629378\/O9FNU5vU_normal.jpg","profile_image_url_https":"https:\/\/pbs.twimg.com\/profile_images\/1246311309286629378\/O9FNU5vU_normal.jpg","profile_banner_url":"https:\/\/pbs.twimg.com\/profile_banners\/1077067544215805952\/1584792170","default_profile":true,"default_profile_image":false,"following":null,"follow_request_sent":null,"notifications":null},"geo":null,"coordinates":null,"place":null,"contributors":null,"is_quote_status":false,"quote_count":3,"reply_count":2,"retweet_count":30,"favorite_count":223,"entities":{"hashtags":[{"text":"\u3059\u3068\u3077\u308a\u30ae\u30e3\u30e9\u30ea\u30fc","indices":[22,32]},{"text":"\u3055\u3068\u307f\u304f\u3093","indices":[33,39]}],"urls":[],"user_mentions":[],"symbols":[],"media":[{"id":1248579307217113091,"id_str":"1248579307217113091","indices":[40,63],"media_url":"http:\/\/pbs.twimg.com\/media\/EVPYQ8CUUAMVCXw.jpg","media_url_https":"https:\/\/pbs.twimg.com\/media\/EVPYQ8CUUAMVCXw.jpg","url":"https:\/\/t.co\/XLdaACmcDg","display_url":"pic.twitter.com\/XLdaACmcDg","expanded_url":"https:\/\/twitter.com\/sweet_35dream\/status\/1248579319418327041\/photo\/1","type":"photo","sizes":{"thumb":{"w":150,"h":150,"resize":"crop"},"small":{"w":475,"h":680,"resize":"fit"},"large":{"w":768,"h":1100,"resize":"fit"},"medium":{"w":768,"h":1100,"resize":"fit"}}}]},"extended_entities":{"media":[{"id":1248579307217113091,"id_str":"1248579307217113091","indices":[40,63],"media_url":"http:\/\/pbs.twimg.com\/media\/EVPYQ8CUUAMVCXw.jpg","media_url_https":"https:\/\/pbs.twimg.com\/media\/EVPYQ8CUUAMVCXw.jpg","url":"https:\/\/t.co\/XLdaACmcDg","display_url":"pic.twitter.com\/XLdaACmcDg","expanded_url":"https:\/\/twitter.com\/sweet_35dream\/status\/1248579319418327041\/photo\/1","type":"photo","sizes":{"thumb":{"w":150,"h":150,"resize":"crop"},"small":{"w":475,"h":680,"resize":"fit"},"large":{"w":768,"h":1100,"resize":"fit"},"medium":{"w":768,"h":1100,"resize":"fit"}}}]},"favorited":false,"retweeted":false,"possibly_sensitive":false,"filter_level":"low","lang":"ja"},"is_quote_status":false,"quote_count":0,"reply_count":0,"retweet_count":0,"favorite_count":0,"entities":{"hashtags":[{"text":"\u3059\u3068\u3077\u308a\u30ae\u30e3\u30e9\u30ea\u30fc","indices":[41,51]},{"text":"\u3055\u3068\u307f\u304f\u3093","indices":[52,58]}],"urls":[],"user_mentions":[{"screen_name":"sweet_35dream","name":"\u7518\u5922 \u307f\u3053@\u30a2\u30a4\u30b3\u30f3\u4f01\u753b\u4e2d","id":1077067544215805952,"id_str":"1077067544215805952","indices":[3,17]}],"symbols":[],"media":[{"id":1248579307217113091,"id_str":"1248579307217113091","indices":[59,82],"media_url":"http:\/\/pbs.twimg.com\/media\/EVPYQ8CUUAMVCXw.jpg","media_url_https":"https:\/\/pbs.twimg.com\/media\/EVPYQ8CUUAMVCXw.jpg","url":"https:\/\/t.co\/XLdaACmcDg","display_url":"pic.twitter.com\/XLdaACmcDg","expanded_url":"https:\/\/twitter.com\/sweet_35dream\/status\/1248579319418327041\/photo\/1","type":"photo","sizes":{"thumb":{"w":150,"h":150,"resize":"crop"},"small":{"w":475,"h":680,"resize":"fit"},"large":{"w":768,"h":1100,"resize":"fit"},"medium":{"w":768,"h":1100,"resize":"fit"}},"source_status_id":1248579319418327041,"source_status_id_str":"1248579319418327041","source_user_id":1077067544215805952,"source_user_id_str":"1077067544215805952"}]},"extended_entities":{"media":[{"id":1248579307217113091,"id_str":"1248579307217113091","indices":[59,82],"media_url":"http:\/\/pbs.twimg.com\/media\/EVPYQ8CUUAMVCXw.jpg","media_url_https":"https:\/\/pbs.twimg.com\/media\/EVPYQ8CUUAMVCXw.jpg","url":"https:\/\/t.co\/XLdaACmcDg","display_url":"pic.twitter.com\/XLdaACmcDg","expanded_url":"https:\/\/twitter.com\/sweet_35dream\/status\/1248579319418327041\/photo\/1","type":"photo","sizes":{"thumb":{"w":150,"h":150,"resize":"crop"},"small":{"w":475,"h":680,"resize":"fit"},"large":{"w":768,"h":1100,"resize":"fit"},"medium":{"w":768,"h":1100,"resize":"fit"}},"source_status_id":1248579319418327041,"source_status_id_str":"1248579319418327041","source_user_id":1077067544215805952,"source_user_id_str":"1077067544215805952"}]},"favorited":false,"retweeted":false,"possibly_sensitive":true,"filter_level":"low","lang":"ja","timestamp_ms":"1586538237663"}
