{"created_at":"Fri Apr 10 17:03:48 +0000 2020","id":1248657949066657792,"id_str":"1248657949066657792","text":"Galatasaray Omar Elabdellaoui'ye teklif g\u00f6t\u00fcrd\u00fc https:\/\/t.co\/kBjKHgAven #fanatikcomtr via @fanatikcomtr","source":"\u003ca href=\"https:\/\/mobile.twitter.com\" rel=\"nofollow\"\u003eTwitter Web App\u003c\/a\u003e","truncated":false,"in_reply_to_status_id":null,"in_reply_to_status_id_str":null,"in_reply_to_user_id":null,"in_reply_to_user_id_str":null,"in_reply_to_screen_name":null,"user":{"id":2572861499,"id_str":"2572861499","name":"CiMBOM.2015","screen_name":"sarikirmizi2015","location":null,"url":null,"description":"#GALATASARAY\n#T\u00dcRK\u0130YE\n#takipedenitakipederim #TeamFollowBack\n#MGWV","translator_type":"none","protected":false,"verified":false,"followers_count":19687,"friends_count":19779,"listed_count":33,"favourites_count":3263,"statuses_count":39570,"created_at":"Fri May 30 21:24:42 +0000 2014","utc_offset":null,"time_zone":null,"geo_enabled":false,"lang":null,"contributors_enabled":false,"is_translator":false,"profile_background_color":"C0DEED","profile_background_image_url":"http:\/\/abs.twimg.com\/images\/themes\/theme1\/bg.png","profile_background_image_url_https":"https:\/\/abs.twimg.com\/images\/themes\/theme1\/bg.png","profile_background_tile":false,"profile_link_color":"1DA1F2","profile_sidebar_border_color":"C0DEED","profile_sidebar_fill_color":"DDEEF6","profile_text_color":"333333","profile_use_background_image":true,"profile_image_url":"http:\/\/pbs.twimg.com\/profile_images\/519994415691993088\/bcQti7O__normal.png","profile_image_url_https":"https:\/\/pbs.twimg.com\/profile_images\/519994415691993088\/bcQti7O__normal.png","profile_banner_url":"https:\/\/pbs.twimg.com\/profile_banners\/2572861499\/1443905947","default_profile":true,"default_profile_image":false,"following":null,"follow_request_sent":null,"notifications":null},"geo":null,"coordinates":null,"place":null,"contributors":null,"is_quote_status":false,"quote_count":0,"reply_count":0,"retweet_count":0,"favorite_count":0,"entities":{"hashtags":[{"text":"fanatikcomtr","indices":[72,85]}],"urls":[{"url":"https:\/\/t.co\/kBjKHgAven","expanded_url":"https:\/\/www.fanatik.com.tr\/galatasaray-omar-elabdellaouiye-teklif-goturdu-2135529","display_url":"fanatik.com.tr\/galatasaray-om\u2026","indices":[48,71]}],"user_mentions":[{"screen_name":"fanatikcomtr","name":"Fanatik #EvdeKal","id":224176099,"id_str":"224176099","indices":[90,103]}],"symbols":[]},"favorited":false,"retweeted":false,"possibly_sensitive":false,"filter_level":"low","lang":"tr","timestamp_ms":"1586538228657"}
