{"created_at":"Fri Apr 10 17:03:58 +0000 2020","id":1248657991043186689,"id_str":"1248657991043186689","text":"RT @sadfeeltexts: https:\/\/t.co\/8NpbgF9rGq","source":"\u003ca href=\"http:\/\/twitter.com\/download\/android\" rel=\"nofollow\"\u003eTwitter for Android\u003c\/a\u003e","truncated":false,"in_reply_to_status_id":null,"in_reply_to_status_id_str":null,"in_reply_to_user_id":null,"in_reply_to_user_id_str":null,"in_reply_to_screen_name":null,"user":{"id":1161705407305228288,"id_str":"1161705407305228288","name":"\u0645\u0631\u064a\u0645","screen_name":"ainasyakinahh","location":null,"url":null,"description":"\u200f\u0625\u0646\u0633\u0649 \u0627\u0644\u0645\u0627\u0636\u064a \u0648\u0644\u0643\u0646 \u0644\u0627 \u062a\u0646\u0633\u0649 \u0627\u0644\u062f\u0631\u0633\u270a\ud83c\udffb","translator_type":"none","protected":false,"verified":false,"followers_count":97,"friends_count":103,"listed_count":0,"favourites_count":10516,"statuses_count":6732,"created_at":"Wed Aug 14 18:25:37 +0000 2019","utc_offset":null,"time_zone":null,"geo_enabled":true,"lang":null,"contributors_enabled":false,"is_translator":false,"profile_background_color":"F5F8FA","profile_background_image_url":"","profile_background_image_url_https":"","profile_background_tile":false,"profile_link_color":"1DA1F2","profile_sidebar_border_color":"C0DEED","profile_sidebar_fill_color":"DDEEF6","profile_text_color":"333333","profile_use_background_image":true,"profile_image_url":"http:\/\/pbs.twimg.com\/profile_images\/1247536162735980545\/ArwP3K2a_normal.jpg","profile_image_url_https":"https:\/\/pbs.twimg.com\/profile_images\/1247536162735980545\/ArwP3K2a_normal.jpg","profile_banner_url":"https:\/\/pbs.twimg.com\/profile_banners\/1161705407305228288\/1583856116","default_profile":true,"default_profile_image":false,"following":null,"follow_request_sent":null,"notifications":null},"geo":null,"coordinates":null,"place":null,"contributors":null,"retweeted_status":{"created_at":"Fri Apr 10 00:54:26 +0000 2020","id":1248413999420420102,"id_str":"1248413999420420102","text":"https:\/\/t.co\/8NpbgF9rGq","display_text_range":[0,0],"source":"\u003ca href=\"http:\/\/twitter.com\/download\/android\" rel=\"nofollow\"\u003eTwitter for Android\u003c\/a\u003e","truncated":false,"in_reply_to_status_id":null,"in_reply_to_status_id_str":null,"in_reply_to_user_id":null,"in_reply_to_user_id_str":null,"in_reply_to_screen_name":null,"user":{"id":1151141071159644160,"id_str":"1151141071159644160","name":"sad texts for sad people","screen_name":"sadfeeltexts","location":"Republic of the Philippines","url":null,"description":"Tweeting random texts that you can relate","translator_type":"none","protected":false,"verified":false,"followers_count":70406,"friends_count":309,"listed_count":96,"favourites_count":5,"statuses_count":101,"created_at":"Tue Jul 16 14:46:33 +0000 2019","utc_offset":null,"time_zone":null,"geo_enabled":false,"lang":null,"contributors_enabled":false,"is_translator":false,"profile_background_color":"F5F8FA","profile_background_image_url":"","profile_background_image_url_https":"","profile_background_tile":false,"profile_link_color":"1DA1F2","profile_sidebar_border_color":"C0DEED","profile_sidebar_fill_color":"DDEEF6","profile_text_color":"333333","profile_use_background_image":true,"profile_image_url":"http:\/\/pbs.twimg.com\/profile_images\/1237996653975457792\/g4xXXtpy_normal.jpg","profile_image_url_https":"https:\/\/pbs.twimg.com\/profile_images\/1237996653975457792\/g4xXXtpy_normal.jpg","profile_banner_url":"https:\/\/pbs.twimg.com\/profile_banners\/1151141071159644160\/1583996433","default_profile":true,"default_profile_image":false,"following":null,"follow_request_sent":null,"notifications":null},"geo":null,"coordinates":null,"place":null,"contributors":null,"is_quote_status":false,"quote_count":1717,"reply_count":82,"retweet_count":17753,"favorite_count":42749,"entities":{"hashtags":[],"urls":[],"user_mentions":[],"symbols":[],"media":[{"id":1248413995431653383,"id_str":"1248413995431653383","indices":[0,23],"media_url":"http:\/\/pbs.twimg.com\/media\/EVNB6hpUcAcrnLo.jpg","media_url_https":"https:\/\/pbs.twimg.com\/media\/EVNB6hpUcAcrnLo.jpg","url":"https:\/\/t.co\/8NpbgF9rGq","display_url":"pic.twitter.com\/8NpbgF9rGq","expanded_url":"https:\/\/twitter.com\/sadfeeltexts\/status\/1248413999420420102\/photo\/1","type":"photo","sizes":{"thumb":{"w":150,"h":150,"resize":"crop"},"large":{"w":712,"h":638,"resize":"fit"},"small":{"w":680,"h":609,"resize":"fit"},"medium":{"w":712,"h":638,"resize":"fit"}}}]},"extended_entities":{"media":[{"id":1248413995431653383,"id_str":"1248413995431653383","indices":[0,23],"media_url":"http:\/\/pbs.twimg.com\/media\/EVNB6hpUcAcrnLo.jpg","media_url_https":"https:\/\/pbs.twimg.com\/media\/EVNB6hpUcAcrnLo.jpg","url":"https:\/\/t.co\/8NpbgF9rGq","display_url":"pic.twitter.com\/8NpbgF9rGq","expanded_url":"https:\/\/twitter.com\/sadfeeltexts\/status\/1248413999420420102\/photo\/1","type":"photo","sizes":{"thumb":{"w":150,"h":150,"resize":"crop"},"large":{"w":712,"h":638,"resize":"fit"},"small":{"w":680,"h":609,"resize":"fit"},"medium":{"w":712,"h":638,"resize":"fit"}}}]},"favorited":false,"retweeted":false,"possibly_sensitive":false,"filter_level":"low","lang":"und"},"is_quote_status":false,"quote_count":0,"reply_count":0,"retweet_count":0,"favorite_count":0,"entities":{"hashtags":[],"urls":[],"user_mentions":[{"screen_name":"sadfeeltexts","name":"sad texts for sad people","id":1151141071159644160,"id_str":"1151141071159644160","indices":[3,16]}],"symbols":[],"media":[{"id":1248413995431653383,"id_str":"1248413995431653383","indices":[18,41],"media_url":"http:\/\/pbs.twimg.com\/media\/EVNB6hpUcAcrnLo.jpg","media_url_https":"https:\/\/pbs.twimg.com\/media\/EVNB6hpUcAcrnLo.jpg","url":"https:\/\/t.co\/8NpbgF9rGq","display_url":"pic.twitter.com\/8NpbgF9rGq","expanded_url":"https:\/\/twitter.com\/sadfeeltexts\/status\/1248413999420420102\/photo\/1","type":"photo","sizes":{"thumb":{"w":150,"h":150,"resize":"crop"},"large":{"w":712,"h":638,"resize":"fit"},"small":{"w":680,"h":609,"resize":"fit"},"medium":{"w":712,"h":638,"resize":"fit"}},"source_status_id":1248413999420420102,"source_status_id_str":"1248413999420420102","source_user_id":1151141071159644160,"source_user_id_str":"1151141071159644160"}]},"extended_entities":{"media":[{"id":1248413995431653383,"id_str":"1248413995431653383","indices":[18,41],"media_url":"http:\/\/pbs.twimg.com\/media\/EVNB6hpUcAcrnLo.jpg","media_url_https":"https:\/\/pbs.twimg.com\/media\/EVNB6hpUcAcrnLo.jpg","url":"https:\/\/t.co\/8NpbgF9rGq","display_url":"pic.twitter.com\/8NpbgF9rGq","expanded_url":"https:\/\/twitter.com\/sadfeeltexts\/status\/1248413999420420102\/photo\/1","type":"photo","sizes":{"thumb":{"w":150,"h":150,"resize":"crop"},"large":{"w":712,"h":638,"resize":"fit"},"small":{"w":680,"h":609,"resize":"fit"},"medium":{"w":712,"h":638,"resize":"fit"}},"source_status_id":1248413999420420102,"source_status_id_str":"1248413999420420102","source_user_id":1151141071159644160,"source_user_id_str":"1151141071159644160"}]},"favorited":false,"retweeted":false,"possibly_sensitive":false,"filter_level":"low","lang":"und","timestamp_ms":"1586538238665"}
