{"created_at":"Fri Apr 10 17:03:55 +0000 2020","id":1248657978439450635,"id_str":"1248657978439450635","text":"@Deux_La_Suede I\u2019m sure it\u2019ll go well! Specialists are the way to go for those. I had all 4 out at one time and ate\u2026 https:\/\/t.co\/nqhznnNat3","display_text_range":[15,140],"source":"\u003ca href=\"http:\/\/twitter.com\/download\/iphone\" rel=\"nofollow\"\u003eTwitter for iPhone\u003c\/a\u003e","truncated":true,"in_reply_to_status_id":1248657035513692167,"in_reply_to_status_id_str":"1248657035513692167","in_reply_to_user_id":822610330589216770,"in_reply_to_user_id_str":"822610330589216770","in_reply_to_screen_name":"Deux_La_Suede","user":{"id":97805408,"id_str":"97805408","name":"Shi Bambino","screen_name":"shishybaby","location":"United States","url":null,"description":"Set Goals | Reach | Repeat \u2693\ufe0f\ud83c\uddfb\ud83c\uddee","translator_type":"none","protected":false,"verified":false,"followers_count":1618,"friends_count":565,"listed_count":22,"favourites_count":6586,"statuses_count":60541,"created_at":"Sat Dec 19 03:07:28 +0000 2009","utc_offset":null,"time_zone":null,"geo_enabled":true,"lang":null,"contributors_enabled":false,"is_translator":false,"profile_background_color":"FFF04D","profile_background_image_url":"http:\/\/abs.twimg.com\/images\/themes\/theme19\/bg.gif","profile_background_image_url_https":"https:\/\/abs.twimg.com\/images\/themes\/theme19\/bg.gif","profile_background_tile":true,"profile_link_color":"0099CC","profile_sidebar_border_color":"FFF8AD","profile_sidebar_fill_color":"F6FFD1","profile_text_color":"333333","profile_use_background_image":true,"profile_image_url":"http:\/\/pbs.twimg.com\/profile_images\/1231063547037339648\/_bbvIq8N_normal.jpg","profile_image_url_https":"https:\/\/pbs.twimg.com\/profile_images\/1231063547037339648\/_bbvIq8N_normal.jpg","profile_banner_url":"https:\/\/pbs.twimg.com\/profile_banners\/97805408\/1582343471","default_profile":false,"default_profile_image":false,"following":null,"follow_request_sent":null,"notifications":null},"geo":null,"coordinates":null,"place":null,"contributors":null,"is_quote_status":false,"extended_tweet":{"full_text":"@Deux_La_Suede I\u2019m sure it\u2019ll go well! Specialists are the way to go for those. I had all 4 out at one time and ate a Chick-fil-A sandwich for dinner. It took me a long time and I had to cut it up but I was fine lol","display_text_range":[15,215],"entities":{"hashtags":[],"urls":[],"user_mentions":[{"screen_name":"Deux_La_Suede","name":"BADMON","id":822610330589216770,"id_str":"822610330589216770","indices":[0,14]}],"symbols":[]}},"quote_count":0,"reply_count":0,"retweet_count":0,"favorite_count":0,"entities":{"hashtags":[],"urls":[{"url":"https:\/\/t.co\/nqhznnNat3","expanded_url":"https:\/\/twitter.com\/i\/web\/status\/1248657978439450635","display_url":"twitter.com\/i\/web\/status\/1\u2026","indices":[117,140]}],"user_mentions":[{"screen_name":"Deux_La_Suede","name":"BADMON","id":822610330589216770,"id_str":"822610330589216770","indices":[0,14]}],"symbols":[]},"favorited":false,"retweeted":false,"filter_level":"low","lang":"en","timestamp_ms":"1586538235660"}
