{"created_at":"Fri Apr 10 17:03:58 +0000 2020","id":1248657991009742848,"id_str":"1248657991009742848","text":"@Ateist0fficial Koca devleeet!!!!! Yok art\u0131k daha neler koca devletlere hakaret oluyor","display_text_range":[16,86],"source":"\u003ca href=\"http:\/\/twitter.com\/download\/iphone\" rel=\"nofollow\"\u003eTwitter for iPhone\u003c\/a\u003e","truncated":false,"in_reply_to_status_id":1248653598206164992,"in_reply_to_status_id_str":"1248653598206164992","in_reply_to_user_id":4026942497,"in_reply_to_user_id_str":"4026942497","in_reply_to_screen_name":"Ateist0fficial","user":{"id":1228242106847764480,"id_str":"1228242106847764480","name":"erhan eker","screen_name":"erhaneker__ooz","location":"\u00c7orlu, T\u00fcrkiye","url":null,"description":"yobazl\u0131\u011f\u0131ndan dolay\u0131 babas\u0131n\u0131 bile sevmeyen birisi","translator_type":"none","protected":false,"verified":false,"followers_count":6,"friends_count":47,"listed_count":0,"favourites_count":815,"statuses_count":782,"created_at":"Fri Feb 14 08:58:47 +0000 2020","utc_offset":null,"time_zone":null,"geo_enabled":false,"lang":null,"contributors_enabled":false,"is_translator":false,"profile_background_color":"F5F8FA","profile_background_image_url":"","profile_background_image_url_https":"","profile_background_tile":false,"profile_link_color":"1DA1F2","profile_sidebar_border_color":"C0DEED","profile_sidebar_fill_color":"DDEEF6","profile_text_color":"333333","profile_use_background_image":true,"profile_image_url":"http:\/\/pbs.twimg.com\/profile_images\/1246129116723773444\/f55wr7WJ_normal.jpg","profile_image_url_https":"https:\/\/pbs.twimg.com\/profile_images\/1246129116723773444\/f55wr7WJ_normal.jpg","profile_banner_url":"https:\/\/pbs.twimg.com\/profile_banners\/1228242106847764480\/1582401942","default_profile":true,"default_profile_image":false,"following":null,"follow_request_sent":null,"notifications":null},"geo":null,"coordinates":null,"place":null,"contributors":null,"is_quote_status":false,"quote_count":0,"reply_count":0,"retweet_count":0,"favorite_count":0,"entities":{"hashtags":[],"urls":[],"user_mentions":[{"screen_name":"Ateist0fficial","name":"Ateist OfficiaI","id":4026942497,"id_str":"4026942497","indices":[0,15]}],"symbols":[]},"favorited":false,"retweeted":false,"filter_level":"low","lang":"tr","timestamp_ms":"1586538238657"}
