{"created_at":"Fri Apr 10 17:03:54 +0000 2020","id":1248657974236774402,"id_str":"1248657974236774402","text":"RT @btsportfootball: \"You're just a poor man's Robbie Savage!\"\n\n\"11 minutes against Cameroon? Well done, you made it...\"\n\nSo... WWE champio\u2026","source":"\u003ca href=\"http:\/\/twitter.com\/download\/android\" rel=\"nofollow\"\u003eTwitter for Android\u003c\/a\u003e","truncated":false,"in_reply_to_status_id":null,"in_reply_to_status_id_str":null,"in_reply_to_user_id":null,"in_reply_to_user_id_str":null,"in_reply_to_screen_name":null,"user":{"id":2791010637,"id_str":"2791010637","name":"Jack Frost \u2744","screen_name":"FonnGraenas","location":null,"url":"http:\/\/www.youtube.com\/c\/CyberChamp99","description":"A Scottish Bard who used Charisma as a dump stat.\n\nCurrently studying - Radio","translator_type":"none","protected":false,"verified":false,"followers_count":333,"friends_count":1269,"listed_count":5,"favourites_count":54325,"statuses_count":32325,"created_at":"Mon Sep 29 08:59:37 +0000 2014","utc_offset":null,"time_zone":null,"geo_enabled":true,"lang":null,"contributors_enabled":false,"is_translator":false,"profile_background_color":"000000","profile_background_image_url":"http:\/\/abs.twimg.com\/images\/themes\/theme1\/bg.png","profile_background_image_url_https":"https:\/\/abs.twimg.com\/images\/themes\/theme1\/bg.png","profile_background_tile":false,"profile_link_color":"1B95E0","profile_sidebar_border_color":"000000","profile_sidebar_fill_color":"000000","profile_text_color":"000000","profile_use_background_image":false,"profile_image_url":"http:\/\/pbs.twimg.com\/profile_images\/1061646982484295680\/cTlESmtN_normal.jpg","profile_image_url_https":"https:\/\/pbs.twimg.com\/profile_images\/1061646982484295680\/cTlESmtN_normal.jpg","profile_banner_url":"https:\/\/pbs.twimg.com\/profile_banners\/2791010637\/1541951341","default_profile":false,"default_profile_image":false,"following":null,"follow_request_sent":null,"notifications":null},"geo":null,"coordinates":null,"place":null,"contributors":null,"retweeted_status":{"created_at":"Fri Apr 10 16:46:13 +0000 2020","id":1248653522561892352,"id_str":"1248653522561892352","text":"\"You're just a poor man's Robbie Savage!\"\n\n\"11 minutes against Cameroon? Well done, you made it...\"\n\nSo... WWE cham\u2026 https:\/\/t.co\/GwAYX4lv0k","display_text_range":[0,140],"source":"\u003ca href=\"http:\/\/grabyo.com\" rel=\"nofollow\"\u003eGrabyo\u003c\/a\u003e","truncated":true,"in_reply_to_status_id":null,"in_reply_to_status_id_str":null,"in_reply_to_user_id":null,"in_reply_to_user_id_str":null,"in_reply_to_screen_name":null,"user":{"id":2319121626,"id_str":"2319121626","name":"Football on BT Sport","screen_name":"btsportfootball","location":"Pitchside, no filter","url":null,"description":"The home of football on BT Sport.","translator_type":"none","protected":false,"verified":true,"followers_count":909181,"friends_count":450,"listed_count":3349,"favourites_count":2035,"statuses_count":45061,"created_at":"Thu Jan 30 15:49:13 +0000 2014","utc_offset":null,"time_zone":null,"geo_enabled":true,"lang":null,"contributors_enabled":false,"is_translator":false,"profile_background_color":"FFFFFF","profile_background_image_url":"http:\/\/abs.twimg.com\/images\/themes\/theme14\/bg.gif","profile_background_image_url_https":"https:\/\/abs.twimg.com\/images\/themes\/theme14\/bg.gif","profile_background_tile":true,"profile_link_color":"00A0D6","profile_sidebar_border_color":"000000","profile_sidebar_fill_color":"DDEEF6","profile_text_color":"333333","profile_use_background_image":false,"profile_image_url":"http:\/\/pbs.twimg.com\/profile_images\/1203583470309695489\/2OzzVhDD_normal.jpg","profile_image_url_https":"https:\/\/pbs.twimg.com\/profile_images\/1203583470309695489\/2OzzVhDD_normal.jpg","profile_banner_url":"https:\/\/pbs.twimg.com\/profile_banners\/2319121626\/1586152135","default_profile":false,"default_profile_image":false,"following":null,"follow_request_sent":null,"notifications":null},"geo":null,"coordinates":null,"place":null,"contributors":null,"is_quote_status":false,"extended_tweet":{"full_text":"\"You're just a poor man's Robbie Savage!\"\n\n\"11 minutes against Cameroon? Well done, you made it...\"\n\nSo... WWE champion @DMcIntyreWWE has just cut a promo on Chris Sutton... It's on!\n\nWait for @chris_sutton73's response \ud83d\ude02\n\n#BTSFE https:\/\/t.co\/iIuQ50pw2D","display_text_range":[0,229],"entities":{"hashtags":[{"text":"BTSFE","indices":[223,229]}],"urls":[],"user_mentions":[{"screen_name":"DMcIntyreWWE","name":"Drew McIntyre","id":299932350,"id_str":"299932350","indices":[120,133]},{"screen_name":"chris_sutton73","name":"Chris Sutton","id":756477636877123584,"id_str":"756477636877123584","indices":[193,208]}],"symbols":[],"media":[{"id":1248653432237379584,"id_str":"1248653432237379584","indices":[230,253],"additional_media_info":{"title":"Watch Scottish Football Extra on BT Sport","monetizable":false},"media_url":"http:\/\/pbs.twimg.com\/media\/EVQbtkjUYAAThIf.jpg","media_url_https":"https:\/\/pbs.twimg.com\/media\/EVQbtkjUYAAThIf.jpg","url":"https:\/\/t.co\/iIuQ50pw2D","display_url":"pic.twitter.com\/iIuQ50pw2D","expanded_url":"https:\/\/twitter.com\/btsportfootball\/status\/1248653522561892352\/video\/1","type":"video","video_info":{"aspect_ratio":[1,1],"duration_millis":100320,"variants":[{"bitrate":832000,"content_type":"video\/mp4","url":"https:\/\/video.twimg.com\/amplify_video\/1248653432237379584\/vid\/480x480\/AuEFX47APp6ZmLUU.mp4?tag=13"},{"bitrate":432000,"content_type":"video\/mp4","url":"https:\/\/video.twimg.com\/amplify_video\/1248653432237379584\/vid\/320x320\/9AYw17irPpBZKKvT.mp4?tag=13"},{"content_type":"application\/x-mpegURL","url":"https:\/\/video.twimg.com\/amplify_video\/1248653432237379584\/pl\/cVQAPeElHRVEwo2q.m3u8?tag=13"},{"bitrate":1280000,"content_type":"video\/mp4","url":"https:\/\/video.twimg.com\/amplify_video\/1248653432237379584\/vid\/720x720\/E0pw9U51oMJO_MNP.mp4?tag=13"}]},"sizes":{"thumb":{"w":150,"h":150,"resize":"crop"},"small":{"w":680,"h":680,"resize":"fit"},"medium":{"w":1080,"h":1080,"resize":"fit"},"large":{"w":1080,"h":1080,"resize":"fit"}}}]},"extended_entities":{"media":[{"id":1248653432237379584,"id_str":"1248653432237379584","indices":[230,253],"additional_media_info":{"title":"Watch Scottish Football Extra on BT Sport","monetizable":false},"media_url":"http:\/\/pbs.twimg.com\/media\/EVQbtkjUYAAThIf.jpg","media_url_https":"https:\/\/pbs.twimg.com\/media\/EVQbtkjUYAAThIf.jpg","url":"https:\/\/t.co\/iIuQ50pw2D","display_url":"pic.twitter.com\/iIuQ50pw2D","expanded_url":"https:\/\/twitter.com\/btsportfootball\/status\/1248653522561892352\/video\/1","type":"video","video_info":{"aspect_ratio":[1,1],"duration_millis":100320,"variants":[{"bitrate":832000,"content_type":"video\/mp4","url":"https:\/\/video.twimg.com\/amplify_video\/1248653432237379584\/vid\/480x480\/AuEFX47APp6ZmLUU.mp4?tag=13"},{"bitrate":432000,"content_type":"video\/mp4","url":"https:\/\/video.twimg.com\/amplify_video\/1248653432237379584\/vid\/320x320\/9AYw17irPpBZKKvT.mp4?tag=13"},{"content_type":"application\/x-mpegURL","url":"https:\/\/video.twimg.com\/amplify_video\/1248653432237379584\/pl\/cVQAPeElHRVEwo2q.m3u8?tag=13"},{"bitrate":1280000,"content_type":"video\/mp4","url":"https:\/\/video.twimg.com\/amplify_video\/1248653432237379584\/vid\/720x720\/E0pw9U51oMJO_MNP.mp4?tag=13"}]},"sizes":{"thumb":{"w":150,"h":150,"resize":"crop"},"small":{"w":680,"h":680,"resize":"fit"},"medium":{"w":1080,"h":1080,"resize":"fit"},"large":{"w":1080,"h":1080,"resize":"fit"}}}]}},"quote_count":26,"reply_count":38,"retweet_count":43,"favorite_count":220,"entities":{"hashtags":[],"urls":[{"url":"https:\/\/t.co\/GwAYX4lv0k","expanded_url":"https:\/\/twitter.com\/i\/web\/status\/1248653522561892352","display_url":"twitter.com\/i\/web\/status\/1\u2026","indices":[117,140]}],"user_mentions":[],"symbols":[]},"favorited":false,"retweeted":false,"possibly_sensitive":false,"filter_level":"low","lang":"en"},"is_quote_status":false,"quote_count":0,"reply_count":0,"retweet_count":0,"favorite_count":0,"entities":{"hashtags":[],"urls":[],"user_mentions":[{"screen_name":"btsportfootball","name":"Football on BT Sport","id":2319121626,"id_str":"2319121626","indices":[3,19]}],"symbols":[]},"favorited":false,"retweeted":false,"filter_level":"low","lang":"en","timestamp_ms":"1586538234658"}
