{"created_at":"Fri Apr 10 17:03:55 +0000 2020","id":1248657978435072000,"id_str":"1248657978435072000","text":"LIKE THIS IF WE'RE STILL NOT MUTUALS~\n\nLIKE THIS IF WE'RE STILL NOT MUTUALS~\n\nLIKE THIS IF WE'RE STILL NOT MUTUALS~\u2026 https:\/\/t.co\/mxL2rsMmFc","source":"\u003ca href=\"http:\/\/twitter.com\/download\/android\" rel=\"nofollow\"\u003eTwitter for Android\u003c\/a\u003e","truncated":true,"in_reply_to_status_id":null,"in_reply_to_status_id_str":null,"in_reply_to_user_id":null,"in_reply_to_user_id_str":null,"in_reply_to_screen_name":null,"user":{"id":1242494989822648321,"id_str":"1242494989822648321","name":"mallows\u2077 is seeing BTS \ud83d\udc9c","screen_name":"BTSmallows99","location":"\ubc29\ud0c4\uc18c\ub144\ub2e8 \u2661","url":null,"description":"OT7 \u2022 fan account for @BTS_twt \u2022 an ARMY\u00b9\u2076 \u2022 100% human \u2022 backup: @BTSmallows99_ \u2022 #MAP_OF_THE_SOUL_7","translator_type":"none","protected":false,"verified":false,"followers_count":2095,"friends_count":383,"listed_count":1,"favourites_count":76,"statuses_count":359,"created_at":"Tue Mar 24 16:54:42 +0000 2020","utc_offset":null,"time_zone":null,"geo_enabled":false,"lang":null,"contributors_enabled":false,"is_translator":false,"profile_background_color":"F5F8FA","profile_background_image_url":"","profile_background_image_url_https":"","profile_background_tile":false,"profile_link_color":"1DA1F2","profile_sidebar_border_color":"C0DEED","profile_sidebar_fill_color":"DDEEF6","profile_text_color":"333333","profile_use_background_image":true,"profile_image_url":"http:\/\/pbs.twimg.com\/profile_images\/1248309211710107654\/J36ut9Ai_normal.jpg","profile_image_url_https":"https:\/\/pbs.twimg.com\/profile_images\/1248309211710107654\/J36ut9Ai_normal.jpg","profile_banner_url":"https:\/\/pbs.twimg.com\/profile_banners\/1242494989822648321\/1586455082","default_profile":true,"default_profile_image":false,"following":null,"follow_request_sent":null,"notifications":null},"geo":null,"coordinates":null,"place":null,"contributors":null,"is_quote_status":false,"extended_tweet":{"full_text":"LIKE THIS IF WE'RE STILL NOT MUTUALS~\n\nLIKE THIS IF WE'RE STILL NOT MUTUALS~\n\nLIKE THIS IF WE'RE STILL NOT MUTUALS~\n\nLIKE THIS IF WE'RE STILL NOT MUTUALS~\n\nLIKE THIS IF WE'RE STILL NOT MUTUALS~\n\nI'M GONNA FOLLOW YOU!\n\nI CANT SEE EVERYONE WHOS FOLLOWING ME.. \ud83d\ude11","display_text_range":[0,259],"entities":{"hashtags":[],"urls":[],"user_mentions":[],"symbols":[]}},"quote_count":0,"reply_count":0,"retweet_count":0,"favorite_count":0,"entities":{"hashtags":[],"urls":[{"url":"https:\/\/t.co\/mxL2rsMmFc","expanded_url":"https:\/\/twitter.com\/i\/web\/status\/1248657978435072000","display_url":"twitter.com\/i\/web\/status\/1\u2026","indices":[117,140]}],"user_mentions":[],"symbols":[]},"favorited":false,"retweeted":false,"filter_level":"low","lang":"en","timestamp_ms":"1586538235659"}
