{"created_at":"Fri Apr 10 17:03:51 +0000 2020","id":1248657961666428928,"id_str":"1248657961666428928","text":"RT @netoaires38: homens com esse bigode de alok por favor se isolem PRA SEMPRE https:\/\/t.co\/4tJ3uy3lSw","source":"\u003ca href=\"http:\/\/twitter.com\/download\/android\" rel=\"nofollow\"\u003eTwitter for Android\u003c\/a\u003e","truncated":false,"in_reply_to_status_id":null,"in_reply_to_status_id_str":null,"in_reply_to_user_id":null,"in_reply_to_user_id_str":null,"in_reply_to_screen_name":null,"user":{"id":2621604250,"id_str":"2621604250","name":"gerald\u00e3o do gera","screen_name":"bentocello","location":null,"url":null,"description":"o que tu quiser n\u00f3s quer em drobo","translator_type":"none","protected":false,"verified":false,"followers_count":1090,"friends_count":1521,"listed_count":0,"favourites_count":26801,"statuses_count":16350,"created_at":"Thu Jun 19 01:07:08 +0000 2014","utc_offset":null,"time_zone":null,"geo_enabled":false,"lang":null,"contributors_enabled":false,"is_translator":false,"profile_background_color":"C0DEED","profile_background_image_url":"http:\/\/abs.twimg.com\/images\/themes\/theme1\/bg.png","profile_background_image_url_https":"https:\/\/abs.twimg.com\/images\/themes\/theme1\/bg.png","profile_background_tile":false,"profile_link_color":"1DA1F2","profile_sidebar_border_color":"C0DEED","profile_sidebar_fill_color":"DDEEF6","profile_text_color":"333333","profile_use_background_image":true,"profile_image_url":"http:\/\/pbs.twimg.com\/profile_images\/1246807314356715525\/tKSoFOgP_normal.jpg","profile_image_url_https":"https:\/\/pbs.twimg.com\/profile_images\/1246807314356715525\/tKSoFOgP_normal.jpg","profile_banner_url":"https:\/\/pbs.twimg.com\/profile_banners\/2621604250\/1584854568","default_profile":true,"default_profile_image":false,"following":null,"follow_request_sent":null,"notifications":null},"geo":null,"coordinates":null,"place":null,"contributors":null,"retweeted_status":{"created_at":"Thu Apr 09 18:24:56 +0000 2020","id":1248315979576348676,"id_str":"1248315979576348676","text":"homens com esse bigode de alok por favor se isolem PRA SEMPRE https:\/\/t.co\/4tJ3uy3lSw","display_text_range":[0,61],"source":"\u003ca href=\"http:\/\/twitter.com\/download\/iphone\" rel=\"nofollow\"\u003eTwitter for iPhone\u003c\/a\u003e","truncated":false,"in_reply_to_status_id":null,"in_reply_to_status_id_str":null,"in_reply_to_user_id":null,"in_reply_to_user_id_str":null,"in_reply_to_screen_name":null,"user":{"id":3539631917,"id_str":"3539631917","name":"neto","screen_name":"netoaires38","location":"Recife, Brasil","url":"http:\/\/instagram.com\/netoaires","description":"eu costumava ser mais engra\u00e7ado","translator_type":"none","protected":false,"verified":false,"followers_count":15556,"friends_count":591,"listed_count":26,"favourites_count":36827,"statuses_count":19244,"created_at":"Fri Sep 04 01:14:47 +0000 2015","utc_offset":null,"time_zone":null,"geo_enabled":false,"lang":null,"contributors_enabled":false,"is_translator":false,"profile_background_color":"000000","profile_background_image_url":"http:\/\/abs.twimg.com\/images\/themes\/theme1\/bg.png","profile_background_image_url_https":"https:\/\/abs.twimg.com\/images\/themes\/theme1\/bg.png","profile_background_tile":false,"profile_link_color":"19CF86","profile_sidebar_border_color":"000000","profile_sidebar_fill_color":"000000","profile_text_color":"000000","profile_use_background_image":false,"profile_image_url":"http:\/\/pbs.twimg.com\/profile_images\/1220422798839029762\/2dPwomiQ_normal.jpg","profile_image_url_https":"https:\/\/pbs.twimg.com\/profile_images\/1220422798839029762\/2dPwomiQ_normal.jpg","profile_banner_url":"https:\/\/pbs.twimg.com\/profile_banners\/3539631917\/1549325793","default_profile":false,"default_profile_image":false,"following":null,"follow_request_sent":null,"notifications":null},"geo":null,"coordinates":null,"place":null,"contributors":null,"is_quote_status":false,"quote_count":589,"reply_count":228,"retweet_count":1843,"favorite_count":13584,"entities":{"hashtags":[],"urls":[],"user_mentions":[],"symbols":[],"media":[{"id":1248315970931720193,"id_str":"1248315970931720193","indices":[62,85],"media_url":"http:\/\/pbs.twimg.com\/media\/EVLowv7VAAECcrn.jpg","media_url_https":"https:\/\/pbs.twimg.com\/media\/EVLowv7VAAECcrn.jpg","url":"https:\/\/t.co\/4tJ3uy3lSw","display_url":"pic.twitter.com\/4tJ3uy3lSw","expanded_url":"https:\/\/twitter.com\/netoaires38\/status\/1248315979576348676\/photo\/1","type":"photo","sizes":{"thumb":{"w":150,"h":150,"resize":"crop"},"small":{"w":383,"h":680,"resize":"fit"},"large":{"w":1152,"h":2048,"resize":"fit"},"medium":{"w":675,"h":1200,"resize":"fit"}}}]},"extended_entities":{"media":[{"id":1248315970931720193,"id_str":"1248315970931720193","indices":[62,85],"media_url":"http:\/\/pbs.twimg.com\/media\/EVLowv7VAAECcrn.jpg","media_url_https":"https:\/\/pbs.twimg.com\/media\/EVLowv7VAAECcrn.jpg","url":"https:\/\/t.co\/4tJ3uy3lSw","display_url":"pic.twitter.com\/4tJ3uy3lSw","expanded_url":"https:\/\/twitter.com\/netoaires38\/status\/1248315979576348676\/photo\/1","type":"photo","sizes":{"thumb":{"w":150,"h":150,"resize":"crop"},"small":{"w":383,"h":680,"resize":"fit"},"large":{"w":1152,"h":2048,"resize":"fit"},"medium":{"w":675,"h":1200,"resize":"fit"}}}]},"favorited":false,"retweeted":false,"possibly_sensitive":false,"filter_level":"low","lang":"pt"},"is_quote_status":false,"quote_count":0,"reply_count":0,"retweet_count":0,"favorite_count":0,"entities":{"hashtags":[],"urls":[],"user_mentions":[{"screen_name":"netoaires38","name":"neto","id":3539631917,"id_str":"3539631917","indices":[3,15]}],"symbols":[],"media":[{"id":1248315970931720193,"id_str":"1248315970931720193","indices":[79,102],"media_url":"http:\/\/pbs.twimg.com\/media\/EVLowv7VAAECcrn.jpg","media_url_https":"https:\/\/pbs.twimg.com\/media\/EVLowv7VAAECcrn.jpg","url":"https:\/\/t.co\/4tJ3uy3lSw","display_url":"pic.twitter.com\/4tJ3uy3lSw","expanded_url":"https:\/\/twitter.com\/netoaires38\/status\/1248315979576348676\/photo\/1","type":"photo","sizes":{"thumb":{"w":150,"h":150,"resize":"crop"},"small":{"w":383,"h":680,"resize":"fit"},"large":{"w":1152,"h":2048,"resize":"fit"},"medium":{"w":675,"h":1200,"resize":"fit"}},"source_status_id":1248315979576348676,"source_status_id_str":"1248315979576348676","source_user_id":3539631917,"source_user_id_str":"3539631917"}]},"extended_entities":{"media":[{"id":1248315970931720193,"id_str":"1248315970931720193","indices":[79,102],"media_url":"http:\/\/pbs.twimg.com\/media\/EVLowv7VAAECcrn.jpg","media_url_https":"https:\/\/pbs.twimg.com\/media\/EVLowv7VAAECcrn.jpg","url":"https:\/\/t.co\/4tJ3uy3lSw","display_url":"pic.twitter.com\/4tJ3uy3lSw","expanded_url":"https:\/\/twitter.com\/netoaires38\/status\/1248315979576348676\/photo\/1","type":"photo","sizes":{"thumb":{"w":150,"h":150,"resize":"crop"},"small":{"w":383,"h":680,"resize":"fit"},"large":{"w":1152,"h":2048,"resize":"fit"},"medium":{"w":675,"h":1200,"resize":"fit"}},"source_status_id":1248315979576348676,"source_status_id_str":"1248315979576348676","source_user_id":3539631917,"source_user_id_str":"3539631917"}]},"favorited":false,"retweeted":false,"possibly_sensitive":false,"filter_level":"low","lang":"pt","timestamp_ms":"1586538231661"}
