{"created_at":"Fri Apr 10 17:03:52 +0000 2020","id":1248657965873168384,"id_str":"1248657965873168384","text":"@jihyxnkim Hifumi Doppo from Hypnosis Microphone","display_text_range":[11,48],"source":"\u003ca href=\"http:\/\/twitter.com\/download\/android\" rel=\"nofollow\"\u003eTwitter for Android\u003c\/a\u003e","truncated":false,"in_reply_to_status_id":1248623622354112517,"in_reply_to_status_id_str":"1248623622354112517","in_reply_to_user_id":1029173692599881734,"in_reply_to_user_id_str":"1029173692599881734","in_reply_to_screen_name":"jihyxnkim","user":{"id":1196424338926211074,"id_str":"1196424338926211074","name":"Saya gabut","screen_name":"chayuuxcz","location":null,"url":null,"description":"Butuh ssr Hifumi Doppo","translator_type":"none","protected":false,"verified":false,"followers_count":31,"friends_count":38,"listed_count":0,"favourites_count":1437,"statuses_count":231,"created_at":"Mon Nov 18 13:46:19 +0000 2019","utc_offset":null,"time_zone":null,"geo_enabled":false,"lang":null,"contributors_enabled":false,"is_translator":false,"profile_background_color":"F5F8FA","profile_background_image_url":"","profile_background_image_url_https":"","profile_background_tile":false,"profile_link_color":"1DA1F2","profile_sidebar_border_color":"C0DEED","profile_sidebar_fill_color":"DDEEF6","profile_text_color":"333333","profile_use_background_image":true,"profile_image_url":"http:\/\/pbs.twimg.com\/profile_images\/1247556894446645248\/206Fn35F_normal.jpg","profile_image_url_https":"https:\/\/pbs.twimg.com\/profile_images\/1247556894446645248\/206Fn35F_normal.jpg","profile_banner_url":"https:\/\/pbs.twimg.com\/profile_banners\/1196424338926211074\/1586275804","default_profile":true,"default_profile_image":false,"following":null,"follow_request_sent":null,"notifications":null},"geo":null,"coordinates":null,"place":null,"contributors":null,"is_quote_status":false,"quote_count":0,"reply_count":0,"retweet_count":0,"favorite_count":0,"entities":{"hashtags":[],"urls":[],"user_mentions":[{"screen_name":"jihyxnkim","name":"Sequoia (They\/Them) \ud83d\udc8c\ud83c\udf38","id":1029173692599881734,"id_str":"1029173692599881734","indices":[0,10]}],"symbols":[]},"favorited":false,"retweeted":false,"filter_level":"low","lang":"en","timestamp_ms":"1586538232664"}
