{"created_at":"Fri Apr 10 17:03:51 +0000 2020","id":1248657961653854216,"id_str":"1248657961653854216","text":"RT @JYPTHAILAND: GOT7 &lt;DYE&gt; TEASER IMAGE\n\nTITLE TRACK \"NOT BY THE MOON\"\n\n2020.4.20 MON 6PM (4PM \u0e40\u0e27\u0e25\u0e32\u0e44\u0e17\u0e22)\n\n#GOT7 #\uac13\uc138\ube10 #\u0e01\u0e47\u0e2d\u0e15\u0e40\u0e0b\u0e40\u0e27\u0e48\u0e19 @GOT7Offic\u2026","source":"\u003ca href=\"http:\/\/twitter.com\/download\/iphone\" rel=\"nofollow\"\u003eTwitter for iPhone\u003c\/a\u003e","truncated":false,"in_reply_to_status_id":null,"in_reply_to_status_id_str":null,"in_reply_to_user_id":null,"in_reply_to_user_id_str":null,"in_reply_to_screen_name":null,"user":{"id":805360858985590784,"id_str":"805360858985590784","name":"MITMARKCHEN\ud83d\udc7e","screen_name":"noonamaus8544","location":null,"url":null,"description":"COME AND GET IT\ud83d\udc9a \u0e0a\u0e34\u0e1b\u0e17\u0e38\u0e01\u0e04\u0e39\u0e48 \ud83d\udd75\ufe0f\u200d\u2640\ufe0f\u0e2a\u0e37\u0e1a\u0e17\u0e38\u0e01\u0e04\u0e27\u0e32\u0e21\u0e40\u0e04\u0e25\u0e37\u0e48\u0e2d\u0e19\u0e44\u0e2b\u0e27 \u0e25\u0e48\u0e2d\u0e07\u0e40\u0e23\u0e37\u0e2d\u0e44\u0e1b\u0e43\u0e19\u0e42\u0e25\u0e01\u0e02\u0e2d\u0e07\u0e01\u0e31\u0e0b \ud83d\udee5","translator_type":"none","protected":false,"verified":false,"followers_count":7,"friends_count":518,"listed_count":0,"favourites_count":5849,"statuses_count":6389,"created_at":"Sun Dec 04 10:39:26 +0000 2016","utc_offset":null,"time_zone":null,"geo_enabled":false,"lang":null,"contributors_enabled":false,"is_translator":false,"profile_background_color":"F5F8FA","profile_background_image_url":"","profile_background_image_url_https":"","profile_background_tile":false,"profile_link_color":"1DA1F2","profile_sidebar_border_color":"C0DEED","profile_sidebar_fill_color":"DDEEF6","profile_text_color":"333333","profile_use_background_image":true,"profile_image_url":"http:\/\/pbs.twimg.com\/profile_images\/1214577733260447744\/VAI05dv__normal.jpg","profile_image_url_https":"https:\/\/pbs.twimg.com\/profile_images\/1214577733260447744\/VAI05dv__normal.jpg","profile_banner_url":"https:\/\/pbs.twimg.com\/profile_banners\/805360858985590784\/1582316302","default_profile":true,"default_profile_image":false,"following":null,"follow_request_sent":null,"notifications":null},"geo":null,"coordinates":null,"place":null,"contributors":null,"retweeted_status":{"created_at":"Fri Apr 10 15:01:32 +0000 2020","id":1248627180696825856,"id_str":"1248627180696825856","text":"GOT7 &lt;DYE&gt; TEASER IMAGE\n\nTITLE TRACK \"NOT BY THE MOON\"\n\n2020.4.20 MON 6PM (4PM \u0e40\u0e27\u0e25\u0e32\u0e44\u0e17\u0e22)\n\n#GOT7 #\uac13\uc138\ube10 #\u0e01\u0e47\u0e2d\u0e15\u0e40\u0e0b\u0e40\u0e27\u0e48\u0e19\u2026 https:\/\/t.co\/9NMjiF47F0","source":"\u003ca href=\"http:\/\/twitter.com\/download\/iphone\" rel=\"nofollow\"\u003eTwitter for iPhone\u003c\/a\u003e","truncated":true,"in_reply_to_status_id":null,"in_reply_to_status_id_str":null,"in_reply_to_user_id":null,"in_reply_to_user_id_str":null,"in_reply_to_screen_name":null,"user":{"id":1106756275860172800,"id_str":"1106756275860172800","name":"JYP THAILAND OFFICIAL","screen_name":"JYPTHAILAND","location":"Bangkok, Thailand","url":"http:\/\/facebook.com\/jypthailandofficial","description":"JYPE South East Asia Official Branch \/ Culture Gateway of South East Asia \/ IG: http:\/\/instagram.com\/jyp_thailand_official #JYPTH","translator_type":"none","protected":false,"verified":false,"followers_count":90625,"friends_count":33,"listed_count":86,"favourites_count":12193,"statuses_count":6061,"created_at":"Sat Mar 16 03:17:13 +0000 2019","utc_offset":null,"time_zone":null,"geo_enabled":true,"lang":null,"contributors_enabled":false,"is_translator":false,"profile_background_color":"F5F8FA","profile_background_image_url":"","profile_background_image_url_https":"","profile_background_tile":false,"profile_link_color":"1DA1F2","profile_sidebar_border_color":"C0DEED","profile_sidebar_fill_color":"DDEEF6","profile_text_color":"333333","profile_use_background_image":true,"profile_image_url":"http:\/\/pbs.twimg.com\/profile_images\/1230019533320028160\/4svA181i_normal.jpg","profile_image_url_https":"https:\/\/pbs.twimg.com\/profile_images\/1230019533320028160\/4svA181i_normal.jpg","profile_banner_url":"https:\/\/pbs.twimg.com\/profile_banners\/1106756275860172800\/1585621025","default_profile":true,"default_profile_image":false,"following":null,"follow_request_sent":null,"notifications":null},"geo":null,"coordinates":null,"place":null,"contributors":null,"quoted_status_id":1248626795613523969,"quoted_status_id_str":"1248626795613523969","quoted_status":{"created_at":"Fri Apr 10 15:00:01 +0000 2020","id":1248626795613523969,"id_str":"1248626795613523969","text":"GOT7 &lt;DYE&gt; TEASER IMAGE\n\nTITLE TRACK \"NOT BY THE MOON\"\n\n2020.4.20 MON 6PM\n\n#GOT7 #\uac13\uc138\ube10 @GOT7Official\n#IGOT7 #\uc544\uac00\uc0c8\u2026 https:\/\/t.co\/WrFIpmekaL","display_text_range":[0,140],"source":"\u003ca href=\"https:\/\/studio.twitter.com\" rel=\"nofollow\"\u003eTwitter Media Studio\u003c\/a\u003e","truncated":true,"in_reply_to_status_id":null,"in_reply_to_status_id_str":null,"in_reply_to_user_id":null,"in_reply_to_user_id_str":null,"in_reply_to_screen_name":null,"user":{"id":573299587,"id_str":"573299587","name":"GOT7","screen_name":"GOT7Official","location":null,"url":"http:\/\/got7.jype.com\/","description":"GOT7 Official Twitter","translator_type":"none","protected":false,"verified":true,"followers_count":7793848,"friends_count":38,"listed_count":10393,"favourites_count":0,"statuses_count":10313,"created_at":"Mon May 07 04:35:54 +0000 2012","utc_offset":null,"time_zone":null,"geo_enabled":true,"lang":null,"contributors_enabled":false,"is_translator":false,"profile_background_color":"656B6B","profile_background_image_url":"http:\/\/abs.twimg.com\/images\/themes\/theme16\/bg.gif","profile_background_image_url_https":"https:\/\/abs.twimg.com\/images\/themes\/theme16\/bg.gif","profile_background_tile":false,"profile_link_color":"3B94D9","profile_sidebar_border_color":"FFFFFF","profile_sidebar_fill_color":"DDFFCC","profile_text_color":"333333","profile_use_background_image":false,"profile_image_url":"http:\/\/pbs.twimg.com\/profile_images\/1246814858122674180\/zpMWNO38_normal.jpg","profile_image_url_https":"https:\/\/pbs.twimg.com\/profile_images\/1246814858122674180\/zpMWNO38_normal.jpg","profile_banner_url":"https:\/\/pbs.twimg.com\/profile_banners\/573299587\/1586098804","default_profile":false,"default_profile_image":false,"following":null,"follow_request_sent":null,"notifications":null},"geo":null,"coordinates":null,"place":null,"contributors":null,"is_quote_status":false,"extended_tweet":{"full_text":"GOT7 &lt;DYE&gt; TEASER IMAGE\n\nTITLE TRACK \"NOT BY THE MOON\"\n\n2020.4.20 MON 6PM\n\n#GOT7 #\uac13\uc138\ube10 @GOT7Official\n#IGOT7 #\uc544\uac00\uc0c8\n#GOT7_DYE\n#GOT7_NOTBYTHEMOON https:\/\/t.co\/ySkp8YfSGN","display_text_range":[0,146],"entities":{"hashtags":[{"text":"GOT7","indices":[81,86]},{"text":"\uac13\uc138\ube10","indices":[87,91]},{"text":"IGOT7","indices":[106,112]},{"text":"\uc544\uac00\uc0c8","indices":[113,117]},{"text":"GOT7_DYE","indices":[118,127]},{"text":"GOT7_NOTBYTHEMOON","indices":[128,146]}],"urls":[],"user_mentions":[{"screen_name":"GOT7Official","name":"GOT7","id":573299587,"id_str":"573299587","indices":[92,105]}],"symbols":[],"media":[{"id":1248466621561069568,"id_str":"1248466621561069568","indices":[147,170],"media_url":"http:\/\/pbs.twimg.com\/media\/EVNxxxQUYAAUs0w.jpg","media_url_https":"https:\/\/pbs.twimg.com\/media\/EVNxxxQUYAAUs0w.jpg","url":"https:\/\/t.co\/ySkp8YfSGN","display_url":"pic.twitter.com\/ySkp8YfSGN","expanded_url":"https:\/\/twitter.com\/GOT7Official\/status\/1248626795613523969\/photo\/1","type":"photo","sizes":{"thumb":{"w":150,"h":150,"resize":"crop"},"small":{"w":680,"h":485,"resize":"fit"},"medium":{"w":1200,"h":856,"resize":"fit"},"large":{"w":2048,"h":1462,"resize":"fit"}}}]},"extended_entities":{"media":[{"id":1248466621561069568,"id_str":"1248466621561069568","indices":[147,170],"media_url":"http:\/\/pbs.twimg.com\/media\/EVNxxxQUYAAUs0w.jpg","media_url_https":"https:\/\/pbs.twimg.com\/media\/EVNxxxQUYAAUs0w.jpg","url":"https:\/\/t.co\/ySkp8YfSGN","display_url":"pic.twitter.com\/ySkp8YfSGN","expanded_url":"https:\/\/twitter.com\/GOT7Official\/status\/1248626795613523969\/photo\/1","type":"photo","sizes":{"thumb":{"w":150,"h":150,"resize":"crop"},"small":{"w":680,"h":485,"resize":"fit"},"medium":{"w":1200,"h":856,"resize":"fit"},"large":{"w":2048,"h":1462,"resize":"fit"}}}]}},"quote_count":6426,"reply_count":7628,"retweet_count":49410,"favorite_count":69219,"entities":{"hashtags":[{"text":"GOT7","indices":[81,86]},{"text":"\uac13\uc138\ube10","indices":[87,91]},{"text":"IGOT7","indices":[106,112]},{"text":"\uc544\uac00\uc0c8","indices":[113,117]}],"urls":[{"url":"https:\/\/t.co\/WrFIpmekaL","expanded_url":"https:\/\/twitter.com\/i\/web\/status\/1248626795613523969","display_url":"twitter.com\/i\/web\/status\/1\u2026","indices":[119,142]}],"user_mentions":[{"screen_name":"GOT7Official","name":"GOT7","id":573299587,"id_str":"573299587","indices":[92,105]}],"symbols":[]},"favorited":false,"retweeted":false,"possibly_sensitive":false,"filter_level":"low","lang":"en"},"quoted_status_permalink":{"url":"https:\/\/t.co\/pzZmmYDTFX","expanded":"https:\/\/twitter.com\/got7official\/status\/1248626795613523969","display":"twitter.com\/got7official\/s\u2026"},"is_quote_status":true,"extended_tweet":{"full_text":"GOT7 &lt;DYE&gt; TEASER IMAGE\n\nTITLE TRACK \"NOT BY THE MOON\"\n\n2020.4.20 MON 6PM (4PM \u0e40\u0e27\u0e25\u0e32\u0e44\u0e17\u0e22)\n\n#GOT7 #\uac13\uc138\ube10 #\u0e01\u0e47\u0e2d\u0e15\u0e40\u0e0b\u0e40\u0e27\u0e48\u0e19 @GOT7Official\n#IGOT7 #\uc544\uac00\uc0c8\n#GOT7_DYE\n#GOT7_NOTBYTHEMOON","display_text_range":[0,172],"entities":{"hashtags":[{"text":"GOT7","indices":[95,100]},{"text":"\uac13\uc138\ube10","indices":[101,105]},{"text":"\u0e01\u0e47\u0e2d\u0e15\u0e40\u0e0b\u0e40\u0e27\u0e48\u0e19","indices":[106,117]},{"text":"IGOT7","indices":[132,138]},{"text":"\uc544\uac00\uc0c8","indices":[139,143]},{"text":"GOT7_DYE","indices":[144,153]},{"text":"GOT7_NOTBYTHEMOON","indices":[154,172]}],"urls":[],"user_mentions":[{"screen_name":"GOT7Official","name":"GOT7","id":573299587,"id_str":"573299587","indices":[118,131]}],"symbols":[]}},"quote_count":18,"reply_count":47,"retweet_count":3032,"favorite_count":3127,"entities":{"hashtags":[{"text":"GOT7","indices":[95,100]},{"text":"\uac13\uc138\ube10","indices":[101,105]},{"text":"\u0e01\u0e47\u0e2d\u0e15\u0e40\u0e0b\u0e40\u0e27\u0e48\u0e19","indices":[106,117]}],"urls":[{"url":"https:\/\/t.co\/9NMjiF47F0","expanded_url":"https:\/\/twitter.com\/i\/web\/status\/1248627180696825856","display_url":"twitter.com\/i\/web\/status\/1\u2026","indices":[119,142]}],"user_mentions":[],"symbols":[]},"favorited":false,"retweeted":false,"filter_level":"low","lang":"en"},"quoted_status_id":1248626795613523969,"quoted_status_id_str":"1248626795613523969","quoted_status":{"created_at":"Fri Apr 10 15:00:01 +0000 2020","id":1248626795613523969,"id_str":"1248626795613523969","text":"GOT7 &lt;DYE&gt; TEASER IMAGE\n\nTITLE TRACK \"NOT BY THE MOON\"\n\n2020.4.20 MON 6PM\n\n#GOT7 #\uac13\uc138\ube10 @GOT7Official\n#IGOT7 #\uc544\uac00\uc0c8\u2026 https:\/\/t.co\/WrFIpmekaL","display_text_range":[0,140],"source":"\u003ca href=\"https:\/\/studio.twitter.com\" rel=\"nofollow\"\u003eTwitter Media Studio\u003c\/a\u003e","truncated":true,"in_reply_to_status_id":null,"in_reply_to_status_id_str":null,"in_reply_to_user_id":null,"in_reply_to_user_id_str":null,"in_reply_to_screen_name":null,"user":{"id":573299587,"id_str":"573299587","name":"GOT7","screen_name":"GOT7Official","location":null,"url":"http:\/\/got7.jype.com\/","description":"GOT7 Official Twitter","translator_type":"none","protected":false,"verified":true,"followers_count":7793848,"friends_count":38,"listed_count":10393,"favourites_count":0,"statuses_count":10313,"created_at":"Mon May 07 04:35:54 +0000 2012","utc_offset":null,"time_zone":null,"geo_enabled":true,"lang":null,"contributors_enabled":false,"is_translator":false,"profile_background_color":"656B6B","profile_background_image_url":"http:\/\/abs.twimg.com\/images\/themes\/theme16\/bg.gif","profile_background_image_url_https":"https:\/\/abs.twimg.com\/images\/themes\/theme16\/bg.gif","profile_background_tile":false,"profile_link_color":"3B94D9","profile_sidebar_border_color":"FFFFFF","profile_sidebar_fill_color":"DDFFCC","profile_text_color":"333333","profile_use_background_image":false,"profile_image_url":"http:\/\/pbs.twimg.com\/profile_images\/1246814858122674180\/zpMWNO38_normal.jpg","profile_image_url_https":"https:\/\/pbs.twimg.com\/profile_images\/1246814858122674180\/zpMWNO38_normal.jpg","profile_banner_url":"https:\/\/pbs.twimg.com\/profile_banners\/573299587\/1586098804","default_profile":false,"default_profile_image":false,"following":null,"follow_request_sent":null,"notifications":null},"geo":null,"coordinates":null,"place":null,"contributors":null,"is_quote_status":false,"extended_tweet":{"full_text":"GOT7 &lt;DYE&gt; TEASER IMAGE\n\nTITLE TRACK \"NOT BY THE MOON\"\n\n2020.4.20 MON 6PM\n\n#GOT7 #\uac13\uc138\ube10 @GOT7Official\n#IGOT7 #\uc544\uac00\uc0c8\n#GOT7_DYE\n#GOT7_NOTBYTHEMOON https:\/\/t.co\/ySkp8YfSGN","display_text_range":[0,146],"entities":{"hashtags":[{"text":"GOT7","indices":[81,86]},{"text":"\uac13\uc138\ube10","indices":[87,91]},{"text":"IGOT7","indices":[106,112]},{"text":"\uc544\uac00\uc0c8","indices":[113,117]},{"text":"GOT7_DYE","indices":[118,127]},{"text":"GOT7_NOTBYTHEMOON","indices":[128,146]}],"urls":[],"user_mentions":[{"screen_name":"GOT7Official","name":"GOT7","id":573299587,"id_str":"573299587","indices":[92,105]}],"symbols":[],"media":[{"id":1248466621561069568,"id_str":"1248466621561069568","indices":[147,170],"media_url":"http:\/\/pbs.twimg.com\/media\/EVNxxxQUYAAUs0w.jpg","media_url_https":"https:\/\/pbs.twimg.com\/media\/EVNxxxQUYAAUs0w.jpg","url":"https:\/\/t.co\/ySkp8YfSGN","display_url":"pic.twitter.com\/ySkp8YfSGN","expanded_url":"https:\/\/twitter.com\/GOT7Official\/status\/1248626795613523969\/photo\/1","type":"photo","sizes":{"thumb":{"w":150,"h":150,"resize":"crop"},"small":{"w":680,"h":485,"resize":"fit"},"medium":{"w":1200,"h":856,"resize":"fit"},"large":{"w":2048,"h":1462,"resize":"fit"}}}]},"extended_entities":{"media":[{"id":1248466621561069568,"id_str":"1248466621561069568","indices":[147,170],"media_url":"http:\/\/pbs.twimg.com\/media\/EVNxxxQUYAAUs0w.jpg","media_url_https":"https:\/\/pbs.twimg.com\/media\/EVNxxxQUYAAUs0w.jpg","url":"https:\/\/t.co\/ySkp8YfSGN","display_url":"pic.twitter.com\/ySkp8YfSGN","expanded_url":"https:\/\/twitter.com\/GOT7Official\/status\/1248626795613523969\/photo\/1","type":"photo","sizes":{"thumb":{"w":150,"h":150,"resize":"crop"},"small":{"w":680,"h":485,"resize":"fit"},"medium":{"w":1200,"h":856,"resize":"fit"},"large":{"w":2048,"h":1462,"resize":"fit"}}}]}},"quote_count":6426,"reply_count":7628,"retweet_count":49410,"favorite_count":69219,"entities":{"hashtags":[{"text":"GOT7","indices":[81,86]},{"text":"\uac13\uc138\ube10","indices":[87,91]},{"text":"IGOT7","indices":[106,112]},{"text":"\uc544\uac00\uc0c8","indices":[113,117]}],"urls":[{"url":"https:\/\/t.co\/WrFIpmekaL","expanded_url":"https:\/\/twitter.com\/i\/web\/status\/1248626795613523969","display_url":"twitter.com\/i\/web\/status\/1\u2026","indices":[119,142]}],"user_mentions":[{"screen_name":"GOT7Official","name":"GOT7","id":573299587,"id_str":"573299587","indices":[92,105]}],"symbols":[]},"favorited":false,"retweeted":false,"possibly_sensitive":false,"filter_level":"low","lang":"en"},"quoted_status_permalink":{"url":"https:\/\/t.co\/pzZmmYDTFX","expanded":"https:\/\/twitter.com\/got7official\/status\/1248626795613523969","display":"twitter.com\/got7official\/s\u2026"},"is_quote_status":true,"quote_count":0,"reply_count":0,"retweet_count":0,"favorite_count":0,"entities":{"hashtags":[{"text":"GOT7","indices":[112,117]},{"text":"\uac13\uc138\ube10","indices":[118,122]},{"text":"\u0e01\u0e47\u0e2d\u0e15\u0e40\u0e0b\u0e40\u0e27\u0e48\u0e19","indices":[123,134]}],"urls":[],"user_mentions":[{"screen_name":"JYPTHAILAND","name":"JYP THAILAND OFFICIAL","id":1106756275860172800,"id_str":"1106756275860172800","indices":[3,15]}],"symbols":[]},"favorited":false,"retweeted":false,"filter_level":"low","lang":"en","timestamp_ms":"1586538231658"}
