{"created_at":"Fri Apr 10 17:03:57 +0000 2020","id":1248657986836484096,"id_str":"1248657986836484096","text":"RT @usalp_n: #Kapitalizm\u00c7\u00f6kt\u00fc\u00c7\u00f6z\u00fcm\u0130slam\nO h\u00e2lde ey m\u00fcsl\u00fcmanlar, \u015fu pis kapitalistlere olan deste\u011finizi kesin ve islam\u0131n hilafet ile uygulan\u2026","source":"\u003ca href=\"http:\/\/twitter.com\/download\/android\" rel=\"nofollow\"\u003eTwitter for Android\u003c\/a\u003e","truncated":false,"in_reply_to_status_id":null,"in_reply_to_status_id_str":null,"in_reply_to_user_id":null,"in_reply_to_user_id_str":null,"in_reply_to_screen_name":null,"user":{"id":1052633024221892608,"id_str":"1052633024221892608","name":"Ahmet ATLIHAN","screen_name":"AhmetATLIHAN9","location":null,"url":null,"description":null,"translator_type":"none","protected":false,"verified":false,"followers_count":158,"friends_count":239,"listed_count":1,"favourites_count":1652,"statuses_count":1779,"created_at":"Wed Oct 17 18:50:44 +0000 2018","utc_offset":null,"time_zone":null,"geo_enabled":false,"lang":null,"contributors_enabled":false,"is_translator":false,"profile_background_color":"F5F8FA","profile_background_image_url":"","profile_background_image_url_https":"","profile_background_tile":false,"profile_link_color":"1DA1F2","profile_sidebar_border_color":"C0DEED","profile_sidebar_fill_color":"DDEEF6","profile_text_color":"333333","profile_use_background_image":true,"profile_image_url":"http:\/\/pbs.twimg.com\/profile_images\/1209804105008451585\/so9o6N6E_normal.jpg","profile_image_url_https":"https:\/\/pbs.twimg.com\/profile_images\/1209804105008451585\/so9o6N6E_normal.jpg","profile_banner_url":"https:\/\/pbs.twimg.com\/profile_banners\/1052633024221892608\/1577274750","default_profile":true,"default_profile_image":false,"following":null,"follow_request_sent":null,"notifications":null},"geo":null,"coordinates":null,"place":null,"contributors":null,"retweeted_status":{"created_at":"Fri Apr 10 16:36:33 +0000 2020","id":1248651091711070209,"id_str":"1248651091711070209","text":"#Kapitalizm\u00c7\u00f6kt\u00fc\u00c7\u00f6z\u00fcm\u0130slam\nO h\u00e2lde ey m\u00fcsl\u00fcmanlar, \u015fu pis kapitalistlere olan deste\u011finizi kesin ve islam\u0131n hilafet\u2026 https:\/\/t.co\/4e4mWELvW2","source":"\u003ca href=\"http:\/\/twitter.com\/download\/android\" rel=\"nofollow\"\u003eTwitter for Android\u003c\/a\u003e","truncated":true,"in_reply_to_status_id":null,"in_reply_to_status_id_str":null,"in_reply_to_user_id":null,"in_reply_to_user_id_str":null,"in_reply_to_screen_name":null,"user":{"id":1194851318374060033,"id_str":"1194851318374060033","name":"ayd\u0131n usalp","screen_name":"usalp_n","location":null,"url":null,"description":"Rabbim ve tek il\u00e2h\u0131m Allah't\u0131r","translator_type":"none","protected":false,"verified":false,"followers_count":866,"friends_count":768,"listed_count":1,"favourites_count":1338,"statuses_count":893,"created_at":"Thu Nov 14 05:35:52 +0000 2019","utc_offset":null,"time_zone":null,"geo_enabled":false,"lang":null,"contributors_enabled":false,"is_translator":false,"profile_background_color":"F5F8FA","profile_background_image_url":"","profile_background_image_url_https":"","profile_background_tile":false,"profile_link_color":"1DA1F2","profile_sidebar_border_color":"C0DEED","profile_sidebar_fill_color":"DDEEF6","profile_text_color":"333333","profile_use_background_image":true,"profile_image_url":"http:\/\/pbs.twimg.com\/profile_images\/1194855744446828544\/QIfsnmKJ_normal.jpg","profile_image_url_https":"https:\/\/pbs.twimg.com\/profile_images\/1194855744446828544\/QIfsnmKJ_normal.jpg","profile_banner_url":"https:\/\/pbs.twimg.com\/profile_banners\/1194851318374060033\/1573712819","default_profile":true,"default_profile_image":false,"following":null,"follow_request_sent":null,"notifications":null},"geo":null,"coordinates":null,"place":null,"contributors":null,"is_quote_status":false,"extended_tweet":{"full_text":"#Kapitalizm\u00c7\u00f6kt\u00fc\u00c7\u00f6z\u00fcm\u0130slam\nO h\u00e2lde ey m\u00fcsl\u00fcmanlar, \u015fu pis kapitalistlere olan deste\u011finizi kesin ve islam\u0131n hilafet ile uygulanmas\u0131na destek verin","display_text_range":[0,145],"entities":{"hashtags":[{"text":"Kapitalizm\u00c7\u00f6kt\u00fc\u00c7\u00f6z\u00fcm\u0130slam","indices":[0,26]}],"urls":[],"user_mentions":[],"symbols":[]}},"quote_count":0,"reply_count":0,"retweet_count":70,"favorite_count":60,"entities":{"hashtags":[{"text":"Kapitalizm\u00c7\u00f6kt\u00fc\u00c7\u00f6z\u00fcm\u0130slam","indices":[0,26]}],"urls":[{"url":"https:\/\/t.co\/4e4mWELvW2","expanded_url":"https:\/\/twitter.com\/i\/web\/status\/1248651091711070209","display_url":"twitter.com\/i\/web\/status\/1\u2026","indices":[116,139]}],"user_mentions":[],"symbols":[]},"favorited":false,"retweeted":false,"filter_level":"low","lang":"tr"},"is_quote_status":false,"quote_count":0,"reply_count":0,"retweet_count":0,"favorite_count":0,"entities":{"hashtags":[{"text":"Kapitalizm\u00c7\u00f6kt\u00fc\u00c7\u00f6z\u00fcm\u0130slam","indices":[13,39]}],"urls":[],"user_mentions":[{"screen_name":"usalp_n","name":"ayd\u0131n usalp","id":1194851318374060033,"id_str":"1194851318374060033","indices":[3,11]}],"symbols":[]},"favorited":false,"retweeted":false,"filter_level":"low","lang":"tr","timestamp_ms":"1586538237662"}
