{"created_at":"Fri Apr 10 17:03:53 +0000 2020","id":1248657970067537920,"id_str":"1248657970067537920","text":"@SAOhater @Athailann aquele print \u00e9 do ep 4....","display_text_range":[21,47],"source":"\u003ca href=\"http:\/\/twitter.com\/download\/android\" rel=\"nofollow\"\u003eTwitter for Android\u003c\/a\u003e","truncated":false,"in_reply_to_status_id":1248651689294475265,"in_reply_to_status_id_str":"1248651689294475265","in_reply_to_user_id":2826162021,"in_reply_to_user_id_str":"2826162021","in_reply_to_screen_name":"SAOhater","user":{"id":1172290951357829125,"id_str":"1172290951357829125","name":"Fairy","screen_name":"xmiyaznno","location":" \u2772Ele | Ela\u300d\u250a\u7206\u8c6a\u52dd\u5df1","url":"http:\/\/suzune.xn--zci","description":"#\ud835\udc0a\ud835\udc00\ud835\udc0e\ud835\udc11\ud835\udc08: '\ud835\ude25\ud835\ude30 \ud835\ude3a\ud835\ude30\ud835\ude36 \ud835\ude38\ud835\ude22\ud835\ude2f\ud835\ude35 \ud835\ude35\ud835\ude30 \ud835\ude24\ud835\ude30\ud835\ude2e\ud835\ude2e\ud835\ude2a\ud835\ude35 \ud835\ude25\ud835\ude30\ud835\ude36\ud835\ude23\ud835\ude2d\ud835\ude26 \ud835\ude34\ud835\ude36\ud835\ude2a\ud835\ude24\ud835\ude2a\ud835\ude25\ud835\ude26 \ud835\ude38\ud835\ude2a\ud835\ude35\ud835\ude29 \ud835\ude2e\ud835\ude26?'","translator_type":"none","protected":false,"verified":false,"followers_count":3275,"friends_count":697,"listed_count":18,"favourites_count":20322,"statuses_count":24125,"created_at":"Thu Sep 12 23:28:49 +0000 2019","utc_offset":null,"time_zone":null,"geo_enabled":false,"lang":null,"contributors_enabled":false,"is_translator":false,"profile_background_color":"F5F8FA","profile_background_image_url":"","profile_background_image_url_https":"","profile_background_tile":false,"profile_link_color":"1DA1F2","profile_sidebar_border_color":"C0DEED","profile_sidebar_fill_color":"DDEEF6","profile_text_color":"333333","profile_use_background_image":true,"profile_image_url":"http:\/\/pbs.twimg.com\/profile_images\/1246681580749369344\/zwk_TnsW_normal.jpg","profile_image_url_https":"https:\/\/pbs.twimg.com\/profile_images\/1246681580749369344\/zwk_TnsW_normal.jpg","profile_banner_url":"https:\/\/pbs.twimg.com\/profile_banners\/1172290951357829125\/1586066917","default_profile":true,"default_profile_image":false,"following":null,"follow_request_sent":null,"notifications":null},"geo":null,"coordinates":null,"place":null,"contributors":null,"is_quote_status":false,"quote_count":0,"reply_count":0,"retweet_count":0,"favorite_count":0,"entities":{"hashtags":[],"urls":[],"user_mentions":[{"screen_name":"SAOhater","name":"Elian est\u00e1 entrando em uma nova season","id":2826162021,"id_str":"2826162021","indices":[0,9]},{"screen_name":"Athailann","name":"Athailan..........","id":2307014462,"id_str":"2307014462","indices":[10,20]}],"symbols":[]},"favorited":false,"retweeted":false,"filter_level":"low","lang":"pt","timestamp_ms":"1586538233664"}
