{"created_at":"Fri Apr 10 17:03:51 +0000 2020","id":1248657961683222528,"id_str":"1248657961683222528","text":"Extra\u00f1o estar enn la pija negra con mi amika","source":"\u003ca href=\"http:\/\/twitter.com\/download\/android\" rel=\"nofollow\"\u003eTwitter for Android\u003c\/a\u003e","truncated":false,"in_reply_to_status_id":null,"in_reply_to_status_id_str":null,"in_reply_to_user_id":null,"in_reply_to_user_id_str":null,"in_reply_to_screen_name":null,"user":{"id":1010544535900913665,"id_str":"1010544535900913665","name":"rastabarbie\ud83e\udd40","screen_name":"ilourde_","location":"angel blessed","url":null,"description":"- lourdes mihalfik_\n\n\n\n\n\n\n\n\n\ud83d\udcb8.  no intentes joderme q yo ya estoy jodida y vivo trank asi","translator_type":"none","protected":false,"verified":false,"followers_count":709,"friends_count":588,"listed_count":6,"favourites_count":34355,"statuses_count":29362,"created_at":"Sat Jun 23 15:26:07 +0000 2018","utc_offset":null,"time_zone":null,"geo_enabled":true,"lang":null,"contributors_enabled":false,"is_translator":false,"profile_background_color":"F5F8FA","profile_background_image_url":"","profile_background_image_url_https":"","profile_background_tile":false,"profile_link_color":"1DA1F2","profile_sidebar_border_color":"C0DEED","profile_sidebar_fill_color":"DDEEF6","profile_text_color":"333333","profile_use_background_image":true,"profile_image_url":"http:\/\/pbs.twimg.com\/profile_images\/1247967177933606912\/t3UzHg7k_normal.jpg","profile_image_url_https":"https:\/\/pbs.twimg.com\/profile_images\/1247967177933606912\/t3UzHg7k_normal.jpg","profile_banner_url":"https:\/\/pbs.twimg.com\/profile_banners\/1010544535900913665\/1585417991","default_profile":true,"default_profile_image":false,"following":null,"follow_request_sent":null,"notifications":null},"geo":null,"coordinates":null,"place":null,"contributors":null,"is_quote_status":false,"quote_count":0,"reply_count":0,"retweet_count":0,"favorite_count":0,"entities":{"hashtags":[],"urls":[],"user_mentions":[],"symbols":[]},"favorited":false,"retweeted":false,"filter_level":"low","lang":"es","timestamp_ms":"1586538231665"}
