{"created_at":"Fri Apr 10 17:03:57 +0000 2020","id":1248657986849067008,"id_str":"1248657986849067008","text":"the comments always take me out \ud83d\ude2d\ud83d\ude2d\ud83d\ude02\ud83d\ude02","source":"\u003ca href=\"http:\/\/twitter.com\/download\/iphone\" rel=\"nofollow\"\u003eTwitter for iPhone\u003c\/a\u003e","truncated":false,"in_reply_to_status_id":null,"in_reply_to_status_id_str":null,"in_reply_to_user_id":null,"in_reply_to_user_id_str":null,"in_reply_to_screen_name":null,"user":{"id":1231305171730345984,"id_str":"1231305171730345984","name":"R A E \ud83d\udc51 B A E \ud83d\udc8b","screen_name":"raaevennn","location":"Atlanta, GA","url":null,"description":"\ud83c\udff3\ufe0f\u200d\ud83c\udf08\ud83d\udc9b\u2022 Queen raising a Princess \ud83d\udc69\u200d\ud83d\udc67 \u2022 GiRLS \ud83d\udc45 \u2022 SiNGLE \u2022 Leo \u264c\ufe0f \u2022 \ud83d\udcb0\ud83d\udecd\ud83c\udf38\ud83d\ude1d","translator_type":"none","protected":false,"verified":false,"followers_count":2635,"friends_count":3387,"listed_count":0,"favourites_count":2342,"statuses_count":3033,"created_at":"Sat Feb 22 19:50:19 +0000 2020","utc_offset":null,"time_zone":null,"geo_enabled":false,"lang":null,"contributors_enabled":false,"is_translator":false,"profile_background_color":"F5F8FA","profile_background_image_url":"","profile_background_image_url_https":"","profile_background_tile":false,"profile_link_color":"1DA1F2","profile_sidebar_border_color":"C0DEED","profile_sidebar_fill_color":"DDEEF6","profile_text_color":"333333","profile_use_background_image":true,"profile_image_url":"http:\/\/pbs.twimg.com\/profile_images\/1244454990900539392\/-0p1ndtW_normal.jpg","profile_image_url_https":"https:\/\/pbs.twimg.com\/profile_images\/1244454990900539392\/-0p1ndtW_normal.jpg","profile_banner_url":"https:\/\/pbs.twimg.com\/profile_banners\/1231305171730345984\/1585006336","default_profile":true,"default_profile_image":false,"following":null,"follow_request_sent":null,"notifications":null},"geo":null,"coordinates":null,"place":null,"contributors":null,"quoted_status_id":1248352409384038400,"quoted_status_id_str":"1248352409384038400","quoted_status":{"created_at":"Thu Apr 09 20:49:42 +0000 2020","id":1248352409384038400,"id_str":"1248352409384038400","text":"Comments under post be funnier than the actual post\ud83d\ude02","source":"\u003ca href=\"http:\/\/twitter.com\/download\/iphone\" rel=\"nofollow\"\u003eTwitter for iPhone\u003c\/a\u003e","truncated":false,"in_reply_to_status_id":null,"in_reply_to_status_id_str":null,"in_reply_to_user_id":null,"in_reply_to_user_id_str":null,"in_reply_to_screen_name":null,"user":{"id":3294621914,"id_str":"3294621914","name":"DYRIN \ud83e\udd81","screen_name":"dyrinone","location":"Houston, TX","url":"https:\/\/youtu.be\/7Zv7dfPRekg","description":"Entrepreneur \ud83d\udcb8|INFLUENCER\ud83d\udde3|HGTV\ud83e\udd81 snap:dyrinone","translator_type":"none","protected":false,"verified":false,"followers_count":5500,"friends_count":4019,"listed_count":3,"favourites_count":59549,"statuses_count":59545,"created_at":"Sun Jul 26 07:28:52 +0000 2015","utc_offset":null,"time_zone":null,"geo_enabled":true,"lang":null,"contributors_enabled":false,"is_translator":false,"profile_background_color":"C0DEED","profile_background_image_url":"http:\/\/abs.twimg.com\/images\/themes\/theme1\/bg.png","profile_background_image_url_https":"https:\/\/abs.twimg.com\/images\/themes\/theme1\/bg.png","profile_background_tile":false,"profile_link_color":"1DA1F2","profile_sidebar_border_color":"C0DEED","profile_sidebar_fill_color":"DDEEF6","profile_text_color":"333333","profile_use_background_image":true,"profile_image_url":"http:\/\/pbs.twimg.com\/profile_images\/1235994015528607752\/BwYF5B7r_normal.jpg","profile_image_url_https":"https:\/\/pbs.twimg.com\/profile_images\/1235994015528607752\/BwYF5B7r_normal.jpg","profile_banner_url":"https:\/\/pbs.twimg.com\/profile_banners\/3294621914\/1586399370","default_profile":true,"default_profile_image":false,"following":null,"follow_request_sent":null,"notifications":null},"geo":null,"coordinates":null,"place":{"id":"343ecdd7da8dfae0","url":"https:\/\/api.twitter.com\/1.1\/geo\/id\/343ecdd7da8dfae0.json","place_type":"city","name":"Spring","full_name":"Spring, TX","country_code":"US","country":"United States","bounding_box":{"type":"Polygon","coordinates":[[[-95.437180,30.011444],[-95.437180,30.115585],[-95.318449,30.115585],[-95.318449,30.011444]]]},"attributes":{}},"contributors":null,"is_quote_status":false,"quote_count":2,"reply_count":1,"retweet_count":35,"favorite_count":63,"entities":{"hashtags":[],"urls":[],"user_mentions":[],"symbols":[]},"favorited":false,"retweeted":false,"filter_level":"low","lang":"en"},"quoted_status_permalink":{"url":"https:\/\/t.co\/NfHFCo5Oag","expanded":"https:\/\/twitter.com\/dyrinone\/status\/1248352409384038400","display":"twitter.com\/dyrinone\/statu\u2026"},"is_quote_status":true,"quote_count":0,"reply_count":0,"retweet_count":0,"favorite_count":0,"entities":{"hashtags":[],"urls":[],"user_mentions":[],"symbols":[]},"favorited":false,"retweeted":false,"filter_level":"low","lang":"en","timestamp_ms":"1586538237665"}
