{"created_at":"Fri Apr 10 17:03:57 +0000 2020","id":1248657986828021760,"id_str":"1248657986828021760","text":"Well then","source":"\u003ca href=\"http:\/\/twitter.com\/download\/iphone\" rel=\"nofollow\"\u003eTwitter for iPhone\u003c\/a\u003e","truncated":false,"in_reply_to_status_id":null,"in_reply_to_status_id_str":null,"in_reply_to_user_id":null,"in_reply_to_user_id_str":null,"in_reply_to_screen_name":null,"user":{"id":202489378,"id_str":"202489378","name":"\u211c\u10e6\ud835\udd1f\ud835\udd1f\ud835\udd26\ud835\udd22. \ud83e\udd40","screen_name":"RLaneGA","location":"Macon, GA","url":null,"description":"23. Open your mind before your mouth. \ud83d\udc9c2\/24\ud83d\udc9b \ud83e\udde1#JB34\ud83d\udda4@UGAAthletics @MercerBears @ATLHawks @AtlantaFalcons @ATLUTD.","translator_type":"none","protected":false,"verified":false,"followers_count":107,"friends_count":663,"listed_count":3,"favourites_count":1268,"statuses_count":2863,"created_at":"Thu Oct 14 04:20:24 +0000 2010","utc_offset":null,"time_zone":null,"geo_enabled":false,"lang":null,"contributors_enabled":false,"is_translator":false,"profile_background_color":"1A1B1F","profile_background_image_url":"http:\/\/abs.twimg.com\/images\/themes\/theme9\/bg.gif","profile_background_image_url_https":"https:\/\/abs.twimg.com\/images\/themes\/theme9\/bg.gif","profile_background_tile":false,"profile_link_color":"000000","profile_sidebar_border_color":"181A1E","profile_sidebar_fill_color":"252429","profile_text_color":"666666","profile_use_background_image":true,"profile_image_url":"http:\/\/pbs.twimg.com\/profile_images\/1221537067815055360\/hR9yi5P9_normal.jpg","profile_image_url_https":"https:\/\/pbs.twimg.com\/profile_images\/1221537067815055360\/hR9yi5P9_normal.jpg","profile_banner_url":"https:\/\/pbs.twimg.com\/profile_banners\/202489378\/1582978009","default_profile":false,"default_profile_image":false,"following":null,"follow_request_sent":null,"notifications":null},"geo":null,"coordinates":null,"place":null,"contributors":null,"quoted_status_id":1248653937844129795,"quoted_status_id_str":"1248653937844129795","quoted_status":{"created_at":"Fri Apr 10 16:47:52 +0000 2020","id":1248653937844129795,"id_str":"1248653937844129795","text":"Breaking: The XFL suspended operations Friday morning and laid off nearly all of its staff, multiple sources told\u2026 https:\/\/t.co\/d0WRuexZkb","display_text_range":[0,140],"source":"\u003ca href=\"https:\/\/www.sprinklr.com\" rel=\"nofollow\"\u003eSprinklr\u003c\/a\u003e","truncated":true,"in_reply_to_status_id":null,"in_reply_to_status_id_str":null,"in_reply_to_user_id":null,"in_reply_to_user_id_str":null,"in_reply_to_screen_name":null,"user":{"id":26257166,"id_str":"26257166","name":"SportsCenter","screen_name":"SportsCenter","location":null,"url":"http:\/\/es.pn\/app","description":"Download the ESPN App \u2b07\ufe0f","translator_type":"regular","protected":false,"verified":true,"followers_count":36474272,"friends_count":733,"listed_count":46249,"favourites_count":1396,"statuses_count":116680,"created_at":"Tue Mar 24 15:28:02 +0000 2009","utc_offset":null,"time_zone":null,"geo_enabled":true,"lang":null,"contributors_enabled":false,"is_translator":false,"profile_background_color":"131516","profile_background_image_url":"http:\/\/abs.twimg.com\/images\/themes\/theme14\/bg.gif","profile_background_image_url_https":"https:\/\/abs.twimg.com\/images\/themes\/theme14\/bg.gif","profile_background_tile":true,"profile_link_color":"009999","profile_sidebar_border_color":"000000","profile_sidebar_fill_color":"EFEFEF","profile_text_color":"333333","profile_use_background_image":true,"profile_image_url":"http:\/\/pbs.twimg.com\/profile_images\/1062155885911425024\/EMf90GZI_normal.jpg","profile_image_url_https":"https:\/\/pbs.twimg.com\/profile_images\/1062155885911425024\/EMf90GZI_normal.jpg","profile_banner_url":"https:\/\/pbs.twimg.com\/profile_banners\/26257166\/1526923497","default_profile":false,"default_profile_image":false,"following":null,"follow_request_sent":null,"notifications":null},"geo":null,"coordinates":null,"place":null,"contributors":null,"is_quote_status":false,"extended_tweet":{"full_text":"Breaking: The XFL suspended operations Friday morning and laid off nearly all of its staff, multiple sources told @SeifertESPN and @FieldYates.\n\nThe league currently has no plans to return in 2021. https:\/\/t.co\/NxZbHAKRsM","display_text_range":[0,197],"entities":{"hashtags":[],"urls":[],"user_mentions":[{"screen_name":"SeifertESPN","name":"Kevin Seifert","id":19551156,"id_str":"19551156","indices":[114,126]},{"screen_name":"FieldYates","name":"Field Yates","id":58919137,"id_str":"58919137","indices":[131,142]}],"symbols":[],"media":[{"id":1248653934333313027,"id_str":"1248653934333313027","indices":[198,221],"media_url":"http:\/\/pbs.twimg.com\/media\/EVQcIztUwAMHUm7.jpg","media_url_https":"https:\/\/pbs.twimg.com\/media\/EVQcIztUwAMHUm7.jpg","url":"https:\/\/t.co\/NxZbHAKRsM","display_url":"pic.twitter.com\/NxZbHAKRsM","expanded_url":"https:\/\/twitter.com\/SportsCenter\/status\/1248653937844129795\/photo\/1","type":"photo","sizes":{"small":{"w":680,"h":383,"resize":"fit"},"thumb":{"w":150,"h":150,"resize":"crop"},"large":{"w":1024,"h":576,"resize":"fit"},"medium":{"w":1024,"h":576,"resize":"fit"}}}]},"extended_entities":{"media":[{"id":1248653934333313027,"id_str":"1248653934333313027","indices":[198,221],"media_url":"http:\/\/pbs.twimg.com\/media\/EVQcIztUwAMHUm7.jpg","media_url_https":"https:\/\/pbs.twimg.com\/media\/EVQcIztUwAMHUm7.jpg","url":"https:\/\/t.co\/NxZbHAKRsM","display_url":"pic.twitter.com\/NxZbHAKRsM","expanded_url":"https:\/\/twitter.com\/SportsCenter\/status\/1248653937844129795\/photo\/1","type":"photo","sizes":{"small":{"w":680,"h":383,"resize":"fit"},"thumb":{"w":150,"h":150,"resize":"crop"},"large":{"w":1024,"h":576,"resize":"fit"},"medium":{"w":1024,"h":576,"resize":"fit"}}}]}},"quote_count":1749,"reply_count":479,"retweet_count":1371,"favorite_count":3227,"entities":{"hashtags":[],"urls":[{"url":"https:\/\/t.co\/d0WRuexZkb","expanded_url":"https:\/\/twitter.com\/i\/web\/status\/1248653937844129795","display_url":"twitter.com\/i\/web\/status\/1\u2026","indices":[115,138]}],"user_mentions":[],"symbols":[]},"favorited":false,"retweeted":false,"possibly_sensitive":false,"filter_level":"low","lang":"en"},"quoted_status_permalink":{"url":"https:\/\/t.co\/WcNYedyaRD","expanded":"https:\/\/twitter.com\/sportscenter\/status\/1248653937844129795","display":"twitter.com\/sportscenter\/s\u2026"},"is_quote_status":true,"quote_count":0,"reply_count":0,"retweet_count":0,"favorite_count":0,"entities":{"hashtags":[],"urls":[],"user_mentions":[],"symbols":[]},"favorited":false,"retweeted":false,"filter_level":"low","lang":"en","timestamp_ms":"1586538237660"}
