{"created_at":"Fri Apr 10 17:03:53 +0000 2020","id":1248657970038099968,"id_str":"1248657970038099968","text":"@night_sky_cos \uc6b0\ud789\uc720\ud789 \uc6b0\ud789\ud78f https:\/\/t.co\/wYXAi0c10t","display_text_range":[15,23],"source":"\u003ca href=\"http:\/\/twitter.com\/download\/android\" rel=\"nofollow\"\u003eTwitter for Android\u003c\/a\u003e","truncated":false,"in_reply_to_status_id":1248656908581351427,"in_reply_to_status_id_str":"1248656908581351427","in_reply_to_user_id":1209289586825805825,"in_reply_to_user_id_str":"1209289586825805825","in_reply_to_screen_name":"night_sky_cos","user":{"id":1721758104,"id_str":"1721758104","name":"\u31635\ucf54 \uc77c \uae08\ub989\ud83d\udc9b(\ubcf4\ub958)\u3163\ud83d\udc96\uadf8\ub224\ud83d\udc96","screen_name":"geunwon98","location":"07\uc774\ud558 15\uc138 \uc774\uc0c1 \uc7a5\ub974 \ud30c\ub294\uac70 \uadf9\uc9c0\ub8b0. \ucf54\uc2a4\ub3c4 \ub611\uac19","url":null,"description":"\ud83c\udde8\ud83c\uddf3\u00d7\ud83c\uddf0\ud83c\uddf7\u316315\u2b06\ufe0f\u3163\uc5ed\uc804\uc7ac\ud310\ud83d\udd25 & \uc559\uc2a4\ud0c0\ud83d\udd25 & \ub9c8\ub3c4\uc870\uc0ac\ud83d\udd25 & \ubc45\ub4dc\ub9bc & \ud558\uc774\ud050 & \ub0b4\uc2a4\uae09 & \uc624\uc2dc\ubd80\ub3c4 & \ud7a2\ub9c8 & \uadc0\uce7c \ubc18\ud0c8\ub355\n\n: \uce20\uce74\ub808\uc624\u2764\ud83e\udde1\n: \ub098\ub8e8\ubbf8\uce20\ud83d\udc99\u2764\n: \uc774\ubcc4\uc740 \ube14\uc5b8\ube14\ud83d\udc94\n\n=\ud83d\udc99\ub098\ub8e8\ud638\ub3c4\ud83d\udc99 @Fuzzy_0616","translator_type":"none","protected":false,"verified":false,"followers_count":226,"friends_count":267,"listed_count":10,"favourites_count":14844,"statuses_count":29505,"created_at":"Mon Sep 02 09:28:08 +0000 2013","utc_offset":null,"time_zone":null,"geo_enabled":false,"lang":null,"contributors_enabled":false,"is_translator":false,"profile_background_color":"C0DEED","profile_background_image_url":"http:\/\/abs.twimg.com\/images\/themes\/theme1\/bg.png","profile_background_image_url_https":"https:\/\/abs.twimg.com\/images\/themes\/theme1\/bg.png","profile_background_tile":false,"profile_link_color":"1DA1F2","profile_sidebar_border_color":"C0DEED","profile_sidebar_fill_color":"DDEEF6","profile_text_color":"333333","profile_use_background_image":true,"profile_image_url":"http:\/\/pbs.twimg.com\/profile_images\/1248601847130013697\/_T428YNk_normal.jpg","profile_image_url_https":"https:\/\/pbs.twimg.com\/profile_images\/1248601847130013697\/_T428YNk_normal.jpg","profile_banner_url":"https:\/\/pbs.twimg.com\/profile_banners\/1721758104\/1585756027","default_profile":true,"default_profile_image":false,"following":null,"follow_request_sent":null,"notifications":null},"geo":null,"coordinates":null,"place":null,"contributors":null,"is_quote_status":false,"quote_count":0,"reply_count":0,"retweet_count":0,"favorite_count":0,"entities":{"hashtags":[],"urls":[],"user_mentions":[{"screen_name":"night_sky_cos","name":"\ud83c\udf1f\uc0e4\uc2a4 \uccd0\ub3cc\uc774 \ud558\ub298\ud83c\udf1f","id":1209289586825805825,"id_str":"1209289586825805825","indices":[0,14]}],"symbols":[],"media":[{"id":1248657960739332097,"id_str":"1248657960739332097","indices":[24,47],"description":"Happy Dance GIF","media_url":"http:\/\/pbs.twimg.com\/tweet_video_thumb\/EVQfzLPU4AEZa40.jpg","media_url_https":"https:\/\/pbs.twimg.com\/tweet_video_thumb\/EVQfzLPU4AEZa40.jpg","url":"https:\/\/t.co\/wYXAi0c10t","display_url":"pic.twitter.com\/wYXAi0c10t","expanded_url":"https:\/\/twitter.com\/geunwon98\/status\/1248657970038099968\/photo\/1","type":"photo","sizes":{"thumb":{"w":150,"h":150,"resize":"crop"},"medium":{"w":300,"h":274,"resize":"fit"},"small":{"w":300,"h":274,"resize":"fit"},"large":{"w":300,"h":274,"resize":"fit"}}}]},"extended_entities":{"media":[{"id":1248657960739332097,"id_str":"1248657960739332097","indices":[24,47],"description":"Happy Dance GIF","media_url":"http:\/\/pbs.twimg.com\/tweet_video_thumb\/EVQfzLPU4AEZa40.jpg","media_url_https":"https:\/\/pbs.twimg.com\/tweet_video_thumb\/EVQfzLPU4AEZa40.jpg","url":"https:\/\/t.co\/wYXAi0c10t","display_url":"pic.twitter.com\/wYXAi0c10t","expanded_url":"https:\/\/twitter.com\/geunwon98\/status\/1248657970038099968\/photo\/1","type":"animated_gif","video_info":{"aspect_ratio":[150,137],"variants":[{"bitrate":0,"content_type":"video\/mp4","url":"https:\/\/video.twimg.com\/tweet_video\/EVQfzLPU4AEZa40.mp4"}]},"sizes":{"thumb":{"w":150,"h":150,"resize":"crop"},"medium":{"w":300,"h":274,"resize":"fit"},"small":{"w":300,"h":274,"resize":"fit"},"large":{"w":300,"h":274,"resize":"fit"}}}]},"favorited":false,"retweeted":false,"possibly_sensitive":false,"filter_level":"low","lang":"ko","timestamp_ms":"1586538233657"}
