{"created_at":"Fri Apr 10 17:03:56 +0000 2020","id":1248657982621020160,"id_str":"1248657982621020160","text":"RT @MrsRabbitResist: Must be nice to not have to worry about your safety so much that you\u2019re able to judge others for protecting themselves\u2026","source":"\u003ca href=\"http:\/\/twitter.com\/download\/android\" rel=\"nofollow\"\u003eTwitter for Android\u003c\/a\u003e","truncated":false,"in_reply_to_status_id":null,"in_reply_to_status_id_str":null,"in_reply_to_user_id":null,"in_reply_to_user_id_str":null,"in_reply_to_screen_name":null,"user":{"id":2879920362,"id_str":"2879920362","name":"Donna Musgrove\ud83c\uddfa\ud83c\uddf8#BoycottFoxAdvertisers","screen_name":"DjMusgr","location":"Lake Tapps, WA","url":null,"description":"Crazy Cat Lady? Resist! Impeach Trump! Trump is Pathetic! #TeamPelosii","translator_type":"none","protected":false,"verified":false,"followers_count":4729,"friends_count":5215,"listed_count":12,"favourites_count":114482,"statuses_count":164408,"created_at":"Mon Oct 27 19:50:29 +0000 2014","utc_offset":null,"time_zone":null,"geo_enabled":true,"lang":null,"contributors_enabled":false,"is_translator":false,"profile_background_color":"C0DEED","profile_background_image_url":"http:\/\/abs.twimg.com\/images\/themes\/theme1\/bg.png","profile_background_image_url_https":"https:\/\/abs.twimg.com\/images\/themes\/theme1\/bg.png","profile_background_tile":false,"profile_link_color":"1DA1F2","profile_sidebar_border_color":"C0DEED","profile_sidebar_fill_color":"DDEEF6","profile_text_color":"333333","profile_use_background_image":true,"profile_image_url":"http:\/\/pbs.twimg.com\/profile_images\/929635684733689856\/P86yj0PG_normal.jpg","profile_image_url_https":"https:\/\/pbs.twimg.com\/profile_images\/929635684733689856\/P86yj0PG_normal.jpg","profile_banner_url":"https:\/\/pbs.twimg.com\/profile_banners\/2879920362\/1519944404","default_profile":true,"default_profile_image":false,"following":null,"follow_request_sent":null,"notifications":null},"geo":null,"coordinates":null,"place":null,"contributors":null,"retweeted_status":{"created_at":"Fri Apr 10 16:55:13 +0000 2020","id":1248655789910151169,"id_str":"1248655789910151169","text":"Must be nice to not have to worry about your safety so much that you\u2019re able to judge others for protecting themsel\u2026 https:\/\/t.co\/8FsECNknE9","source":"\u003ca href=\"http:\/\/twitter.com\/download\/iphone\" rel=\"nofollow\"\u003eTwitter for iPhone\u003c\/a\u003e","truncated":true,"in_reply_to_status_id":null,"in_reply_to_status_id_str":null,"in_reply_to_user_id":null,"in_reply_to_user_id_str":null,"in_reply_to_screen_name":null,"user":{"id":872615153065275392,"id_str":"872615153065275392","name":"\ud83d\udc8b\ud835\udca5\ud835\udc52\ud835\udcc8\ud835\udcc8\ud835\udcbe\ud835\udcb8\ud835\udcb6\u211b\ud835\udcb6\ud835\udcb7\ud835\udcb7\ud835\udcbe\ud835\udcc9\ud83d\udc8b","screen_name":"MrsRabbitResist","location":"ToonTown","url":null,"description":"...\u2110\u2019\ud835\udcc2 \ud835\udcc3\ud835\udc5c\ud835\udcc9 \ud835\udcb7\ud835\udcb6\ud835\udcb9, \u2110\u2019\ud835\udcc2 \ud835\udcbf\ud835\udcca\ud835\udcc8\ud835\udcc9 \ud835\udcb9\ud835\udcc7\ud835\udcb6\ud835\udccc\ud835\udcc3 \ud835\udcc9\ud835\udcbd\ud835\udcb6\ud835\udcc9 \ud835\udccc\ud835\udcb6\ud835\udcce...\ud83d\udc84\ud83d\udc44\ud83d\udda4 \u2022\u044f\u00ea\u00a7\u00ef\u00a7t\u2022 I only FB resisters. DM me if you want a FB. I cuss like a FUCKING lady \ud83d\udc8b\ud83d\udd95\ud83c\udffb","translator_type":"none","protected":false,"verified":false,"followers_count":63697,"friends_count":38216,"listed_count":91,"favourites_count":313893,"statuses_count":38478,"created_at":"Thu Jun 08 00:43:59 +0000 2017","utc_offset":null,"time_zone":null,"geo_enabled":false,"lang":null,"contributors_enabled":false,"is_translator":false,"profile_background_color":"F5F8FA","profile_background_image_url":"","profile_background_image_url_https":"","profile_background_tile":false,"profile_link_color":"1DA1F2","profile_sidebar_border_color":"C0DEED","profile_sidebar_fill_color":"DDEEF6","profile_text_color":"333333","profile_use_background_image":true,"profile_image_url":"http:\/\/pbs.twimg.com\/profile_images\/1094827517930696705\/lkJf7MTC_normal.jpg","profile_image_url_https":"https:\/\/pbs.twimg.com\/profile_images\/1094827517930696705\/lkJf7MTC_normal.jpg","profile_banner_url":"https:\/\/pbs.twimg.com\/profile_banners\/872615153065275392\/1549862197","default_profile":true,"default_profile_image":false,"following":null,"follow_request_sent":null,"notifications":null},"geo":null,"coordinates":null,"place":null,"contributors":null,"quoted_status_id":1248595756170260482,"quoted_status_id_str":"1248595756170260482","quoted_status":{"created_at":"Fri Apr 10 12:56:40 +0000 2020","id":1248595756170260482,"id_str":"1248595756170260482","text":"Why are you scared to use your real pic as your profile pic? I use my real pic.","source":"\u003ca href=\"http:\/\/twitter.com\/download\/iphone\" rel=\"nofollow\"\u003eTwitter for iPhone\u003c\/a\u003e","truncated":false,"in_reply_to_status_id":null,"in_reply_to_status_id_str":null,"in_reply_to_user_id":null,"in_reply_to_user_id_str":null,"in_reply_to_screen_name":null,"user":{"id":2850273322,"id_str":"2850273322","name":"Ron S","screen_name":"RonSarkar","location":"Planet Mars","url":null,"description":"Dem. #Resist Dump the Drumpf November 2020. Thoughts are my own. #resisters #resistance #VoteBlue #VoteBlueNoMatterWho #StrongerTogether No freaking MAGA\u2019s.","translator_type":"none","protected":false,"verified":false,"followers_count":6827,"friends_count":5301,"listed_count":19,"favourites_count":37941,"statuses_count":31013,"created_at":"Wed Oct 29 18:54:09 +0000 2014","utc_offset":null,"time_zone":null,"geo_enabled":true,"lang":null,"contributors_enabled":false,"is_translator":false,"profile_background_color":"C0DEED","profile_background_image_url":"http:\/\/abs.twimg.com\/images\/themes\/theme1\/bg.png","profile_background_image_url_https":"https:\/\/abs.twimg.com\/images\/themes\/theme1\/bg.png","profile_background_tile":false,"profile_link_color":"1DA1F2","profile_sidebar_border_color":"C0DEED","profile_sidebar_fill_color":"DDEEF6","profile_text_color":"333333","profile_use_background_image":true,"profile_image_url":"http:\/\/pbs.twimg.com\/profile_images\/1216580979885780992\/ufrG9Dyv_normal.jpg","profile_image_url_https":"https:\/\/pbs.twimg.com\/profile_images\/1216580979885780992\/ufrG9Dyv_normal.jpg","profile_banner_url":"https:\/\/pbs.twimg.com\/profile_banners\/2850273322\/1484872642","default_profile":true,"default_profile_image":false,"following":null,"follow_request_sent":null,"notifications":null},"geo":null,"coordinates":null,"place":null,"contributors":null,"is_quote_status":false,"quote_count":18,"reply_count":369,"retweet_count":14,"favorite_count":227,"entities":{"hashtags":[],"urls":[],"user_mentions":[],"symbols":[]},"favorited":false,"retweeted":false,"filter_level":"low","lang":"en"},"quoted_status_permalink":{"url":"https:\/\/t.co\/ouqwSmNFXg","expanded":"https:\/\/twitter.com\/ronsarkar\/status\/1248595756170260482","display":"twitter.com\/ronsarkar\/stat\u2026"},"is_quote_status":true,"extended_tweet":{"full_text":"Must be nice to not have to worry about your safety so much that you\u2019re able to judge others for protecting themselves.\n\nAlso, why do you care? Mind your own damn business \ud83d\ude44","display_text_range":[0,173],"entities":{"hashtags":[],"urls":[],"user_mentions":[],"symbols":[]}},"quote_count":1,"reply_count":7,"retweet_count":6,"favorite_count":54,"entities":{"hashtags":[],"urls":[{"url":"https:\/\/t.co\/8FsECNknE9","expanded_url":"https:\/\/twitter.com\/i\/web\/status\/1248655789910151169","display_url":"twitter.com\/i\/web\/status\/1\u2026","indices":[117,140]}],"user_mentions":[],"symbols":[]},"favorited":false,"retweeted":false,"filter_level":"low","lang":"en"},"quoted_status_id":1248595756170260482,"quoted_status_id_str":"1248595756170260482","quoted_status":{"created_at":"Fri Apr 10 12:56:40 +0000 2020","id":1248595756170260482,"id_str":"1248595756170260482","text":"Why are you scared to use your real pic as your profile pic? I use my real pic.","source":"\u003ca href=\"http:\/\/twitter.com\/download\/iphone\" rel=\"nofollow\"\u003eTwitter for iPhone\u003c\/a\u003e","truncated":false,"in_reply_to_status_id":null,"in_reply_to_status_id_str":null,"in_reply_to_user_id":null,"in_reply_to_user_id_str":null,"in_reply_to_screen_name":null,"user":{"id":2850273322,"id_str":"2850273322","name":"Ron S","screen_name":"RonSarkar","location":"Planet Mars","url":null,"description":"Dem. #Resist Dump the Drumpf November 2020. Thoughts are my own. #resisters #resistance #VoteBlue #VoteBlueNoMatterWho #StrongerTogether No freaking MAGA\u2019s.","translator_type":"none","protected":false,"verified":false,"followers_count":6827,"friends_count":5301,"listed_count":19,"favourites_count":37941,"statuses_count":31013,"created_at":"Wed Oct 29 18:54:09 +0000 2014","utc_offset":null,"time_zone":null,"geo_enabled":true,"lang":null,"contributors_enabled":false,"is_translator":false,"profile_background_color":"C0DEED","profile_background_image_url":"http:\/\/abs.twimg.com\/images\/themes\/theme1\/bg.png","profile_background_image_url_https":"https:\/\/abs.twimg.com\/images\/themes\/theme1\/bg.png","profile_background_tile":false,"profile_link_color":"1DA1F2","profile_sidebar_border_color":"C0DEED","profile_sidebar_fill_color":"DDEEF6","profile_text_color":"333333","profile_use_background_image":true,"profile_image_url":"http:\/\/pbs.twimg.com\/profile_images\/1216580979885780992\/ufrG9Dyv_normal.jpg","profile_image_url_https":"https:\/\/pbs.twimg.com\/profile_images\/1216580979885780992\/ufrG9Dyv_normal.jpg","profile_banner_url":"https:\/\/pbs.twimg.com\/profile_banners\/2850273322\/1484872642","default_profile":true,"default_profile_image":false,"following":null,"follow_request_sent":null,"notifications":null},"geo":null,"coordinates":null,"place":null,"contributors":null,"is_quote_status":false,"quote_count":18,"reply_count":369,"retweet_count":14,"favorite_count":227,"entities":{"hashtags":[],"urls":[],"user_mentions":[],"symbols":[]},"favorited":false,"retweeted":false,"filter_level":"low","lang":"en"},"quoted_status_permalink":{"url":"https:\/\/t.co\/ouqwSmNFXg","expanded":"https:\/\/twitter.com\/ronsarkar\/status\/1248595756170260482","display":"twitter.com\/ronsarkar\/stat\u2026"},"is_quote_status":true,"quote_count":0,"reply_count":0,"retweet_count":0,"favorite_count":0,"entities":{"hashtags":[],"urls":[],"user_mentions":[{"screen_name":"MrsRabbitResist","name":"\ud83d\udc8b\ud835\udca5\ud835\udc52\ud835\udcc8\ud835\udcc8\ud835\udcbe\ud835\udcb8\ud835\udcb6\u211b\ud835\udcb6\ud835\udcb7\ud835\udcb7\ud835\udcbe\ud835\udcc9\ud83d\udc8b","id":872615153065275392,"id_str":"872615153065275392","indices":[3,19]}],"symbols":[]},"favorited":false,"retweeted":false,"filter_level":"low","lang":"en","timestamp_ms":"1586538236657"}
