{"created_at":"Fri Apr 10 17:03:48 +0000 2020","id":1248657949070725121,"id_str":"1248657949070725121","text":"RT @growuptogetherx: \u0e17\u0e33\u0e44\u0e21\u0e40\u0e02\u0e35\u0e22\u0e19\u0e1a\u0e17\u0e43\u0e2b\u0e49\u0e40\u0e1e\u0e37\u0e48\u0e2d\u0e19\u0e44\u0e17\u0e19\u0e4c\u0e14\u0e39\u0e19\u0e48\u0e32\u0e23\u0e33\u0e04\u0e32\u0e0d\u0e02\u0e19\u0e32\u0e14\u0e19\u0e35\u0e49\u0e2d\u0e30\u0e04\u0e30 \u0e40\u0e2d\u0e32\u0e08\u0e23\u0e34\u0e07\u0e46\u0e40\u0e1e\u0e37\u0e48\u0e2d\u0e19\u0e44\u0e17\u0e19\u0e4c\u0e19\u0e34\u0e22\u0e32\u0e22\u0e0a\u0e48\u0e27\u0e22\u0e43\u0e2b\u0e49\u0e44\u0e17\u0e19\u0e4c\u0e23\u0e39\u0e49\u0e43\u0e08\u0e15\u0e31\u0e27\u0e40\u0e2d\u0e07\u0e19\u0e30 \u0e44\u0e21\u0e48\u0e44\u0e14\u0e49\u0e01\u0e31\u0e19\u0e44\u0e17\u0e19\u0e4c\u0e2d\u0e2d\u0e01\u0e08\u0e32\u0e01\u0e2a\u0e32\u0e23\u0e27\u0e31\u2026","source":"\u003ca href=\"http:\/\/twitter.com\/download\/android\" rel=\"nofollow\"\u003eTwitter for Android\u003c\/a\u003e","truncated":false,"in_reply_to_status_id":null,"in_reply_to_status_id_str":null,"in_reply_to_user_id":null,"in_reply_to_user_id_str":null,"in_reply_to_screen_name":null,"user":{"id":4743541333,"id_str":"4743541333","name":"\u2744\ud83c\udf0a\ud83c\udf15","screen_name":"MoLhsasithon20","location":null,"url":null,"description":"\ub2ec\ub825\uc744 \ub118\uae38 \ub54c\ucbe4\uc5d4\u00a0\n\uc6b0\ub9ac\uc758 \uc0ac\ub791\uc740 \ub354\uc6b1\ub354.\nWRONE EXO & EXO-L","translator_type":"none","protected":false,"verified":false,"followers_count":30,"friends_count":312,"listed_count":1,"favourites_count":9468,"statuses_count":75741,"created_at":"Mon Jan 11 13:55:46 +0000 2016","utc_offset":null,"time_zone":null,"geo_enabled":false,"lang":null,"contributors_enabled":false,"is_translator":false,"profile_background_color":"000000","profile_background_image_url":"http:\/\/abs.twimg.com\/images\/themes\/theme1\/bg.png","profile_background_image_url_https":"https:\/\/abs.twimg.com\/images\/themes\/theme1\/bg.png","profile_background_tile":false,"profile_link_color":"981CEB","profile_sidebar_border_color":"000000","profile_sidebar_fill_color":"000000","profile_text_color":"000000","profile_use_background_image":false,"profile_image_url":"http:\/\/pbs.twimg.com\/profile_images\/1146093122566275072\/a8F1Aohq_normal.jpg","profile_image_url_https":"https:\/\/pbs.twimg.com\/profile_images\/1146093122566275072\/a8F1Aohq_normal.jpg","profile_banner_url":"https:\/\/pbs.twimg.com\/profile_banners\/4743541333\/1514989470","default_profile":false,"default_profile_image":false,"following":null,"follow_request_sent":null,"notifications":null},"geo":null,"coordinates":null,"place":null,"contributors":null,"retweeted_status":{"created_at":"Fri Apr 10 15:41:43 +0000 2020","id":1248637290978488320,"id_str":"1248637290978488320","text":"\u0e17\u0e33\u0e44\u0e21\u0e40\u0e02\u0e35\u0e22\u0e19\u0e1a\u0e17\u0e43\u0e2b\u0e49\u0e40\u0e1e\u0e37\u0e48\u0e2d\u0e19\u0e44\u0e17\u0e19\u0e4c\u0e14\u0e39\u0e19\u0e48\u0e32\u0e23\u0e33\u0e04\u0e32\u0e0d\u0e02\u0e19\u0e32\u0e14\u0e19\u0e35\u0e49\u0e2d\u0e30\u0e04\u0e30 \u0e40\u0e2d\u0e32\u0e08\u0e23\u0e34\u0e07\u0e46\u0e40\u0e1e\u0e37\u0e48\u0e2d\u0e19\u0e44\u0e17\u0e19\u0e4c\u0e19\u0e34\u0e22\u0e32\u0e22\u0e0a\u0e48\u0e27\u0e22\u0e43\u0e2b\u0e49\u0e44\u0e17\u0e19\u0e4c\u0e23\u0e39\u0e49\u0e43\u0e08\u0e15\u0e31\u0e27\u0e40\u0e2d\u0e07\u0e19\u0e30 \u0e44\u0e21\u0e48\u0e44\u0e14\u0e49\u0e01\u0e31\u0e19\u0e44\u0e17\u0e19\u0e4c\u0e2d\u0e2d\u0e01\u0e08\u0e32\u0e01\u0e2a\u0e32\u2026 https:\/\/t.co\/z3BFng9ehr","source":"\u003ca href=\"http:\/\/twitter.com\/download\/iphone\" rel=\"nofollow\"\u003eTwitter for iPhone\u003c\/a\u003e","truncated":true,"in_reply_to_status_id":null,"in_reply_to_status_id_str":null,"in_reply_to_user_id":null,"in_reply_to_user_id_str":null,"in_reply_to_screen_name":null,"user":{"id":994470034696163328,"id_str":"994470034696163328","name":"\ud835\udc26\ud835\udc2c\ud835\udc25\ud83e\uddf8","screen_name":"growuptogetherx","location":"tayta x bbrightvc x winmetawin","url":null,"description":"\u0e2d\u0e48\u0e32\u0e04\u0e48\u0e30 \u0e41\u0e25\u0e49\u0e27\u0e22\u0e31\u0e07\u0e44\u0e07\u0e15\u0e48\u0e2d","translator_type":"none","protected":false,"verified":false,"followers_count":5188,"friends_count":22,"listed_count":13,"favourites_count":18547,"statuses_count":45206,"created_at":"Thu May 10 06:51:47 +0000 2018","utc_offset":null,"time_zone":null,"geo_enabled":true,"lang":null,"contributors_enabled":false,"is_translator":false,"profile_background_color":"F5F8FA","profile_background_image_url":"","profile_background_image_url_https":"","profile_background_tile":false,"profile_link_color":"1DA1F2","profile_sidebar_border_color":"C0DEED","profile_sidebar_fill_color":"DDEEF6","profile_text_color":"333333","profile_use_background_image":true,"profile_image_url":"http:\/\/pbs.twimg.com\/profile_images\/1247026306664947713\/ZTEEEN_k_normal.jpg","profile_image_url_https":"https:\/\/pbs.twimg.com\/profile_images\/1247026306664947713\/ZTEEEN_k_normal.jpg","profile_banner_url":"https:\/\/pbs.twimg.com\/profile_banners\/994470034696163328\/1583594147","default_profile":true,"default_profile_image":false,"following":null,"follow_request_sent":null,"notifications":null},"geo":null,"coordinates":null,"place":null,"contributors":null,"is_quote_status":false,"extended_tweet":{"full_text":"\u0e17\u0e33\u0e44\u0e21\u0e40\u0e02\u0e35\u0e22\u0e19\u0e1a\u0e17\u0e43\u0e2b\u0e49\u0e40\u0e1e\u0e37\u0e48\u0e2d\u0e19\u0e44\u0e17\u0e19\u0e4c\u0e14\u0e39\u0e19\u0e48\u0e32\u0e23\u0e33\u0e04\u0e32\u0e0d\u0e02\u0e19\u0e32\u0e14\u0e19\u0e35\u0e49\u0e2d\u0e30\u0e04\u0e30 \u0e40\u0e2d\u0e32\u0e08\u0e23\u0e34\u0e07\u0e46\u0e40\u0e1e\u0e37\u0e48\u0e2d\u0e19\u0e44\u0e17\u0e19\u0e4c\u0e19\u0e34\u0e22\u0e32\u0e22\u0e0a\u0e48\u0e27\u0e22\u0e43\u0e2b\u0e49\u0e44\u0e17\u0e19\u0e4c\u0e23\u0e39\u0e49\u0e43\u0e08\u0e15\u0e31\u0e27\u0e40\u0e2d\u0e07\u0e19\u0e30 \u0e44\u0e21\u0e48\u0e44\u0e14\u0e49\u0e01\u0e31\u0e19\u0e44\u0e17\u0e19\u0e4c\u0e2d\u0e2d\u0e01\u0e08\u0e32\u0e01\u0e2a\u0e32\u0e23\u0e27\u0e31\u0e15\u0e23\u0e40\u0e25\u0e22 \u0e41\u0e25\u0e49\u0e27\u0e01\u0e47\u0e40\u0e02\u0e49\u0e32\u0e02\u0e32\u0e01\u0e31\u0e1a\u0e40\u0e1e\u0e37\u0e48\u0e2d\u0e19\u0e2a\u0e32\u0e23\u0e27\u0e31\u0e15\u0e23\u0e41\u0e15\u0e48\u0e43\u0e19\u0e0b\u0e35\u0e23\u0e35\u0e2a\u0e4c\u0e04\u0e37\u0e2d\u0e21\u0e35\u0e04\u0e27\u0e32\u0e21\u0e23\u0e2a\u0e27\u0e48\u0e32\u0e40\u0e1e\u0e37\u0e48\u0e2d\u0e19\u0e44\u0e17\u0e19\u0e4c\u0e40\u0e1b\u0e47\u0e19\u0e44\u0e23\u0e15\u0e25\u0e2d\u0e14\u0e40\u0e27\u0e25\u0e32 \u0e41\u0e25\u0e49\u0e27\u0e0b\u0e35\u0e19\u0e2a\u0e48\u0e2d\u0e07\u0e2a\u0e32\u0e27\u0e43\u0e2a\u0e48\u0e21\u0e32\u0e17\u0e33\u0e44\u0e21\u0e40\u0e22\u0e2d\u0e30\u0e41\u0e22\u0e30 \u0e21\u0e31\u0e19\u0e17\u0e33\u0e43\u0e2b\u0e49\u0e20\u0e32\u0e1e\u0e25\u0e31\u0e01\u0e29\u0e13\u0e4c\u0e0b\u0e35\u0e23\u0e35\u0e2a\u0e4c\u0e14\u0e39\u0e41\u0e22\u0e48\u0e21\u0e32\u0e01 #\u0e04\u0e31\u0e48\u0e19\u0e01\u0e39EP8","display_text_range":[0,275],"entities":{"hashtags":[{"text":"\u0e04\u0e31\u0e48\u0e19\u0e01\u0e39EP8","indices":[265,275]}],"urls":[],"user_mentions":[],"symbols":[]}},"quote_count":56,"reply_count":103,"retweet_count":4857,"favorite_count":1631,"entities":{"hashtags":[],"urls":[{"url":"https:\/\/t.co\/z3BFng9ehr","expanded_url":"https:\/\/twitter.com\/i\/web\/status\/1248637290978488320","display_url":"twitter.com\/i\/web\/status\/1\u2026","indices":[117,140]}],"user_mentions":[],"symbols":[]},"favorited":false,"retweeted":false,"filter_level":"low","lang":"th"},"is_quote_status":false,"quote_count":0,"reply_count":0,"retweet_count":0,"favorite_count":0,"entities":{"hashtags":[],"urls":[],"user_mentions":[{"screen_name":"growuptogetherx","name":"\ud835\udc26\ud835\udc2c\ud835\udc25\ud83e\uddf8","id":994470034696163328,"id_str":"994470034696163328","indices":[3,19]}],"symbols":[]},"favorited":false,"retweeted":false,"filter_level":"low","lang":"th","timestamp_ms":"1586538228658"}
