{"created_at":"Fri Apr 10 17:03:55 +0000 2020","id":1248657978447802370,"id_str":"1248657978447802370","text":"RT @f_tahitian: \ud83d\udc8b\ud83d\udd25Play with my big titties\ud83d\udd25\ud83d\udc8b\ud83d\ude18RT and tell me what you would do to these\u2763\ud83d\ude18\ud83d\udd25\ud83d\ude08 https:\/\/t.co\/jRzWloAZSG","source":"\u003ca href=\"http:\/\/twitter.com\/download\/android\" rel=\"nofollow\"\u003eTwitter for Android\u003c\/a\u003e","truncated":false,"in_reply_to_status_id":null,"in_reply_to_status_id_str":null,"in_reply_to_user_id":null,"in_reply_to_user_id_str":null,"in_reply_to_screen_name":null,"user":{"id":1238645089980776449,"id_str":"1238645089980776449","name":"Jez Wayland","screen_name":"WaylandJez","location":null,"url":null,"description":"horny man looking for horny woman DM me","translator_type":"none","protected":false,"verified":false,"followers_count":347,"friends_count":1941,"listed_count":0,"favourites_count":7221,"statuses_count":3533,"created_at":"Sat Mar 14 01:56:42 +0000 2020","utc_offset":null,"time_zone":null,"geo_enabled":false,"lang":null,"contributors_enabled":false,"is_translator":false,"profile_background_color":"F5F8FA","profile_background_image_url":"","profile_background_image_url_https":"","profile_background_tile":false,"profile_link_color":"1DA1F2","profile_sidebar_border_color":"C0DEED","profile_sidebar_fill_color":"DDEEF6","profile_text_color":"333333","profile_use_background_image":true,"profile_image_url":"http:\/\/abs.twimg.com\/sticky\/default_profile_images\/default_profile_normal.png","profile_image_url_https":"https:\/\/abs.twimg.com\/sticky\/default_profile_images\/default_profile_normal.png","default_profile":true,"default_profile_image":false,"following":null,"follow_request_sent":null,"notifications":null},"geo":null,"coordinates":null,"place":null,"contributors":null,"retweeted_status":{"created_at":"Fri Apr 10 13:33:59 +0000 2020","id":1248605147959160834,"id_str":"1248605147959160834","text":"\ud83d\udc8b\ud83d\udd25Play with my big titties\ud83d\udd25\ud83d\udc8b\ud83d\ude18RT and tell me what you would do to these\u2763\ud83d\ude18\ud83d\udd25\ud83d\ude08 https:\/\/t.co\/jRzWloAZSG","display_text_range":[0,74],"source":"\u003ca href=\"http:\/\/twitter.com\/download\/android\" rel=\"nofollow\"\u003eTwitter for Android\u003c\/a\u003e","truncated":false,"in_reply_to_status_id":null,"in_reply_to_status_id_str":null,"in_reply_to_user_id":null,"in_reply_to_user_id_str":null,"in_reply_to_screen_name":null,"user":{"id":1190002004459802624,"id_str":"1190002004459802624","name":"TahitianF\ud83c\udf3a \ud83d\udd1fK","screen_name":"f_tahitian","location":"USA","url":"https:\/\/onlyfans.com\/f_tahitian","description":"~Cam model~Love creating Sexy, Dope content!\n \ud83d\udd25Sext or talk on: http:\/\/sextpanther.com\/TahitianF\n\ud83e\udd11Cashapp: $TahitianF\n #MILF #TeamKRC #ATHM #Skype #3KBabe","translator_type":"none","protected":false,"verified":false,"followers_count":10433,"friends_count":745,"listed_count":32,"favourites_count":9561,"statuses_count":8276,"created_at":"Thu Oct 31 20:26:18 +0000 2019","utc_offset":null,"time_zone":null,"geo_enabled":false,"lang":null,"contributors_enabled":false,"is_translator":false,"profile_background_color":"F5F8FA","profile_background_image_url":"","profile_background_image_url_https":"","profile_background_tile":false,"profile_link_color":"1DA1F2","profile_sidebar_border_color":"C0DEED","profile_sidebar_fill_color":"DDEEF6","profile_text_color":"333333","profile_use_background_image":true,"profile_image_url":"http:\/\/pbs.twimg.com\/profile_images\/1218183873923702785\/NB1_Umgv_normal.jpg","profile_image_url_https":"https:\/\/pbs.twimg.com\/profile_images\/1218183873923702785\/NB1_Umgv_normal.jpg","profile_banner_url":"https:\/\/pbs.twimg.com\/profile_banners\/1190002004459802624\/1579891152","default_profile":true,"default_profile_image":false,"following":null,"follow_request_sent":null,"notifications":null},"geo":null,"coordinates":null,"place":null,"contributors":null,"is_quote_status":false,"quote_count":3,"reply_count":9,"retweet_count":68,"favorite_count":234,"entities":{"hashtags":[],"urls":[],"user_mentions":[],"symbols":[],"media":[{"id":1248605043953000448,"id_str":"1248605043953000448","indices":[75,98],"additional_media_info":{"monetizable":false},"media_url":"http:\/\/pbs.twimg.com\/ext_tw_video_thumb\/1248605043953000448\/pu\/img\/7_B5eDqkvM1cExxB.jpg","media_url_https":"https:\/\/pbs.twimg.com\/ext_tw_video_thumb\/1248605043953000448\/pu\/img\/7_B5eDqkvM1cExxB.jpg","url":"https:\/\/t.co\/jRzWloAZSG","display_url":"pic.twitter.com\/jRzWloAZSG","expanded_url":"https:\/\/twitter.com\/f_tahitian\/status\/1248605147959160834\/video\/1","type":"photo","sizes":{"thumb":{"w":150,"h":150,"resize":"crop"},"medium":{"w":1200,"h":675,"resize":"fit"},"small":{"w":680,"h":383,"resize":"fit"},"large":{"w":1280,"h":720,"resize":"fit"}}}]},"extended_entities":{"media":[{"id":1248605043953000448,"id_str":"1248605043953000448","indices":[75,98],"additional_media_info":{"monetizable":false},"media_url":"http:\/\/pbs.twimg.com\/ext_tw_video_thumb\/1248605043953000448\/pu\/img\/7_B5eDqkvM1cExxB.jpg","media_url_https":"https:\/\/pbs.twimg.com\/ext_tw_video_thumb\/1248605043953000448\/pu\/img\/7_B5eDqkvM1cExxB.jpg","url":"https:\/\/t.co\/jRzWloAZSG","display_url":"pic.twitter.com\/jRzWloAZSG","expanded_url":"https:\/\/twitter.com\/f_tahitian\/status\/1248605147959160834\/video\/1","type":"video","video_info":{"aspect_ratio":[16,9],"duration_millis":16442,"variants":[{"bitrate":832000,"content_type":"video\/mp4","url":"https:\/\/video.twimg.com\/ext_tw_video\/1248605043953000448\/pu\/vid\/640x360\/c-VDxzJHG9h3PaBC.mp4?tag=10"},{"bitrate":2176000,"content_type":"video\/mp4","url":"https:\/\/video.twimg.com\/ext_tw_video\/1248605043953000448\/pu\/vid\/1280x720\/HHczvYjf-BAeCd0f.mp4?tag=10"},{"content_type":"application\/x-mpegURL","url":"https:\/\/video.twimg.com\/ext_tw_video\/1248605043953000448\/pu\/pl\/4vSM2GRbBL2yIYcc.m3u8?tag=10"},{"bitrate":256000,"content_type":"video\/mp4","url":"https:\/\/video.twimg.com\/ext_tw_video\/1248605043953000448\/pu\/vid\/480x270\/8Po8pAVapmS1c1gb.mp4?tag=10"}]},"sizes":{"thumb":{"w":150,"h":150,"resize":"crop"},"medium":{"w":1200,"h":675,"resize":"fit"},"small":{"w":680,"h":383,"resize":"fit"},"large":{"w":1280,"h":720,"resize":"fit"}}}]},"favorited":false,"retweeted":false,"possibly_sensitive":false,"filter_level":"low","lang":"en"},"is_quote_status":false,"quote_count":0,"reply_count":0,"retweet_count":0,"favorite_count":0,"entities":{"hashtags":[],"urls":[],"user_mentions":[{"screen_name":"f_tahitian","name":"TahitianF\ud83c\udf3a \ud83d\udd1fK","id":1190002004459802624,"id_str":"1190002004459802624","indices":[3,14]}],"symbols":[],"media":[{"id":1248605043953000448,"id_str":"1248605043953000448","indices":[91,114],"additional_media_info":{"monetizable":false},"media_url":"http:\/\/pbs.twimg.com\/ext_tw_video_thumb\/1248605043953000448\/pu\/img\/7_B5eDqkvM1cExxB.jpg","media_url_https":"https:\/\/pbs.twimg.com\/ext_tw_video_thumb\/1248605043953000448\/pu\/img\/7_B5eDqkvM1cExxB.jpg","url":"https:\/\/t.co\/jRzWloAZSG","display_url":"pic.twitter.com\/jRzWloAZSG","expanded_url":"https:\/\/twitter.com\/f_tahitian\/status\/1248605147959160834\/video\/1","type":"photo","sizes":{"thumb":{"w":150,"h":150,"resize":"crop"},"medium":{"w":1200,"h":675,"resize":"fit"},"small":{"w":680,"h":383,"resize":"fit"},"large":{"w":1280,"h":720,"resize":"fit"}},"source_status_id":1248605147959160834,"source_status_id_str":"1248605147959160834","source_user_id":1190002004459802624,"source_user_id_str":"1190002004459802624"}]},"extended_entities":{"media":[{"id":1248605043953000448,"id_str":"1248605043953000448","indices":[91,114],"additional_media_info":{"monetizable":false},"media_url":"http:\/\/pbs.twimg.com\/ext_tw_video_thumb\/1248605043953000448\/pu\/img\/7_B5eDqkvM1cExxB.jpg","media_url_https":"https:\/\/pbs.twimg.com\/ext_tw_video_thumb\/1248605043953000448\/pu\/img\/7_B5eDqkvM1cExxB.jpg","url":"https:\/\/t.co\/jRzWloAZSG","display_url":"pic.twitter.com\/jRzWloAZSG","expanded_url":"https:\/\/twitter.com\/f_tahitian\/status\/1248605147959160834\/video\/1","type":"video","video_info":{"aspect_ratio":[16,9],"duration_millis":16442,"variants":[{"bitrate":832000,"content_type":"video\/mp4","url":"https:\/\/video.twimg.com\/ext_tw_video\/1248605043953000448\/pu\/vid\/640x360\/c-VDxzJHG9h3PaBC.mp4?tag=10"},{"bitrate":2176000,"content_type":"video\/mp4","url":"https:\/\/video.twimg.com\/ext_tw_video\/1248605043953000448\/pu\/vid\/1280x720\/HHczvYjf-BAeCd0f.mp4?tag=10"},{"content_type":"application\/x-mpegURL","url":"https:\/\/video.twimg.com\/ext_tw_video\/1248605043953000448\/pu\/pl\/4vSM2GRbBL2yIYcc.m3u8?tag=10"},{"bitrate":256000,"content_type":"video\/mp4","url":"https:\/\/video.twimg.com\/ext_tw_video\/1248605043953000448\/pu\/vid\/480x270\/8Po8pAVapmS1c1gb.mp4?tag=10"}]},"sizes":{"thumb":{"w":150,"h":150,"resize":"crop"},"medium":{"w":1200,"h":675,"resize":"fit"},"small":{"w":680,"h":383,"resize":"fit"},"large":{"w":1280,"h":720,"resize":"fit"}},"source_status_id":1248605147959160834,"source_status_id_str":"1248605147959160834","source_user_id":1190002004459802624,"source_user_id_str":"1190002004459802624"}]},"favorited":false,"retweeted":false,"possibly_sensitive":false,"filter_level":"low","lang":"en","timestamp_ms":"1586538235662"}
