{"created_at":"Fri Apr 10 17:03:57 +0000 2020","id":1248657986823901188,"id_str":"1248657986823901188","text":"RT @desir_jeanpy: Faut avoir un palais distingu\u00e9 pour appr\u00e9cier \u00e7a","source":"\u003ca href=\"http:\/\/twitter.com\/download\/iphone\" rel=\"nofollow\"\u003eTwitter for iPhone\u003c\/a\u003e","truncated":false,"in_reply_to_status_id":null,"in_reply_to_status_id_str":null,"in_reply_to_user_id":null,"in_reply_to_user_id_str":null,"in_reply_to_screen_name":null,"user":{"id":1209762825993965568,"id_str":"1209762825993965568","name":"\u0627\u0644\u0639\u0646\u0628\u0631","screen_name":"ambruxj","location":"algerienne ","url":null,"description":"regarde mes m\u00e9dias \ud83e\uddcf\ud83c\udffd\u200d\u2640\ufe0f","translator_type":"none","protected":false,"verified":false,"followers_count":218,"friends_count":190,"listed_count":0,"favourites_count":2920,"statuses_count":3778,"created_at":"Wed Dec 25 09:08:41 +0000 2019","utc_offset":null,"time_zone":null,"geo_enabled":false,"lang":null,"contributors_enabled":false,"is_translator":false,"profile_background_color":"F5F8FA","profile_background_image_url":"","profile_background_image_url_https":"","profile_background_tile":false,"profile_link_color":"1DA1F2","profile_sidebar_border_color":"C0DEED","profile_sidebar_fill_color":"DDEEF6","profile_text_color":"333333","profile_use_background_image":true,"profile_image_url":"http:\/\/pbs.twimg.com\/profile_images\/1247273917280026624\/orZlmLLr_normal.jpg","profile_image_url_https":"https:\/\/pbs.twimg.com\/profile_images\/1247273917280026624\/orZlmLLr_normal.jpg","profile_banner_url":"https:\/\/pbs.twimg.com\/profile_banners\/1209762825993965568\/1586208251","default_profile":true,"default_profile_image":false,"following":null,"follow_request_sent":null,"notifications":null},"geo":null,"coordinates":null,"place":null,"contributors":null,"retweeted_status":{"created_at":"Fri Apr 10 16:46:02 +0000 2020","id":1248653477699637248,"id_str":"1248653477699637248","text":"Faut avoir un palais distingu\u00e9 pour appr\u00e9cier \u00e7a","source":"\u003ca href=\"http:\/\/twitter.com\/download\/iphone\" rel=\"nofollow\"\u003eTwitter for iPhone\u003c\/a\u003e","truncated":false,"in_reply_to_status_id":null,"in_reply_to_status_id_str":null,"in_reply_to_user_id":null,"in_reply_to_user_id_str":null,"in_reply_to_screen_name":null,"user":{"id":707272373402259457,"id_str":"707272373402259457","name":"Jabberwocky \ud83d\udca5","screen_name":"desir_jeanpy","location":"Quelque part dans ta t\u00eate","url":"https:\/\/www.instagram.com\/desir_jeanpy\/","description":"\u00ab tu comprendras ce que je ressens quand tu seras pass\u00e9 de l\u2019autre c\u00f4t\u00e9 du miroir \u00bb          \ud83c\udde8\ud83c\uddec.\ud83c\udde8\ud83c\udde9","translator_type":"none","protected":false,"verified":false,"followers_count":1911,"friends_count":893,"listed_count":1,"favourites_count":8176,"statuses_count":12366,"created_at":"Tue Mar 08 18:30:49 +0000 2016","utc_offset":null,"time_zone":null,"geo_enabled":true,"lang":null,"contributors_enabled":false,"is_translator":false,"profile_background_color":"F5F8FA","profile_background_image_url":"","profile_background_image_url_https":"","profile_background_tile":false,"profile_link_color":"1DA1F2","profile_sidebar_border_color":"C0DEED","profile_sidebar_fill_color":"DDEEF6","profile_text_color":"333333","profile_use_background_image":true,"profile_image_url":"http:\/\/pbs.twimg.com\/profile_images\/1248411090045636611\/9LG7yyLi_normal.jpg","profile_image_url_https":"https:\/\/pbs.twimg.com\/profile_images\/1248411090045636611\/9LG7yyLi_normal.jpg","profile_banner_url":"https:\/\/pbs.twimg.com\/profile_banners\/707272373402259457\/1586314789","default_profile":true,"default_profile_image":false,"following":null,"follow_request_sent":null,"notifications":null},"geo":null,"coordinates":null,"place":null,"contributors":null,"quoted_status_id":1248405164353978369,"quoted_status_id_str":"1248405164353978369","quoted_status":{"created_at":"Fri Apr 10 00:19:20 +0000 2020","id":1248405164353978369,"id_str":"1248405164353978369","text":"Bomboclaat : https:\/\/t.co\/xYkHU1L2UH","display_text_range":[0,12],"source":"\u003ca href=\"http:\/\/twitter.com\/download\/iphone\" rel=\"nofollow\"\u003eTwitter for iPhone\u003c\/a\u003e","truncated":false,"in_reply_to_status_id":null,"in_reply_to_status_id_str":null,"in_reply_to_user_id":null,"in_reply_to_user_id_str":null,"in_reply_to_screen_name":null,"user":{"id":1182011614607892480,"id_str":"1182011614607892480","name":"RICHIE TT","screen_name":"richiett75","location":"Paris, France","url":"https:\/\/www.instagram.com\/p\/B4yNZnNIgO13bdgJVaZfIiwYLI6ld8SQJoHeNY0\/?igshid=v9t2fskzb884","description":"\ud83c\udde9\ud83c\uddff \ud83d\udc7brichiettprince\ud83d\udc7b \ud83e\udd85","translator_type":"none","protected":false,"verified":false,"followers_count":5828,"friends_count":6248,"listed_count":5,"favourites_count":38055,"statuses_count":38718,"created_at":"Wed Oct 09 19:15:16 +0000 2019","utc_offset":null,"time_zone":null,"geo_enabled":false,"lang":null,"contributors_enabled":false,"is_translator":false,"profile_background_color":"F5F8FA","profile_background_image_url":"","profile_background_image_url_https":"","profile_background_tile":false,"profile_link_color":"1DA1F2","profile_sidebar_border_color":"C0DEED","profile_sidebar_fill_color":"DDEEF6","profile_text_color":"333333","profile_use_background_image":true,"profile_image_url":"http:\/\/pbs.twimg.com\/profile_images\/1236002038288470023\/LpeQGROI_normal.jpg","profile_image_url_https":"https:\/\/pbs.twimg.com\/profile_images\/1236002038288470023\/LpeQGROI_normal.jpg","profile_banner_url":"https:\/\/pbs.twimg.com\/profile_banners\/1182011614607892480\/1578955119","default_profile":true,"default_profile_image":false,"following":null,"follow_request_sent":null,"notifications":null},"geo":null,"coordinates":null,"place":null,"contributors":null,"is_quote_status":false,"quote_count":232,"reply_count":10,"retweet_count":4,"favorite_count":29,"entities":{"hashtags":[],"urls":[],"user_mentions":[],"symbols":[],"media":[{"id":1248405154241466372,"id_str":"1248405154241466372","indices":[13,36],"media_url":"http:\/\/pbs.twimg.com\/media\/EVM535pUUAQo7VA.jpg","media_url_https":"https:\/\/pbs.twimg.com\/media\/EVM535pUUAQo7VA.jpg","url":"https:\/\/t.co\/xYkHU1L2UH","display_url":"pic.twitter.com\/xYkHU1L2UH","expanded_url":"https:\/\/twitter.com\/richiett75\/status\/1248405164353978369\/photo\/1","type":"photo","sizes":{"thumb":{"w":150,"h":150,"resize":"crop"},"medium":{"w":567,"h":567,"resize":"fit"},"large":{"w":567,"h":567,"resize":"fit"},"small":{"w":567,"h":567,"resize":"fit"}}}]},"extended_entities":{"media":[{"id":1248405154241466372,"id_str":"1248405154241466372","indices":[13,36],"media_url":"http:\/\/pbs.twimg.com\/media\/EVM535pUUAQo7VA.jpg","media_url_https":"https:\/\/pbs.twimg.com\/media\/EVM535pUUAQo7VA.jpg","url":"https:\/\/t.co\/xYkHU1L2UH","display_url":"pic.twitter.com\/xYkHU1L2UH","expanded_url":"https:\/\/twitter.com\/richiett75\/status\/1248405164353978369\/photo\/1","type":"photo","sizes":{"thumb":{"w":150,"h":150,"resize":"crop"},"medium":{"w":567,"h":567,"resize":"fit"},"large":{"w":567,"h":567,"resize":"fit"},"small":{"w":567,"h":567,"resize":"fit"}}}]},"favorited":false,"retweeted":false,"possibly_sensitive":false,"filter_level":"low","lang":"in"},"quoted_status_permalink":{"url":"https:\/\/t.co\/M8kfSwCI7t","expanded":"https:\/\/twitter.com\/richiett75\/status\/1248405164353978369","display":"twitter.com\/richiett75\/sta\u2026"},"is_quote_status":true,"quote_count":0,"reply_count":0,"retweet_count":2,"favorite_count":4,"entities":{"hashtags":[],"urls":[],"user_mentions":[],"symbols":[]},"favorited":false,"retweeted":false,"filter_level":"low","lang":"fr"},"quoted_status_id":1248405164353978369,"quoted_status_id_str":"1248405164353978369","quoted_status":{"created_at":"Fri Apr 10 00:19:20 +0000 2020","id":1248405164353978369,"id_str":"1248405164353978369","text":"Bomboclaat : https:\/\/t.co\/xYkHU1L2UH","display_text_range":[0,12],"source":"\u003ca href=\"http:\/\/twitter.com\/download\/iphone\" rel=\"nofollow\"\u003eTwitter for iPhone\u003c\/a\u003e","truncated":false,"in_reply_to_status_id":null,"in_reply_to_status_id_str":null,"in_reply_to_user_id":null,"in_reply_to_user_id_str":null,"in_reply_to_screen_name":null,"user":{"id":1182011614607892480,"id_str":"1182011614607892480","name":"RICHIE TT","screen_name":"richiett75","location":"Paris, France","url":"https:\/\/www.instagram.com\/p\/B4yNZnNIgO13bdgJVaZfIiwYLI6ld8SQJoHeNY0\/?igshid=v9t2fskzb884","description":"\ud83c\udde9\ud83c\uddff \ud83d\udc7brichiettprince\ud83d\udc7b \ud83e\udd85","translator_type":"none","protected":false,"verified":false,"followers_count":5828,"friends_count":6248,"listed_count":5,"favourites_count":38055,"statuses_count":38718,"created_at":"Wed Oct 09 19:15:16 +0000 2019","utc_offset":null,"time_zone":null,"geo_enabled":false,"lang":null,"contributors_enabled":false,"is_translator":false,"profile_background_color":"F5F8FA","profile_background_image_url":"","profile_background_image_url_https":"","profile_background_tile":false,"profile_link_color":"1DA1F2","profile_sidebar_border_color":"C0DEED","profile_sidebar_fill_color":"DDEEF6","profile_text_color":"333333","profile_use_background_image":true,"profile_image_url":"http:\/\/pbs.twimg.com\/profile_images\/1236002038288470023\/LpeQGROI_normal.jpg","profile_image_url_https":"https:\/\/pbs.twimg.com\/profile_images\/1236002038288470023\/LpeQGROI_normal.jpg","profile_banner_url":"https:\/\/pbs.twimg.com\/profile_banners\/1182011614607892480\/1578955119","default_profile":true,"default_profile_image":false,"following":null,"follow_request_sent":null,"notifications":null},"geo":null,"coordinates":null,"place":null,"contributors":null,"is_quote_status":false,"quote_count":232,"reply_count":10,"retweet_count":4,"favorite_count":29,"entities":{"hashtags":[],"urls":[],"user_mentions":[],"symbols":[],"media":[{"id":1248405154241466372,"id_str":"1248405154241466372","indices":[13,36],"media_url":"http:\/\/pbs.twimg.com\/media\/EVM535pUUAQo7VA.jpg","media_url_https":"https:\/\/pbs.twimg.com\/media\/EVM535pUUAQo7VA.jpg","url":"https:\/\/t.co\/xYkHU1L2UH","display_url":"pic.twitter.com\/xYkHU1L2UH","expanded_url":"https:\/\/twitter.com\/richiett75\/status\/1248405164353978369\/photo\/1","type":"photo","sizes":{"thumb":{"w":150,"h":150,"resize":"crop"},"medium":{"w":567,"h":567,"resize":"fit"},"large":{"w":567,"h":567,"resize":"fit"},"small":{"w":567,"h":567,"resize":"fit"}}}]},"extended_entities":{"media":[{"id":1248405154241466372,"id_str":"1248405154241466372","indices":[13,36],"media_url":"http:\/\/pbs.twimg.com\/media\/EVM535pUUAQo7VA.jpg","media_url_https":"https:\/\/pbs.twimg.com\/media\/EVM535pUUAQo7VA.jpg","url":"https:\/\/t.co\/xYkHU1L2UH","display_url":"pic.twitter.com\/xYkHU1L2UH","expanded_url":"https:\/\/twitter.com\/richiett75\/status\/1248405164353978369\/photo\/1","type":"photo","sizes":{"thumb":{"w":150,"h":150,"resize":"crop"},"medium":{"w":567,"h":567,"resize":"fit"},"large":{"w":567,"h":567,"resize":"fit"},"small":{"w":567,"h":567,"resize":"fit"}}}]},"favorited":false,"retweeted":false,"possibly_sensitive":false,"filter_level":"low","lang":"in"},"quoted_status_permalink":{"url":"https:\/\/t.co\/M8kfSwCI7t","expanded":"https:\/\/twitter.com\/richiett75\/status\/1248405164353978369","display":"twitter.com\/richiett75\/sta\u2026"},"is_quote_status":true,"quote_count":0,"reply_count":0,"retweet_count":0,"favorite_count":0,"entities":{"hashtags":[],"urls":[],"user_mentions":[{"screen_name":"desir_jeanpy","name":"Jabberwocky \ud83d\udca5","id":707272373402259457,"id_str":"707272373402259457","indices":[3,16]}],"symbols":[]},"favorited":false,"retweeted":false,"filter_level":"low","lang":"fr","timestamp_ms":"1586538237659"}
