{"created_at":"Fri Apr 10 17:03:54 +0000 2020","id":1248657974249349126,"id_str":"1248657974249349126","text":"RT @IngcJperez: @EErlandsen @carlospatipelao Fue a comprar pan... jajaja","source":"\u003ca href=\"http:\/\/twitter.com\/download\/android\" rel=\"nofollow\"\u003eTwitter for Android\u003c\/a\u003e","truncated":false,"in_reply_to_status_id":null,"in_reply_to_status_id_str":null,"in_reply_to_user_id":null,"in_reply_to_user_id_str":null,"in_reply_to_screen_name":null,"user":{"id":1199773008593924102,"id_str":"1199773008593924102","name":"Carlospatipelao viva mi pueblo! juntos podemos","screen_name":"carlospatipelao","location":null,"url":null,"description":"Segundo bloqueo, pero no importa seguimos!, no busco 1000 seguidores solo expresarme si es facho no me siga por que su opini\u00f3n no me interesa, viva mi pueblo","translator_type":"none","protected":false,"verified":false,"followers_count":2226,"friends_count":2374,"listed_count":1,"favourites_count":17964,"statuses_count":24379,"created_at":"Wed Nov 27 19:32:41 +0000 2019","utc_offset":null,"time_zone":null,"geo_enabled":false,"lang":null,"contributors_enabled":false,"is_translator":false,"profile_background_color":"F5F8FA","profile_background_image_url":"","profile_background_image_url_https":"","profile_background_tile":false,"profile_link_color":"1DA1F2","profile_sidebar_border_color":"C0DEED","profile_sidebar_fill_color":"DDEEF6","profile_text_color":"333333","profile_use_background_image":true,"profile_image_url":"http:\/\/pbs.twimg.com\/profile_images\/1234123180005945346\/FTq7aEds_normal.jpg","profile_image_url_https":"https:\/\/pbs.twimg.com\/profile_images\/1234123180005945346\/FTq7aEds_normal.jpg","profile_banner_url":"https:\/\/pbs.twimg.com\/profile_banners\/1199773008593924102\/1582478622","default_profile":true,"default_profile_image":false,"following":null,"follow_request_sent":null,"notifications":null},"geo":null,"coordinates":null,"place":null,"contributors":null,"retweeted_status":{"created_at":"Fri Apr 10 16:59:16 +0000 2020","id":1248656809616965637,"id_str":"1248656809616965637","text":"@EErlandsen @carlospatipelao Fue a comprar pan... jajaja","display_text_range":[29,56],"source":"\u003ca href=\"http:\/\/twitter.com\/download\/iphone\" rel=\"nofollow\"\u003eTwitter for iPhone\u003c\/a\u003e","truncated":false,"in_reply_to_status_id":1248641158307184640,"in_reply_to_status_id_str":"1248641158307184640","in_reply_to_user_id":92842927,"in_reply_to_user_id_str":"92842927","in_reply_to_screen_name":"EErlandsen","user":{"id":1136071561776160769,"id_str":"1136071561776160769","name":"Jp\u00e9rez.INGC \uf8ff","screen_name":"IngcJperez","location":null,"url":null,"description":"El hombre sin enemigos es una persona sin car\u00e1cter ni convicci\u00f3n!","translator_type":"none","protected":false,"verified":false,"followers_count":23,"friends_count":110,"listed_count":0,"favourites_count":1064,"statuses_count":1123,"created_at":"Wed Jun 05 00:45:42 +0000 2019","utc_offset":null,"time_zone":null,"geo_enabled":false,"lang":null,"contributors_enabled":false,"is_translator":false,"profile_background_color":"F5F8FA","profile_background_image_url":"","profile_background_image_url_https":"","profile_background_tile":false,"profile_link_color":"1DA1F2","profile_sidebar_border_color":"C0DEED","profile_sidebar_fill_color":"DDEEF6","profile_text_color":"333333","profile_use_background_image":true,"profile_image_url":"http:\/\/pbs.twimg.com\/profile_images\/1248272958738448384\/sR9r9hcs_normal.jpg","profile_image_url_https":"https:\/\/pbs.twimg.com\/profile_images\/1248272958738448384\/sR9r9hcs_normal.jpg","profile_banner_url":"https:\/\/pbs.twimg.com\/profile_banners\/1136071561776160769\/1571707907","default_profile":true,"default_profile_image":false,"following":null,"follow_request_sent":null,"notifications":null},"geo":null,"coordinates":null,"place":null,"contributors":null,"is_quote_status":false,"quote_count":0,"reply_count":0,"retweet_count":1,"favorite_count":1,"entities":{"hashtags":[],"urls":[],"user_mentions":[{"screen_name":"EErlandsen","name":"Eduardo Erlandsen #YoAprueboNuevaConstituci\u00f3n","id":92842927,"id_str":"92842927","indices":[0,11]},{"screen_name":"carlospatipelao","name":"Carlospatipelao viva mi pueblo! juntos podemos","id":1199773008593924102,"id_str":"1199773008593924102","indices":[12,28]}],"symbols":[]},"favorited":false,"retweeted":false,"filter_level":"low","lang":"es"},"is_quote_status":false,"quote_count":0,"reply_count":0,"retweet_count":0,"favorite_count":0,"entities":{"hashtags":[],"urls":[],"user_mentions":[{"screen_name":"IngcJperez","name":"Jp\u00e9rez.INGC \uf8ff","id":1136071561776160769,"id_str":"1136071561776160769","indices":[3,14]},{"screen_name":"EErlandsen","name":"Eduardo Erlandsen #YoAprueboNuevaConstituci\u00f3n","id":92842927,"id_str":"92842927","indices":[16,27]},{"screen_name":"carlospatipelao","name":"Carlospatipelao viva mi pueblo! juntos podemos","id":1199773008593924102,"id_str":"1199773008593924102","indices":[28,44]}],"symbols":[]},"favorited":false,"retweeted":false,"filter_level":"low","lang":"es","timestamp_ms":"1586538234661"}
