{"created_at":"Fri Apr 10 17:03:48 +0000 2020","id":1248657949104504834,"id_str":"1248657949104504834","text":"@KSA24 \u0648\u0627\u0631\u062f\u0648\u0642\u0627\u0646 \u064a\u0648\u0632\u0639 \u0645\u0633\u0627\u0639\u062f\u0627\u062a\u0647 \u0644\u0627\u0633\u0631\u0627\u0626\u064a\u0644 !!","display_text_range":[7,41],"source":"\u003ca href=\"http:\/\/twitter.com\/download\/iphone\" rel=\"nofollow\"\u003eTwitter for iPhone\u003c\/a\u003e","truncated":false,"in_reply_to_status_id":1248656480515043329,"in_reply_to_status_id_str":"1248656480515043329","in_reply_to_user_id":701177444,"in_reply_to_user_id_str":"701177444","in_reply_to_screen_name":"KSA24","user":{"id":863160543884054529,"id_str":"863160543884054529","name":"\u0641\u0632\u0627\u0639 V","screen_name":"faza_7","location":"\u0645\u064a\u062a\u0634\u063a\u0646","url":"https:\/\/faza777.sarahah.com\/","description":"\u0627\u0644\u0627\u064a\u0627\u0645 \u0627\u0644\u062c\u0645\u064a\u0644\u0629 \u0642\u0627\u062f\u0645\u0629 \u0644\u0627 \u0645\u064f\u062d\u0627\u0644\u0629 ..","translator_type":"none","protected":false,"verified":false,"followers_count":1350,"friends_count":448,"listed_count":9,"favourites_count":386,"statuses_count":23080,"created_at":"Fri May 12 22:34:45 +0000 2017","utc_offset":null,"time_zone":null,"geo_enabled":true,"lang":null,"contributors_enabled":false,"is_translator":false,"profile_background_color":"F5F8FA","profile_background_image_url":"","profile_background_image_url_https":"","profile_background_tile":false,"profile_link_color":"1DA1F2","profile_sidebar_border_color":"C0DEED","profile_sidebar_fill_color":"DDEEF6","profile_text_color":"333333","profile_use_background_image":true,"profile_image_url":"http:\/\/pbs.twimg.com\/profile_images\/1213160026841456640\/6yzv6Yuj_normal.jpg","profile_image_url_https":"https:\/\/pbs.twimg.com\/profile_images\/1213160026841456640\/6yzv6Yuj_normal.jpg","profile_banner_url":"https:\/\/pbs.twimg.com\/profile_banners\/863160543884054529\/1572720093","default_profile":true,"default_profile_image":false,"following":null,"follow_request_sent":null,"notifications":null},"geo":null,"coordinates":null,"place":null,"contributors":null,"is_quote_status":false,"quote_count":0,"reply_count":0,"retweet_count":0,"favorite_count":0,"entities":{"hashtags":[],"urls":[],"user_mentions":[{"screen_name":"KSA24","name":"\u0645\u0639\u0627\u0644\u064a \/ \u0645\u0648\u062c\u0632 \u0627\u0644\u0623\u062e\u0628\u0627\u0631 \ud83c\uddf8\ud83c\udde6","id":701177444,"id_str":"701177444","indices":[0,6]}],"symbols":[]},"favorited":false,"retweeted":false,"filter_level":"low","lang":"ar","timestamp_ms":"1586538228666"}
