{"created_at":"Fri Apr 10 17:03:49 +0000 2020","id":1248657953273643009,"id_str":"1248657953273643009","text":"@hobiihearts IRS ONLT OUT OF CONTEXT IF YOU TAKE IT OUT","display_text_range":[13,55],"source":"\u003ca href=\"http:\/\/twitter.com\/download\/iphone\" rel=\"nofollow\"\u003eTwitter for iPhone\u003c\/a\u003e","truncated":false,"in_reply_to_status_id":1248657266011594752,"in_reply_to_status_id_str":"1248657266011594752","in_reply_to_user_id":1240938948647518208,"in_reply_to_user_id_str":"1240938948647518208","in_reply_to_screen_name":"hobiihearts","user":{"id":890712711742533632,"id_str":"890712711742533632","name":"Chantal\u2077\ud83d\udc3b","screen_name":"tranquilitaetae","location":"Canada, newfpindloand","url":null,"description":"#GGUKIE: i have the power of god and anime on my side","translator_type":"none","protected":false,"verified":false,"followers_count":764,"friends_count":823,"listed_count":7,"favourites_count":19458,"statuses_count":4188,"created_at":"Thu Jul 27 23:17:13 +0000 2017","utc_offset":null,"time_zone":null,"geo_enabled":false,"lang":null,"contributors_enabled":false,"is_translator":false,"profile_background_color":"000000","profile_background_image_url":"http:\/\/abs.twimg.com\/images\/themes\/theme1\/bg.png","profile_background_image_url_https":"https:\/\/abs.twimg.com\/images\/themes\/theme1\/bg.png","profile_background_tile":false,"profile_link_color":"311B92","profile_sidebar_border_color":"000000","profile_sidebar_fill_color":"000000","profile_text_color":"000000","profile_use_background_image":false,"profile_image_url":"http:\/\/pbs.twimg.com\/profile_images\/1245883149042802688\/z0CY2ZFV_normal.jpg","profile_image_url_https":"https:\/\/pbs.twimg.com\/profile_images\/1245883149042802688\/z0CY2ZFV_normal.jpg","profile_banner_url":"https:\/\/pbs.twimg.com\/profile_banners\/890712711742533632\/1585876665","default_profile":false,"default_profile_image":false,"following":null,"follow_request_sent":null,"notifications":null},"geo":null,"coordinates":null,"place":null,"contributors":null,"is_quote_status":false,"quote_count":0,"reply_count":0,"retweet_count":0,"favorite_count":0,"entities":{"hashtags":[],"urls":[],"user_mentions":[{"screen_name":"hobiihearts","name":"hannah\u2077 is seeing bts!","id":1240938948647518208,"id_str":"1240938948647518208","indices":[0,12]}],"symbols":[]},"favorited":false,"retweeted":false,"filter_level":"low","lang":"en","timestamp_ms":"1586538229660"}
