{"created_at":"Fri Apr 10 17:03:51 +0000 2020","id":1248657961687244800,"id_str":"1248657961687244800","text":"RT @patahan_ranting: Akan ada titik balik atas segala lakumu hari ini,\njika kau mematahkan,\nkelak kau akan dipatahkan.","source":"\u003ca href=\"http:\/\/twitter.com\/download\/android\" rel=\"nofollow\"\u003eTwitter for Android\u003c\/a\u003e","truncated":false,"in_reply_to_status_id":null,"in_reply_to_status_id_str":null,"in_reply_to_user_id":null,"in_reply_to_user_id_str":null,"in_reply_to_screen_name":null,"user":{"id":1148884104730968066,"id_str":"1148884104730968066","name":"virgenap","screen_name":"virgenap1","location":"Kota Surabaya, Jawa Timur","url":"https:\/\/www.instagram.com\/@vrgn.a.p","description":"dia pandai dalam berpura-pura,\npura-pura mencintaimu, misalnya.","translator_type":"none","protected":false,"verified":false,"followers_count":371,"friends_count":70,"listed_count":0,"favourites_count":1451,"statuses_count":668,"created_at":"Wed Jul 10 09:18:10 +0000 2019","utc_offset":null,"time_zone":null,"geo_enabled":false,"lang":null,"contributors_enabled":false,"is_translator":false,"profile_background_color":"F5F8FA","profile_background_image_url":"","profile_background_image_url_https":"","profile_background_tile":false,"profile_link_color":"1DA1F2","profile_sidebar_border_color":"C0DEED","profile_sidebar_fill_color":"DDEEF6","profile_text_color":"333333","profile_use_background_image":true,"profile_image_url":"http:\/\/pbs.twimg.com\/profile_images\/1248128634956603393\/qdDInYln_normal.jpg","profile_image_url_https":"https:\/\/pbs.twimg.com\/profile_images\/1248128634956603393\/qdDInYln_normal.jpg","profile_banner_url":"https:\/\/pbs.twimg.com\/profile_banners\/1148884104730968066\/1585547001","default_profile":true,"default_profile_image":false,"following":null,"follow_request_sent":null,"notifications":null},"geo":null,"coordinates":null,"place":null,"contributors":null,"retweeted_status":{"created_at":"Thu Apr 09 12:18:29 +0000 2020","id":1248223758080307202,"id_str":"1248223758080307202","text":"Akan ada titik balik atas segala lakumu hari ini,\njika kau mematahkan,\nkelak kau akan dipatahkan.","source":"\u003ca href=\"http:\/\/twitter.com\/download\/iphone\" rel=\"nofollow\"\u003eTwitter for iPhone\u003c\/a\u003e","truncated":false,"in_reply_to_status_id":null,"in_reply_to_status_id_str":null,"in_reply_to_user_id":null,"in_reply_to_user_id_str":null,"in_reply_to_screen_name":null,"user":{"id":1156404406625001473,"id_str":"1156404406625001473","name":"patahan.ranting","screen_name":"patahan_ranting","location":null,"url":"http:\/\/instagram.com\/patahan.ranting\/","description":"Tuhan sengaja melukai hatimu sedikit, untuk digantikan bahagia seluas langit.","translator_type":"none","protected":false,"verified":false,"followers_count":2187,"friends_count":40,"listed_count":0,"favourites_count":161,"statuses_count":507,"created_at":"Wed Jul 31 03:21:10 +0000 2019","utc_offset":null,"time_zone":null,"geo_enabled":false,"lang":null,"contributors_enabled":false,"is_translator":false,"profile_background_color":"F5F8FA","profile_background_image_url":"","profile_background_image_url_https":"","profile_background_tile":false,"profile_link_color":"1DA1F2","profile_sidebar_border_color":"C0DEED","profile_sidebar_fill_color":"DDEEF6","profile_text_color":"333333","profile_use_background_image":true,"profile_image_url":"http:\/\/pbs.twimg.com\/profile_images\/1220956254668853248\/SX2WFU3G_normal.jpg","profile_image_url_https":"https:\/\/pbs.twimg.com\/profile_images\/1220956254668853248\/SX2WFU3G_normal.jpg","profile_banner_url":"https:\/\/pbs.twimg.com\/profile_banners\/1156404406625001473\/1569641340","default_profile":true,"default_profile_image":false,"following":null,"follow_request_sent":null,"notifications":null},"geo":null,"coordinates":null,"place":null,"contributors":null,"is_quote_status":false,"quote_count":0,"reply_count":1,"retweet_count":13,"favorite_count":57,"entities":{"hashtags":[],"urls":[],"user_mentions":[],"symbols":[]},"favorited":false,"retweeted":false,"filter_level":"low","lang":"in"},"is_quote_status":false,"quote_count":0,"reply_count":0,"retweet_count":0,"favorite_count":0,"entities":{"hashtags":[],"urls":[],"user_mentions":[{"screen_name":"patahan_ranting","name":"patahan.ranting","id":1156404406625001473,"id_str":"1156404406625001473","indices":[3,19]}],"symbols":[]},"favorited":false,"retweeted":false,"filter_level":"low","lang":"in","timestamp_ms":"1586538231666"}
