{"created_at":"Fri Apr 10 17:03:57 +0000 2020","id":1248657986832273408,"id_str":"1248657986832273408","text":"Your fucking stupid \ud83d\ude02\ud83d\ude02\ud83d\ude02 I've seen basketball players look about stupid asf tryna play soccer or lacrosse or anythin\u2026 https:\/\/t.co\/MWQNii7Nuy","source":"\u003ca href=\"http:\/\/twitter.com\/download\/android\" rel=\"nofollow\"\u003eTwitter for Android\u003c\/a\u003e","truncated":true,"in_reply_to_status_id":null,"in_reply_to_status_id_str":null,"in_reply_to_user_id":null,"in_reply_to_user_id_str":null,"in_reply_to_screen_name":null,"user":{"id":1388530938,"id_str":"1388530938","name":"Tconwayy97","screen_name":"tjconwayy1997","location":null,"url":null,"description":"22 \ud83e\udd1e\ud83d\udcaf Baltimore #RIPLORSCOOTA\u2764\ufe0f move in silence\ud83e\udd2b @cashapp $tesha1031","translator_type":"none","protected":false,"verified":false,"followers_count":264,"friends_count":643,"listed_count":0,"favourites_count":4106,"statuses_count":5226,"created_at":"Mon Apr 29 03:34:55 +0000 2013","utc_offset":null,"time_zone":null,"geo_enabled":true,"lang":null,"contributors_enabled":false,"is_translator":false,"profile_background_color":"C0DEED","profile_background_image_url":"http:\/\/abs.twimg.com\/images\/themes\/theme1\/bg.png","profile_background_image_url_https":"https:\/\/abs.twimg.com\/images\/themes\/theme1\/bg.png","profile_background_tile":false,"profile_link_color":"1DA1F2","profile_sidebar_border_color":"C0DEED","profile_sidebar_fill_color":"DDEEF6","profile_text_color":"333333","profile_use_background_image":true,"profile_image_url":"http:\/\/pbs.twimg.com\/profile_images\/1152787429461508096\/K_ryZoKT_normal.jpg","profile_image_url_https":"https:\/\/pbs.twimg.com\/profile_images\/1152787429461508096\/K_ryZoKT_normal.jpg","profile_banner_url":"https:\/\/pbs.twimg.com\/profile_banners\/1388530938\/1501636818","default_profile":true,"default_profile_image":false,"following":null,"follow_request_sent":null,"notifications":null},"geo":null,"coordinates":null,"place":null,"contributors":null,"quoted_status_id":1248424072817430528,"quoted_status_id_str":"1248424072817430528","quoted_status":{"created_at":"Fri Apr 10 01:34:28 +0000 2020","id":1248424072817430528,"id_str":"1248424072817430528","text":"Basketball players can play any sport, better than any other athlete trying to play another sport\ud83e\udd37\ud83c\udffb\u200d\u2642\ufe0f https:\/\/t.co\/2vNVyQ52S7","display_text_range":[0,102],"source":"\u003ca href=\"http:\/\/twitter.com\/download\/iphone\" rel=\"nofollow\"\u003eTwitter for iPhone\u003c\/a\u003e","truncated":false,"in_reply_to_status_id":null,"in_reply_to_status_id_str":null,"in_reply_to_user_id":null,"in_reply_to_user_id_str":null,"in_reply_to_screen_name":null,"user":{"id":536630099,"id_str":"536630099","name":"J WEPP","screen_name":"JWepp","location":"Albany and Queens, NY","url":"https:\/\/www.snapchat.com\/add\/jwepp","description":"God\u2019s got you breathing for a reason\ud83d\udcabBusinessJW2@gmail.com","translator_type":"none","protected":false,"verified":false,"followers_count":43432,"friends_count":2366,"listed_count":392,"favourites_count":8653,"statuses_count":16159,"created_at":"Sun Mar 25 20:42:40 +0000 2012","utc_offset":null,"time_zone":null,"geo_enabled":true,"lang":null,"contributors_enabled":false,"is_translator":false,"profile_background_color":"C0DEED","profile_background_image_url":"http:\/\/abs.twimg.com\/images\/themes\/theme1\/bg.png","profile_background_image_url_https":"https:\/\/abs.twimg.com\/images\/themes\/theme1\/bg.png","profile_background_tile":true,"profile_link_color":"0084B4","profile_sidebar_border_color":"FFFFFF","profile_sidebar_fill_color":"DDEEF6","profile_text_color":"333333","profile_use_background_image":true,"profile_image_url":"http:\/\/pbs.twimg.com\/profile_images\/1241153165980024833\/SaWsAzFV_normal.jpg","profile_image_url_https":"https:\/\/pbs.twimg.com\/profile_images\/1241153165980024833\/SaWsAzFV_normal.jpg","profile_banner_url":"https:\/\/pbs.twimg.com\/profile_banners\/536630099\/1586246041","default_profile":false,"default_profile_image":false,"following":null,"follow_request_sent":null,"notifications":null},"geo":null,"coordinates":null,"place":null,"contributors":null,"quoted_status_id":1248423850917822465,"quoted_status_id_str":"1248423850917822465","is_quote_status":true,"quote_count":261,"reply_count":72,"retweet_count":673,"favorite_count":2365,"entities":{"hashtags":[],"urls":[{"url":"https:\/\/t.co\/2vNVyQ52S7","expanded_url":"https:\/\/twitter.com\/uncledrewgb\/status\/1248423850917822465","display_url":"twitter.com\/uncledrewgb\/st\u2026","indices":[103,126]}],"user_mentions":[],"symbols":[]},"favorited":false,"retweeted":false,"possibly_sensitive":false,"filter_level":"low","lang":"en"},"quoted_status_permalink":{"url":"https:\/\/t.co\/UWFYzfEam3","expanded":"https:\/\/twitter.com\/JWepp\/status\/1248424072817430528","display":"twitter.com\/JWepp\/status\/1\u2026"},"is_quote_status":true,"extended_tweet":{"full_text":"Your fucking stupid \ud83d\ude02\ud83d\ude02\ud83d\ude02 I've seen basketball players look about stupid asf tryna play soccer or lacrosse or anything else for that matter","display_text_range":[0,137],"entities":{"hashtags":[],"urls":[],"user_mentions":[],"symbols":[]}},"quote_count":0,"reply_count":0,"retweet_count":0,"favorite_count":0,"entities":{"hashtags":[],"urls":[{"url":"https:\/\/t.co\/MWQNii7Nuy","expanded_url":"https:\/\/twitter.com\/i\/web\/status\/1248657986832273408","display_url":"twitter.com\/i\/web\/status\/1\u2026","indices":[117,140]}],"user_mentions":[],"symbols":[]},"favorited":false,"retweeted":false,"filter_level":"low","lang":"en","timestamp_ms":"1586538237661"}
