{"created_at":"Fri Apr 10 17:03:49 +0000 2020","id":1248657953265090560,"id_str":"1248657953265090560","text":"\u3082\u3046\u3055\u3042\u3042\u3042\u3042\u3042\u3042","source":"\u003ca href=\"http:\/\/twitter.com\/download\/android\" rel=\"nofollow\"\u003eTwitter for Android\u003c\/a\u003e","truncated":false,"in_reply_to_status_id":null,"in_reply_to_status_id_str":null,"in_reply_to_user_id":null,"in_reply_to_user_id_str":null,"in_reply_to_screen_name":null,"user":{"id":858996857023811584,"id_str":"858996857023811584","name":"\u306f\u308b\u3055\u3081\u3002\u6625\u96e8\u3002","screen_name":"har0628","location":null,"url":"https:\/\/peing.net\/ja\/me\/home","description":"\u7279\u306b\u4f55\u3082\u3057\u3066\u306a\u3044","translator_type":"none","protected":false,"verified":false,"followers_count":46,"friends_count":307,"listed_count":1,"favourites_count":20553,"statuses_count":340,"created_at":"Mon May 01 10:49:44 +0000 2017","utc_offset":null,"time_zone":null,"geo_enabled":false,"lang":null,"contributors_enabled":false,"is_translator":false,"profile_background_color":"F5F8FA","profile_background_image_url":"","profile_background_image_url_https":"","profile_background_tile":false,"profile_link_color":"1DA1F2","profile_sidebar_border_color":"C0DEED","profile_sidebar_fill_color":"DDEEF6","profile_text_color":"333333","profile_use_background_image":true,"profile_image_url":"http:\/\/pbs.twimg.com\/profile_images\/1209523045527801856\/UH1f2TfO_normal.jpg","profile_image_url_https":"https:\/\/pbs.twimg.com\/profile_images\/1209523045527801856\/UH1f2TfO_normal.jpg","profile_banner_url":"https:\/\/pbs.twimg.com\/profile_banners\/858996857023811584\/1542149221","default_profile":true,"default_profile_image":false,"following":null,"follow_request_sent":null,"notifications":null},"geo":null,"coordinates":null,"place":null,"contributors":null,"is_quote_status":false,"quote_count":0,"reply_count":0,"retweet_count":0,"favorite_count":0,"entities":{"hashtags":[],"urls":[],"user_mentions":[],"symbols":[]},"favorited":false,"retweeted":false,"filter_level":"low","lang":"ja","timestamp_ms":"1586538229658"}
