{"created_at":"Fri Apr 10 17:03:48 +0000 2020","id":1248657949066579973,"id_str":"1248657949066579973","text":"@sluggyalsobuggy \ud83e\udd7a\ud83d\udc95","display_text_range":[17,19],"source":"\u003ca href=\"http:\/\/twitter.com\/download\/iphone\" rel=\"nofollow\"\u003eTwitter for iPhone\u003c\/a\u003e","truncated":false,"in_reply_to_status_id":1248475467889258502,"in_reply_to_status_id_str":"1248475467889258502","in_reply_to_user_id":546916033,"in_reply_to_user_id_str":"546916033","in_reply_to_screen_name":"sluggyalsobuggy","user":{"id":1038840717999652865,"id_str":"1038840717999652865","name":"Rison","screen_name":"rison_shine","location":"Laramie, WY","url":null,"description":"don't call me stupid... that ain't the way my name pronounced","translator_type":"none","protected":false,"verified":false,"followers_count":131,"friends_count":225,"listed_count":1,"favourites_count":4710,"statuses_count":1730,"created_at":"Sun Sep 09 17:25:02 +0000 2018","utc_offset":null,"time_zone":null,"geo_enabled":true,"lang":null,"contributors_enabled":false,"is_translator":false,"profile_background_color":"000000","profile_background_image_url":"http:\/\/abs.twimg.com\/images\/themes\/theme1\/bg.png","profile_background_image_url_https":"https:\/\/abs.twimg.com\/images\/themes\/theme1\/bg.png","profile_background_tile":false,"profile_link_color":"ABB8C2","profile_sidebar_border_color":"000000","profile_sidebar_fill_color":"000000","profile_text_color":"000000","profile_use_background_image":false,"profile_image_url":"http:\/\/pbs.twimg.com\/profile_images\/1129600061971677184\/H7S14rXn_normal.jpg","profile_image_url_https":"https:\/\/pbs.twimg.com\/profile_images\/1129600061971677184\/H7S14rXn_normal.jpg","profile_banner_url":"https:\/\/pbs.twimg.com\/profile_banners\/1038840717999652865\/1570301818","default_profile":false,"default_profile_image":false,"following":null,"follow_request_sent":null,"notifications":null},"geo":null,"coordinates":null,"place":null,"contributors":null,"is_quote_status":false,"quote_count":0,"reply_count":0,"retweet_count":0,"favorite_count":0,"entities":{"hashtags":[],"urls":[],"user_mentions":[{"screen_name":"sluggyalsobuggy","name":"peter\ud83d\udc0c\ud83c\udf44","id":546916033,"id_str":"546916033","indices":[0,16]}],"symbols":[]},"favorited":false,"retweeted":false,"filter_level":"low","lang":"und","timestamp_ms":"1586538228657"}
