{"created_at":"Fri Apr 10 17:03:48 +0000 2020","id":1248657949070782464,"id_str":"1248657949070782464","text":"Patut ke i jual nudes balik macam dulu? Hmmmmmmmmm......","source":"\u003ca href=\"http:\/\/twitter.com\/download\/iphone\" rel=\"nofollow\"\u003eTwitter for iPhone\u003c\/a\u003e","truncated":false,"in_reply_to_status_id":null,"in_reply_to_status_id_str":null,"in_reply_to_user_id":null,"in_reply_to_user_id_str":null,"in_reply_to_screen_name":null,"user":{"id":1229415334001565696,"id_str":"1229415334001565696","name":"Q W I N N I E Q W I N","screen_name":"damnqwinnn","location":null,"url":"https:\/\/onlyfans.com\/damnqwinnn","description":"starting new. RIP @damnqwin \ud83d\ude2d MYOB","translator_type":"none","protected":false,"verified":false,"followers_count":5064,"friends_count":65,"listed_count":10,"favourites_count":3536,"statuses_count":8855,"created_at":"Mon Feb 17 14:40:42 +0000 2020","utc_offset":null,"time_zone":null,"geo_enabled":false,"lang":null,"contributors_enabled":false,"is_translator":false,"profile_background_color":"F5F8FA","profile_background_image_url":"","profile_background_image_url_https":"","profile_background_tile":false,"profile_link_color":"1DA1F2","profile_sidebar_border_color":"C0DEED","profile_sidebar_fill_color":"DDEEF6","profile_text_color":"333333","profile_use_background_image":true,"profile_image_url":"http:\/\/pbs.twimg.com\/profile_images\/1248242160689745921\/l-Aylr6E_normal.jpg","profile_image_url_https":"https:\/\/pbs.twimg.com\/profile_images\/1248242160689745921\/l-Aylr6E_normal.jpg","profile_banner_url":"https:\/\/pbs.twimg.com\/profile_banners\/1229415334001565696\/1586439144","default_profile":true,"default_profile_image":false,"following":null,"follow_request_sent":null,"notifications":null},"geo":null,"coordinates":null,"place":null,"contributors":null,"is_quote_status":false,"quote_count":0,"reply_count":0,"retweet_count":0,"favorite_count":0,"entities":{"hashtags":[],"urls":[],"user_mentions":[],"symbols":[]},"favorited":false,"retweeted":false,"filter_level":"low","lang":"in","timestamp_ms":"1586538228658"}
