{"created_at":"Fri Apr 10 17:03:52 +0000 2020","id":1248657965860749314,"id_str":"1248657965860749314","text":"@Bella45078480 Ik zou m'n hond er vanaf trekken eerlijk gezegd.","display_text_range":[15,63],"source":"\u003ca href=\"http:\/\/twitter.com\/download\/android\" rel=\"nofollow\"\u003eTwitter for Android\u003c\/a\u003e","truncated":false,"in_reply_to_status_id":1248650508123942920,"in_reply_to_status_id_str":"1248650508123942920","in_reply_to_user_id":1104508675719344128,"in_reply_to_user_id_str":"1104508675719344128","in_reply_to_screen_name":"Bella45078480","user":{"id":1039116544712863745,"id_str":"1039116544712863745","name":"Marceke","screen_name":"Marceke1","location":"Noord-Brabant, Nederland","url":null,"description":"Android \ud83d\udcaa\ud83c\udffb, Zeg nee tegen VVD, D66, GroenLinks en Denk. Nexit! Satire!","translator_type":"none","protected":false,"verified":false,"followers_count":105,"friends_count":68,"listed_count":0,"favourites_count":6440,"statuses_count":3468,"created_at":"Mon Sep 10 11:41:04 +0000 2018","utc_offset":null,"time_zone":null,"geo_enabled":false,"lang":null,"contributors_enabled":false,"is_translator":false,"profile_background_color":"F5F8FA","profile_background_image_url":"","profile_background_image_url_https":"","profile_background_tile":false,"profile_link_color":"1DA1F2","profile_sidebar_border_color":"C0DEED","profile_sidebar_fill_color":"DDEEF6","profile_text_color":"333333","profile_use_background_image":true,"profile_image_url":"http:\/\/pbs.twimg.com\/profile_images\/1039118781006655488\/-fTiGhr5_normal.jpg","profile_image_url_https":"https:\/\/pbs.twimg.com\/profile_images\/1039118781006655488\/-fTiGhr5_normal.jpg","profile_banner_url":"https:\/\/pbs.twimg.com\/profile_banners\/1039116544712863745\/1552161799","default_profile":true,"default_profile_image":false,"following":null,"follow_request_sent":null,"notifications":null},"geo":null,"coordinates":null,"place":null,"contributors":null,"is_quote_status":false,"quote_count":0,"reply_count":0,"retweet_count":0,"favorite_count":0,"entities":{"hashtags":[],"urls":[],"user_mentions":[{"screen_name":"Bella45078480","name":"Bella","id":1104508675719344128,"id_str":"1104508675719344128","indices":[0,14]}],"symbols":[]},"favorited":false,"retweeted":false,"filter_level":"low","lang":"nl","timestamp_ms":"1586538232661"}
