{"created_at":"Fri Apr 10 17:03:54 +0000 2020","id":1248657974257684482,"id_str":"1248657974257684482","text":"RT @nicolasvauchr: en avril ne te d\u00e9couvre pas d'un fil, on est en slibard dans le jardin","source":"\u003ca href=\"http:\/\/twitter.com\/download\/iphone\" rel=\"nofollow\"\u003eTwitter for iPhone\u003c\/a\u003e","truncated":false,"in_reply_to_status_id":null,"in_reply_to_status_id_str":null,"in_reply_to_user_id":null,"in_reply_to_user_id_str":null,"in_reply_to_screen_name":null,"user":{"id":1000010498547560449,"id_str":"1000010498547560449","name":"lulu","screen_name":"ludeguille","location":null,"url":null,"description":null,"translator_type":"none","protected":false,"verified":false,"followers_count":53,"friends_count":67,"listed_count":0,"favourites_count":850,"statuses_count":2349,"created_at":"Fri May 25 13:47:36 +0000 2018","utc_offset":null,"time_zone":null,"geo_enabled":false,"lang":null,"contributors_enabled":false,"is_translator":false,"profile_background_color":"F5F8FA","profile_background_image_url":"","profile_background_image_url_https":"","profile_background_tile":false,"profile_link_color":"1DA1F2","profile_sidebar_border_color":"C0DEED","profile_sidebar_fill_color":"DDEEF6","profile_text_color":"333333","profile_use_background_image":true,"profile_image_url":"http:\/\/pbs.twimg.com\/profile_images\/1191097942452645889\/E5tPZsq5_normal.jpg","profile_image_url_https":"https:\/\/pbs.twimg.com\/profile_images\/1191097942452645889\/E5tPZsq5_normal.jpg","profile_banner_url":"https:\/\/pbs.twimg.com\/profile_banners\/1000010498547560449\/1583015096","default_profile":true,"default_profile_image":false,"following":null,"follow_request_sent":null,"notifications":null},"geo":null,"coordinates":null,"place":null,"contributors":null,"retweeted_status":{"created_at":"Thu Apr 09 10:59:19 +0000 2020","id":1248203836390543360,"id_str":"1248203836390543360","text":"en avril ne te d\u00e9couvre pas d'un fil, on est en slibard dans le jardin","source":"\u003ca href=\"http:\/\/twitter.com\/download\/iphone\" rel=\"nofollow\"\u003eTwitter for iPhone\u003c\/a\u003e","truncated":false,"in_reply_to_status_id":null,"in_reply_to_status_id_str":null,"in_reply_to_user_id":null,"in_reply_to_user_id_str":null,"in_reply_to_screen_name":null,"user":{"id":1961056352,"id_str":"1961056352","name":"nicolas","screen_name":"nicolasvauchr","location":null,"url":null,"description":"avranches - annecy","translator_type":"none","protected":false,"verified":false,"followers_count":473,"friends_count":259,"listed_count":2,"favourites_count":9362,"statuses_count":9107,"created_at":"Mon Oct 14 17:05:51 +0000 2013","utc_offset":null,"time_zone":null,"geo_enabled":true,"lang":null,"contributors_enabled":false,"is_translator":false,"profile_background_color":"131516","profile_background_image_url":"http:\/\/abs.twimg.com\/images\/themes\/theme14\/bg.gif","profile_background_image_url_https":"https:\/\/abs.twimg.com\/images\/themes\/theme14\/bg.gif","profile_background_tile":true,"profile_link_color":"2E2E2E","profile_sidebar_border_color":"000000","profile_sidebar_fill_color":"EFEFEF","profile_text_color":"333333","profile_use_background_image":true,"profile_image_url":"http:\/\/pbs.twimg.com\/profile_images\/1241518557785206791\/sMZKrIhf_normal.jpg","profile_image_url_https":"https:\/\/pbs.twimg.com\/profile_images\/1241518557785206791\/sMZKrIhf_normal.jpg","profile_banner_url":"https:\/\/pbs.twimg.com\/profile_banners\/1961056352\/1575190507","default_profile":false,"default_profile_image":false,"following":null,"follow_request_sent":null,"notifications":null},"geo":null,"coordinates":null,"place":null,"contributors":null,"is_quote_status":false,"quote_count":45,"reply_count":27,"retweet_count":6951,"favorite_count":17179,"entities":{"hashtags":[],"urls":[],"user_mentions":[],"symbols":[]},"favorited":false,"retweeted":false,"filter_level":"low","lang":"fr"},"is_quote_status":false,"quote_count":0,"reply_count":0,"retweet_count":0,"favorite_count":0,"entities":{"hashtags":[],"urls":[],"user_mentions":[{"screen_name":"nicolasvauchr","name":"nicolas","id":1961056352,"id_str":"1961056352","indices":[3,17]}],"symbols":[]},"favorited":false,"retweeted":false,"filter_level":"low","lang":"fr","timestamp_ms":"1586538234663"}
