{"created_at":"Fri Apr 10 17:03:53 +0000 2020","id":1248657970050650113,"id_str":"1248657970050650113","text":"RT @ct_kyungsoo13: \u0e43\u0e04\u0e23\u0e17\u0e33\u0e25\u0e39\u0e01\u0e01\u0e39!!!!!!!55555555555555555\u0e04\u0e22\u0e2d\u0e0755555555555555555\u0e0b\u0e39555555555555555555555\u0e25\u0e39\u0e4a\u0e01\u0e01\u0e01\u0e01\u0e01\u0e01\u0e01\u0e01\u0e01!! \ud83d\ude02\ud83d\ude02\ud83d\ude02\ud83d\ude02 https:\/\/t.co\/lRSXpRu55s","source":"\u003ca href=\"http:\/\/twitter.com\/download\/iphone\" rel=\"nofollow\"\u003eTwitter for iPhone\u003c\/a\u003e","truncated":false,"in_reply_to_status_id":null,"in_reply_to_status_id_str":null,"in_reply_to_user_id":null,"in_reply_to_user_id_str":null,"in_reply_to_screen_name":null,"user":{"id":716885629494108160,"id_str":"716885629494108160","name":"\ud83c\udf51\ud83d\udc30\ud83d\udc9a","screen_name":"cbebrave","location":null,"url":null,"description":"\u0e44\u0e21\u0e48\u0e0a\u0e34\u0e1b\u0e04\u0e19\u0e17\u0e35\u0e48\u0e40\u0e04\u0e49\u0e32\u0e40\u0e1b\u0e07\u0e41\u0e1f\u0e19\u0e01\u0e31\u0e19 #jaedo #\u0e41\u0e08\u0e42\u0e14 #\u0e41\u0e0a\u0e23\u0e42\u0e14\u0e27\u0e27\u0e27\u0e27\u0e27\u0e27\u0e27\u0e27\u0e27\u0e27 \ud83d\udc9a","translator_type":"none","protected":false,"verified":false,"followers_count":50,"friends_count":456,"listed_count":0,"favourites_count":12309,"statuses_count":76128,"created_at":"Mon Apr 04 07:10:27 +0000 2016","utc_offset":null,"time_zone":null,"geo_enabled":false,"lang":null,"contributors_enabled":false,"is_translator":false,"profile_background_color":"000000","profile_background_image_url":"http:\/\/abs.twimg.com\/images\/themes\/theme1\/bg.png","profile_background_image_url_https":"https:\/\/abs.twimg.com\/images\/themes\/theme1\/bg.png","profile_background_tile":false,"profile_link_color":"FF691F","profile_sidebar_border_color":"000000","profile_sidebar_fill_color":"000000","profile_text_color":"000000","profile_use_background_image":false,"profile_image_url":"http:\/\/pbs.twimg.com\/profile_images\/1199231456335151116\/77YTgwf0_normal.jpg","profile_image_url_https":"https:\/\/pbs.twimg.com\/profile_images\/1199231456335151116\/77YTgwf0_normal.jpg","profile_banner_url":"https:\/\/pbs.twimg.com\/profile_banners\/716885629494108160\/1577990714","default_profile":false,"default_profile_image":false,"following":null,"follow_request_sent":null,"notifications":null},"geo":null,"coordinates":null,"place":null,"contributors":null,"retweeted_status":{"created_at":"Fri Apr 10 11:40:55 +0000 2020","id":1248576692701917184,"id_str":"1248576692701917184","text":"\u0e43\u0e04\u0e23\u0e17\u0e33\u0e25\u0e39\u0e01\u0e01\u0e39!!!!!!!55555555555555555\u0e04\u0e22\u0e2d\u0e0755555555555555555\u0e0b\u0e39555555555555555555555\u0e25\u0e39\u0e4a\u0e01\u0e01\u0e01\u0e01\u0e01\u0e01\u0e01\u0e01\u0e01!! \ud83d\ude02\ud83d\ude02\ud83d\ude02\ud83d\ude02 https:\/\/t.co\/lRSXpRu55s","display_text_range":[0,97],"source":"\u003ca href=\"http:\/\/twitter.com\/download\/iphone\" rel=\"nofollow\"\u003eTwitter for iPhone\u003c\/a\u003e","truncated":false,"in_reply_to_status_id":null,"in_reply_to_status_id_str":null,"in_reply_to_user_id":null,"in_reply_to_user_id_str":null,"in_reply_to_screen_name":null,"user":{"id":1213858184873443328,"id_str":"1213858184873443328","name":"\u0e40\u0e23\u0e35\u0e22\u0e01\u0e09\u0e31\u0e19\u0e27\u0e48\u0e32\u0e04\u0e38\u0e13\u0e19\u0e32\u0e22\u0e42\u0e14.","screen_name":"ct_kyungsoo13","location":"\u0e2d\u0e22\u0e39\u0e48\u0e43\u0e19\u0e2a\u0e35\u0e48\u0e2b\u0e49\u0e2d\u0e07\u0e2b\u0e31\u0e27\u0e43\u0e08\u0e02\u0e2d\u0e07\u0e19\u0e32\u0e22\u0e04\u0e22\u0e2d\u0e07\u0e0b\u0e39","url":null,"description":"\u0e40\u0e21\u0e19\u0e04\u0e22\u0e2d\u0e07\u0e0b\u0e39 \u0e40\u0e2b\u0e19\u0e37\u0e2d\u0e40\u0e21\u0e19\u0e04\u0e37\u0e2d\u0e14\u0e35\u0e42\u0e2d \u0e40\u0e2b\u0e19\u0e37\u0e2d\u0e01\u0e27\u0e48\u0e32\u0e40\u0e2b\u0e19\u0e37\u0e2d\u0e40\u0e21\u0e19\u0e04\u0e37\u0e2d\u0e14\u0e42\u0e22 \ud83d\ude05\ud83d\ude18 \u0e2d\u0e22\u0e32\u0e01\u0e40\u0e1b\u0e47\u0e19\u0e40\u0e21\u0e35\u0e22\u0e1e\u0e35\u0e48\u0e42\u0e14\u0e04\u0e37\u0e2d\u0e2d\u0e22\u0e32\u0e01\u0e40\u0e1b\u0e47\u0e19\u0e08\u0e23\u0e34\u0e07\u0e46\u0e44\u0e21\u0e48\u0e43\u0e0a\u0e48\u0e40\u0e25\u0e48\u0e19\u0e46! (01.07.2019 - 25.01.2021) \ud83d\udc27\ud83c\udf35#\u0e04\u0e38\u0e13\u0e19\u0e32\u0e22\u0e42\u0e14\u0e08\u0e30\u0e41\u0e08\u0e01 #\u0e04\u0e38\u0e13\u0e19\u0e32\u0e22\u0e42\u0e14\u0e23\u0e35\u0e27\u0e34\u0e27","translator_type":"none","protected":false,"verified":false,"followers_count":197,"friends_count":149,"listed_count":0,"favourites_count":805,"statuses_count":2972,"created_at":"Sun Jan 05 16:22:11 +0000 2020","utc_offset":null,"time_zone":null,"geo_enabled":false,"lang":null,"contributors_enabled":false,"is_translator":false,"profile_background_color":"F5F8FA","profile_background_image_url":"","profile_background_image_url_https":"","profile_background_tile":false,"profile_link_color":"1DA1F2","profile_sidebar_border_color":"C0DEED","profile_sidebar_fill_color":"DDEEF6","profile_text_color":"333333","profile_use_background_image":true,"profile_image_url":"http:\/\/pbs.twimg.com\/profile_images\/1245579697905270787\/_wdnWoBd_normal.jpg","profile_image_url_https":"https:\/\/pbs.twimg.com\/profile_images\/1245579697905270787\/_wdnWoBd_normal.jpg","profile_banner_url":"https:\/\/pbs.twimg.com\/profile_banners\/1213858184873443328\/1584256682","default_profile":true,"default_profile_image":false,"following":null,"follow_request_sent":null,"notifications":null},"geo":null,"coordinates":null,"place":null,"contributors":null,"is_quote_status":false,"quote_count":6,"reply_count":6,"retweet_count":828,"favorite_count":135,"entities":{"hashtags":[],"urls":[],"user_mentions":[],"symbols":[],"media":[{"id":1248576685714202624,"id_str":"1248576685714202624","indices":[98,121],"media_url":"http:\/\/pbs.twimg.com\/media\/EVPV4WLUYAACsKK.jpg","media_url_https":"https:\/\/pbs.twimg.com\/media\/EVPV4WLUYAACsKK.jpg","url":"https:\/\/t.co\/lRSXpRu55s","display_url":"pic.twitter.com\/lRSXpRu55s","expanded_url":"https:\/\/twitter.com\/ct_kyungsoo13\/status\/1248576692701917184\/photo\/1","type":"photo","sizes":{"thumb":{"w":150,"h":150,"resize":"crop"},"large":{"w":1433,"h":1080,"resize":"fit"},"small":{"w":680,"h":512,"resize":"fit"},"medium":{"w":1200,"h":904,"resize":"fit"}}}]},"extended_entities":{"media":[{"id":1248576685714202624,"id_str":"1248576685714202624","indices":[98,121],"media_url":"http:\/\/pbs.twimg.com\/media\/EVPV4WLUYAACsKK.jpg","media_url_https":"https:\/\/pbs.twimg.com\/media\/EVPV4WLUYAACsKK.jpg","url":"https:\/\/t.co\/lRSXpRu55s","display_url":"pic.twitter.com\/lRSXpRu55s","expanded_url":"https:\/\/twitter.com\/ct_kyungsoo13\/status\/1248576692701917184\/photo\/1","type":"photo","sizes":{"thumb":{"w":150,"h":150,"resize":"crop"},"large":{"w":1433,"h":1080,"resize":"fit"},"small":{"w":680,"h":512,"resize":"fit"},"medium":{"w":1200,"h":904,"resize":"fit"}}}]},"favorited":false,"retweeted":false,"possibly_sensitive":false,"filter_level":"low","lang":"th"},"is_quote_status":false,"quote_count":0,"reply_count":0,"retweet_count":0,"favorite_count":0,"entities":{"hashtags":[],"urls":[],"user_mentions":[{"screen_name":"ct_kyungsoo13","name":"\u0e40\u0e23\u0e35\u0e22\u0e01\u0e09\u0e31\u0e19\u0e27\u0e48\u0e32\u0e04\u0e38\u0e13\u0e19\u0e32\u0e22\u0e42\u0e14.","id":1213858184873443328,"id_str":"1213858184873443328","indices":[3,17]}],"symbols":[],"media":[{"id":1248576685714202624,"id_str":"1248576685714202624","indices":[117,140],"media_url":"http:\/\/pbs.twimg.com\/media\/EVPV4WLUYAACsKK.jpg","media_url_https":"https:\/\/pbs.twimg.com\/media\/EVPV4WLUYAACsKK.jpg","url":"https:\/\/t.co\/lRSXpRu55s","display_url":"pic.twitter.com\/lRSXpRu55s","expanded_url":"https:\/\/twitter.com\/ct_kyungsoo13\/status\/1248576692701917184\/photo\/1","type":"photo","sizes":{"thumb":{"w":150,"h":150,"resize":"crop"},"large":{"w":1433,"h":1080,"resize":"fit"},"small":{"w":680,"h":512,"resize":"fit"},"medium":{"w":1200,"h":904,"resize":"fit"}},"source_status_id":1248576692701917184,"source_status_id_str":"1248576692701917184","source_user_id":1213858184873443328,"source_user_id_str":"1213858184873443328"}]},"extended_entities":{"media":[{"id":1248576685714202624,"id_str":"1248576685714202624","indices":[117,140],"media_url":"http:\/\/pbs.twimg.com\/media\/EVPV4WLUYAACsKK.jpg","media_url_https":"https:\/\/pbs.twimg.com\/media\/EVPV4WLUYAACsKK.jpg","url":"https:\/\/t.co\/lRSXpRu55s","display_url":"pic.twitter.com\/lRSXpRu55s","expanded_url":"https:\/\/twitter.com\/ct_kyungsoo13\/status\/1248576692701917184\/photo\/1","type":"photo","sizes":{"thumb":{"w":150,"h":150,"resize":"crop"},"large":{"w":1433,"h":1080,"resize":"fit"},"small":{"w":680,"h":512,"resize":"fit"},"medium":{"w":1200,"h":904,"resize":"fit"}},"source_status_id":1248576692701917184,"source_status_id_str":"1248576692701917184","source_user_id":1213858184873443328,"source_user_id_str":"1213858184873443328"}]},"favorited":false,"retweeted":false,"possibly_sensitive":false,"filter_level":"low","lang":"th","timestamp_ms":"1586538233660"}
