{"created_at":"Fri Apr 10 17:03:54 +0000 2020","id":1248657974253555713,"id_str":"1248657974253555713","text":"@MelReneeStyles Kenny\u2019s pink sweater hive \ud83d\ude4c\ud83c\udfff","display_text_range":[16,44],"source":"\u003ca href=\"http:\/\/twitter.com\/download\/iphone\" rel=\"nofollow\"\u003eTwitter for iPhone\u003c\/a\u003e","truncated":false,"in_reply_to_status_id":1248608835545137156,"in_reply_to_status_id_str":"1248608835545137156","in_reply_to_user_id":165607739,"in_reply_to_user_id_str":"165607739","in_reply_to_screen_name":"MelReneeStyles","user":{"id":442239664,"id_str":"442239664","name":"HOMME+","screen_name":"beachcharles","location":"new york city","url":"http:\/\/charlescaesar.com","description":"\u2728PHOTOS & FRIENDS\u2728","translator_type":"none","protected":false,"verified":false,"followers_count":202,"friends_count":845,"listed_count":1,"favourites_count":67258,"statuses_count":6686,"created_at":"Tue Dec 20 22:21:21 +0000 2011","utc_offset":null,"time_zone":null,"geo_enabled":true,"lang":null,"contributors_enabled":false,"is_translator":false,"profile_background_color":"C0DEED","profile_background_image_url":"http:\/\/abs.twimg.com\/images\/themes\/theme1\/bg.png","profile_background_image_url_https":"https:\/\/abs.twimg.com\/images\/themes\/theme1\/bg.png","profile_background_tile":false,"profile_link_color":"0084B4","profile_sidebar_border_color":"FFFFFF","profile_sidebar_fill_color":"DDEEF6","profile_text_color":"333333","profile_use_background_image":true,"profile_image_url":"http:\/\/pbs.twimg.com\/profile_images\/504830452705026048\/CFFGG3IH_normal.jpeg","profile_image_url_https":"https:\/\/pbs.twimg.com\/profile_images\/504830452705026048\/CFFGG3IH_normal.jpeg","profile_banner_url":"https:\/\/pbs.twimg.com\/profile_banners\/442239664\/1418740562","default_profile":false,"default_profile_image":false,"following":null,"follow_request_sent":null,"notifications":null},"geo":null,"coordinates":null,"place":{"id":"011add077f4d2da3","url":"https:\/\/api.twitter.com\/1.1\/geo\/id\/011add077f4d2da3.json","place_type":"city","name":"Brooklyn","full_name":"Brooklyn, NY","country_code":"US","country":"United States","bounding_box":{"type":"Polygon","coordinates":[[[-74.041878,40.570842],[-74.041878,40.739434],[-73.855673,40.739434],[-73.855673,40.570842]]]},"attributes":{}},"contributors":null,"is_quote_status":false,"quote_count":0,"reply_count":0,"retweet_count":0,"favorite_count":0,"entities":{"hashtags":[],"urls":[],"user_mentions":[{"screen_name":"MelReneeStyles","name":"Mel Renee","id":165607739,"id_str":"165607739","indices":[0,15]}],"symbols":[]},"favorited":false,"retweeted":false,"filter_level":"low","lang":"en","timestamp_ms":"1586538234662"}
