{"created_at":"Fri Apr 10 17:03:53 +0000 2020","id":1248657970042413062,"id_str":"1248657970042413062","text":"RT @arris_dome: \"That was fuckin disgusting.\"\nhttps:\/\/t.co\/f1iEv1ax7r","source":"\u003ca href=\"http:\/\/twitter.com\/download\/iphone\" rel=\"nofollow\"\u003eTwitter for iPhone\u003c\/a\u003e","truncated":false,"in_reply_to_status_id":null,"in_reply_to_status_id_str":null,"in_reply_to_user_id":null,"in_reply_to_user_id_str":null,"in_reply_to_screen_name":null,"user":{"id":1151852951851454465,"id_str":"1151852951851454465","name":"tevenO2","screen_name":"O2Teven","location":"Bras\u00edlia, Brazil","url":null,"description":null,"translator_type":"none","protected":false,"verified":false,"followers_count":151,"friends_count":1881,"listed_count":2,"favourites_count":3,"statuses_count":18759,"created_at":"Thu Jul 18 13:55:18 +0000 2019","utc_offset":null,"time_zone":null,"geo_enabled":false,"lang":null,"contributors_enabled":false,"is_translator":false,"profile_background_color":"F5F8FA","profile_background_image_url":"","profile_background_image_url_https":"","profile_background_tile":false,"profile_link_color":"1DA1F2","profile_sidebar_border_color":"C0DEED","profile_sidebar_fill_color":"DDEEF6","profile_text_color":"333333","profile_use_background_image":true,"profile_image_url":"http:\/\/abs.twimg.com\/sticky\/default_profile_images\/default_profile_normal.png","profile_image_url_https":"https:\/\/abs.twimg.com\/sticky\/default_profile_images\/default_profile_normal.png","default_profile":true,"default_profile_image":false,"following":null,"follow_request_sent":null,"notifications":null},"geo":null,"coordinates":null,"place":null,"contributors":null,"retweeted_status":{"created_at":"Fri Apr 10 06:29:27 +0000 2020","id":1248498310282805250,"id_str":"1248498310282805250","text":"\"That was fuckin disgusting.\"\nhttps:\/\/t.co\/f1iEv1ax7r","source":"\u003ca href=\"https:\/\/mobile.twitter.com\" rel=\"nofollow\"\u003eTwitter Web App\u003c\/a\u003e","truncated":false,"in_reply_to_status_id":null,"in_reply_to_status_id_str":null,"in_reply_to_user_id":null,"in_reply_to_user_id_str":null,"in_reply_to_screen_name":null,"user":{"id":1176030048911933440,"id_str":"1176030048911933440","name":"Arris (17k)","screen_name":"arris_dome","location":"Northern California","url":null,"description":"Black male, 29. I use this page only to share porn. \n\n\u26a0\ufe0fWARNING\u26a0\ufe0f\nI post scat, vomit and more.","translator_type":"none","protected":false,"verified":false,"followers_count":17866,"friends_count":2059,"listed_count":183,"favourites_count":7964,"statuses_count":10495,"created_at":"Mon Sep 23 07:06:37 +0000 2019","utc_offset":null,"time_zone":null,"geo_enabled":false,"lang":null,"contributors_enabled":false,"is_translator":false,"profile_background_color":"F5F8FA","profile_background_image_url":"","profile_background_image_url_https":"","profile_background_tile":false,"profile_link_color":"1DA1F2","profile_sidebar_border_color":"C0DEED","profile_sidebar_fill_color":"DDEEF6","profile_text_color":"333333","profile_use_background_image":true,"profile_image_url":"http:\/\/pbs.twimg.com\/profile_images\/1235151538412122113\/QCT03qUQ_normal.jpg","profile_image_url_https":"https:\/\/pbs.twimg.com\/profile_images\/1235151538412122113\/QCT03qUQ_normal.jpg","profile_banner_url":"https:\/\/pbs.twimg.com\/profile_banners\/1176030048911933440\/1574954106","default_profile":true,"default_profile_image":false,"following":null,"follow_request_sent":null,"notifications":null},"geo":null,"coordinates":null,"place":null,"contributors":null,"is_quote_status":false,"quote_count":0,"reply_count":1,"retweet_count":9,"favorite_count":47,"entities":{"hashtags":[],"urls":[],"user_mentions":[],"symbols":[],"media":[{"id":1193386052712579073,"id_str":"1193386052712579073","indices":[30,53],"additional_media_info":{"monetizable":false},"media_url":"http:\/\/pbs.twimg.com\/ext_tw_video_thumb\/1193386052712579073\/pu\/img\/aocqjSA6CBfIFsP9.jpg","media_url_https":"https:\/\/pbs.twimg.com\/ext_tw_video_thumb\/1193386052712579073\/pu\/img\/aocqjSA6CBfIFsP9.jpg","url":"https:\/\/t.co\/f1iEv1ax7r","display_url":"pic.twitter.com\/f1iEv1ax7r","expanded_url":"https:\/\/twitter.com\/i\/status\/1193387566071996417\/video\/1","type":"photo","sizes":{"thumb":{"w":150,"h":150,"resize":"crop"},"medium":{"w":852,"h":480,"resize":"fit"},"large":{"w":852,"h":480,"resize":"fit"},"small":{"w":680,"h":383,"resize":"fit"}},"source_status_id":1193387566071996417,"source_status_id_str":"1193387566071996417","source_user_id":790699207128604672,"source_user_id_str":"790699207128604672"}]},"extended_entities":{"media":[{"id":1193386052712579073,"id_str":"1193386052712579073","indices":[30,53],"additional_media_info":{"monetizable":false},"media_url":"http:\/\/pbs.twimg.com\/ext_tw_video_thumb\/1193386052712579073\/pu\/img\/aocqjSA6CBfIFsP9.jpg","media_url_https":"https:\/\/pbs.twimg.com\/ext_tw_video_thumb\/1193386052712579073\/pu\/img\/aocqjSA6CBfIFsP9.jpg","url":"https:\/\/t.co\/f1iEv1ax7r","display_url":"pic.twitter.com\/f1iEv1ax7r","expanded_url":"https:\/\/twitter.com\/i\/status\/1193387566071996417\/video\/1","type":"video","video_info":{"aspect_ratio":[71,40],"duration_millis":59216,"variants":[{"bitrate":256000,"content_type":"video\/mp4","url":"https:\/\/video.twimg.com\/ext_tw_video\/1193386052712579073\/pu\/vid\/478x270\/m1KX54O-UMezhfcY.mp4?tag=10"},{"bitrate":2176000,"content_type":"video\/mp4","url":"https:\/\/video.twimg.com\/ext_tw_video\/1193386052712579073\/pu\/vid\/852x480\/qVaOS_aj9wSpgOr8.mp4?tag=10"},{"bitrate":832000,"content_type":"video\/mp4","url":"https:\/\/video.twimg.com\/ext_tw_video\/1193386052712579073\/pu\/vid\/638x360\/RSYUh6-yquN7dhvr.mp4?tag=10"},{"content_type":"application\/x-mpegURL","url":"https:\/\/video.twimg.com\/ext_tw_video\/1193386052712579073\/pu\/pl\/_Y8n5SqiKogPsjjn.m3u8?tag=10"}]},"sizes":{"thumb":{"w":150,"h":150,"resize":"crop"},"medium":{"w":852,"h":480,"resize":"fit"},"large":{"w":852,"h":480,"resize":"fit"},"small":{"w":680,"h":383,"resize":"fit"}},"source_status_id":1193387566071996417,"source_status_id_str":"1193387566071996417","source_user_id":790699207128604672,"source_user_id_str":"790699207128604672"}]},"favorited":false,"retweeted":false,"possibly_sensitive":true,"filter_level":"low","lang":"en"},"is_quote_status":false,"quote_count":0,"reply_count":0,"retweet_count":0,"favorite_count":0,"entities":{"hashtags":[],"urls":[],"user_mentions":[{"screen_name":"arris_dome","name":"Arris (17k)","id":1176030048911933440,"id_str":"1176030048911933440","indices":[3,14]}],"symbols":[],"media":[{"id":1193386052712579073,"id_str":"1193386052712579073","indices":[46,69],"additional_media_info":{"monetizable":false},"media_url":"http:\/\/pbs.twimg.com\/ext_tw_video_thumb\/1193386052712579073\/pu\/img\/aocqjSA6CBfIFsP9.jpg","media_url_https":"https:\/\/pbs.twimg.com\/ext_tw_video_thumb\/1193386052712579073\/pu\/img\/aocqjSA6CBfIFsP9.jpg","url":"https:\/\/t.co\/f1iEv1ax7r","display_url":"pic.twitter.com\/f1iEv1ax7r","expanded_url":"https:\/\/twitter.com\/i\/status\/1193387566071996417\/video\/1","type":"photo","sizes":{"thumb":{"w":150,"h":150,"resize":"crop"},"medium":{"w":852,"h":480,"resize":"fit"},"large":{"w":852,"h":480,"resize":"fit"},"small":{"w":680,"h":383,"resize":"fit"}},"source_status_id":1193387566071996417,"source_status_id_str":"1193387566071996417","source_user_id":790699207128604672,"source_user_id_str":"790699207128604672"}]},"extended_entities":{"media":[{"id":1193386052712579073,"id_str":"1193386052712579073","indices":[46,69],"additional_media_info":{"monetizable":false},"media_url":"http:\/\/pbs.twimg.com\/ext_tw_video_thumb\/1193386052712579073\/pu\/img\/aocqjSA6CBfIFsP9.jpg","media_url_https":"https:\/\/pbs.twimg.com\/ext_tw_video_thumb\/1193386052712579073\/pu\/img\/aocqjSA6CBfIFsP9.jpg","url":"https:\/\/t.co\/f1iEv1ax7r","display_url":"pic.twitter.com\/f1iEv1ax7r","expanded_url":"https:\/\/twitter.com\/i\/status\/1193387566071996417\/video\/1","type":"video","video_info":{"aspect_ratio":[71,40],"duration_millis":59216,"variants":[{"bitrate":256000,"content_type":"video\/mp4","url":"https:\/\/video.twimg.com\/ext_tw_video\/1193386052712579073\/pu\/vid\/478x270\/m1KX54O-UMezhfcY.mp4?tag=10"},{"bitrate":2176000,"content_type":"video\/mp4","url":"https:\/\/video.twimg.com\/ext_tw_video\/1193386052712579073\/pu\/vid\/852x480\/qVaOS_aj9wSpgOr8.mp4?tag=10"},{"bitrate":832000,"content_type":"video\/mp4","url":"https:\/\/video.twimg.com\/ext_tw_video\/1193386052712579073\/pu\/vid\/638x360\/RSYUh6-yquN7dhvr.mp4?tag=10"},{"content_type":"application\/x-mpegURL","url":"https:\/\/video.twimg.com\/ext_tw_video\/1193386052712579073\/pu\/pl\/_Y8n5SqiKogPsjjn.m3u8?tag=10"}]},"sizes":{"thumb":{"w":150,"h":150,"resize":"crop"},"medium":{"w":852,"h":480,"resize":"fit"},"large":{"w":852,"h":480,"resize":"fit"},"small":{"w":680,"h":383,"resize":"fit"}},"source_status_id":1193387566071996417,"source_status_id_str":"1193387566071996417","source_user_id":790699207128604672,"source_user_id_str":"790699207128604672"}]},"favorited":false,"retweeted":false,"possibly_sensitive":true,"filter_level":"low","lang":"en","timestamp_ms":"1586538233658"}
