{"created_at":"Fri Apr 10 17:03:49 +0000 2020","id":1248657953265049600,"id_str":"1248657953265049600","text":"@rai_410_ ( -\u03c9- `)\uff8c\uff6f\u5f31\u3044\u306a\u3002( \u3000'-' )\u30ce\uff09\ud83d\udd2a\ud83d\udd2a\ud83d\udd2a\ud83d\udd2a\ud83d\udd2a\ud83d\udd2a\ud83d\udd2a\ud83d\udd2a\ud83d\udd2a\ud83d\udd2a\u307a\u3057","display_text_range":[10,46],"source":"\u003ca href=\"http:\/\/twitter.com\/download\/iphone\" rel=\"nofollow\"\u003eTwitter for iPhone\u003c\/a\u003e","truncated":false,"in_reply_to_status_id":1248657321951023104,"in_reply_to_status_id_str":"1248657321951023104","in_reply_to_user_id":1152868496822296576,"in_reply_to_user_id_str":"1152868496822296576","in_reply_to_screen_name":"rai_410_","user":{"id":1005632909603033088,"id_str":"1005632909603033088","name":"\u52a9\u516d@\u7d75\u63cf\u304d\u306e\u5922\u5973\u5b50\u30a2\u30cb\u30aa\u30bf","screen_name":"sukerokuuuu","location":"\u5b66\u5712\u90fd\u5e02\u300023\u5b66\u533a\u3000\u3075\u308c\u3042\u3044\u5e83\u5834\u524d","url":"https:\/\/twpf.jp\/sukerokuuuu","description":"#\u307e\u3069\u30de\u30ae \u3001#\u304c\u3063\u3053\u3046\u3050\u3089\u3057 \u3001#\u3051\u3044\u304a\u3093 \u3001#\u3068\u3042\u308b \u304c\u7279\u306b\u597d\u304d\u3067\u3059\u3002 \u203b\u30d5\u30a9\u30ed\u30fc\u306f\u6c17\u306b\u306a\u3063\u305f\u65b9\u306e\u307f\u3002\u7d75\u306e\u30ea\u30af\u30a8\u30b9\u30c8\u306f\u53d7\u3051\u4ed8\u3051\u3066\u304a\u308a\u307e\u305b\u3093\u3002\u6ca2\u5c71\u7d61\u307f\u305f\u3044\u306e\u3067DM\u304f\u3060\u3055\u3044\uff01\uff08\u30d5\u30a9\u30ed\u30fc\u3059\u308b\u304b\u3082\uff09\u8cea\u554f\u7bb1\u52df\u96c6\u4e2d\u3067\u3059\uff01\u3010@kokoa0316\u3011\u2190\u30ea\u30a2\u53cb\u3010@umeameriiii\u3011\u3010@rai_410_\u3011\u5927\u4e8b\u306a\u4eba\u9054\u3067\u3059\u3002","translator_type":"none","protected":false,"verified":false,"followers_count":106,"friends_count":193,"listed_count":0,"favourites_count":2702,"statuses_count":1157,"created_at":"Sun Jun 10 02:09:04 +0000 2018","utc_offset":null,"time_zone":null,"geo_enabled":false,"lang":null,"contributors_enabled":false,"is_translator":false,"profile_background_color":"F5F8FA","profile_background_image_url":"","profile_background_image_url_https":"","profile_background_tile":false,"profile_link_color":"1DA1F2","profile_sidebar_border_color":"C0DEED","profile_sidebar_fill_color":"DDEEF6","profile_text_color":"333333","profile_use_background_image":true,"profile_image_url":"http:\/\/pbs.twimg.com\/profile_images\/1240906079921307653\/WyAt0-0D_normal.jpg","profile_image_url_https":"https:\/\/pbs.twimg.com\/profile_images\/1240906079921307653\/WyAt0-0D_normal.jpg","profile_banner_url":"https:\/\/pbs.twimg.com\/profile_banners\/1005632909603033088\/1585035049","default_profile":true,"default_profile_image":false,"following":null,"follow_request_sent":null,"notifications":null},"geo":null,"coordinates":null,"place":null,"contributors":null,"is_quote_status":false,"quote_count":0,"reply_count":0,"retweet_count":0,"favorite_count":0,"entities":{"hashtags":[],"urls":[],"user_mentions":[{"screen_name":"rai_410_","name":"\ud83c\udfa4\u7f8e \u7af9 \u3089 \u3044\ud83c\udfb8@\u307f\u304b\u3093\u6559","id":1152868496822296576,"id_str":"1152868496822296576","indices":[0,9]}],"symbols":[]},"favorited":false,"retweeted":false,"filter_level":"low","lang":"ja","timestamp_ms":"1586538229658"}
