{"created_at":"Fri Apr 10 17:03:50 +0000 2020","id":1248657957488717825,"id_str":"1248657957488717825","text":"@hoshi_trio \u306e\u306e\u304f\u3093\u30db\u30f3\u30c8\u304a\u59c9\u69d8\u65b9\u3092\u80b2\u3080\u30d7\u30ed\u2026\u2026(\uff1f\uff1f\uff1f)","source":"\u003ca href=\"http:\/\/twitter.com\/download\/android\" rel=\"nofollow\"\u003eTwitter for Android\u003c\/a\u003e","truncated":false,"in_reply_to_status_id":null,"in_reply_to_status_id_str":null,"in_reply_to_user_id":1222193141404454912,"in_reply_to_user_id_str":"1222193141404454912","in_reply_to_screen_name":"hoshi_trio","user":{"id":3261449586,"id_str":"3261449586","name":"\u6d77\u91ce","screen_name":"Neputune_kikaku","location":null,"url":"https:\/\/marshmallow-qa.com\/neputune_kikaku?utm_medium=url_text&utm_source=promotion","description":"\u6210\u4eba\u6e08.\u4f01\u753b\u30e1\u30a4\u30f3.\u7f8e\u5f62\u30a4\u30b1\u30e1\u30f3.\u7248\u6a29\u306e\u304a\u8a71\u3082\u3057\u307e\u3059\u3002\u25c6CS\u56fa\u5b9a\u25c6FRB\u3054\u81ea\u7531\u306b\uff01","translator_type":"none","protected":false,"verified":false,"followers_count":504,"friends_count":554,"listed_count":29,"favourites_count":13803,"statuses_count":15757,"created_at":"Tue Jun 30 14:49:32 +0000 2015","utc_offset":null,"time_zone":null,"geo_enabled":false,"lang":null,"contributors_enabled":false,"is_translator":false,"profile_background_color":"0099B9","profile_background_image_url":"http:\/\/abs.twimg.com\/images\/themes\/theme4\/bg.gif","profile_background_image_url_https":"https:\/\/abs.twimg.com\/images\/themes\/theme4\/bg.gif","profile_background_tile":false,"profile_link_color":"000099","profile_sidebar_border_color":"000000","profile_sidebar_fill_color":"000000","profile_text_color":"000000","profile_use_background_image":true,"profile_image_url":"http:\/\/pbs.twimg.com\/profile_images\/1234143317824176129\/PVJDHi3e_normal.jpg","profile_image_url_https":"https:\/\/pbs.twimg.com\/profile_images\/1234143317824176129\/PVJDHi3e_normal.jpg","profile_banner_url":"https:\/\/pbs.twimg.com\/profile_banners\/3261449586\/1491061014","default_profile":false,"default_profile_image":false,"following":null,"follow_request_sent":null,"notifications":null},"geo":null,"coordinates":null,"place":null,"contributors":null,"is_quote_status":false,"quote_count":0,"reply_count":0,"retweet_count":0,"favorite_count":0,"entities":{"hashtags":[],"urls":[],"user_mentions":[{"screen_name":"hoshi_trio","name":"\u661f\u305f\u3061\u306e\u30c8\u30ea\u30aa","id":1222193141404454912,"id_str":"1222193141404454912","indices":[0,11]}],"symbols":[]},"favorited":false,"retweeted":false,"filter_level":"low","lang":"ja","timestamp_ms":"1586538230665"}
