{"created_at":"Fri Apr 10 17:03:50 +0000 2020","id":1248657957467893760,"id_str":"1248657957467893760","text":"Usando metadinha c minha momo","source":"\u003ca href=\"http:\/\/twitter.com\/download\/android\" rel=\"nofollow\"\u003eTwitter for Android\u003c\/a\u003e","truncated":false,"in_reply_to_status_id":null,"in_reply_to_status_id_str":null,"in_reply_to_user_id":null,"in_reply_to_user_id_str":null,"in_reply_to_screen_name":null,"user":{"id":1213885157263859712,"id_str":"1213885157263859712","name":"manuzitaa","screen_name":"maanuu_25","location":"Rio de Janeiro, Brasil","url":null,"description":"13y . sagit\u00e1riana\u2650| @vascodagama\ud83d\udc8d\u00b0 Riquelme.\ud83c\udf40 \u00b0 Jesus, tua presen\u00e7a \u00e9 o que eu mais quero!\ud83d\ude4f\u00b0","translator_type":"none","protected":false,"verified":false,"followers_count":313,"friends_count":160,"listed_count":0,"favourites_count":1117,"statuses_count":1142,"created_at":"Sun Jan 05 18:09:22 +0000 2020","utc_offset":null,"time_zone":null,"geo_enabled":true,"lang":null,"contributors_enabled":false,"is_translator":false,"profile_background_color":"F5F8FA","profile_background_image_url":"","profile_background_image_url_https":"","profile_background_tile":false,"profile_link_color":"1DA1F2","profile_sidebar_border_color":"C0DEED","profile_sidebar_fill_color":"DDEEF6","profile_text_color":"333333","profile_use_background_image":true,"profile_image_url":"http:\/\/pbs.twimg.com\/profile_images\/1248514764646440964\/Donyo4BK_normal.jpg","profile_image_url_https":"https:\/\/pbs.twimg.com\/profile_images\/1248514764646440964\/Donyo4BK_normal.jpg","profile_banner_url":"https:\/\/pbs.twimg.com\/profile_banners\/1213885157263859712\/1585949962","default_profile":true,"default_profile_image":false,"following":null,"follow_request_sent":null,"notifications":null},"geo":null,"coordinates":null,"place":null,"contributors":null,"is_quote_status":false,"quote_count":0,"reply_count":0,"retweet_count":0,"favorite_count":0,"entities":{"hashtags":[],"urls":[],"user_mentions":[],"symbols":[]},"favorited":false,"retweeted":false,"filter_level":"low","lang":"pt","timestamp_ms":"1586538230660"}
