{"created_at":"Fri Apr 10 17:03:49 +0000 2020","id":1248657953265274880,"id_str":"1248657953265274880","text":"RT @pricevore: will schuester walking into the glee club rehearsal room","source":"\u003ca href=\"http:\/\/twitter.com\/download\/iphone\" rel=\"nofollow\"\u003eTwitter for iPhone\u003c\/a\u003e","truncated":false,"in_reply_to_status_id":null,"in_reply_to_status_id_str":null,"in_reply_to_user_id":null,"in_reply_to_user_id_str":null,"in_reply_to_screen_name":null,"user":{"id":1669298737,"id_str":"1669298737","name":"laura","screen_name":"peepeewentz","location":"tx","url":null,"description":"don't really care bout much \/\/ 21 \/\/ d-dog\u2764","translator_type":"none","protected":false,"verified":false,"followers_count":3316,"friends_count":380,"listed_count":75,"favourites_count":79465,"statuses_count":115046,"created_at":"Wed Aug 14 02:19:02 +0000 2013","utc_offset":null,"time_zone":null,"geo_enabled":true,"lang":null,"contributors_enabled":false,"is_translator":false,"profile_background_color":"ACDED6","profile_background_image_url":"http:\/\/abs.twimg.com\/images\/themes\/theme1\/bg.png","profile_background_image_url_https":"https:\/\/abs.twimg.com\/images\/themes\/theme1\/bg.png","profile_background_tile":true,"profile_link_color":"DD2E44","profile_sidebar_border_color":"FFFFFF","profile_sidebar_fill_color":"DDEEF6","profile_text_color":"333333","profile_use_background_image":true,"profile_image_url":"http:\/\/pbs.twimg.com\/profile_images\/1148301048886546432\/o43GaLAE_normal.jpg","profile_image_url_https":"https:\/\/pbs.twimg.com\/profile_images\/1148301048886546432\/o43GaLAE_normal.jpg","profile_banner_url":"https:\/\/pbs.twimg.com\/profile_banners\/1669298737\/1533425119","default_profile":false,"default_profile_image":false,"following":null,"follow_request_sent":null,"notifications":null},"geo":null,"coordinates":null,"place":null,"contributors":null,"retweeted_status":{"created_at":"Thu Apr 09 06:55:41 +0000 2020","id":1248142521580085248,"id_str":"1248142521580085248","text":"will schuester walking into the glee club rehearsal room","source":"\u003ca href=\"http:\/\/twitter.com\/download\/iphone\" rel=\"nofollow\"\u003eTwitter for iPhone\u003c\/a\u003e","truncated":false,"in_reply_to_status_id":null,"in_reply_to_status_id_str":null,"in_reply_to_user_id":null,"in_reply_to_user_id_str":null,"in_reply_to_screen_name":null,"user":{"id":730204540813742080,"id_str":"730204540813742080","name":"brit","screen_name":"pricevore","location":"17 | au in pinned","url":"https:\/\/curiouscat.me\/dennisvore","description":"blair & tiff georgina l kevin price lovebot l hooker 5000","translator_type":"none","protected":false,"verified":false,"followers_count":671,"friends_count":365,"listed_count":19,"favourites_count":33751,"statuses_count":21062,"created_at":"Wed May 11 01:15:03 +0000 2016","utc_offset":null,"time_zone":null,"geo_enabled":false,"lang":null,"contributors_enabled":false,"is_translator":false,"profile_background_color":"000000","profile_background_image_url":"http:\/\/abs.twimg.com\/images\/themes\/theme1\/bg.png","profile_background_image_url_https":"https:\/\/abs.twimg.com\/images\/themes\/theme1\/bg.png","profile_background_tile":false,"profile_link_color":"000000","profile_sidebar_border_color":"000000","profile_sidebar_fill_color":"000000","profile_text_color":"000000","profile_use_background_image":false,"profile_image_url":"http:\/\/pbs.twimg.com\/profile_images\/1246602508279132160\/SVNW3VQW_normal.jpg","profile_image_url_https":"https:\/\/pbs.twimg.com\/profile_images\/1246602508279132160\/SVNW3VQW_normal.jpg","profile_banner_url":"https:\/\/pbs.twimg.com\/profile_banners\/730204540813742080\/1586048174","default_profile":false,"default_profile_image":false,"following":null,"follow_request_sent":null,"notifications":null},"geo":null,"coordinates":null,"place":null,"contributors":null,"quoted_status_id":1248142033056714753,"quoted_status_id_str":"1248142033056714753","quoted_status":{"created_at":"Thu Apr 09 06:53:44 +0000 2020","id":1248142033056714753,"id_str":"1248142033056714753","text":"minorities let me hear you make some mf noise","source":"\u003ca href=\"https:\/\/mobile.twitter.com\" rel=\"nofollow\"\u003eTwitter Web App\u003c\/a\u003e","truncated":false,"in_reply_to_status_id":null,"in_reply_to_status_id_str":null,"in_reply_to_user_id":null,"in_reply_to_user_id_str":null,"in_reply_to_screen_name":null,"user":{"id":997515378929516544,"id_str":"997515378929516544","name":"indigo stans black monday in case it wasnt obvious","screen_name":"tiffgeorgina","location":"any pronouns, lesbian, 18","url":"https:\/\/encora.one\/indigo","description":"#DAWN: Fuck your \"I'm sorry.\" \n\nliz's keith @blairphaff xx :')","translator_type":"none","protected":false,"verified":false,"followers_count":160,"friends_count":457,"listed_count":5,"favourites_count":24822,"statuses_count":7426,"created_at":"Fri May 18 16:32:54 +0000 2018","utc_offset":null,"time_zone":null,"geo_enabled":true,"lang":null,"contributors_enabled":false,"is_translator":false,"profile_background_color":"F5F8FA","profile_background_image_url":"","profile_background_image_url_https":"","profile_background_tile":false,"profile_link_color":"1DA1F2","profile_sidebar_border_color":"C0DEED","profile_sidebar_fill_color":"DDEEF6","profile_text_color":"333333","profile_use_background_image":true,"profile_image_url":"http:\/\/pbs.twimg.com\/profile_images\/1246665229888446464\/kkes9fWh_normal.jpg","profile_image_url_https":"https:\/\/pbs.twimg.com\/profile_images\/1246665229888446464\/kkes9fWh_normal.jpg","profile_banner_url":"https:\/\/pbs.twimg.com\/profile_banners\/997515378929516544\/1585626896","default_profile":true,"default_profile_image":false,"following":null,"follow_request_sent":null,"notifications":null},"geo":null,"coordinates":null,"place":null,"contributors":null,"is_quote_status":false,"quote_count":12,"reply_count":10,"retweet_count":8,"favorite_count":107,"entities":{"hashtags":[],"urls":[],"user_mentions":[],"symbols":[]},"favorited":false,"retweeted":false,"filter_level":"low","lang":"en"},"quoted_status_permalink":{"url":"https:\/\/t.co\/OE61St9hrM","expanded":"https:\/\/twitter.com\/tiffgeorgina\/status\/1248142033056714753","display":"twitter.com\/tiffgeorgina\/s\u2026"},"is_quote_status":true,"quote_count":43,"reply_count":28,"retweet_count":3495,"favorite_count":14222,"entities":{"hashtags":[],"urls":[],"user_mentions":[],"symbols":[]},"favorited":false,"retweeted":false,"filter_level":"low","lang":"en"},"quoted_status_id":1248142033056714753,"quoted_status_id_str":"1248142033056714753","quoted_status":{"created_at":"Thu Apr 09 06:53:44 +0000 2020","id":1248142033056714753,"id_str":"1248142033056714753","text":"minorities let me hear you make some mf noise","source":"\u003ca href=\"https:\/\/mobile.twitter.com\" rel=\"nofollow\"\u003eTwitter Web App\u003c\/a\u003e","truncated":false,"in_reply_to_status_id":null,"in_reply_to_status_id_str":null,"in_reply_to_user_id":null,"in_reply_to_user_id_str":null,"in_reply_to_screen_name":null,"user":{"id":997515378929516544,"id_str":"997515378929516544","name":"indigo stans black monday in case it wasnt obvious","screen_name":"tiffgeorgina","location":"any pronouns, lesbian, 18","url":"https:\/\/encora.one\/indigo","description":"#DAWN: Fuck your \"I'm sorry.\" \n\nliz's keith @blairphaff xx :')","translator_type":"none","protected":false,"verified":false,"followers_count":160,"friends_count":457,"listed_count":5,"favourites_count":24822,"statuses_count":7426,"created_at":"Fri May 18 16:32:54 +0000 2018","utc_offset":null,"time_zone":null,"geo_enabled":true,"lang":null,"contributors_enabled":false,"is_translator":false,"profile_background_color":"F5F8FA","profile_background_image_url":"","profile_background_image_url_https":"","profile_background_tile":false,"profile_link_color":"1DA1F2","profile_sidebar_border_color":"C0DEED","profile_sidebar_fill_color":"DDEEF6","profile_text_color":"333333","profile_use_background_image":true,"profile_image_url":"http:\/\/pbs.twimg.com\/profile_images\/1246665229888446464\/kkes9fWh_normal.jpg","profile_image_url_https":"https:\/\/pbs.twimg.com\/profile_images\/1246665229888446464\/kkes9fWh_normal.jpg","profile_banner_url":"https:\/\/pbs.twimg.com\/profile_banners\/997515378929516544\/1585626896","default_profile":true,"default_profile_image":false,"following":null,"follow_request_sent":null,"notifications":null},"geo":null,"coordinates":null,"place":null,"contributors":null,"is_quote_status":false,"quote_count":12,"reply_count":10,"retweet_count":8,"favorite_count":107,"entities":{"hashtags":[],"urls":[],"user_mentions":[],"symbols":[]},"favorited":false,"retweeted":false,"filter_level":"low","lang":"en"},"quoted_status_permalink":{"url":"https:\/\/t.co\/OE61St9hrM","expanded":"https:\/\/twitter.com\/tiffgeorgina\/status\/1248142033056714753","display":"twitter.com\/tiffgeorgina\/s\u2026"},"is_quote_status":true,"quote_count":0,"reply_count":0,"retweet_count":0,"favorite_count":0,"entities":{"hashtags":[],"urls":[],"user_mentions":[{"screen_name":"pricevore","name":"brit","id":730204540813742080,"id_str":"730204540813742080","indices":[3,13]}],"symbols":[]},"favorited":false,"retweeted":false,"filter_level":"low","lang":"en","timestamp_ms":"1586538229658"}
