{"created_at":"Fri Apr 10 17:03:48 +0000 2020","id":1248657949074939906,"id_str":"1248657949074939906","text":"@takamiyamari \u304a\u3064\u304b\u308c\u3055\u307e\u3067\u3057\u305f\ud83e\udd70\n\u307e\u308a\u3055\u3093\u306e\u4f5c\u3063\u305f\u3054\u98ef\u98df\u3079\u305f\u3044\u301c\ud83c\udf59","display_text_range":[14,41],"source":"\u003ca href=\"http:\/\/twitter.com\/download\/iphone\" rel=\"nofollow\"\u003eTwitter for iPhone\u003c\/a\u003e","truncated":false,"in_reply_to_status_id":1248655506488451073,"in_reply_to_status_id_str":"1248655506488451073","in_reply_to_user_id":190182633,"in_reply_to_user_id_str":"190182633","in_reply_to_screen_name":"takamiyamari","user":{"id":1165829609616621570,"id_str":"1165829609616621570","name":"\u307e\u3084\uff0a","screen_name":"mayamahjang","location":null,"url":null,"description":"\u9ebb\u96c0\u7528\u30a2\u30ab\u30a6\u30f3\u30c8 \u6e0b\u8c37ABEMAS\u3068\u8d64\u5742\u30c9\u30ea\u30d6\u30f3\u30ba\u30b5\u30dd\u2606 \u9ad8\u5bae\u307e\u308a\uff0a\u677e\u672c\u5409\u5f18\uff0a\u9234\u6728\u305f\u308d\u3046\uff0a\u305a\u3093\u305f\u3093\uff0a\u4e38\u5c71\u594f\u5b50\uff0a\u6edd\u6ca2\u548c\u5178","translator_type":"none","protected":false,"verified":false,"followers_count":219,"friends_count":118,"listed_count":1,"favourites_count":318,"statuses_count":1138,"created_at":"Mon Aug 26 03:33:43 +0000 2019","utc_offset":null,"time_zone":null,"geo_enabled":false,"lang":null,"contributors_enabled":false,"is_translator":false,"profile_background_color":"F5F8FA","profile_background_image_url":"","profile_background_image_url_https":"","profile_background_tile":false,"profile_link_color":"1DA1F2","profile_sidebar_border_color":"C0DEED","profile_sidebar_fill_color":"DDEEF6","profile_text_color":"333333","profile_use_background_image":true,"profile_image_url":"http:\/\/pbs.twimg.com\/profile_images\/1177921336103993344\/GFDXLj8j_normal.jpg","profile_image_url_https":"https:\/\/pbs.twimg.com\/profile_images\/1177921336103993344\/GFDXLj8j_normal.jpg","profile_banner_url":"https:\/\/pbs.twimg.com\/profile_banners\/1165829609616621570\/1579757116","default_profile":true,"default_profile_image":false,"following":null,"follow_request_sent":null,"notifications":null},"geo":null,"coordinates":null,"place":null,"contributors":null,"is_quote_status":false,"quote_count":0,"reply_count":0,"retweet_count":0,"favorite_count":0,"entities":{"hashtags":[],"urls":[],"user_mentions":[{"screen_name":"takamiyamari","name":"\u9ad8\u5bae\u307e\u308a","id":190182633,"id_str":"190182633","indices":[0,13]}],"symbols":[]},"favorited":false,"retweeted":false,"filter_level":"low","lang":"ja","timestamp_ms":"1586538228659"}
