{"created_at":"Fri Apr 10 17:03:54 +0000 2020","id":1248657974270230528,"id_str":"1248657974270230528","text":"I tried \ud83e\udd23\ud83d\ude02 https:\/\/t.co\/16QjGV20Ox","source":"\u003ca href=\"http:\/\/instagram.com\" rel=\"nofollow\"\u003eInstagram\u003c\/a\u003e","truncated":false,"in_reply_to_status_id":null,"in_reply_to_status_id_str":null,"in_reply_to_user_id":null,"in_reply_to_user_id_str":null,"in_reply_to_screen_name":null,"user":{"id":883705990792851466,"id_str":"883705990792851466","name":"Donnie Waddington","screen_name":"waddington_don","location":"Rhode Island,USA","url":null,"description":null,"translator_type":"none","protected":false,"verified":false,"followers_count":8,"friends_count":82,"listed_count":0,"favourites_count":98,"statuses_count":135,"created_at":"Sat Jul 08 15:15:01 +0000 2017","utc_offset":null,"time_zone":null,"geo_enabled":false,"lang":null,"contributors_enabled":false,"is_translator":false,"profile_background_color":"F5F8FA","profile_background_image_url":"","profile_background_image_url_https":"","profile_background_tile":false,"profile_link_color":"1DA1F2","profile_sidebar_border_color":"C0DEED","profile_sidebar_fill_color":"DDEEF6","profile_text_color":"333333","profile_use_background_image":true,"profile_image_url":"http:\/\/pbs.twimg.com\/profile_images\/1248627028527427589\/lmxt1_la_normal.jpg","profile_image_url_https":"https:\/\/pbs.twimg.com\/profile_images\/1248627028527427589\/lmxt1_la_normal.jpg","profile_banner_url":"https:\/\/pbs.twimg.com\/profile_banners\/883705990792851466\/1586530858","default_profile":true,"default_profile_image":false,"following":null,"follow_request_sent":null,"notifications":null},"geo":null,"coordinates":null,"place":null,"contributors":null,"is_quote_status":false,"quote_count":0,"reply_count":0,"retweet_count":0,"favorite_count":0,"entities":{"hashtags":[],"urls":[{"url":"https:\/\/t.co\/16QjGV20Ox","expanded_url":"https:\/\/www.instagram.com\/p\/B-ztxDpnqOsu9rBwonGJVavKjE9W0lXOvC96VA0\/?igshid=eorwopno3a50","display_url":"instagram.com\/p\/B-ztxDpnqOsu\u2026","indices":[11,34]}],"user_mentions":[],"symbols":[]},"favorited":false,"retweeted":false,"possibly_sensitive":true,"filter_level":"low","lang":"en","timestamp_ms":"1586538234666"}
