{"created_at":"Fri Apr 10 17:03:54 +0000 2020","id":1248657974270275584,"id_str":"1248657974270275584","text":"RT @RtKezia: Gratid\u00e3o a oxal\u00e1 por tudo \ud83d\udc99\ud83d\ude4c\ud83c\udffc","source":"\u003ca href=\"http:\/\/twitter.com\/download\/android\" rel=\"nofollow\"\u003eTwitter for Android\u003c\/a\u003e","truncated":false,"in_reply_to_status_id":null,"in_reply_to_status_id_str":null,"in_reply_to_user_id":null,"in_reply_to_user_id_str":null,"in_reply_to_screen_name":null,"user":{"id":2244666143,"id_str":"2244666143","name":"x. \ud83d\udc51\u2728","screen_name":"raycorrea10","location":"+5521","url":null,"description":".          M\u00e3e da Maria Flor \ud83c\udf38\ud83d\udc63 || Dinda de 6 \ud83d\udc99\u2764\ufe0f.       ||  22 anos, candomblecista \ud83d\udc83\ud83c\udf39","translator_type":"none","protected":false,"verified":false,"followers_count":1125,"friends_count":550,"listed_count":5,"favourites_count":25449,"statuses_count":148732,"created_at":"Thu Dec 26 11:52:19 +0000 2013","utc_offset":null,"time_zone":null,"geo_enabled":true,"lang":null,"contributors_enabled":false,"is_translator":false,"profile_background_color":"FF6699","profile_background_image_url":"http:\/\/abs.twimg.com\/images\/themes\/theme11\/bg.gif","profile_background_image_url_https":"https:\/\/abs.twimg.com\/images\/themes\/theme11\/bg.gif","profile_background_tile":true,"profile_link_color":"F5ABB5","profile_sidebar_border_color":"FFFFFF","profile_sidebar_fill_color":"7AC3EE","profile_text_color":"3D1957","profile_use_background_image":true,"profile_image_url":"http:\/\/pbs.twimg.com\/profile_images\/1248186116894679040\/QPzSIuu9_normal.jpg","profile_image_url_https":"https:\/\/pbs.twimg.com\/profile_images\/1248186116894679040\/QPzSIuu9_normal.jpg","profile_banner_url":"https:\/\/pbs.twimg.com\/profile_banners\/2244666143\/1579545943","default_profile":false,"default_profile_image":false,"following":null,"follow_request_sent":null,"notifications":null},"geo":null,"coordinates":null,"place":null,"contributors":null,"retweeted_status":{"created_at":"Fri Apr 10 14:58:10 +0000 2020","id":1248626332000342019,"id_str":"1248626332000342019","text":"Gratid\u00e3o a oxal\u00e1 por tudo \ud83d\udc99\ud83d\ude4c\ud83c\udffc","source":"\u003ca href=\"http:\/\/twitter.com\/download\/iphone\" rel=\"nofollow\"\u003eTwitter for iPhone\u003c\/a\u003e","truncated":false,"in_reply_to_status_id":null,"in_reply_to_status_id_str":null,"in_reply_to_user_id":null,"in_reply_to_user_id_str":null,"in_reply_to_screen_name":null,"user":{"id":934049493825347586,"id_str":"934049493825347586","name":"\u2022Surtada","screen_name":"RtKezia","location":"Rio de Janeiro, Brasil","url":null,"description":"@familia_axe enfermagem \ud83d\udc99\u270a\ud83c\udfff  25\/04 \ud83d\udc9a\u2694\ufe0f","translator_type":"none","protected":false,"verified":false,"followers_count":607,"friends_count":595,"listed_count":0,"favourites_count":6268,"statuses_count":9378,"created_at":"Fri Nov 24 13:22:07 +0000 2017","utc_offset":null,"time_zone":null,"geo_enabled":false,"lang":null,"contributors_enabled":false,"is_translator":false,"profile_background_color":"000000","profile_background_image_url":"http:\/\/abs.twimg.com\/images\/themes\/theme1\/bg.png","profile_background_image_url_https":"https:\/\/abs.twimg.com\/images\/themes\/theme1\/bg.png","profile_background_tile":false,"profile_link_color":"E81C4F","profile_sidebar_border_color":"000000","profile_sidebar_fill_color":"000000","profile_text_color":"000000","profile_use_background_image":false,"profile_image_url":"http:\/\/pbs.twimg.com\/profile_images\/1232005049917804545\/KfqFNS7Z_normal.jpg","profile_image_url_https":"https:\/\/pbs.twimg.com\/profile_images\/1232005049917804545\/KfqFNS7Z_normal.jpg","profile_banner_url":"https:\/\/pbs.twimg.com\/profile_banners\/934049493825347586\/1583893076","default_profile":false,"default_profile_image":false,"following":null,"follow_request_sent":null,"notifications":null},"geo":null,"coordinates":null,"place":null,"contributors":null,"is_quote_status":false,"quote_count":0,"reply_count":0,"retweet_count":5,"favorite_count":6,"entities":{"hashtags":[],"urls":[],"user_mentions":[],"symbols":[]},"favorited":false,"retweeted":false,"filter_level":"low","lang":"pt"},"is_quote_status":false,"quote_count":0,"reply_count":0,"retweet_count":0,"favorite_count":0,"entities":{"hashtags":[],"urls":[],"user_mentions":[{"screen_name":"RtKezia","name":"\u2022Surtada","id":934049493825347586,"id_str":"934049493825347586","indices":[3,11]}],"symbols":[]},"favorited":false,"retweeted":false,"filter_level":"low","lang":"pt","timestamp_ms":"1586538234666"}
