{"created_at":"Fri Apr 10 17:03:50 +0000 2020","id":1248657957455306758,"id_str":"1248657957455306758","text":"Eu e o SKY","source":"\u003ca href=\"http:\/\/twitter.com\/download\/iphone\" rel=\"nofollow\"\u003eTwitter for iPhone\u003c\/a\u003e","truncated":false,"in_reply_to_status_id":null,"in_reply_to_status_id_str":null,"in_reply_to_user_id":null,"in_reply_to_user_id_str":null,"in_reply_to_screen_name":null,"user":{"id":884383571351416832,"id_str":"884383571351416832","name":"Bust down, Fariana","screen_name":"faria1402","location":"Guimar\u00e3es, Portugal","url":null,"description":"insta:marianattfaria","translator_type":"none","protected":false,"verified":false,"followers_count":1284,"friends_count":772,"listed_count":0,"favourites_count":15948,"statuses_count":29750,"created_at":"Mon Jul 10 12:07:29 +0000 2017","utc_offset":null,"time_zone":null,"geo_enabled":true,"lang":null,"contributors_enabled":false,"is_translator":false,"profile_background_color":"F5F8FA","profile_background_image_url":"","profile_background_image_url_https":"","profile_background_tile":false,"profile_link_color":"1DA1F2","profile_sidebar_border_color":"C0DEED","profile_sidebar_fill_color":"DDEEF6","profile_text_color":"333333","profile_use_background_image":true,"profile_image_url":"http:\/\/pbs.twimg.com\/profile_images\/1248575745279946754\/jLBz_N06_normal.jpg","profile_image_url_https":"https:\/\/pbs.twimg.com\/profile_images\/1248575745279946754\/jLBz_N06_normal.jpg","profile_banner_url":"https:\/\/pbs.twimg.com\/profile_banners\/884383571351416832\/1583871569","default_profile":true,"default_profile_image":false,"following":null,"follow_request_sent":null,"notifications":null},"geo":null,"coordinates":null,"place":null,"contributors":null,"quoted_status_id":1248599779371876353,"quoted_status_id_str":"1248599779371876353","quoted_status":{"created_at":"Fri Apr 10 13:12:39 +0000 2020","id":1248599779371876353,"id_str":"1248599779371876353","text":"If you\u2019re having a bad day watch this \u2764\ufe0f https:\/\/t.co\/Y92sngiYho","source":"\u003ca href=\"http:\/\/twitter.com\/download\/iphone\" rel=\"nofollow\"\u003eTwitter for iPhone\u003c\/a\u003e","truncated":false,"in_reply_to_status_id":null,"in_reply_to_status_id_str":null,"in_reply_to_user_id":null,"in_reply_to_user_id_str":null,"in_reply_to_screen_name":null,"user":{"id":963204890842615809,"id_str":"963204890842615809","name":"Best Videos \ud83c\udfac\ud83c\udf7f","screen_name":"30SECVlDEOS","location":null,"url":"http:\/\/www.dbltap.com\/posts\/call-of-duty-modern-warfare-season-3-goes-live-01e5b8c0xgt7\/partners\/40714","description":"Owner @CallMeMatt - #BestVideos","translator_type":"none","protected":false,"verified":false,"followers_count":904692,"friends_count":44,"listed_count":591,"favourites_count":44136,"statuses_count":207,"created_at":"Tue Feb 13 00:15:16 +0000 2018","utc_offset":null,"time_zone":null,"geo_enabled":false,"lang":null,"contributors_enabled":false,"is_translator":false,"profile_background_color":"F5F8FA","profile_background_image_url":"","profile_background_image_url_https":"","profile_background_tile":false,"profile_link_color":"1DA1F2","profile_sidebar_border_color":"C0DEED","profile_sidebar_fill_color":"DDEEF6","profile_text_color":"333333","profile_use_background_image":true,"profile_image_url":"http:\/\/pbs.twimg.com\/profile_images\/1212809612342284288\/cebghvog_normal.jpg","profile_image_url_https":"https:\/\/pbs.twimg.com\/profile_images\/1212809612342284288\/cebghvog_normal.jpg","profile_banner_url":"https:\/\/pbs.twimg.com\/profile_banners\/963204890842615809\/1575525564","default_profile":true,"default_profile_image":false,"following":null,"follow_request_sent":null,"notifications":null},"geo":null,"coordinates":null,"place":null,"contributors":null,"is_quote_status":false,"quote_count":232,"reply_count":82,"retweet_count":1835,"favorite_count":9669,"entities":{"hashtags":[],"urls":[],"user_mentions":[],"symbols":[],"media":[{"id":1023660976296538113,"id_str":"1023660976296538113","indices":[41,64],"additional_media_info":{"monetizable":false},"media_url":"http:\/\/pbs.twimg.com\/ext_tw_video_thumb\/1023660976296538113\/pu\/img\/YET6dk5YQ3NSdVEE.jpg","media_url_https":"https:\/\/pbs.twimg.com\/ext_tw_video_thumb\/1023660976296538113\/pu\/img\/YET6dk5YQ3NSdVEE.jpg","url":"https:\/\/t.co\/Y92sngiYho","display_url":"pic.twitter.com\/Y92sngiYho","expanded_url":"https:\/\/twitter.com\/dogsaremagic\/status\/1023661216521023488\/video\/1","type":"photo","sizes":{"medium":{"w":640,"h":640,"resize":"fit"},"thumb":{"w":150,"h":150,"resize":"crop"},"large":{"w":640,"h":640,"resize":"fit"},"small":{"w":640,"h":640,"resize":"fit"}},"source_status_id":1023661216521023488,"source_status_id_str":"1023661216521023488","source_user_id":921247027832303616,"source_user_id_str":"921247027832303616"}]},"extended_entities":{"media":[{"id":1023660976296538113,"id_str":"1023660976296538113","indices":[41,64],"additional_media_info":{"monetizable":false},"media_url":"http:\/\/pbs.twimg.com\/ext_tw_video_thumb\/1023660976296538113\/pu\/img\/YET6dk5YQ3NSdVEE.jpg","media_url_https":"https:\/\/pbs.twimg.com\/ext_tw_video_thumb\/1023660976296538113\/pu\/img\/YET6dk5YQ3NSdVEE.jpg","url":"https:\/\/t.co\/Y92sngiYho","display_url":"pic.twitter.com\/Y92sngiYho","expanded_url":"https:\/\/twitter.com\/dogsaremagic\/status\/1023661216521023488\/video\/1","type":"video","video_info":{"aspect_ratio":[1,1],"duration_millis":43733,"variants":[{"bitrate":832000,"content_type":"video\/mp4","url":"https:\/\/video.twimg.com\/ext_tw_video\/1023660976296538113\/pu\/vid\/480x480\/5R0NPFFkxbgosbDs.mp4?tag=4"},{"bitrate":256000,"content_type":"video\/mp4","url":"https:\/\/video.twimg.com\/ext_tw_video\/1023660976296538113\/pu\/vid\/240x240\/_HK5tp68lae88rL8.mp4?tag=4"},{"content_type":"application\/x-mpegURL","url":"https:\/\/video.twimg.com\/ext_tw_video\/1023660976296538113\/pu\/pl\/Er3hJlQpoyLSDawv.m3u8?tag=4"}]},"sizes":{"medium":{"w":640,"h":640,"resize":"fit"},"thumb":{"w":150,"h":150,"resize":"crop"},"large":{"w":640,"h":640,"resize":"fit"},"small":{"w":640,"h":640,"resize":"fit"}},"source_status_id":1023661216521023488,"source_status_id_str":"1023661216521023488","source_user_id":921247027832303616,"source_user_id_str":"921247027832303616"}]},"favorited":false,"retweeted":false,"possibly_sensitive":false,"filter_level":"low","lang":"en"},"quoted_status_permalink":{"url":"https:\/\/t.co\/fHUqG2DuNQ","expanded":"https:\/\/twitter.com\/30secvldeos\/status\/1248599779371876353","display":"twitter.com\/30secvldeos\/st\u2026"},"is_quote_status":true,"quote_count":0,"reply_count":0,"retweet_count":0,"favorite_count":0,"entities":{"hashtags":[],"urls":[],"user_mentions":[],"symbols":[]},"favorited":false,"retweeted":false,"filter_level":"low","lang":"pt","timestamp_ms":"1586538230657"}
