{"created_at":"Fri Apr 10 17:03:49 +0000 2020","id":1248657953260896256,"id_str":"1248657953260896256","text":"RT @muzasyomel: KUATKAN RADIO KUATKAN RADIO ANDAAAAAA","source":"\u003ca href=\"http:\/\/twitter.com\/download\/iphone\" rel=\"nofollow\"\u003eTwitter for iPhone\u003c\/a\u003e","truncated":false,"in_reply_to_status_id":null,"in_reply_to_status_id_str":null,"in_reply_to_user_id":null,"in_reply_to_user_id_str":null,"in_reply_to_screen_name":null,"user":{"id":1859593891,"id_str":"1859593891","name":"maleh aku","screen_name":"zkdlincrush","location":null,"url":null,"description":"\u201cwho is nana\u201d","translator_type":"none","protected":false,"verified":false,"followers_count":283,"friends_count":151,"listed_count":0,"favourites_count":18881,"statuses_count":22236,"created_at":"Fri Sep 13 05:26:42 +0000 2013","utc_offset":null,"time_zone":null,"geo_enabled":true,"lang":null,"contributors_enabled":false,"is_translator":false,"profile_background_color":"C0DEED","profile_background_image_url":"http:\/\/abs.twimg.com\/images\/themes\/theme1\/bg.png","profile_background_image_url_https":"https:\/\/abs.twimg.com\/images\/themes\/theme1\/bg.png","profile_background_tile":true,"profile_link_color":"3B94D9","profile_sidebar_border_color":"FFFFFF","profile_sidebar_fill_color":"DDEEF6","profile_text_color":"333333","profile_use_background_image":true,"profile_image_url":"http:\/\/pbs.twimg.com\/profile_images\/1212741006480699392\/NgPy6P8Y_normal.jpg","profile_image_url_https":"https:\/\/pbs.twimg.com\/profile_images\/1212741006480699392\/NgPy6P8Y_normal.jpg","profile_banner_url":"https:\/\/pbs.twimg.com\/profile_banners\/1859593891\/1579227066","default_profile":false,"default_profile_image":false,"following":null,"follow_request_sent":null,"notifications":null},"geo":null,"coordinates":null,"place":null,"contributors":null,"retweeted_status":{"created_at":"Thu Apr 09 17:08:37 +0000 2020","id":1248296771488329728,"id_str":"1248296771488329728","text":"KUATKAN RADIO KUATKAN RADIO ANDAAAAAA","source":"\u003ca href=\"http:\/\/twitter.com\/download\/iphone\" rel=\"nofollow\"\u003eTwitter for iPhone\u003c\/a\u003e","truncated":false,"in_reply_to_status_id":null,"in_reply_to_status_id_str":null,"in_reply_to_user_id":null,"in_reply_to_user_id_str":null,"in_reply_to_screen_name":null,"user":{"id":1239621336323862530,"id_str":"1239621336323862530","name":"muz","screen_name":"muzasyomel","location":null,"url":"http:\/\/instagram.com\/muzapower","description":"ssup mdf old account got locked","translator_type":"none","protected":false,"verified":false,"followers_count":742,"friends_count":360,"listed_count":0,"favourites_count":4205,"statuses_count":3380,"created_at":"Mon Mar 16 18:35:42 +0000 2020","utc_offset":null,"time_zone":null,"geo_enabled":false,"lang":null,"contributors_enabled":false,"is_translator":false,"profile_background_color":"F5F8FA","profile_background_image_url":"","profile_background_image_url_https":"","profile_background_tile":false,"profile_link_color":"1DA1F2","profile_sidebar_border_color":"C0DEED","profile_sidebar_fill_color":"DDEEF6","profile_text_color":"333333","profile_use_background_image":true,"profile_image_url":"http:\/\/pbs.twimg.com\/profile_images\/1247166989254062082\/Ye6taIT8_normal.jpg","profile_image_url_https":"https:\/\/pbs.twimg.com\/profile_images\/1247166989254062082\/Ye6taIT8_normal.jpg","profile_banner_url":"https:\/\/pbs.twimg.com\/profile_banners\/1239621336323862530\/1586490620","default_profile":true,"default_profile_image":false,"following":null,"follow_request_sent":null,"notifications":null},"geo":null,"coordinates":null,"place":null,"contributors":null,"quoted_status_id":1248114270312644608,"quoted_status_id_str":"1248114270312644608","quoted_status":{"created_at":"Thu Apr 09 05:03:25 +0000 2020","id":1248114270312644608,"id_str":"1248114270312644608","text":"yang legend je minat \ud83e\udd29\ud83d\ude17\u270c\ud83c\udffb https:\/\/t.co\/DIGiq6Rzea","display_text_range":[0,25],"source":"\u003ca href=\"https:\/\/mobile.twitter.com\" rel=\"nofollow\"\u003eTwitter Web App\u003c\/a\u003e","truncated":false,"in_reply_to_status_id":null,"in_reply_to_status_id_str":null,"in_reply_to_user_id":null,"in_reply_to_user_id_str":null,"in_reply_to_screen_name":null,"user":{"id":840634809181335552,"id_str":"840634809181335552","name":"\ud835\udc83\ud835\udc82\ud835\udc98\ud835\udc82\ud835\udc8f\ud835\udc88 \ud835\udc8e\ud835\udc86\ud835\udc93\ud835\udc82\ud835\udc89","screen_name":"tisyahoodzy","location":"Kuala Lumpur ","url":null,"description":"chicago baby","translator_type":"none","protected":false,"verified":false,"followers_count":269,"friends_count":321,"listed_count":0,"favourites_count":5978,"statuses_count":1406,"created_at":"Sat Mar 11 18:45:31 +0000 2017","utc_offset":null,"time_zone":null,"geo_enabled":false,"lang":null,"contributors_enabled":false,"is_translator":false,"profile_background_color":"000000","profile_background_image_url":"http:\/\/abs.twimg.com\/images\/themes\/theme1\/bg.png","profile_background_image_url_https":"https:\/\/abs.twimg.com\/images\/themes\/theme1\/bg.png","profile_background_tile":false,"profile_link_color":"FFA07A","profile_sidebar_border_color":"000000","profile_sidebar_fill_color":"000000","profile_text_color":"000000","profile_use_background_image":false,"profile_image_url":"http:\/\/pbs.twimg.com\/profile_images\/1247377259754741765\/c_ZIlbRC_normal.jpg","profile_image_url_https":"https:\/\/pbs.twimg.com\/profile_images\/1247377259754741765\/c_ZIlbRC_normal.jpg","profile_banner_url":"https:\/\/pbs.twimg.com\/profile_banners\/840634809181335552\/1585833626","default_profile":false,"default_profile_image":false,"following":null,"follow_request_sent":null,"notifications":null},"geo":null,"coordinates":null,"place":null,"contributors":null,"is_quote_status":false,"quote_count":1745,"reply_count":187,"retweet_count":9212,"favorite_count":22192,"entities":{"hashtags":[],"urls":[],"user_mentions":[],"symbols":[],"media":[{"id":1248114211210678272,"id_str":"1248114211210678272","indices":[26,49],"media_url":"http:\/\/pbs.twimg.com\/media\/EVIxQyZUUAAzsUs.jpg","media_url_https":"https:\/\/pbs.twimg.com\/media\/EVIxQyZUUAAzsUs.jpg","url":"https:\/\/t.co\/DIGiq6Rzea","display_url":"pic.twitter.com\/DIGiq6Rzea","expanded_url":"https:\/\/twitter.com\/tisyahoodzy\/status\/1248114270312644608\/photo\/1","type":"photo","sizes":{"thumb":{"w":150,"h":150,"resize":"crop"},"large":{"w":558,"h":424,"resize":"fit"},"small":{"w":558,"h":424,"resize":"fit"},"medium":{"w":558,"h":424,"resize":"fit"}}}]},"extended_entities":{"media":[{"id":1248114211210678272,"id_str":"1248114211210678272","indices":[26,49],"media_url":"http:\/\/pbs.twimg.com\/media\/EVIxQyZUUAAzsUs.jpg","media_url_https":"https:\/\/pbs.twimg.com\/media\/EVIxQyZUUAAzsUs.jpg","url":"https:\/\/t.co\/DIGiq6Rzea","display_url":"pic.twitter.com\/DIGiq6Rzea","expanded_url":"https:\/\/twitter.com\/tisyahoodzy\/status\/1248114270312644608\/photo\/1","type":"photo","sizes":{"thumb":{"w":150,"h":150,"resize":"crop"},"large":{"w":558,"h":424,"resize":"fit"},"small":{"w":558,"h":424,"resize":"fit"},"medium":{"w":558,"h":424,"resize":"fit"}}},{"id":1248114211202318336,"id_str":"1248114211202318336","indices":[26,49],"media_url":"http:\/\/pbs.twimg.com\/media\/EVIxQyXUwAAFBTG.jpg","media_url_https":"https:\/\/pbs.twimg.com\/media\/EVIxQyXUwAAFBTG.jpg","url":"https:\/\/t.co\/DIGiq6Rzea","display_url":"pic.twitter.com\/DIGiq6Rzea","expanded_url":"https:\/\/twitter.com\/tisyahoodzy\/status\/1248114270312644608\/photo\/1","type":"photo","sizes":{"small":{"w":550,"h":249,"resize":"fit"},"thumb":{"w":150,"h":150,"resize":"crop"},"medium":{"w":550,"h":249,"resize":"fit"},"large":{"w":550,"h":249,"resize":"fit"}}},{"id":1248114211210686464,"id_str":"1248114211210686464","indices":[26,49],"media_url":"http:\/\/pbs.twimg.com\/media\/EVIxQyZUcAAw5vx.jpg","media_url_https":"https:\/\/pbs.twimg.com\/media\/EVIxQyZUcAAw5vx.jpg","url":"https:\/\/t.co\/DIGiq6Rzea","display_url":"pic.twitter.com\/DIGiq6Rzea","expanded_url":"https:\/\/twitter.com\/tisyahoodzy\/status\/1248114270312644608\/photo\/1","type":"photo","sizes":{"small":{"w":680,"h":382,"resize":"fit"},"thumb":{"w":150,"h":150,"resize":"crop"},"large":{"w":1859,"h":1045,"resize":"fit"},"medium":{"w":1200,"h":675,"resize":"fit"}}},{"id":1248114211214856195,"id_str":"1248114211214856195","indices":[26,49],"media_url":"http:\/\/pbs.twimg.com\/media\/EVIxQyaUEAM_VcG.jpg","media_url_https":"https:\/\/pbs.twimg.com\/media\/EVIxQyaUEAM_VcG.jpg","url":"https:\/\/t.co\/DIGiq6Rzea","display_url":"pic.twitter.com\/DIGiq6Rzea","expanded_url":"https:\/\/twitter.com\/tisyahoodzy\/status\/1248114270312644608\/photo\/1","type":"photo","sizes":{"thumb":{"w":150,"h":150,"resize":"crop"},"large":{"w":620,"h":413,"resize":"fit"},"small":{"w":620,"h":413,"resize":"fit"},"medium":{"w":620,"h":413,"resize":"fit"}}}]},"favorited":false,"retweeted":false,"possibly_sensitive":false,"filter_level":"low","lang":"in"},"quoted_status_permalink":{"url":"https:\/\/t.co\/C48C3Jxrob","expanded":"https:\/\/twitter.com\/tisyahoodzy\/status\/1248114270312644608","display":"twitter.com\/tisyahoodzy\/st\u2026"},"is_quote_status":true,"quote_count":151,"reply_count":47,"retweet_count":16121,"favorite_count":19848,"entities":{"hashtags":[],"urls":[],"user_mentions":[],"symbols":[]},"favorited":false,"retweeted":false,"filter_level":"low","lang":"in"},"quoted_status_id":1248114270312644608,"quoted_status_id_str":"1248114270312644608","quoted_status":{"created_at":"Thu Apr 09 05:03:25 +0000 2020","id":1248114270312644608,"id_str":"1248114270312644608","text":"yang legend je minat \ud83e\udd29\ud83d\ude17\u270c\ud83c\udffb https:\/\/t.co\/DIGiq6Rzea","display_text_range":[0,25],"source":"\u003ca href=\"https:\/\/mobile.twitter.com\" rel=\"nofollow\"\u003eTwitter Web App\u003c\/a\u003e","truncated":false,"in_reply_to_status_id":null,"in_reply_to_status_id_str":null,"in_reply_to_user_id":null,"in_reply_to_user_id_str":null,"in_reply_to_screen_name":null,"user":{"id":840634809181335552,"id_str":"840634809181335552","name":"\ud835\udc83\ud835\udc82\ud835\udc98\ud835\udc82\ud835\udc8f\ud835\udc88 \ud835\udc8e\ud835\udc86\ud835\udc93\ud835\udc82\ud835\udc89","screen_name":"tisyahoodzy","location":"Kuala Lumpur ","url":null,"description":"chicago baby","translator_type":"none","protected":false,"verified":false,"followers_count":269,"friends_count":321,"listed_count":0,"favourites_count":5978,"statuses_count":1406,"created_at":"Sat Mar 11 18:45:31 +0000 2017","utc_offset":null,"time_zone":null,"geo_enabled":false,"lang":null,"contributors_enabled":false,"is_translator":false,"profile_background_color":"000000","profile_background_image_url":"http:\/\/abs.twimg.com\/images\/themes\/theme1\/bg.png","profile_background_image_url_https":"https:\/\/abs.twimg.com\/images\/themes\/theme1\/bg.png","profile_background_tile":false,"profile_link_color":"FFA07A","profile_sidebar_border_color":"000000","profile_sidebar_fill_color":"000000","profile_text_color":"000000","profile_use_background_image":false,"profile_image_url":"http:\/\/pbs.twimg.com\/profile_images\/1247377259754741765\/c_ZIlbRC_normal.jpg","profile_image_url_https":"https:\/\/pbs.twimg.com\/profile_images\/1247377259754741765\/c_ZIlbRC_normal.jpg","profile_banner_url":"https:\/\/pbs.twimg.com\/profile_banners\/840634809181335552\/1585833626","default_profile":false,"default_profile_image":false,"following":null,"follow_request_sent":null,"notifications":null},"geo":null,"coordinates":null,"place":null,"contributors":null,"is_quote_status":false,"quote_count":1745,"reply_count":187,"retweet_count":9212,"favorite_count":22192,"entities":{"hashtags":[],"urls":[],"user_mentions":[],"symbols":[],"media":[{"id":1248114211210678272,"id_str":"1248114211210678272","indices":[26,49],"media_url":"http:\/\/pbs.twimg.com\/media\/EVIxQyZUUAAzsUs.jpg","media_url_https":"https:\/\/pbs.twimg.com\/media\/EVIxQyZUUAAzsUs.jpg","url":"https:\/\/t.co\/DIGiq6Rzea","display_url":"pic.twitter.com\/DIGiq6Rzea","expanded_url":"https:\/\/twitter.com\/tisyahoodzy\/status\/1248114270312644608\/photo\/1","type":"photo","sizes":{"thumb":{"w":150,"h":150,"resize":"crop"},"large":{"w":558,"h":424,"resize":"fit"},"small":{"w":558,"h":424,"resize":"fit"},"medium":{"w":558,"h":424,"resize":"fit"}}}]},"extended_entities":{"media":[{"id":1248114211210678272,"id_str":"1248114211210678272","indices":[26,49],"media_url":"http:\/\/pbs.twimg.com\/media\/EVIxQyZUUAAzsUs.jpg","media_url_https":"https:\/\/pbs.twimg.com\/media\/EVIxQyZUUAAzsUs.jpg","url":"https:\/\/t.co\/DIGiq6Rzea","display_url":"pic.twitter.com\/DIGiq6Rzea","expanded_url":"https:\/\/twitter.com\/tisyahoodzy\/status\/1248114270312644608\/photo\/1","type":"photo","sizes":{"thumb":{"w":150,"h":150,"resize":"crop"},"large":{"w":558,"h":424,"resize":"fit"},"small":{"w":558,"h":424,"resize":"fit"},"medium":{"w":558,"h":424,"resize":"fit"}}},{"id":1248114211202318336,"id_str":"1248114211202318336","indices":[26,49],"media_url":"http:\/\/pbs.twimg.com\/media\/EVIxQyXUwAAFBTG.jpg","media_url_https":"https:\/\/pbs.twimg.com\/media\/EVIxQyXUwAAFBTG.jpg","url":"https:\/\/t.co\/DIGiq6Rzea","display_url":"pic.twitter.com\/DIGiq6Rzea","expanded_url":"https:\/\/twitter.com\/tisyahoodzy\/status\/1248114270312644608\/photo\/1","type":"photo","sizes":{"small":{"w":550,"h":249,"resize":"fit"},"thumb":{"w":150,"h":150,"resize":"crop"},"medium":{"w":550,"h":249,"resize":"fit"},"large":{"w":550,"h":249,"resize":"fit"}}},{"id":1248114211210686464,"id_str":"1248114211210686464","indices":[26,49],"media_url":"http:\/\/pbs.twimg.com\/media\/EVIxQyZUcAAw5vx.jpg","media_url_https":"https:\/\/pbs.twimg.com\/media\/EVIxQyZUcAAw5vx.jpg","url":"https:\/\/t.co\/DIGiq6Rzea","display_url":"pic.twitter.com\/DIGiq6Rzea","expanded_url":"https:\/\/twitter.com\/tisyahoodzy\/status\/1248114270312644608\/photo\/1","type":"photo","sizes":{"small":{"w":680,"h":382,"resize":"fit"},"thumb":{"w":150,"h":150,"resize":"crop"},"large":{"w":1859,"h":1045,"resize":"fit"},"medium":{"w":1200,"h":675,"resize":"fit"}}},{"id":1248114211214856195,"id_str":"1248114211214856195","indices":[26,49],"media_url":"http:\/\/pbs.twimg.com\/media\/EVIxQyaUEAM_VcG.jpg","media_url_https":"https:\/\/pbs.twimg.com\/media\/EVIxQyaUEAM_VcG.jpg","url":"https:\/\/t.co\/DIGiq6Rzea","display_url":"pic.twitter.com\/DIGiq6Rzea","expanded_url":"https:\/\/twitter.com\/tisyahoodzy\/status\/1248114270312644608\/photo\/1","type":"photo","sizes":{"thumb":{"w":150,"h":150,"resize":"crop"},"large":{"w":620,"h":413,"resize":"fit"},"small":{"w":620,"h":413,"resize":"fit"},"medium":{"w":620,"h":413,"resize":"fit"}}}]},"favorited":false,"retweeted":false,"possibly_sensitive":false,"filter_level":"low","lang":"in"},"quoted_status_permalink":{"url":"https:\/\/t.co\/C48C3Jxrob","expanded":"https:\/\/twitter.com\/tisyahoodzy\/status\/1248114270312644608","display":"twitter.com\/tisyahoodzy\/st\u2026"},"is_quote_status":true,"quote_count":0,"reply_count":0,"retweet_count":0,"favorite_count":0,"entities":{"hashtags":[],"urls":[],"user_mentions":[{"screen_name":"muzasyomel","name":"muz","id":1239621336323862530,"id_str":"1239621336323862530","indices":[3,14]}],"symbols":[]},"favorited":false,"retweeted":false,"filter_level":"low","lang":"in","timestamp_ms":"1586538229657"}
