{"created_at":"Fri Apr 10 17:03:55 +0000 2020","id":1248657978439241729,"id_str":"1248657978439241729","text":"@satriaiyoo_ istighfar","display_text_range":[13,22],"source":"\u003ca href=\"http:\/\/twitter.com\/download\/android\" rel=\"nofollow\"\u003eTwitter for Android\u003c\/a\u003e","truncated":false,"in_reply_to_status_id":1248657672255107072,"in_reply_to_status_id_str":"1248657672255107072","in_reply_to_user_id":1078326848436592641,"in_reply_to_user_id_str":"1078326848436592641","in_reply_to_screen_name":"satriaiyoo_","user":{"id":580594164,"id_str":"580594164","name":"buna","screen_name":"ris0lmayo","location":null,"url":null,"description":"98's.","translator_type":"none","protected":false,"verified":false,"followers_count":7545,"friends_count":1694,"listed_count":25,"favourites_count":449,"statuses_count":111560,"created_at":"Tue May 15 03:49:12 +0000 2012","utc_offset":null,"time_zone":null,"geo_enabled":true,"lang":null,"contributors_enabled":false,"is_translator":false,"profile_background_color":"1A1B1F","profile_background_image_url":"http:\/\/abs.twimg.com\/images\/themes\/theme9\/bg.gif","profile_background_image_url_https":"https:\/\/abs.twimg.com\/images\/themes\/theme9\/bg.gif","profile_background_tile":false,"profile_link_color":"2FC2EF","profile_sidebar_border_color":"181A1E","profile_sidebar_fill_color":"252429","profile_text_color":"666666","profile_use_background_image":true,"profile_image_url":"http:\/\/pbs.twimg.com\/profile_images\/1246218337039691776\/WBSYwlcP_normal.jpg","profile_image_url_https":"https:\/\/pbs.twimg.com\/profile_images\/1246218337039691776\/WBSYwlcP_normal.jpg","profile_banner_url":"https:\/\/pbs.twimg.com\/profile_banners\/580594164\/1586269669","default_profile":false,"default_profile_image":false,"following":null,"follow_request_sent":null,"notifications":null},"geo":null,"coordinates":null,"place":null,"contributors":null,"is_quote_status":false,"quote_count":0,"reply_count":0,"retweet_count":0,"favorite_count":0,"entities":{"hashtags":[],"urls":[],"user_mentions":[{"screen_name":"satriaiyoo_","name":"\ud83d\udc12","id":1078326848436592641,"id_str":"1078326848436592641","indices":[0,12]}],"symbols":[]},"favorited":false,"retweeted":false,"filter_level":"low","lang":"tr","timestamp_ms":"1586538235660"}
