{"created_at":"Fri Apr 10 17:03:52 +0000 2020","id":1248657965860548608,"id_str":"1248657965860548608","text":"RT @myfullsunisfan: \u0e2a\u0e32\u0e22\u0e15\u0e07\u0e2a\u0e32\u0e22\u0e15\u0e32\u0e2d\u0e30 https:\/\/t.co\/JmRWoa3Ao1","source":"\u003ca href=\"http:\/\/twitter.com\/download\/iphone\" rel=\"nofollow\"\u003eTwitter for iPhone\u003c\/a\u003e","truncated":false,"in_reply_to_status_id":null,"in_reply_to_status_id_str":null,"in_reply_to_user_id":null,"in_reply_to_user_id_str":null,"in_reply_to_screen_name":null,"user":{"id":1173983762402574336,"id_str":"1173983762402574336","name":"\ud835\ude2b\ud835\ude35","screen_name":"cxtarn","location":"\u26a0\ufe0fjm ty dy top","url":null,"description":"\u0e04\u0e38\u0e13\u0e1e\u0e35\u0e48\u0e2d\u0e22\u0e39\u0e48\u0e08\u0e31\u0e07\u0e2b\u0e27\u0e31\u0e14\u0e2d\u0e30\u0e44\u0e23\u0e04\u0e30 \u0e04\u0e38\u0e13\u0e1e\u0e35\u0e48\u0e2d\u0e22\u0e39\u0e48\u0e08\u0e31\u0e07\u0e2b\u0e27\u0e31\u0e14\u0e2d\u0e30\u0e44\u0e23 \u0e04\u0e38\u0e13\u0e1e\u0e35\u0e48!\u0e2d\u0e22\u0e39\u0e48\u0e08\u0e31\u0e07\u0e2b\u0e27\u0e31\u0e14\u0e2d\u0e32\u0e23\u0e31\u0e22\u0e04\u0e49\u0e32\u0e32\u0e32\u0e32\u0e32\u0e32\u0e32\u0e32\u0e32","translator_type":"none","protected":false,"verified":false,"followers_count":11,"friends_count":87,"listed_count":0,"favourites_count":351,"statuses_count":2996,"created_at":"Tue Sep 17 15:35:29 +0000 2019","utc_offset":null,"time_zone":null,"geo_enabled":false,"lang":null,"contributors_enabled":false,"is_translator":false,"profile_background_color":"F5F8FA","profile_background_image_url":"","profile_background_image_url_https":"","profile_background_tile":false,"profile_link_color":"1DA1F2","profile_sidebar_border_color":"C0DEED","profile_sidebar_fill_color":"DDEEF6","profile_text_color":"333333","profile_use_background_image":true,"profile_image_url":"http:\/\/pbs.twimg.com\/profile_images\/1248122847731396608\/NxWnUTkH_normal.jpg","profile_image_url_https":"https:\/\/pbs.twimg.com\/profile_images\/1248122847731396608\/NxWnUTkH_normal.jpg","profile_banner_url":"https:\/\/pbs.twimg.com\/profile_banners\/1173983762402574336\/1586282643","default_profile":true,"default_profile_image":false,"following":null,"follow_request_sent":null,"notifications":null},"geo":null,"coordinates":null,"place":null,"contributors":null,"retweeted_status":{"created_at":"Fri Apr 10 15:45:43 +0000 2020","id":1248638298815254528,"id_str":"1248638298815254528","text":"\u0e2a\u0e32\u0e22\u0e15\u0e07\u0e2a\u0e32\u0e22\u0e15\u0e32\u0e2d\u0e30 https:\/\/t.co\/JmRWoa3Ao1","source":"\u003ca href=\"http:\/\/twitter.com\/download\/iphone\" rel=\"nofollow\"\u003eTwitter for iPhone\u003c\/a\u003e","truncated":false,"in_reply_to_status_id":null,"in_reply_to_status_id_str":null,"in_reply_to_user_id":null,"in_reply_to_user_id_str":null,"in_reply_to_screen_name":null,"user":{"id":1140631630542852096,"id_str":"1140631630542852096","name":"\u0e41\u0e2e\u0e0a\u0e32\u0e19\u0e17\u0e35\u0e48\u0e40\u0e1b\u0e47\u0e19\u0e42\u0e1e\u0e1e\u0e35\u0e48\u0e41\u0e2e\u0e0a","screen_name":"myfullsunisfan","location":"HAECHAN \u2661 ","url":null,"description":"\u0e09\u0e31\u0e19\u0e23\u0e39\u0e49\u0e27\u0e48\u0e32\u0e21\u0e31\u0e19\u0e21\u0e35 \u0e25\u0e38\u0e01\u0e02\u0e36\u0e49\u0e19\u0e21\u0e32! \u0e43\u0e04\u0e23\u0e01\u0e47\u0e15\u0e32\u0e21\u0e17\u0e35\u0e48\u0e21\u0e2d\u0e07\u0e1e\u0e35\u0e48\u0e41\u0e2e\u0e0a\u0e42\u0e1e\u0e1c\u0e31\u0e27\u0e25\u0e38\u0e01\u0e02\u0e36\u0e49\u0e19\u0e21\u0e32!!!","translator_type":"none","protected":false,"verified":false,"followers_count":5040,"friends_count":656,"listed_count":9,"favourites_count":1217,"statuses_count":9711,"created_at":"Mon Jun 17 14:45:47 +0000 2019","utc_offset":null,"time_zone":null,"geo_enabled":false,"lang":null,"contributors_enabled":false,"is_translator":false,"profile_background_color":"F5F8FA","profile_background_image_url":"","profile_background_image_url_https":"","profile_background_tile":false,"profile_link_color":"1DA1F2","profile_sidebar_border_color":"C0DEED","profile_sidebar_fill_color":"DDEEF6","profile_text_color":"333333","profile_use_background_image":true,"profile_image_url":"http:\/\/pbs.twimg.com\/profile_images\/1245044300179599360\/TbPmikrT_normal.jpg","profile_image_url_https":"https:\/\/pbs.twimg.com\/profile_images\/1245044300179599360\/TbPmikrT_normal.jpg","profile_banner_url":"https:\/\/pbs.twimg.com\/profile_banners\/1140631630542852096\/1562352927","default_profile":true,"default_profile_image":false,"following":null,"follow_request_sent":null,"notifications":null},"geo":null,"coordinates":null,"place":null,"contributors":null,"is_quote_status":false,"quote_count":3,"reply_count":0,"retweet_count":364,"favorite_count":105,"entities":{"hashtags":[],"urls":[],"user_mentions":[],"symbols":[],"media":[{"id":1168169058853765121,"id_str":"1168169058853765121","indices":[13,36],"additional_media_info":{"monetizable":false},"media_url":"http:\/\/pbs.twimg.com\/ext_tw_video_thumb\/1168169058853765121\/pu\/img\/EHzUM9PStZ3-g6YX.jpg","media_url_https":"https:\/\/pbs.twimg.com\/ext_tw_video_thumb\/1168169058853765121\/pu\/img\/EHzUM9PStZ3-g6YX.jpg","url":"https:\/\/t.co\/JmRWoa3Ao1","display_url":"pic.twitter.com\/JmRWoa3Ao1","expanded_url":"https:\/\/twitter.com\/llufsun\/status\/1168169107650306048\/video\/1","type":"photo","sizes":{"thumb":{"w":150,"h":150,"resize":"crop"},"small":{"w":680,"h":680,"resize":"fit"},"medium":{"w":720,"h":720,"resize":"fit"},"large":{"w":720,"h":720,"resize":"fit"}},"source_status_id":1168169107650306048,"source_status_id_str":"1168169107650306048","source_user_id":1124694365853499393,"source_user_id_str":"1124694365853499393"}]},"extended_entities":{"media":[{"id":1168169058853765121,"id_str":"1168169058853765121","indices":[13,36],"additional_media_info":{"monetizable":false},"media_url":"http:\/\/pbs.twimg.com\/ext_tw_video_thumb\/1168169058853765121\/pu\/img\/EHzUM9PStZ3-g6YX.jpg","media_url_https":"https:\/\/pbs.twimg.com\/ext_tw_video_thumb\/1168169058853765121\/pu\/img\/EHzUM9PStZ3-g6YX.jpg","url":"https:\/\/t.co\/JmRWoa3Ao1","display_url":"pic.twitter.com\/JmRWoa3Ao1","expanded_url":"https:\/\/twitter.com\/llufsun\/status\/1168169107650306048\/video\/1","type":"video","video_info":{"aspect_ratio":[1,1],"duration_millis":2283,"variants":[{"bitrate":832000,"content_type":"video\/mp4","url":"https:\/\/video.twimg.com\/ext_tw_video\/1168169058853765121\/pu\/vid\/480x480\/WKByipzF_r4SzNTJ.mp4?tag=10"},{"content_type":"application\/x-mpegURL","url":"https:\/\/video.twimg.com\/ext_tw_video\/1168169058853765121\/pu\/pl\/BlQKYh1UtliIZPOv.m3u8?tag=10"},{"bitrate":1280000,"content_type":"video\/mp4","url":"https:\/\/video.twimg.com\/ext_tw_video\/1168169058853765121\/pu\/vid\/720x720\/EY1Y9foTguRlZJK7.mp4?tag=10"},{"bitrate":432000,"content_type":"video\/mp4","url":"https:\/\/video.twimg.com\/ext_tw_video\/1168169058853765121\/pu\/vid\/320x320\/GJjfaRHYKrFor6l7.mp4?tag=10"}]},"sizes":{"thumb":{"w":150,"h":150,"resize":"crop"},"small":{"w":680,"h":680,"resize":"fit"},"medium":{"w":720,"h":720,"resize":"fit"},"large":{"w":720,"h":720,"resize":"fit"}},"source_status_id":1168169107650306048,"source_status_id_str":"1168169107650306048","source_user_id":1124694365853499393,"source_user_id_str":"1124694365853499393"}]},"favorited":false,"retweeted":false,"possibly_sensitive":false,"filter_level":"low","lang":"th"},"is_quote_status":false,"quote_count":0,"reply_count":0,"retweet_count":0,"favorite_count":0,"entities":{"hashtags":[],"urls":[],"user_mentions":[{"screen_name":"myfullsunisfan","name":"\u0e41\u0e2e\u0e0a\u0e32\u0e19\u0e17\u0e35\u0e48\u0e40\u0e1b\u0e47\u0e19\u0e42\u0e1e\u0e1e\u0e35\u0e48\u0e41\u0e2e\u0e0a","id":1140631630542852096,"id_str":"1140631630542852096","indices":[3,18]}],"symbols":[],"media":[{"id":1168169058853765121,"id_str":"1168169058853765121","indices":[33,56],"additional_media_info":{"monetizable":false},"media_url":"http:\/\/pbs.twimg.com\/ext_tw_video_thumb\/1168169058853765121\/pu\/img\/EHzUM9PStZ3-g6YX.jpg","media_url_https":"https:\/\/pbs.twimg.com\/ext_tw_video_thumb\/1168169058853765121\/pu\/img\/EHzUM9PStZ3-g6YX.jpg","url":"https:\/\/t.co\/JmRWoa3Ao1","display_url":"pic.twitter.com\/JmRWoa3Ao1","expanded_url":"https:\/\/twitter.com\/llufsun\/status\/1168169107650306048\/video\/1","type":"photo","sizes":{"thumb":{"w":150,"h":150,"resize":"crop"},"small":{"w":680,"h":680,"resize":"fit"},"medium":{"w":720,"h":720,"resize":"fit"},"large":{"w":720,"h":720,"resize":"fit"}},"source_status_id":1168169107650306048,"source_status_id_str":"1168169107650306048","source_user_id":1124694365853499393,"source_user_id_str":"1124694365853499393"}]},"extended_entities":{"media":[{"id":1168169058853765121,"id_str":"1168169058853765121","indices":[33,56],"additional_media_info":{"monetizable":false},"media_url":"http:\/\/pbs.twimg.com\/ext_tw_video_thumb\/1168169058853765121\/pu\/img\/EHzUM9PStZ3-g6YX.jpg","media_url_https":"https:\/\/pbs.twimg.com\/ext_tw_video_thumb\/1168169058853765121\/pu\/img\/EHzUM9PStZ3-g6YX.jpg","url":"https:\/\/t.co\/JmRWoa3Ao1","display_url":"pic.twitter.com\/JmRWoa3Ao1","expanded_url":"https:\/\/twitter.com\/llufsun\/status\/1168169107650306048\/video\/1","type":"video","video_info":{"aspect_ratio":[1,1],"duration_millis":2283,"variants":[{"bitrate":832000,"content_type":"video\/mp4","url":"https:\/\/video.twimg.com\/ext_tw_video\/1168169058853765121\/pu\/vid\/480x480\/WKByipzF_r4SzNTJ.mp4?tag=10"},{"content_type":"application\/x-mpegURL","url":"https:\/\/video.twimg.com\/ext_tw_video\/1168169058853765121\/pu\/pl\/BlQKYh1UtliIZPOv.m3u8?tag=10"},{"bitrate":1280000,"content_type":"video\/mp4","url":"https:\/\/video.twimg.com\/ext_tw_video\/1168169058853765121\/pu\/vid\/720x720\/EY1Y9foTguRlZJK7.mp4?tag=10"},{"bitrate":432000,"content_type":"video\/mp4","url":"https:\/\/video.twimg.com\/ext_tw_video\/1168169058853765121\/pu\/vid\/320x320\/GJjfaRHYKrFor6l7.mp4?tag=10"}]},"sizes":{"thumb":{"w":150,"h":150,"resize":"crop"},"small":{"w":680,"h":680,"resize":"fit"},"medium":{"w":720,"h":720,"resize":"fit"},"large":{"w":720,"h":720,"resize":"fit"}},"source_status_id":1168169107650306048,"source_status_id_str":"1168169107650306048","source_user_id":1124694365853499393,"source_user_id_str":"1124694365853499393"}]},"favorited":false,"retweeted":false,"possibly_sensitive":false,"filter_level":"low","lang":"th","timestamp_ms":"1586538232661"}
