{"created_at":"Fri Apr 10 17:03:54 +0000 2020","id":1248657974261776384,"id_str":"1248657974261776384","text":"RT @betaeyeon__: \u0e40\u0e2d\u0e2d \u0e41\u0e25\u0e49\u0e27 Cater 2 U \u0e19\u0e35\u0e48 #TTS \u0e40\u0e04\u0e22\u0e23\u0e49\u0e2d\u0e07\u0e43\u0e19 Sketchbook \u0e04\u0e23\u0e31\u0e49\u0e07\u0e2b\u0e19\u0e36\u0e48\u0e07\u0e41\u0e15\u0e48\u0e16\u0e39\u0e01\u0e15\u0e31\u0e14\u0e44\u0e21\u0e48\u0e44\u0e14\u0e49\u0e2d\u0e2d\u0e01\u0e2d\u0e32\u0e01\u0e32\u0e28 \u0e1e\u0e2d\u0e2d\u0e35\u0e01 2 \u0e1b\u0e35\u0e01\u0e25\u0e31\u0e1a\u0e21\u0e32\u0e2d\u0e35\u0e01\u0e17\u0e35 \u0e01\u0e47\u0e22\u0e31\u0e07\u0e40\u0e2d\u0e32\u0e21\u0e32\u0e23\u0e49\u0e2d\u0e07\u0e2d\u0e35\u0e01\u2026","source":"\u003ca href=\"http:\/\/twitter.com\/download\/android\" rel=\"nofollow\"\u003eTwitter for Android\u003c\/a\u003e","truncated":false,"in_reply_to_status_id":null,"in_reply_to_status_id_str":null,"in_reply_to_user_id":null,"in_reply_to_user_id_str":null,"in_reply_to_screen_name":null,"user":{"id":1189942952321093632,"id_str":"1189942952321093632","name":"309","screen_name":"songsamsii234","location":null,"url":null,"description":"@GirlsGeneration TAEYEON TIFFANYYOUNG TAENY\ud83d\udc36\ud83d\udc3b #taeyeon #tiffanyyoung #\u0e41\u0e17\u0e19\u0e35\u0e48 #taeny #SEULRENE \nGIRLS' GENERATION \ud83d\udc97 #SNSD #\uc18c\ub140\uc2dc\ub300 #GG4EVA #TY4EVA #SONE #YOUNGONE","translator_type":"none","protected":false,"verified":false,"followers_count":50,"friends_count":1003,"listed_count":0,"favourites_count":4483,"statuses_count":15824,"created_at":"Thu Oct 31 16:31:35 +0000 2019","utc_offset":null,"time_zone":null,"geo_enabled":false,"lang":null,"contributors_enabled":false,"is_translator":false,"profile_background_color":"F5F8FA","profile_background_image_url":"","profile_background_image_url_https":"","profile_background_tile":false,"profile_link_color":"1DA1F2","profile_sidebar_border_color":"C0DEED","profile_sidebar_fill_color":"DDEEF6","profile_text_color":"333333","profile_use_background_image":true,"profile_image_url":"http:\/\/pbs.twimg.com\/profile_images\/1239279897987543040\/_QHQcKlZ_normal.jpg","profile_image_url_https":"https:\/\/pbs.twimg.com\/profile_images\/1239279897987543040\/_QHQcKlZ_normal.jpg","profile_banner_url":"https:\/\/pbs.twimg.com\/profile_banners\/1189942952321093632\/1584302354","default_profile":true,"default_profile_image":false,"following":null,"follow_request_sent":null,"notifications":null},"geo":null,"coordinates":null,"place":null,"contributors":null,"retweeted_status":{"created_at":"Fri Apr 10 16:50:08 +0000 2020","id":1248654508999110656,"id_str":"1248654508999110656","text":"\u0e40\u0e2d\u0e2d \u0e41\u0e25\u0e49\u0e27 Cater 2 U \u0e19\u0e35\u0e48 #TTS \u0e40\u0e04\u0e22\u0e23\u0e49\u0e2d\u0e07\u0e43\u0e19 Sketchbook \u0e04\u0e23\u0e31\u0e49\u0e07\u0e2b\u0e19\u0e36\u0e48\u0e07\u0e41\u0e15\u0e48\u0e16\u0e39\u0e01\u0e15\u0e31\u0e14\u0e44\u0e21\u0e48\u0e44\u0e14\u0e49\u0e2d\u0e2d\u0e01\u0e2d\u0e32\u0e01\u0e32\u0e28 \u0e1e\u0e2d\u0e2d\u0e35\u0e01 2 \u0e1b\u0e35\u0e01\u0e25\u0e31\u0e1a\u0e21\u0e32\u0e2d\u0e35\u0e01\u0e17\u0e35 \u0e01\u0e47\u0e22\u0e31\u0e07\u0e40\u0e2d\u0e32\u0e21\u0e32\u2026 https:\/\/t.co\/Oa6MaAsWrv","source":"\u003ca href=\"http:\/\/twitter.com\/download\/iphone\" rel=\"nofollow\"\u003eTwitter for iPhone\u003c\/a\u003e","truncated":true,"in_reply_to_status_id":null,"in_reply_to_status_id_str":null,"in_reply_to_user_id":null,"in_reply_to_user_id_str":null,"in_reply_to_screen_name":null,"user":{"id":88894497,"id_str":"88894497","name":"`\ud835\udc1a\ud835\udc25\ud835\udc25 \ud835\udc1a\ud835\udc1b\ud835\udc28\ud835\udc2e\ud835\udc2d \ud835\udc2d\ud835\udc1a\ud835\udc1e\ud835\udc32\ud835\udc1e\ud835\udc28\ud835\udc27","screen_name":"betaeyeon__","location":"TAEYEON x TIFFANY x I x Zero","url":"http:\/\/forums.soshifanclub.com\/index.php?showtopic=97448","description":"\ud83d\udc51 \ud835\udc7b\ud835\udc68\ud835\udc6c\ud835\udc80\ud835\udc6c\ud835\udc76\ud835\udc75 \ud835\udc69\ud835\udc6c\ud835\udc6d\ud835\udc76\ud835\udc79\ud835\udc6c \ud835\udc68\ud835\udc75\ud835\udc80\ud835\udc76\ud835\udc75\ud835\udc6c \ud835\udc6c\ud835\udc73\ud835\udc7a\ud835\udc6c \ud83e\udd40\u034f\u3161\ud835\udc13\ud835\udc00\ud835\udc04\ud835\udc0d\ud835\udc18 @girlsgeneration \u26a0\ufe0f\u1d05\u1d0f\u0274'\u1d1b \u1d1b\u1d0f\u1d1c\u1d04\u029c \u1d0d\u028f \u0299\u1d00\u1d07!, \u026a \u1d21\u026a\u029f\u029f \u1d04\u1d1c\u1d1b \u028f\u1d0f\u1d1c \u2022 status : #\u1d1b\u028f\ud835\udffa\u1d07\u1d20\u1d00\u2661 \u275d\u0e40\u0e1b\u0e47\u0e19\u0e02\u0e2d\u0e07\u0e41\u0e17\u0e22\u0e2d\u0e19\u275e","translator_type":"none","protected":false,"verified":false,"followers_count":6411,"friends_count":78,"listed_count":14,"favourites_count":2216,"statuses_count":55785,"created_at":"Tue Nov 10 09:56:11 +0000 2009","utc_offset":null,"time_zone":null,"geo_enabled":true,"lang":null,"contributors_enabled":false,"is_translator":false,"profile_background_color":"9AE4E8","profile_background_image_url":"http:\/\/abs.twimg.com\/images\/themes\/theme5\/bg.gif","profile_background_image_url_https":"https:\/\/abs.twimg.com\/images\/themes\/theme5\/bg.gif","profile_background_tile":true,"profile_link_color":"FF6699","profile_sidebar_border_color":"000000","profile_sidebar_fill_color":"99CC33","profile_text_color":"3E4415","profile_use_background_image":true,"profile_image_url":"http:\/\/pbs.twimg.com\/profile_images\/1243131195505790976\/Cb9Jdv5w_normal.jpg","profile_image_url_https":"https:\/\/pbs.twimg.com\/profile_images\/1243131195505790976\/Cb9Jdv5w_normal.jpg","profile_banner_url":"https:\/\/pbs.twimg.com\/profile_banners\/88894497\/1568702163","default_profile":false,"default_profile_image":false,"following":null,"follow_request_sent":null,"notifications":null},"geo":null,"coordinates":null,"place":null,"contributors":null,"is_quote_status":false,"extended_tweet":{"full_text":"\u0e40\u0e2d\u0e2d \u0e41\u0e25\u0e49\u0e27 Cater 2 U \u0e19\u0e35\u0e48 #TTS \u0e40\u0e04\u0e22\u0e23\u0e49\u0e2d\u0e07\u0e43\u0e19 Sketchbook \u0e04\u0e23\u0e31\u0e49\u0e07\u0e2b\u0e19\u0e36\u0e48\u0e07\u0e41\u0e15\u0e48\u0e16\u0e39\u0e01\u0e15\u0e31\u0e14\u0e44\u0e21\u0e48\u0e44\u0e14\u0e49\u0e2d\u0e2d\u0e01\u0e2d\u0e32\u0e01\u0e32\u0e28 \u0e1e\u0e2d\u0e2d\u0e35\u0e01 2 \u0e1b\u0e35\u0e01\u0e25\u0e31\u0e1a\u0e21\u0e32\u0e2d\u0e35\u0e01\u0e17\u0e35 \u0e01\u0e47\u0e22\u0e31\u0e07\u0e40\u0e2d\u0e32\u0e21\u0e32\u0e23\u0e49\u0e2d\u0e07\u0e2d\u0e35\u0e01 \u0e08\u0e19\u0e44\u0e14\u0e49\u0e2d\u0e2d\u0e01\u0e2d\u0e32\u0e01\u0e32\u0e28\u0e41\u0e25\u0e30\u0e44\u0e14\u0e49\u0e22\u0e2d\u0e14\u0e27\u0e34\u0e27\u0e40\u0e1b\u0e47\u0e19\u0e2d\u0e31\u0e19\u0e14\u0e31\u0e1a 1 \u0e02\u0e2d\u0e07\u0e23\u0e32\u0e22\u0e01\u0e32\u0e23 5555555\n\nhttps:\/\/t.co\/o5uezwYC43","display_text_range":[0,203],"entities":{"hashtags":[{"text":"TTS","indices":[23,27]}],"urls":[],"user_mentions":[],"symbols":[],"media":[{"id":1248642994430857217,"id_str":"1248642994430857217","indices":[180,203],"additional_media_info":{"monetizable":false},"media_url":"http:\/\/pbs.twimg.com\/ext_tw_video_thumb\/1248642994430857217\/pu\/img\/UUCLN9beOpmf8vOB.jpg","media_url_https":"https:\/\/pbs.twimg.com\/ext_tw_video_thumb\/1248642994430857217\/pu\/img\/UUCLN9beOpmf8vOB.jpg","url":"https:\/\/t.co\/o5uezwYC43","display_url":"pic.twitter.com\/o5uezwYC43","expanded_url":"https:\/\/twitter.com\/BKpisces39\/status\/1248643297582518275\/video\/1","type":"video","video_info":{"aspect_ratio":[84,47],"duration_millis":140000,"variants":[{"bitrate":832000,"content_type":"video\/mp4","url":"https:\/\/video.twimg.com\/ext_tw_video\/1248642994430857217\/pu\/vid\/642x360\/JGGPwDC8bmvjep5M.mp4?tag=10"},{"bitrate":2176000,"content_type":"video\/mp4","url":"https:\/\/video.twimg.com\/ext_tw_video\/1248642994430857217\/pu\/vid\/1008x564\/KkpjNvoFolL5YhSe.mp4?tag=10"},{"bitrate":256000,"content_type":"video\/mp4","url":"https:\/\/video.twimg.com\/ext_tw_video\/1248642994430857217\/pu\/vid\/482x270\/4eSi3nIo2iYyrhxL.mp4?tag=10"},{"content_type":"application\/x-mpegURL","url":"https:\/\/video.twimg.com\/ext_tw_video\/1248642994430857217\/pu\/pl\/BBCohCoivWDQsnhK.m3u8?tag=10"}]},"sizes":{"thumb":{"w":150,"h":150,"resize":"crop"},"large":{"w":1008,"h":564,"resize":"fit"},"small":{"w":680,"h":380,"resize":"fit"},"medium":{"w":1008,"h":564,"resize":"fit"}},"source_status_id":1248643297582518275,"source_status_id_str":"1248643297582518275","source_user_id":822411856065150976,"source_user_id_str":"822411856065150976"}]},"extended_entities":{"media":[{"id":1248642994430857217,"id_str":"1248642994430857217","indices":[180,203],"additional_media_info":{"monetizable":false},"media_url":"http:\/\/pbs.twimg.com\/ext_tw_video_thumb\/1248642994430857217\/pu\/img\/UUCLN9beOpmf8vOB.jpg","media_url_https":"https:\/\/pbs.twimg.com\/ext_tw_video_thumb\/1248642994430857217\/pu\/img\/UUCLN9beOpmf8vOB.jpg","url":"https:\/\/t.co\/o5uezwYC43","display_url":"pic.twitter.com\/o5uezwYC43","expanded_url":"https:\/\/twitter.com\/BKpisces39\/status\/1248643297582518275\/video\/1","type":"video","video_info":{"aspect_ratio":[84,47],"duration_millis":140000,"variants":[{"bitrate":832000,"content_type":"video\/mp4","url":"https:\/\/video.twimg.com\/ext_tw_video\/1248642994430857217\/pu\/vid\/642x360\/JGGPwDC8bmvjep5M.mp4?tag=10"},{"bitrate":2176000,"content_type":"video\/mp4","url":"https:\/\/video.twimg.com\/ext_tw_video\/1248642994430857217\/pu\/vid\/1008x564\/KkpjNvoFolL5YhSe.mp4?tag=10"},{"bitrate":256000,"content_type":"video\/mp4","url":"https:\/\/video.twimg.com\/ext_tw_video\/1248642994430857217\/pu\/vid\/482x270\/4eSi3nIo2iYyrhxL.mp4?tag=10"},{"content_type":"application\/x-mpegURL","url":"https:\/\/video.twimg.com\/ext_tw_video\/1248642994430857217\/pu\/pl\/BBCohCoivWDQsnhK.m3u8?tag=10"}]},"sizes":{"thumb":{"w":150,"h":150,"resize":"crop"},"large":{"w":1008,"h":564,"resize":"fit"},"small":{"w":680,"h":380,"resize":"fit"},"medium":{"w":1008,"h":564,"resize":"fit"}},"source_status_id":1248643297582518275,"source_status_id_str":"1248643297582518275","source_user_id":822411856065150976,"source_user_id_str":"822411856065150976"}]}},"quote_count":0,"reply_count":1,"retweet_count":65,"favorite_count":11,"entities":{"hashtags":[{"text":"TTS","indices":[23,27]}],"urls":[{"url":"https:\/\/t.co\/Oa6MaAsWrv","expanded_url":"https:\/\/twitter.com\/i\/web\/status\/1248654508999110656","display_url":"twitter.com\/i\/web\/status\/1\u2026","indices":[117,140]}],"user_mentions":[],"symbols":[]},"favorited":false,"retweeted":false,"possibly_sensitive":false,"filter_level":"low","lang":"th"},"is_quote_status":false,"quote_count":0,"reply_count":0,"retweet_count":0,"favorite_count":0,"entities":{"hashtags":[{"text":"TTS","indices":[40,44]}],"urls":[],"user_mentions":[{"screen_name":"betaeyeon__","name":"`\ud835\udc1a\ud835\udc25\ud835\udc25 \ud835\udc1a\ud835\udc1b\ud835\udc28\ud835\udc2e\ud835\udc2d \ud835\udc2d\ud835\udc1a\ud835\udc1e\ud835\udc32\ud835\udc1e\ud835\udc28\ud835\udc27","id":88894497,"id_str":"88894497","indices":[3,15]}],"symbols":[]},"favorited":false,"retweeted":false,"filter_level":"low","lang":"th","timestamp_ms":"1586538234664"}
