{"created_at":"Fri Apr 10 17:03:58 +0000 2020","id":1248657991017979906,"id_str":"1248657991017979906","text":"RT @aunomdelart: wow \ud83d\ude33 https:\/\/t.co\/hg9w8Qj8Ll","source":"\u003ca href=\"http:\/\/twitter.com\/download\/android\" rel=\"nofollow\"\u003eTwitter for Android\u003c\/a\u003e","truncated":false,"in_reply_to_status_id":null,"in_reply_to_status_id_str":null,"in_reply_to_user_id":null,"in_reply_to_user_id_str":null,"in_reply_to_screen_name":null,"user":{"id":1122428893183397889,"id_str":"1122428893183397889","name":"\u0e2a\u0e31\u0e01\u0e21\u0e38\u0e01\u0e21\u0e31\u0e49\u0e22?","screen_name":"ANUM_mnd","location":null,"url":null,"description":"\u0e0a\u0e32\u0e15\u0e34 \u0e28\u0e32\u0e2a\u0e19\u0e32 \u0e2e\u0e27\u0e31\u0e07\u0e21\u0e34\u0e19\u0e2e\u0e22\u0e2d\u0e19\n\u0e25\u0e31\u0e17\u0e18\u0e34\u0e19\u0e49\u0e2d\u0e07\u0e41\u0e08\u0e19 #\u0e21\u0e34\u0e19\u0e2e\u0e22\u0e2d\u0e19 #\u0e41\u0e08\u0e2e\u0e27\u0e32\u0e19 #\u0e21\u0e34\u0e19\u0e2e\u0e27\u0e32\u0e19 #\u0e19\u0e22\u0e2d\u0e19\u0e41\u0e08\u0e19","translator_type":"none","protected":false,"verified":false,"followers_count":0,"friends_count":129,"listed_count":0,"favourites_count":2124,"statuses_count":13543,"created_at":"Sun Apr 28 09:14:36 +0000 2019","utc_offset":null,"time_zone":null,"geo_enabled":false,"lang":null,"contributors_enabled":false,"is_translator":false,"profile_background_color":"F5F8FA","profile_background_image_url":"","profile_background_image_url_https":"","profile_background_tile":false,"profile_link_color":"1DA1F2","profile_sidebar_border_color":"C0DEED","profile_sidebar_fill_color":"DDEEF6","profile_text_color":"333333","profile_use_background_image":true,"profile_image_url":"http:\/\/pbs.twimg.com\/profile_images\/1128794047336685568\/hGdSZDMV_normal.jpg","profile_image_url_https":"https:\/\/pbs.twimg.com\/profile_images\/1128794047336685568\/hGdSZDMV_normal.jpg","default_profile":true,"default_profile_image":false,"following":null,"follow_request_sent":null,"notifications":null},"geo":null,"coordinates":null,"place":null,"contributors":null,"retweeted_status":{"created_at":"Thu Apr 09 18:34:22 +0000 2020","id":1248318353132916736,"id_str":"1248318353132916736","text":"wow \ud83d\ude33 https:\/\/t.co\/hg9w8Qj8Ll","display_text_range":[0,5],"source":"\u003ca href=\"http:\/\/twitter.com\/download\/iphone\" rel=\"nofollow\"\u003eTwitter for iPhone\u003c\/a\u003e","truncated":false,"in_reply_to_status_id":null,"in_reply_to_status_id_str":null,"in_reply_to_user_id":null,"in_reply_to_user_id_str":null,"in_reply_to_screen_name":null,"user":{"id":762649146,"id_str":"762649146","name":"\ud835\udc00\ud835\udc2e \ud835\udc27\ud835\udc28\ud835\udc26 \ud835\udc1d\ud835\udc1e \ud835\udc25\u2019\ud835\udc1a\ud835\udc2b\ud835\udc2d \ud83c\udfa8","screen_name":"aunomdelart","location":null,"url":null,"description":"You must have chaos within you to give birth to a dancing star | content posted is not mine","translator_type":"none","protected":false,"verified":false,"followers_count":103763,"friends_count":0,"listed_count":555,"favourites_count":776,"statuses_count":437,"created_at":"Fri Aug 17 00:44:41 +0000 2012","utc_offset":null,"time_zone":null,"geo_enabled":false,"lang":null,"contributors_enabled":false,"is_translator":false,"profile_background_color":"C0DEED","profile_background_image_url":"http:\/\/abs.twimg.com\/images\/themes\/theme1\/bg.png","profile_background_image_url_https":"https:\/\/abs.twimg.com\/images\/themes\/theme1\/bg.png","profile_background_tile":false,"profile_link_color":"1DA1F2","profile_sidebar_border_color":"C0DEED","profile_sidebar_fill_color":"DDEEF6","profile_text_color":"333333","profile_use_background_image":true,"profile_image_url":"http:\/\/pbs.twimg.com\/profile_images\/1219637713143574534\/1CNRxg68_normal.jpg","profile_image_url_https":"https:\/\/pbs.twimg.com\/profile_images\/1219637713143574534\/1CNRxg68_normal.jpg","profile_banner_url":"https:\/\/pbs.twimg.com\/profile_banners\/762649146\/1586430457","default_profile":true,"default_profile_image":false,"following":null,"follow_request_sent":null,"notifications":null},"geo":null,"coordinates":null,"place":null,"contributors":null,"is_quote_status":false,"quote_count":1238,"reply_count":182,"retweet_count":50118,"favorite_count":80452,"entities":{"hashtags":[],"urls":[],"user_mentions":[],"symbols":[],"media":[{"id":1248317776059498498,"id_str":"1248317776059498498","indices":[6,29],"additional_media_info":{"monetizable":false},"media_url":"http:\/\/pbs.twimg.com\/ext_tw_video_thumb\/1248317776059498498\/pu\/img\/9840Y5rjsm23bpZA.jpg","media_url_https":"https:\/\/pbs.twimg.com\/ext_tw_video_thumb\/1248317776059498498\/pu\/img\/9840Y5rjsm23bpZA.jpg","url":"https:\/\/t.co\/hg9w8Qj8Ll","display_url":"pic.twitter.com\/hg9w8Qj8Ll","expanded_url":"https:\/\/twitter.com\/aunomdelart\/status\/1248318353132916736\/video\/1","type":"photo","sizes":{"medium":{"w":576,"h":576,"resize":"fit"},"thumb":{"w":150,"h":150,"resize":"crop"},"small":{"w":576,"h":576,"resize":"fit"},"large":{"w":576,"h":576,"resize":"fit"}}}]},"extended_entities":{"media":[{"id":1248317776059498498,"id_str":"1248317776059498498","indices":[6,29],"additional_media_info":{"monetizable":false},"media_url":"http:\/\/pbs.twimg.com\/ext_tw_video_thumb\/1248317776059498498\/pu\/img\/9840Y5rjsm23bpZA.jpg","media_url_https":"https:\/\/pbs.twimg.com\/ext_tw_video_thumb\/1248317776059498498\/pu\/img\/9840Y5rjsm23bpZA.jpg","url":"https:\/\/t.co\/hg9w8Qj8Ll","display_url":"pic.twitter.com\/hg9w8Qj8Ll","expanded_url":"https:\/\/twitter.com\/aunomdelart\/status\/1248318353132916736\/video\/1","type":"video","video_info":{"aspect_ratio":[1,1],"duration_millis":59080,"variants":[{"bitrate":832000,"content_type":"video\/mp4","url":"https:\/\/video.twimg.com\/ext_tw_video\/1248317776059498498\/pu\/vid\/480x480\/2l4gY9_3ZAUR4o4C.mp4?tag=10"},{"bitrate":432000,"content_type":"video\/mp4","url":"https:\/\/video.twimg.com\/ext_tw_video\/1248317776059498498\/pu\/vid\/320x320\/KKemqwSE1Vs1ea0P.mp4?tag=10"},{"bitrate":1280000,"content_type":"video\/mp4","url":"https:\/\/video.twimg.com\/ext_tw_video\/1248317776059498498\/pu\/vid\/576x576\/5IXcFJ2VAlrlodUa.mp4?tag=10"},{"content_type":"application\/x-mpegURL","url":"https:\/\/video.twimg.com\/ext_tw_video\/1248317776059498498\/pu\/pl\/QOOUve4NJ7CzEyIU.m3u8?tag=10"}]},"sizes":{"medium":{"w":576,"h":576,"resize":"fit"},"thumb":{"w":150,"h":150,"resize":"crop"},"small":{"w":576,"h":576,"resize":"fit"},"large":{"w":576,"h":576,"resize":"fit"}}}]},"favorited":false,"retweeted":false,"possibly_sensitive":false,"filter_level":"low","lang":"und"},"is_quote_status":false,"quote_count":0,"reply_count":0,"retweet_count":0,"favorite_count":0,"entities":{"hashtags":[],"urls":[],"user_mentions":[{"screen_name":"aunomdelart","name":"\ud835\udc00\ud835\udc2e \ud835\udc27\ud835\udc28\ud835\udc26 \ud835\udc1d\ud835\udc1e \ud835\udc25\u2019\ud835\udc1a\ud835\udc2b\ud835\udc2d \ud83c\udfa8","id":762649146,"id_str":"762649146","indices":[3,15]}],"symbols":[],"media":[{"id":1248317776059498498,"id_str":"1248317776059498498","indices":[23,46],"additional_media_info":{"monetizable":false},"media_url":"http:\/\/pbs.twimg.com\/ext_tw_video_thumb\/1248317776059498498\/pu\/img\/9840Y5rjsm23bpZA.jpg","media_url_https":"https:\/\/pbs.twimg.com\/ext_tw_video_thumb\/1248317776059498498\/pu\/img\/9840Y5rjsm23bpZA.jpg","url":"https:\/\/t.co\/hg9w8Qj8Ll","display_url":"pic.twitter.com\/hg9w8Qj8Ll","expanded_url":"https:\/\/twitter.com\/aunomdelart\/status\/1248318353132916736\/video\/1","type":"photo","sizes":{"medium":{"w":576,"h":576,"resize":"fit"},"thumb":{"w":150,"h":150,"resize":"crop"},"small":{"w":576,"h":576,"resize":"fit"},"large":{"w":576,"h":576,"resize":"fit"}},"source_status_id":1248318353132916736,"source_status_id_str":"1248318353132916736","source_user_id":762649146,"source_user_id_str":"762649146"}]},"extended_entities":{"media":[{"id":1248317776059498498,"id_str":"1248317776059498498","indices":[23,46],"additional_media_info":{"monetizable":false},"media_url":"http:\/\/pbs.twimg.com\/ext_tw_video_thumb\/1248317776059498498\/pu\/img\/9840Y5rjsm23bpZA.jpg","media_url_https":"https:\/\/pbs.twimg.com\/ext_tw_video_thumb\/1248317776059498498\/pu\/img\/9840Y5rjsm23bpZA.jpg","url":"https:\/\/t.co\/hg9w8Qj8Ll","display_url":"pic.twitter.com\/hg9w8Qj8Ll","expanded_url":"https:\/\/twitter.com\/aunomdelart\/status\/1248318353132916736\/video\/1","type":"video","video_info":{"aspect_ratio":[1,1],"duration_millis":59080,"variants":[{"bitrate":832000,"content_type":"video\/mp4","url":"https:\/\/video.twimg.com\/ext_tw_video\/1248317776059498498\/pu\/vid\/480x480\/2l4gY9_3ZAUR4o4C.mp4?tag=10"},{"bitrate":432000,"content_type":"video\/mp4","url":"https:\/\/video.twimg.com\/ext_tw_video\/1248317776059498498\/pu\/vid\/320x320\/KKemqwSE1Vs1ea0P.mp4?tag=10"},{"bitrate":1280000,"content_type":"video\/mp4","url":"https:\/\/video.twimg.com\/ext_tw_video\/1248317776059498498\/pu\/vid\/576x576\/5IXcFJ2VAlrlodUa.mp4?tag=10"},{"content_type":"application\/x-mpegURL","url":"https:\/\/video.twimg.com\/ext_tw_video\/1248317776059498498\/pu\/pl\/QOOUve4NJ7CzEyIU.m3u8?tag=10"}]},"sizes":{"medium":{"w":576,"h":576,"resize":"fit"},"thumb":{"w":150,"h":150,"resize":"crop"},"small":{"w":576,"h":576,"resize":"fit"},"large":{"w":576,"h":576,"resize":"fit"}},"source_status_id":1248318353132916736,"source_status_id_str":"1248318353132916736","source_user_id":762649146,"source_user_id_str":"762649146"}]},"favorited":false,"retweeted":false,"possibly_sensitive":false,"filter_level":"low","lang":"und","timestamp_ms":"1586538238659"}
