{"created_at":"Fri Apr 10 17:03:49 +0000 2020","id":1248657953269448714,"id_str":"1248657953269448714","text":"@getmefalafel @aHornyDuaStan Nfokho wleh. LGBT COMMUNITY DID NOT EXIST BEFORE RELIGION","display_text_range":[29,86],"source":"\u003ca href=\"http:\/\/twitter.com\/download\/android\" rel=\"nofollow\"\u003eTwitter for Android\u003c\/a\u003e","truncated":false,"in_reply_to_status_id":1248655737959731200,"in_reply_to_status_id_str":"1248655737959731200","in_reply_to_user_id":973146225263435776,"in_reply_to_user_id_str":"973146225263435776","in_reply_to_screen_name":"getmefalafel","user":{"id":1204741679447711744,"id_str":"1204741679447711744","name":"Hasan","screen_name":"hasan_pft","location":"Beirut","url":null,"description":"\u200f\u0645\u0639 \u0627\u0644\u062d\u0642... \u0627\u0644\u0644\u064a\u0628\u0631\u0627\u0644\u064a\u0629 \u0647\u064a \u0645\u0631\u0636","translator_type":"none","protected":false,"verified":false,"followers_count":239,"friends_count":694,"listed_count":0,"favourites_count":7465,"statuses_count":5994,"created_at":"Wed Dec 11 12:36:32 +0000 2019","utc_offset":null,"time_zone":null,"geo_enabled":false,"lang":null,"contributors_enabled":false,"is_translator":false,"profile_background_color":"F5F8FA","profile_background_image_url":"","profile_background_image_url_https":"","profile_background_tile":false,"profile_link_color":"1DA1F2","profile_sidebar_border_color":"C0DEED","profile_sidebar_fill_color":"DDEEF6","profile_text_color":"333333","profile_use_background_image":true,"profile_image_url":"http:\/\/pbs.twimg.com\/profile_images\/1248214244413169664\/afvr1ETk_normal.jpg","profile_image_url_https":"https:\/\/pbs.twimg.com\/profile_images\/1248214244413169664\/afvr1ETk_normal.jpg","profile_banner_url":"https:\/\/pbs.twimg.com\/profile_banners\/1204741679447711744\/1586440838","default_profile":true,"default_profile_image":false,"following":null,"follow_request_sent":null,"notifications":null},"geo":null,"coordinates":null,"place":null,"contributors":null,"is_quote_status":false,"quote_count":0,"reply_count":0,"retweet_count":0,"favorite_count":0,"entities":{"hashtags":[],"urls":[],"user_mentions":[{"screen_name":"getmefalafel","name":"majd","id":973146225263435776,"id_str":"973146225263435776","indices":[0,13]},{"screen_name":"aHornyDuaStan","name":"Alex \ud83d\udc68\u200d\u2764\ufe0f\u200d\ud83d\udc68","id":1209845757437784065,"id_str":"1209845757437784065","indices":[14,28]}],"symbols":[]},"favorited":false,"retweeted":false,"filter_level":"low","lang":"en","timestamp_ms":"1586538229659"}
