{"created_at":"Fri Apr 10 17:03:58 +0000 2020","id":1248657991022379009,"id_str":"1248657991022379009","text":"Odio hacer los trabajos en el celular","source":"\u003ca href=\"http:\/\/twitter.com\/download\/android\" rel=\"nofollow\"\u003eTwitter for Android\u003c\/a\u003e","truncated":false,"in_reply_to_status_id":null,"in_reply_to_status_id_str":null,"in_reply_to_user_id":null,"in_reply_to_user_id_str":null,"in_reply_to_screen_name":null,"user":{"id":1959972583,"id_str":"1959972583","name":"A\u0131m\u03b1r\u03b1\u2605","screen_name":"AimaraAG99","location":"Corrientes, Argentina","url":null,"description":"Giovanni Bastian \ud83d\udc76\ud83d\ude0d","translator_type":"none","protected":false,"verified":false,"followers_count":4764,"friends_count":4280,"listed_count":1,"favourites_count":3807,"statuses_count":50879,"created_at":"Mon Oct 14 04:55:37 +0000 2013","utc_offset":null,"time_zone":null,"geo_enabled":true,"lang":null,"contributors_enabled":false,"is_translator":false,"profile_background_color":"F547C7","profile_background_image_url":"http:\/\/abs.twimg.com\/images\/themes\/theme1\/bg.png","profile_background_image_url_https":"https:\/\/abs.twimg.com\/images\/themes\/theme1\/bg.png","profile_background_tile":true,"profile_link_color":"F5ABB5","profile_sidebar_border_color":"000000","profile_sidebar_fill_color":"DDEEF6","profile_text_color":"333333","profile_use_background_image":true,"profile_image_url":"http:\/\/pbs.twimg.com\/profile_images\/1240331871994744832\/wmsoFbZs_normal.jpg","profile_image_url_https":"https:\/\/pbs.twimg.com\/profile_images\/1240331871994744832\/wmsoFbZs_normal.jpg","default_profile":false,"default_profile_image":false,"following":null,"follow_request_sent":null,"notifications":null},"geo":null,"coordinates":null,"place":null,"contributors":null,"is_quote_status":false,"quote_count":0,"reply_count":0,"retweet_count":0,"favorite_count":0,"entities":{"hashtags":[],"urls":[],"user_mentions":[],"symbols":[]},"favorited":false,"retweeted":false,"filter_level":"low","lang":"es","timestamp_ms":"1586538238660"}
