{"created_at":"Fri Apr 10 17:03:49 +0000 2020","id":1248657953273438208,"id_str":"1248657953273438208","text":"RT @cxtiepaww: buat yg cewe2 ayo dibaca fren, sbuah life hack https:\/\/t.co\/plbTline1S","source":"\u003ca href=\"http:\/\/twitter.com\/download\/android\" rel=\"nofollow\"\u003eTwitter for Android\u003c\/a\u003e","truncated":false,"in_reply_to_status_id":null,"in_reply_to_status_id_str":null,"in_reply_to_user_id":null,"in_reply_to_user_id_str":null,"in_reply_to_screen_name":null,"user":{"id":1050562881094209536,"id_str":"1050562881094209536","name":"aku","screen_name":"gaerohaha","location":null,"url":null,"description":null,"translator_type":"none","protected":false,"verified":false,"followers_count":5,"friends_count":33,"listed_count":0,"favourites_count":57,"statuses_count":41,"created_at":"Fri Oct 12 01:44:44 +0000 2018","utc_offset":null,"time_zone":null,"geo_enabled":false,"lang":null,"contributors_enabled":false,"is_translator":false,"profile_background_color":"F5F8FA","profile_background_image_url":"","profile_background_image_url_https":"","profile_background_tile":false,"profile_link_color":"1DA1F2","profile_sidebar_border_color":"C0DEED","profile_sidebar_fill_color":"DDEEF6","profile_text_color":"333333","profile_use_background_image":true,"profile_image_url":"http:\/\/pbs.twimg.com\/profile_images\/1131481633662558209\/7zP_HTy8_normal.jpg","profile_image_url_https":"https:\/\/pbs.twimg.com\/profile_images\/1131481633662558209\/7zP_HTy8_normal.jpg","profile_banner_url":"https:\/\/pbs.twimg.com\/profile_banners\/1050562881094209536\/1539309028","default_profile":true,"default_profile_image":false,"following":null,"follow_request_sent":null,"notifications":null},"geo":null,"coordinates":null,"place":null,"contributors":null,"retweeted_status":{"created_at":"Fri Mar 27 14:20:41 +0000 2020","id":1243543469974523904,"id_str":"1243543469974523904","text":"buat yg cewe2 ayo dibaca fren, sbuah life hack https:\/\/t.co\/plbTline1S","display_text_range":[0,46],"source":"\u003ca href=\"http:\/\/twitter.com\/download\/android\" rel=\"nofollow\"\u003eTwitter for Android\u003c\/a\u003e","truncated":false,"in_reply_to_status_id":null,"in_reply_to_status_id_str":null,"in_reply_to_user_id":null,"in_reply_to_user_id_str":null,"in_reply_to_screen_name":null,"user":{"id":1621622148,"id_str":"1621622148","name":"jila","screen_name":"cxtiepaww","location":"Kota Malang, Jawa Timur","url":null,"description":"ak brisik","translator_type":"none","protected":false,"verified":false,"followers_count":3329,"friends_count":2968,"listed_count":3,"favourites_count":525,"statuses_count":36324,"created_at":"Fri Jul 26 00:51:08 +0000 2013","utc_offset":null,"time_zone":null,"geo_enabled":true,"lang":null,"contributors_enabled":false,"is_translator":false,"profile_background_color":"C0DEED","profile_background_image_url":"http:\/\/abs.twimg.com\/images\/themes\/theme1\/bg.png","profile_background_image_url_https":"https:\/\/abs.twimg.com\/images\/themes\/theme1\/bg.png","profile_background_tile":true,"profile_link_color":"2A278F","profile_sidebar_border_color":"FFFFFF","profile_sidebar_fill_color":"DDEEF6","profile_text_color":"333333","profile_use_background_image":true,"profile_image_url":"http:\/\/pbs.twimg.com\/profile_images\/1245343858294063106\/A3MsmoXF_normal.jpg","profile_image_url_https":"https:\/\/pbs.twimg.com\/profile_images\/1245343858294063106\/A3MsmoXF_normal.jpg","profile_banner_url":"https:\/\/pbs.twimg.com\/profile_banners\/1621622148\/1566263427","default_profile":false,"default_profile_image":false,"following":null,"follow_request_sent":null,"notifications":null},"geo":null,"coordinates":null,"place":null,"contributors":null,"is_quote_status":false,"quote_count":404,"reply_count":255,"retweet_count":23735,"favorite_count":42923,"entities":{"hashtags":[],"urls":[],"user_mentions":[],"symbols":[],"media":[{"id":1243543457060335620,"id_str":"1243543457060335620","indices":[47,70],"media_url":"http:\/\/pbs.twimg.com\/media\/EUH0L4TXsAQusO8.jpg","media_url_https":"https:\/\/pbs.twimg.com\/media\/EUH0L4TXsAQusO8.jpg","url":"https:\/\/t.co\/plbTline1S","display_url":"pic.twitter.com\/plbTline1S","expanded_url":"https:\/\/twitter.com\/cxtiepaww\/status\/1243543469974523904\/photo\/1","type":"photo","sizes":{"thumb":{"w":150,"h":150,"resize":"crop"},"large":{"w":945,"h":2048,"resize":"fit"},"medium":{"w":554,"h":1200,"resize":"fit"},"small":{"w":314,"h":680,"resize":"fit"}}}]},"extended_entities":{"media":[{"id":1243543457060335620,"id_str":"1243543457060335620","indices":[47,70],"media_url":"http:\/\/pbs.twimg.com\/media\/EUH0L4TXsAQusO8.jpg","media_url_https":"https:\/\/pbs.twimg.com\/media\/EUH0L4TXsAQusO8.jpg","url":"https:\/\/t.co\/plbTline1S","display_url":"pic.twitter.com\/plbTline1S","expanded_url":"https:\/\/twitter.com\/cxtiepaww\/status\/1243543469974523904\/photo\/1","type":"photo","sizes":{"thumb":{"w":150,"h":150,"resize":"crop"},"large":{"w":945,"h":2048,"resize":"fit"},"medium":{"w":554,"h":1200,"resize":"fit"},"small":{"w":314,"h":680,"resize":"fit"}}}]},"favorited":false,"retweeted":false,"possibly_sensitive":false,"filter_level":"low","lang":"in"},"is_quote_status":false,"quote_count":0,"reply_count":0,"retweet_count":0,"favorite_count":0,"entities":{"hashtags":[],"urls":[],"user_mentions":[{"screen_name":"cxtiepaww","name":"jila","id":1621622148,"id_str":"1621622148","indices":[3,13]}],"symbols":[],"media":[{"id":1243543457060335620,"id_str":"1243543457060335620","indices":[62,85],"media_url":"http:\/\/pbs.twimg.com\/media\/EUH0L4TXsAQusO8.jpg","media_url_https":"https:\/\/pbs.twimg.com\/media\/EUH0L4TXsAQusO8.jpg","url":"https:\/\/t.co\/plbTline1S","display_url":"pic.twitter.com\/plbTline1S","expanded_url":"https:\/\/twitter.com\/cxtiepaww\/status\/1243543469974523904\/photo\/1","type":"photo","sizes":{"thumb":{"w":150,"h":150,"resize":"crop"},"large":{"w":945,"h":2048,"resize":"fit"},"medium":{"w":554,"h":1200,"resize":"fit"},"small":{"w":314,"h":680,"resize":"fit"}},"source_status_id":1243543469974523904,"source_status_id_str":"1243543469974523904","source_user_id":1621622148,"source_user_id_str":"1621622148"}]},"extended_entities":{"media":[{"id":1243543457060335620,"id_str":"1243543457060335620","indices":[62,85],"media_url":"http:\/\/pbs.twimg.com\/media\/EUH0L4TXsAQusO8.jpg","media_url_https":"https:\/\/pbs.twimg.com\/media\/EUH0L4TXsAQusO8.jpg","url":"https:\/\/t.co\/plbTline1S","display_url":"pic.twitter.com\/plbTline1S","expanded_url":"https:\/\/twitter.com\/cxtiepaww\/status\/1243543469974523904\/photo\/1","type":"photo","sizes":{"thumb":{"w":150,"h":150,"resize":"crop"},"large":{"w":945,"h":2048,"resize":"fit"},"medium":{"w":554,"h":1200,"resize":"fit"},"small":{"w":314,"h":680,"resize":"fit"}},"source_status_id":1243543469974523904,"source_status_id_str":"1243543469974523904","source_user_id":1621622148,"source_user_id_str":"1621622148"}]},"favorited":false,"retweeted":false,"possibly_sensitive":false,"filter_level":"low","lang":"in","timestamp_ms":"1586538229660"}
