{"created_at":"Fri Apr 10 17:03:49 +0000 2020","id":1248657953265037312,"id_str":"1248657953265037312","text":"RT @199s_: \u0e41\u0e15\u0e48\u0e2d\u0e22\u0e48\u0e32\u0e07\u0e1a\u0e34\u0e4a\u0e01\u0e41\u0e1a\u0e07\u0e1a\u0e31\u0e07\u0e17\u0e31\u0e19\u0e19\u0e35\u0e48\u0e0a\u0e31\u0e49\u0e19\u0e40\u0e23\u0e35\u0e22\u0e01\u0e27\u0e48\u0e32\u0e2a\u0e23\u0e49\u0e32\u0e07\u0e04\u0e48\u0e32\u0e22","source":"\u003ca href=\"http:\/\/twitter.com\/download\/android\" rel=\"nofollow\"\u003eTwitter for Android\u003c\/a\u003e","truncated":false,"in_reply_to_status_id":null,"in_reply_to_status_id_str":null,"in_reply_to_user_id":null,"in_reply_to_user_id_str":null,"in_reply_to_screen_name":null,"user":{"id":882257713182285826,"id_str":"882257713182285826","name":"JEONJK\ud83d\udc30 \ud835\udc87\ud835\udc95.\ud835\udc83\ud835\udc83\ud835\udc93\ud835\udc8a\ud835\udc88\ud835\udc89\ud835\udc95\ud835\udc97\ud835\udc84","screen_name":"JEONJKKIE97","location":"GOLDEN CLOSET","url":"https:\/\/youtu.be\/oUqX55Oim68","description":"\u2661\ud83c\udd79\ud83c\udd84\ud83c\udd7d\ud83c\udd76\ud83c\udd7a\ud83c\udd5e\ud83c\udd5e\ud83c\udd7a\u2661\ud83d\udc07\ud83d\udc9e\ud835\ude7c\ud835\udea2 \ud835\ude83\ud835\ude92\ud835\ude96\ud835\ude8e\u266b \u1d07\u1d1c\u1d18\u029c\u1d0f\u0280\u026a\u1d00 \u266a \u27aa \ud835\udc70 \ud835\udc91\ud835\udc96\ud835\udc93\ud835\udc91\ud835\udc8d\ud835\udc86 \ud835\udc9a\ud835\udc90\ud835\udc96\ud83d\udc9c7 \u2765 9\ufe0f\u20e37\ufe0f\u20e3 \ud835\ude45\ud835\ude46\/\ud835\ude42\ud835\ude6a\ud835\ude61\ud835\ude5b\/\ud835\ude3d\ud835\ude67\ud835\ude5e\ud835\ude5c\ud835\ude5d\ud835\ude69 \u30b7 \u263e.@BTS_twt @gulfkanawut @bbrightvc.\u263d","translator_type":"none","protected":false,"verified":false,"followers_count":23585,"friends_count":212,"listed_count":21,"favourites_count":14815,"statuses_count":89633,"created_at":"Tue Jul 04 15:20:05 +0000 2017","utc_offset":null,"time_zone":null,"geo_enabled":true,"lang":null,"contributors_enabled":false,"is_translator":false,"profile_background_color":"000000","profile_background_image_url":"http:\/\/abs.twimg.com\/images\/themes\/theme1\/bg.png","profile_background_image_url_https":"https:\/\/abs.twimg.com\/images\/themes\/theme1\/bg.png","profile_background_tile":false,"profile_link_color":"E81C4F","profile_sidebar_border_color":"000000","profile_sidebar_fill_color":"000000","profile_text_color":"000000","profile_use_background_image":false,"profile_image_url":"http:\/\/pbs.twimg.com\/profile_images\/1227907856776585217\/I9-JaPKG_normal.jpg","profile_image_url_https":"https:\/\/pbs.twimg.com\/profile_images\/1227907856776585217\/I9-JaPKG_normal.jpg","profile_banner_url":"https:\/\/pbs.twimg.com\/profile_banners\/882257713182285826\/1559492668","default_profile":false,"default_profile_image":false,"following":null,"follow_request_sent":null,"notifications":null},"geo":null,"coordinates":null,"place":null,"contributors":null,"retweeted_status":{"created_at":"Fri Apr 10 06:17:31 +0000 2020","id":1248495307316293632,"id_str":"1248495307316293632","text":"\u0e41\u0e15\u0e48\u0e2d\u0e22\u0e48\u0e32\u0e07\u0e1a\u0e34\u0e4a\u0e01\u0e41\u0e1a\u0e07\u0e1a\u0e31\u0e07\u0e17\u0e31\u0e19\u0e19\u0e35\u0e48\u0e0a\u0e31\u0e49\u0e19\u0e40\u0e23\u0e35\u0e22\u0e01\u0e27\u0e48\u0e32\u0e2a\u0e23\u0e49\u0e32\u0e07\u0e04\u0e48\u0e32\u0e22","source":"\u003ca href=\"http:\/\/twitter.com\/download\/iphone\" rel=\"nofollow\"\u003eTwitter for iPhone\u003c\/a\u003e","truncated":false,"in_reply_to_status_id":null,"in_reply_to_status_id_str":null,"in_reply_to_user_id":null,"in_reply_to_user_id_str":null,"in_reply_to_screen_name":null,"user":{"id":965247315098222592,"id_str":"965247315098222592","name":"199$","screen_name":"199s_","location":"\u2661 \uc815\uc6b0\/\uc81c\ub178\/\u626c\u626c , \u2618\ufe0f (21)","url":"https:\/\/ask.fm\/oneninenines","description":"\u0e44\u0e21\u0e48\u0e08\u0e33\u0e40\u0e1b\u0e19\u0e15\u0e49\u0e2d\u0e07\u0e41\u0e04\u0e23\u0e4c\u0e1b\u0e49\u0e30 \u0e43\u0e19\u0e40\u0e21\u0e37\u0e48\u0e2d\u0e15\u0e23\u0e32\u0e07\u0e39\u0e01\u0e47\u0e43\u0e0a\u0e49\u0e44\u0e14\u0e49","translator_type":"none","protected":false,"verified":false,"followers_count":30174,"friends_count":154,"listed_count":75,"favourites_count":222,"statuses_count":73107,"created_at":"Sun Feb 18 15:31:08 +0000 2018","utc_offset":null,"time_zone":null,"geo_enabled":false,"lang":null,"contributors_enabled":false,"is_translator":false,"profile_background_color":"F5F8FA","profile_background_image_url":"","profile_background_image_url_https":"","profile_background_tile":false,"profile_link_color":"1DA1F2","profile_sidebar_border_color":"C0DEED","profile_sidebar_fill_color":"DDEEF6","profile_text_color":"333333","profile_use_background_image":true,"profile_image_url":"http:\/\/pbs.twimg.com\/profile_images\/1247891621225435136\/FPRG_GiT_normal.jpg","profile_image_url_https":"https:\/\/pbs.twimg.com\/profile_images\/1247891621225435136\/FPRG_GiT_normal.jpg","profile_banner_url":"https:\/\/pbs.twimg.com\/profile_banners\/965247315098222592\/1579074426","default_profile":true,"default_profile_image":false,"following":null,"follow_request_sent":null,"notifications":null},"geo":null,"coordinates":null,"place":null,"contributors":null,"is_quote_status":false,"quote_count":5,"reply_count":4,"retweet_count":2509,"favorite_count":441,"entities":{"hashtags":[],"urls":[],"user_mentions":[],"symbols":[]},"favorited":false,"retweeted":false,"filter_level":"low","lang":"th"},"is_quote_status":false,"quote_count":0,"reply_count":0,"retweet_count":0,"favorite_count":0,"entities":{"hashtags":[],"urls":[],"user_mentions":[{"screen_name":"199s_","name":"199$","id":965247315098222592,"id_str":"965247315098222592","indices":[3,9]}],"symbols":[]},"favorited":false,"retweeted":false,"filter_level":"low","lang":"th","timestamp_ms":"1586538229658"}
