{"created_at":"Fri Apr 10 17:03:56 +0000 2020","id":1248657982642151425,"id_str":"1248657982642151425","text":"RT @Neeskuike: J'arriver pas \u00e0 m'arr\u00eater de rigoler \u00e7a me fume de rire \ud83d\ude2d https:\/\/t.co\/AjdDLJvwfu","source":"\u003ca href=\"http:\/\/twitter.com\/download\/iphone\" rel=\"nofollow\"\u003eTwitter for iPhone\u003c\/a\u003e","truncated":false,"in_reply_to_status_id":null,"in_reply_to_status_id_str":null,"in_reply_to_user_id":null,"in_reply_to_user_id_str":null,"in_reply_to_screen_name":null,"user":{"id":1019206857850785792,"id_str":"1019206857850785792","name":"lola\ud83d\ude3d","screen_name":"lxlazrr","location":"Nancy, France","url":null,"description":"eazy dew petasse","translator_type":"none","protected":false,"verified":false,"followers_count":155,"friends_count":206,"listed_count":0,"favourites_count":16307,"statuses_count":1141,"created_at":"Tue Jul 17 13:07:05 +0000 2018","utc_offset":null,"time_zone":null,"geo_enabled":false,"lang":null,"contributors_enabled":false,"is_translator":false,"profile_background_color":"F5F8FA","profile_background_image_url":"","profile_background_image_url_https":"","profile_background_tile":false,"profile_link_color":"1DA1F2","profile_sidebar_border_color":"C0DEED","profile_sidebar_fill_color":"DDEEF6","profile_text_color":"333333","profile_use_background_image":true,"profile_image_url":"http:\/\/pbs.twimg.com\/profile_images\/1244647174656450561\/Tu0-bXor_normal.jpg","profile_image_url_https":"https:\/\/pbs.twimg.com\/profile_images\/1244647174656450561\/Tu0-bXor_normal.jpg","profile_banner_url":"https:\/\/pbs.twimg.com\/profile_banners\/1019206857850785792\/1582680244","default_profile":true,"default_profile_image":false,"following":null,"follow_request_sent":null,"notifications":null},"geo":null,"coordinates":null,"place":null,"contributors":null,"retweeted_status":{"created_at":"Fri Apr 10 15:27:29 +0000 2020","id":1248633709659598850,"id_str":"1248633709659598850","text":"J'arriver pas \u00e0 m'arr\u00eater de rigoler \u00e7a me fume de rire \ud83d\ude2d https:\/\/t.co\/AjdDLJvwfu","display_text_range":[0,57],"source":"\u003ca href=\"https:\/\/mobile.twitter.com\" rel=\"nofollow\"\u003eTwitter Web App\u003c\/a\u003e","truncated":false,"in_reply_to_status_id":null,"in_reply_to_status_id_str":null,"in_reply_to_user_id":null,"in_reply_to_user_id_str":null,"in_reply_to_screen_name":null,"user":{"id":1060191779616710657,"id_str":"1060191779616710657","name":"NESKUIKE","screen_name":"Neeskuike","location":"Paris, France","url":null,"description":"Des tweets dr\u00f4les et divertissants pour rigoler tous les jours \ud83e\udd2a","translator_type":"none","protected":false,"verified":false,"followers_count":54186,"friends_count":882,"listed_count":41,"favourites_count":952,"statuses_count":1629,"created_at":"Wed Nov 07 15:26:32 +0000 2018","utc_offset":null,"time_zone":null,"geo_enabled":false,"lang":null,"contributors_enabled":false,"is_translator":false,"profile_background_color":"000000","profile_background_image_url":"http:\/\/abs.twimg.com\/images\/themes\/theme1\/bg.png","profile_background_image_url_https":"https:\/\/abs.twimg.com\/images\/themes\/theme1\/bg.png","profile_background_tile":false,"profile_link_color":"708EC7","profile_sidebar_border_color":"000000","profile_sidebar_fill_color":"000000","profile_text_color":"000000","profile_use_background_image":false,"profile_image_url":"http:\/\/pbs.twimg.com\/profile_images\/1246154494058135552\/6XG-wQ0t_normal.jpg","profile_image_url_https":"https:\/\/pbs.twimg.com\/profile_images\/1246154494058135552\/6XG-wQ0t_normal.jpg","profile_banner_url":"https:\/\/pbs.twimg.com\/profile_banners\/1060191779616710657\/1585937046","default_profile":false,"default_profile_image":false,"following":null,"follow_request_sent":null,"notifications":null},"geo":null,"coordinates":null,"place":null,"contributors":null,"is_quote_status":false,"quote_count":28,"reply_count":11,"retweet_count":1088,"favorite_count":2329,"entities":{"hashtags":[],"urls":[],"user_mentions":[],"symbols":[],"media":[{"id":1248633492000452608,"id_str":"1248633492000452608","indices":[58,81],"additional_media_info":{"monetizable":false},"media_url":"http:\/\/pbs.twimg.com\/ext_tw_video_thumb\/1248633492000452608\/pu\/img\/NXtfOaRN1ujkVJl7.jpg","media_url_https":"https:\/\/pbs.twimg.com\/ext_tw_video_thumb\/1248633492000452608\/pu\/img\/NXtfOaRN1ujkVJl7.jpg","url":"https:\/\/t.co\/AjdDLJvwfu","display_url":"pic.twitter.com\/AjdDLJvwfu","expanded_url":"https:\/\/twitter.com\/Neeskuike\/status\/1248633709659598850\/video\/1","type":"photo","sizes":{"thumb":{"w":150,"h":150,"resize":"crop"},"medium":{"w":540,"h":960,"resize":"fit"},"small":{"w":383,"h":680,"resize":"fit"},"large":{"w":540,"h":960,"resize":"fit"}}}]},"extended_entities":{"media":[{"id":1248633492000452608,"id_str":"1248633492000452608","indices":[58,81],"additional_media_info":{"monetizable":false},"media_url":"http:\/\/pbs.twimg.com\/ext_tw_video_thumb\/1248633492000452608\/pu\/img\/NXtfOaRN1ujkVJl7.jpg","media_url_https":"https:\/\/pbs.twimg.com\/ext_tw_video_thumb\/1248633492000452608\/pu\/img\/NXtfOaRN1ujkVJl7.jpg","url":"https:\/\/t.co\/AjdDLJvwfu","display_url":"pic.twitter.com\/AjdDLJvwfu","expanded_url":"https:\/\/twitter.com\/Neeskuike\/status\/1248633709659598850\/video\/1","type":"video","video_info":{"aspect_ratio":[9,16],"duration_millis":15034,"variants":[{"bitrate":2176000,"content_type":"video\/mp4","url":"https:\/\/video.twimg.com\/ext_tw_video\/1248633492000452608\/pu\/vid\/540x960\/MvDt94YFrwEUWD9M.mp4?tag=10"},{"bitrate":632000,"content_type":"video\/mp4","url":"https:\/\/video.twimg.com\/ext_tw_video\/1248633492000452608\/pu\/vid\/320x568\/P0gkeTzyhR_Bxlir.mp4?tag=10"},{"content_type":"application\/x-mpegURL","url":"https:\/\/video.twimg.com\/ext_tw_video\/1248633492000452608\/pu\/pl\/PaHsWjhupkYUBHtu.m3u8?tag=10"},{"bitrate":832000,"content_type":"video\/mp4","url":"https:\/\/video.twimg.com\/ext_tw_video\/1248633492000452608\/pu\/vid\/360x640\/QRlcrMOoKs1Ta0nl.mp4?tag=10"}]},"sizes":{"thumb":{"w":150,"h":150,"resize":"crop"},"medium":{"w":540,"h":960,"resize":"fit"},"small":{"w":383,"h":680,"resize":"fit"},"large":{"w":540,"h":960,"resize":"fit"}}}]},"favorited":false,"retweeted":false,"possibly_sensitive":false,"filter_level":"low","lang":"fr"},"is_quote_status":false,"quote_count":0,"reply_count":0,"retweet_count":0,"favorite_count":0,"entities":{"hashtags":[],"urls":[],"user_mentions":[{"screen_name":"Neeskuike","name":"NESKUIKE","id":1060191779616710657,"id_str":"1060191779616710657","indices":[3,13]}],"symbols":[],"media":[{"id":1248633492000452608,"id_str":"1248633492000452608","indices":[73,96],"additional_media_info":{"monetizable":false},"media_url":"http:\/\/pbs.twimg.com\/ext_tw_video_thumb\/1248633492000452608\/pu\/img\/NXtfOaRN1ujkVJl7.jpg","media_url_https":"https:\/\/pbs.twimg.com\/ext_tw_video_thumb\/1248633492000452608\/pu\/img\/NXtfOaRN1ujkVJl7.jpg","url":"https:\/\/t.co\/AjdDLJvwfu","display_url":"pic.twitter.com\/AjdDLJvwfu","expanded_url":"https:\/\/twitter.com\/Neeskuike\/status\/1248633709659598850\/video\/1","type":"photo","sizes":{"thumb":{"w":150,"h":150,"resize":"crop"},"medium":{"w":540,"h":960,"resize":"fit"},"small":{"w":383,"h":680,"resize":"fit"},"large":{"w":540,"h":960,"resize":"fit"}},"source_status_id":1248633709659598850,"source_status_id_str":"1248633709659598850","source_user_id":1060191779616710657,"source_user_id_str":"1060191779616710657"}]},"extended_entities":{"media":[{"id":1248633492000452608,"id_str":"1248633492000452608","indices":[73,96],"additional_media_info":{"monetizable":false},"media_url":"http:\/\/pbs.twimg.com\/ext_tw_video_thumb\/1248633492000452608\/pu\/img\/NXtfOaRN1ujkVJl7.jpg","media_url_https":"https:\/\/pbs.twimg.com\/ext_tw_video_thumb\/1248633492000452608\/pu\/img\/NXtfOaRN1ujkVJl7.jpg","url":"https:\/\/t.co\/AjdDLJvwfu","display_url":"pic.twitter.com\/AjdDLJvwfu","expanded_url":"https:\/\/twitter.com\/Neeskuike\/status\/1248633709659598850\/video\/1","type":"video","video_info":{"aspect_ratio":[9,16],"duration_millis":15034,"variants":[{"bitrate":2176000,"content_type":"video\/mp4","url":"https:\/\/video.twimg.com\/ext_tw_video\/1248633492000452608\/pu\/vid\/540x960\/MvDt94YFrwEUWD9M.mp4?tag=10"},{"bitrate":632000,"content_type":"video\/mp4","url":"https:\/\/video.twimg.com\/ext_tw_video\/1248633492000452608\/pu\/vid\/320x568\/P0gkeTzyhR_Bxlir.mp4?tag=10"},{"content_type":"application\/x-mpegURL","url":"https:\/\/video.twimg.com\/ext_tw_video\/1248633492000452608\/pu\/pl\/PaHsWjhupkYUBHtu.m3u8?tag=10"},{"bitrate":832000,"content_type":"video\/mp4","url":"https:\/\/video.twimg.com\/ext_tw_video\/1248633492000452608\/pu\/vid\/360x640\/QRlcrMOoKs1Ta0nl.mp4?tag=10"}]},"sizes":{"thumb":{"w":150,"h":150,"resize":"crop"},"medium":{"w":540,"h":960,"resize":"fit"},"small":{"w":383,"h":680,"resize":"fit"},"large":{"w":540,"h":960,"resize":"fit"}},"source_status_id":1248633709659598850,"source_status_id_str":"1248633709659598850","source_user_id":1060191779616710657,"source_user_id_str":"1060191779616710657"}]},"favorited":false,"retweeted":false,"possibly_sensitive":true,"filter_level":"low","lang":"fr","timestamp_ms":"1586538236662"}
