{"created_at":"Fri Apr 10 17:03:50 +0000 2020","id":1248657957493014528,"id_str":"1248657957493014528","text":"@realDonaldTrump @POTUS I highly doubt that!","display_text_range":[24,44],"source":"\u003ca href=\"http:\/\/twitter.com\/download\/android\" rel=\"nofollow\"\u003eTwitter for Android\u003c\/a\u003e","truncated":false,"in_reply_to_status_id":1248630671754563585,"in_reply_to_status_id_str":"1248630671754563585","in_reply_to_user_id":25073877,"in_reply_to_user_id_str":"25073877","in_reply_to_screen_name":"realDonaldTrump","user":{"id":1601538823,"id_str":"1601538823","name":"Kim Heath","screen_name":"absurdbird43","location":null,"url":null,"description":"Chocolate-loving bookworm, with OCD overtones, whose heart lives in Yorkshire","translator_type":"none","protected":false,"verified":false,"followers_count":872,"friends_count":128,"listed_count":10,"favourites_count":34231,"statuses_count":21070,"created_at":"Wed Jul 17 18:02:54 +0000 2013","utc_offset":null,"time_zone":null,"geo_enabled":true,"lang":null,"contributors_enabled":false,"is_translator":false,"profile_background_color":"C0DEED","profile_background_image_url":"http:\/\/abs.twimg.com\/images\/themes\/theme1\/bg.png","profile_background_image_url_https":"https:\/\/abs.twimg.com\/images\/themes\/theme1\/bg.png","profile_background_tile":false,"profile_link_color":"1DA1F2","profile_sidebar_border_color":"C0DEED","profile_sidebar_fill_color":"DDEEF6","profile_text_color":"333333","profile_use_background_image":true,"profile_image_url":"http:\/\/pbs.twimg.com\/profile_images\/378800000525604431\/579a28baa4c3737dffbe56e249fdc936_normal.jpeg","profile_image_url_https":"https:\/\/pbs.twimg.com\/profile_images\/378800000525604431\/579a28baa4c3737dffbe56e249fdc936_normal.jpeg","profile_banner_url":"https:\/\/pbs.twimg.com\/profile_banners\/1601538823\/1380480087","default_profile":true,"default_profile_image":false,"following":null,"follow_request_sent":null,"notifications":null},"geo":null,"coordinates":null,"place":null,"contributors":null,"is_quote_status":false,"quote_count":0,"reply_count":0,"retweet_count":0,"favorite_count":0,"entities":{"hashtags":[],"urls":[],"user_mentions":[{"screen_name":"realDonaldTrump","name":"Donald J. Trump","id":25073877,"id_str":"25073877","indices":[0,16]},{"screen_name":"POTUS","name":"President Trump","id":822215679726100480,"id_str":"822215679726100480","indices":[17,23]}],"symbols":[]},"favorited":false,"retweeted":false,"filter_level":"low","lang":"en","timestamp_ms":"1586538230666"}
