{"created_at":"Fri Apr 10 17:03:53 +0000 2020","id":1248657970046664705,"id_str":"1248657970046664705","text":"vir\u00fcse kar\u015f\u0131 m\u00fckemmel \u00e7\u00f6z\u00fcm\u00fcm var bahanesiz valilik izni olmadan evden \u00e7\u0131kanlar\u0131n evde yokken annelerini skiyoruz","source":"\u003ca href=\"http:\/\/twitter.com\/download\/iphone\" rel=\"nofollow\"\u003eTwitter for iPhone\u003c\/a\u003e","truncated":false,"in_reply_to_status_id":null,"in_reply_to_status_id_str":null,"in_reply_to_user_id":null,"in_reply_to_user_id_str":null,"in_reply_to_screen_name":null,"user":{"id":3046863503,"id_str":"3046863503","name":"ivan divandelen","screen_name":"fyodor31","location":"Yarram, Victoria","url":null,"description":"HAL\u0130M\u0130Z \u0130TTEN BETER KEYF\u0130M\u0130Z PA\u015eADA YOK","translator_type":"none","protected":false,"verified":false,"followers_count":74,"friends_count":89,"listed_count":0,"favourites_count":308,"statuses_count":368,"created_at":"Fri Feb 20 14:03:38 +0000 2015","utc_offset":null,"time_zone":null,"geo_enabled":false,"lang":null,"contributors_enabled":false,"is_translator":false,"profile_background_color":"C0DEED","profile_background_image_url":"http:\/\/abs.twimg.com\/images\/themes\/theme1\/bg.png","profile_background_image_url_https":"https:\/\/abs.twimg.com\/images\/themes\/theme1\/bg.png","profile_background_tile":false,"profile_link_color":"1DA1F2","profile_sidebar_border_color":"C0DEED","profile_sidebar_fill_color":"DDEEF6","profile_text_color":"333333","profile_use_background_image":true,"profile_image_url":"http:\/\/pbs.twimg.com\/profile_images\/1241869730576826368\/Wd0CR4bk_normal.jpg","profile_image_url_https":"https:\/\/pbs.twimg.com\/profile_images\/1241869730576826368\/Wd0CR4bk_normal.jpg","profile_banner_url":"https:\/\/pbs.twimg.com\/profile_banners\/3046863503\/1569755274","default_profile":true,"default_profile_image":false,"following":null,"follow_request_sent":null,"notifications":null},"geo":null,"coordinates":null,"place":null,"contributors":null,"is_quote_status":false,"quote_count":0,"reply_count":0,"retweet_count":0,"favorite_count":0,"entities":{"hashtags":[],"urls":[],"user_mentions":[],"symbols":[]},"favorited":false,"retweeted":false,"filter_level":"low","lang":"tr","timestamp_ms":"1586538233659"}
