{"created_at":"Fri Apr 10 17:03:53 +0000 2020","id":1248657970071666688,"id_str":"1248657970071666688","text":"RT @jjimlove1013: https:\/\/t.co\/KXTLvfhMkN","source":"\u003ca href=\"http:\/\/twitter.com\/download\/android\" rel=\"nofollow\"\u003eTwitter for Android\u003c\/a\u003e","truncated":false,"in_reply_to_status_id":null,"in_reply_to_status_id_str":null,"in_reply_to_user_id":null,"in_reply_to_user_id_str":null,"in_reply_to_screen_name":null,"user":{"id":2308251516,"id_str":"2308251516","name":"JMNS ft.\u0e08\u0e30\u0e2d\u0e22\u0e39\u0e48\u0e17\u0e35\u0e48\u0e15\u0e36\u0e01\u0e40\u0e0a\u0e48\u0e32","screen_name":"n_9500","location":"bttm : jimin yeonjun jaemin","url":null,"description":"\u25b6@BTS_twt\n\u25b6@pledis_17\n\u25b6@OfficialMonstaX\n\u25b6@NCTsmtown\n\u25b6@WE_THE_BOYZ\n\u25b6@YG_iKONIC\n\u25b6@offclASTRO\n\u25b6@Stray_Kids\n\u25b6@TXT_members","translator_type":"none","protected":false,"verified":false,"followers_count":212,"friends_count":1371,"listed_count":7,"favourites_count":22543,"statuses_count":170567,"created_at":"Fri Jan 24 12:07:32 +0000 2014","utc_offset":null,"time_zone":null,"geo_enabled":false,"lang":null,"contributors_enabled":false,"is_translator":false,"profile_background_color":"000000","profile_background_image_url":"http:\/\/abs.twimg.com\/images\/themes\/theme1\/bg.png","profile_background_image_url_https":"https:\/\/abs.twimg.com\/images\/themes\/theme1\/bg.png","profile_background_tile":false,"profile_link_color":"7FDBB6","profile_sidebar_border_color":"000000","profile_sidebar_fill_color":"000000","profile_text_color":"000000","profile_use_background_image":false,"profile_image_url":"http:\/\/pbs.twimg.com\/profile_images\/1223884495893327872\/bqia3EnH_normal.jpg","profile_image_url_https":"https:\/\/pbs.twimg.com\/profile_images\/1223884495893327872\/bqia3EnH_normal.jpg","profile_banner_url":"https:\/\/pbs.twimg.com\/profile_banners\/2308251516\/1585387728","default_profile":false,"default_profile_image":false,"following":null,"follow_request_sent":null,"notifications":null},"geo":null,"coordinates":null,"place":null,"contributors":null,"retweeted_status":{"created_at":"Fri Apr 10 14:12:44 +0000 2020","id":1248614898432479234,"id_str":"1248614898432479234","text":"https:\/\/t.co\/KXTLvfhMkN","display_text_range":[0,0],"source":"\u003ca href=\"http:\/\/twitter.com\/download\/iphone\" rel=\"nofollow\"\u003eTwitter for iPhone\u003c\/a\u003e","truncated":false,"in_reply_to_status_id":null,"in_reply_to_status_id_str":null,"in_reply_to_user_id":null,"in_reply_to_user_id_str":null,"in_reply_to_screen_name":null,"user":{"id":1050810844739657728,"id_str":"1050810844739657728","name":"\ud0a4\ud0a4\u00b9\u00b3","screen_name":"jjimlove1013","location":"Only JIMIN \/ fub free","url":"https:\/\/soundcloud.com\/bangtan\/firstjiminpresent","description":"\uc9c0\ubbfc\uc774","translator_type":"none","protected":false,"verified":false,"followers_count":2222,"friends_count":242,"listed_count":35,"favourites_count":9070,"statuses_count":17314,"created_at":"Fri Oct 12 18:10:03 +0000 2018","utc_offset":null,"time_zone":null,"geo_enabled":false,"lang":null,"contributors_enabled":false,"is_translator":false,"profile_background_color":"F5F8FA","profile_background_image_url":"","profile_background_image_url_https":"","profile_background_tile":false,"profile_link_color":"1DA1F2","profile_sidebar_border_color":"C0DEED","profile_sidebar_fill_color":"DDEEF6","profile_text_color":"333333","profile_use_background_image":true,"profile_image_url":"http:\/\/pbs.twimg.com\/profile_images\/1239427173011734535\/d9V3uN0E_normal.jpg","profile_image_url_https":"https:\/\/pbs.twimg.com\/profile_images\/1239427173011734535\/d9V3uN0E_normal.jpg","profile_banner_url":"https:\/\/pbs.twimg.com\/profile_banners\/1050810844739657728\/1540564149","default_profile":true,"default_profile_image":false,"following":null,"follow_request_sent":null,"notifications":null},"geo":null,"coordinates":null,"place":null,"contributors":null,"is_quote_status":false,"quote_count":3,"reply_count":1,"retweet_count":52,"favorite_count":184,"entities":{"hashtags":[],"urls":[],"user_mentions":[],"symbols":[],"media":[{"id":1248614888550719489,"id_str":"1248614888550719489","indices":[0,23],"media_url":"http:\/\/pbs.twimg.com\/media\/EVP4oC1UYAEq9O0.jpg","media_url_https":"https:\/\/pbs.twimg.com\/media\/EVP4oC1UYAEq9O0.jpg","url":"https:\/\/t.co\/KXTLvfhMkN","display_url":"pic.twitter.com\/KXTLvfhMkN","expanded_url":"https:\/\/twitter.com\/jjimlove1013\/status\/1248614898432479234\/photo\/1","type":"photo","sizes":{"thumb":{"w":150,"h":150,"resize":"crop"},"large":{"w":1001,"h":1079,"resize":"fit"},"small":{"w":631,"h":680,"resize":"fit"},"medium":{"w":1001,"h":1079,"resize":"fit"}}}]},"extended_entities":{"media":[{"id":1248614888550719489,"id_str":"1248614888550719489","indices":[0,23],"media_url":"http:\/\/pbs.twimg.com\/media\/EVP4oC1UYAEq9O0.jpg","media_url_https":"https:\/\/pbs.twimg.com\/media\/EVP4oC1UYAEq9O0.jpg","url":"https:\/\/t.co\/KXTLvfhMkN","display_url":"pic.twitter.com\/KXTLvfhMkN","expanded_url":"https:\/\/twitter.com\/jjimlove1013\/status\/1248614898432479234\/photo\/1","type":"photo","sizes":{"thumb":{"w":150,"h":150,"resize":"crop"},"large":{"w":1001,"h":1079,"resize":"fit"},"small":{"w":631,"h":680,"resize":"fit"},"medium":{"w":1001,"h":1079,"resize":"fit"}}},{"id":1248614888559136769,"id_str":"1248614888559136769","indices":[0,23],"media_url":"http:\/\/pbs.twimg.com\/media\/EVP4oC3U0AEfug4.jpg","media_url_https":"https:\/\/pbs.twimg.com\/media\/EVP4oC3U0AEfug4.jpg","url":"https:\/\/t.co\/KXTLvfhMkN","display_url":"pic.twitter.com\/KXTLvfhMkN","expanded_url":"https:\/\/twitter.com\/jjimlove1013\/status\/1248614898432479234\/photo\/1","type":"photo","sizes":{"medium":{"w":416,"h":430,"resize":"fit"},"thumb":{"w":150,"h":150,"resize":"crop"},"large":{"w":416,"h":430,"resize":"fit"},"small":{"w":416,"h":430,"resize":"fit"}}},{"id":1248614888559095808,"id_str":"1248614888559095808","indices":[0,23],"media_url":"http:\/\/pbs.twimg.com\/media\/EVP4oC3UMAAZUKu.jpg","media_url_https":"https:\/\/pbs.twimg.com\/media\/EVP4oC3UMAAZUKu.jpg","url":"https:\/\/t.co\/KXTLvfhMkN","display_url":"pic.twitter.com\/KXTLvfhMkN","expanded_url":"https:\/\/twitter.com\/jjimlove1013\/status\/1248614898432479234\/photo\/1","type":"photo","sizes":{"thumb":{"w":150,"h":150,"resize":"crop"},"medium":{"w":652,"h":354,"resize":"fit"},"small":{"w":652,"h":354,"resize":"fit"},"large":{"w":652,"h":354,"resize":"fit"}}}]},"favorited":false,"retweeted":false,"possibly_sensitive":false,"filter_level":"low","lang":"und"},"is_quote_status":false,"quote_count":0,"reply_count":0,"retweet_count":0,"favorite_count":0,"entities":{"hashtags":[],"urls":[],"user_mentions":[{"screen_name":"jjimlove1013","name":"\ud0a4\ud0a4\u00b9\u00b3","id":1050810844739657728,"id_str":"1050810844739657728","indices":[3,16]}],"symbols":[],"media":[{"id":1248614888550719489,"id_str":"1248614888550719489","indices":[18,41],"media_url":"http:\/\/pbs.twimg.com\/media\/EVP4oC1UYAEq9O0.jpg","media_url_https":"https:\/\/pbs.twimg.com\/media\/EVP4oC1UYAEq9O0.jpg","url":"https:\/\/t.co\/KXTLvfhMkN","display_url":"pic.twitter.com\/KXTLvfhMkN","expanded_url":"https:\/\/twitter.com\/jjimlove1013\/status\/1248614898432479234\/photo\/1","type":"photo","sizes":{"thumb":{"w":150,"h":150,"resize":"crop"},"large":{"w":1001,"h":1079,"resize":"fit"},"small":{"w":631,"h":680,"resize":"fit"},"medium":{"w":1001,"h":1079,"resize":"fit"}},"source_status_id":1248614898432479234,"source_status_id_str":"1248614898432479234","source_user_id":1050810844739657728,"source_user_id_str":"1050810844739657728"}]},"extended_entities":{"media":[{"id":1248614888550719489,"id_str":"1248614888550719489","indices":[18,41],"media_url":"http:\/\/pbs.twimg.com\/media\/EVP4oC1UYAEq9O0.jpg","media_url_https":"https:\/\/pbs.twimg.com\/media\/EVP4oC1UYAEq9O0.jpg","url":"https:\/\/t.co\/KXTLvfhMkN","display_url":"pic.twitter.com\/KXTLvfhMkN","expanded_url":"https:\/\/twitter.com\/jjimlove1013\/status\/1248614898432479234\/photo\/1","type":"photo","sizes":{"thumb":{"w":150,"h":150,"resize":"crop"},"large":{"w":1001,"h":1079,"resize":"fit"},"small":{"w":631,"h":680,"resize":"fit"},"medium":{"w":1001,"h":1079,"resize":"fit"}},"source_status_id":1248614898432479234,"source_status_id_str":"1248614898432479234","source_user_id":1050810844739657728,"source_user_id_str":"1050810844739657728"},{"id":1248614888559136769,"id_str":"1248614888559136769","indices":[18,41],"media_url":"http:\/\/pbs.twimg.com\/media\/EVP4oC3U0AEfug4.jpg","media_url_https":"https:\/\/pbs.twimg.com\/media\/EVP4oC3U0AEfug4.jpg","url":"https:\/\/t.co\/KXTLvfhMkN","display_url":"pic.twitter.com\/KXTLvfhMkN","expanded_url":"https:\/\/twitter.com\/jjimlove1013\/status\/1248614898432479234\/photo\/1","type":"photo","sizes":{"medium":{"w":416,"h":430,"resize":"fit"},"thumb":{"w":150,"h":150,"resize":"crop"},"large":{"w":416,"h":430,"resize":"fit"},"small":{"w":416,"h":430,"resize":"fit"}},"source_status_id":1248614898432479234,"source_status_id_str":"1248614898432479234","source_user_id":1050810844739657728,"source_user_id_str":"1050810844739657728"},{"id":1248614888559095808,"id_str":"1248614888559095808","indices":[18,41],"media_url":"http:\/\/pbs.twimg.com\/media\/EVP4oC3UMAAZUKu.jpg","media_url_https":"https:\/\/pbs.twimg.com\/media\/EVP4oC3UMAAZUKu.jpg","url":"https:\/\/t.co\/KXTLvfhMkN","display_url":"pic.twitter.com\/KXTLvfhMkN","expanded_url":"https:\/\/twitter.com\/jjimlove1013\/status\/1248614898432479234\/photo\/1","type":"photo","sizes":{"thumb":{"w":150,"h":150,"resize":"crop"},"medium":{"w":652,"h":354,"resize":"fit"},"small":{"w":652,"h":354,"resize":"fit"},"large":{"w":652,"h":354,"resize":"fit"}},"source_status_id":1248614898432479234,"source_status_id_str":"1248614898432479234","source_user_id":1050810844739657728,"source_user_id_str":"1050810844739657728"}]},"favorited":false,"retweeted":false,"possibly_sensitive":false,"filter_level":"low","lang":"und","timestamp_ms":"1586538233665"}
