{"created_at":"Fri Apr 10 17:03:55 +0000 2020","id":1248657978464534530,"id_str":"1248657978464534530","text":"RT @wyzeart: Don\u2019t certain jokes get redundant? When do y\u2019all grow up and realize shit ain\u2019t even funny shit really just sad!","source":"\u003ca href=\"https:\/\/mobile.twitter.com\" rel=\"nofollow\"\u003eTwitter Web App\u003c\/a\u003e","truncated":false,"in_reply_to_status_id":null,"in_reply_to_status_id_str":null,"in_reply_to_user_id":null,"in_reply_to_user_id_str":null,"in_reply_to_screen_name":null,"user":{"id":374892928,"id_str":"374892928","name":"bitch, yeah, if the gum taste that good","screen_name":"Pisces_ofMe","location":"earth","url":null,"description":"you caught me fed boy","translator_type":"none","protected":false,"verified":false,"followers_count":934,"friends_count":1093,"listed_count":35,"favourites_count":29128,"statuses_count":142091,"created_at":"Sat Sep 17 04:29:16 +0000 2011","utc_offset":null,"time_zone":null,"geo_enabled":false,"lang":null,"contributors_enabled":false,"is_translator":false,"profile_background_color":"F7D83B","profile_background_image_url":"http:\/\/abs.twimg.com\/images\/themes\/theme17\/bg.gif","profile_background_image_url_https":"https:\/\/abs.twimg.com\/images\/themes\/theme17\/bg.gif","profile_background_tile":true,"profile_link_color":"FAB81E","profile_sidebar_border_color":"000000","profile_sidebar_fill_color":"F2D9E6","profile_text_color":"B32930","profile_use_background_image":true,"profile_image_url":"http:\/\/pbs.twimg.com\/profile_images\/1243321900140544007\/nJiyCqZ-_normal.jpg","profile_image_url_https":"https:\/\/pbs.twimg.com\/profile_images\/1243321900140544007\/nJiyCqZ-_normal.jpg","profile_banner_url":"https:\/\/pbs.twimg.com\/profile_banners\/374892928\/1561571879","default_profile":false,"default_profile_image":false,"following":null,"follow_request_sent":null,"notifications":null},"geo":null,"coordinates":null,"place":null,"contributors":null,"retweeted_status":{"created_at":"Fri Apr 10 17:03:23 +0000 2020","id":1248657841881300997,"id_str":"1248657841881300997","text":"Don\u2019t certain jokes get redundant? When do y\u2019all grow up and realize shit ain\u2019t even funny shit really just sad!","source":"\u003ca href=\"http:\/\/twitter.com\/download\/iphone\" rel=\"nofollow\"\u003eTwitter for iPhone\u003c\/a\u003e","truncated":false,"in_reply_to_status_id":null,"in_reply_to_status_id_str":null,"in_reply_to_user_id":null,"in_reply_to_user_id_str":null,"in_reply_to_screen_name":null,"user":{"id":722939160,"id_str":"722939160","name":"Wyze","screen_name":"wyzeart","location":null,"url":"https:\/\/www.awyzeworld.com","description":"Photo. Directing. Artist Development. @awyzeworld \ud83c\udf1f @dirtycanvastm dirty!","translator_type":"none","protected":false,"verified":false,"followers_count":2170,"friends_count":714,"listed_count":9,"favourites_count":74639,"statuses_count":57741,"created_at":"Sat Jul 28 22:38:07 +0000 2012","utc_offset":null,"time_zone":null,"geo_enabled":true,"lang":null,"contributors_enabled":false,"is_translator":false,"profile_background_color":"C0DEED","profile_background_image_url":"http:\/\/abs.twimg.com\/images\/themes\/theme1\/bg.png","profile_background_image_url_https":"https:\/\/abs.twimg.com\/images\/themes\/theme1\/bg.png","profile_background_tile":true,"profile_link_color":"91D2FA","profile_sidebar_border_color":"FFFFFF","profile_sidebar_fill_color":"DDEEF6","profile_text_color":"333333","profile_use_background_image":true,"profile_image_url":"http:\/\/pbs.twimg.com\/profile_images\/1232431283084632064\/gZajOYDZ_normal.jpg","profile_image_url_https":"https:\/\/pbs.twimg.com\/profile_images\/1232431283084632064\/gZajOYDZ_normal.jpg","profile_banner_url":"https:\/\/pbs.twimg.com\/profile_banners\/722939160\/1583487966","default_profile":false,"default_profile_image":false,"following":null,"follow_request_sent":null,"notifications":null},"geo":null,"coordinates":null,"place":null,"contributors":null,"is_quote_status":false,"quote_count":0,"reply_count":0,"retweet_count":1,"favorite_count":0,"entities":{"hashtags":[],"urls":[],"user_mentions":[],"symbols":[]},"favorited":false,"retweeted":false,"filter_level":"low","lang":"en"},"is_quote_status":false,"quote_count":0,"reply_count":0,"retweet_count":0,"favorite_count":0,"entities":{"hashtags":[],"urls":[],"user_mentions":[{"screen_name":"wyzeart","name":"Wyze","id":722939160,"id_str":"722939160","indices":[3,11]}],"symbols":[]},"favorited":false,"retweeted":false,"filter_level":"low","lang":"en","timestamp_ms":"1586538235666"}
