{"created_at":"Fri Apr 10 17:03:48 +0000 2020","id":1248657949070741504,"id_str":"1248657949070741504","text":"@hagelhirayama \u56fd\u5206\u753a\u306f\u3082\u3046\u30ad\u30e3\u30c3\u30c1\u306e\u30c1\u30f3\u30d4\u30e9\u304c\u30be\u30f3\u30d3\u307f\u305f\u3044\u306b\u5f98\u5f8a\u3057\u3066\u308b\u3060\u3051\u306e\u30b4\u30fc\u30b9\u30c8\u30bf\u30a6\u30f3\u3088\u3002HUB\u306e\u30af\u30e9\u30b9\u30bf\u30fc\u611f\u67d3\u304c\u81f4\u547d\u7684\u3060\u3063\u305f\u306a\u3002\u3042\u3068\u306f1\u4eba\/\u65e5\u304f\u3089\u3044\u3067\u30ba\u30eb\u30ba\u30eb\u767a\u751f\u3057\u3066\u308b\u3002\u30cb\u30e5\u30fc\u30b9\u307f\u3066\u308b\u3068\u6771\u4eac\u7531\u6765\u304c\u591a\u3044\u306e\u3067\u3053\u3093\u2026 https:\/\/t.co\/6BYfx97OW2","display_text_range":[15,140],"source":"\u003ca href=\"http:\/\/twitter.com\/download\/iphone\" rel=\"nofollow\"\u003eTwitter for iPhone\u003c\/a\u003e","truncated":true,"in_reply_to_status_id":1248642139514236929,"in_reply_to_status_id_str":"1248642139514236929","in_reply_to_user_id":134766689,"in_reply_to_user_id_str":"134766689","in_reply_to_screen_name":"hagelhirayama","user":{"id":925753015012749312,"id_str":"925753015012749312","name":"rota","screen_name":"rota_141","location":null,"url":null,"description":"\u539f\u70b9\u56de\u5e30","translator_type":"none","protected":false,"verified":false,"followers_count":19,"friends_count":17,"listed_count":0,"favourites_count":168,"statuses_count":1610,"created_at":"Wed Nov 01 15:54:53 +0000 2017","utc_offset":null,"time_zone":null,"geo_enabled":false,"lang":null,"contributors_enabled":false,"is_translator":false,"profile_background_color":"F5F8FA","profile_background_image_url":"","profile_background_image_url_https":"","profile_background_tile":false,"profile_link_color":"1DA1F2","profile_sidebar_border_color":"C0DEED","profile_sidebar_fill_color":"DDEEF6","profile_text_color":"333333","profile_use_background_image":true,"profile_image_url":"http:\/\/pbs.twimg.com\/profile_images\/1196745726782427136\/3tZn6oSX_normal.jpg","profile_image_url_https":"https:\/\/pbs.twimg.com\/profile_images\/1196745726782427136\/3tZn6oSX_normal.jpg","default_profile":true,"default_profile_image":false,"following":null,"follow_request_sent":null,"notifications":null},"geo":null,"coordinates":null,"place":null,"contributors":null,"is_quote_status":false,"extended_tweet":{"full_text":"@hagelhirayama \u56fd\u5206\u753a\u306f\u3082\u3046\u30ad\u30e3\u30c3\u30c1\u306e\u30c1\u30f3\u30d4\u30e9\u304c\u30be\u30f3\u30d3\u307f\u305f\u3044\u306b\u5f98\u5f8a\u3057\u3066\u308b\u3060\u3051\u306e\u30b4\u30fc\u30b9\u30c8\u30bf\u30a6\u30f3\u3088\u3002HUB\u306e\u30af\u30e9\u30b9\u30bf\u30fc\u611f\u67d3\u304c\u81f4\u547d\u7684\u3060\u3063\u305f\u306a\u3002\u3042\u3068\u306f1\u4eba\/\u65e5\u304f\u3089\u3044\u3067\u30ba\u30eb\u30ba\u30eb\u767a\u751f\u3057\u3066\u308b\u3002\u30cb\u30e5\u30fc\u30b9\u307f\u3066\u308b\u3068\u6771\u4eac\u7531\u6765\u304c\u591a\u3044\u306e\u3067\u3053\u3093\u306a\u6642\u671f\u306b\u51fa\u5f35\u3084\u8ee2\u52e4\u3068\u304b\u307b\u3093\u3068\u3075\u3056\u3051\u3093\u306a\u3002\n\u5b66\u6821\u306f\u30d4\u30ea\u30d4\u30ea\u3057\u3066\u308b\u3051\u3069\u305d\u308c\u4ee5\u5916\u306f\u666e\u901a\u304b\u306a","display_text_range":[15,157],"entities":{"hashtags":[],"urls":[],"user_mentions":[{"screen_name":"hagelhirayama","name":"\u306f\u30fc\u3052\u308b \u5e73\u5c71","id":134766689,"id_str":"134766689","indices":[0,14]}],"symbols":[]}},"quote_count":0,"reply_count":0,"retweet_count":0,"favorite_count":0,"entities":{"hashtags":[],"urls":[{"url":"https:\/\/t.co\/6BYfx97OW2","expanded_url":"https:\/\/twitter.com\/i\/web\/status\/1248657949070741504","display_url":"twitter.com\/i\/web\/status\/1\u2026","indices":[117,140]}],"user_mentions":[{"screen_name":"hagelhirayama","name":"\u306f\u30fc\u3052\u308b \u5e73\u5c71","id":134766689,"id_str":"134766689","indices":[0,14]}],"symbols":[]},"favorited":false,"retweeted":false,"filter_level":"low","lang":"ja","timestamp_ms":"1586538228658"}
