{"created_at":"Fri Apr 10 17:03:52 +0000 2020","id":1248657965869080577,"id_str":"1248657965869080577","text":"@GOPChairwoman @realDonaldTrump What are we up to FOUR TRILLION? And not a penny of it went to the people and 45 fi\u2026 https:\/\/t.co\/kC9Eku2wQk","display_text_range":[32,140],"source":"\u003ca href=\"http:\/\/twitter.com\/download\/android\" rel=\"nofollow\"\u003eTwitter for Android\u003c\/a\u003e","truncated":true,"in_reply_to_status_id":1248657251499487232,"in_reply_to_status_id_str":"1248657251499487232","in_reply_to_user_id":2353605901,"in_reply_to_user_id_str":"2353605901","in_reply_to_screen_name":"GOPChairwoman","user":{"id":1022438942610739200,"id_str":"1022438942610739200","name":"Sean Quinlan \u2696","screen_name":"SPQ_ESQ","location":"Pennsylvania, USA","url":"https:\/\/www.votequinlan.org\/","description":"Discipline. Sacrifice. Determination.\n\ud83c\udf0a\ud83c\udf0a\ud83c\udf0a\n\nD.S.D. #DSD","translator_type":"none","protected":false,"verified":false,"followers_count":3547,"friends_count":4851,"listed_count":1,"favourites_count":64553,"statuses_count":13670,"created_at":"Thu Jul 26 11:10:14 +0000 2018","utc_offset":null,"time_zone":null,"geo_enabled":false,"lang":null,"contributors_enabled":false,"is_translator":false,"profile_background_color":"F5F8FA","profile_background_image_url":"","profile_background_image_url_https":"","profile_background_tile":false,"profile_link_color":"1DA1F2","profile_sidebar_border_color":"C0DEED","profile_sidebar_fill_color":"DDEEF6","profile_text_color":"333333","profile_use_background_image":true,"profile_image_url":"http:\/\/pbs.twimg.com\/profile_images\/1158051410635890690\/-rDxgQzr_normal.jpg","profile_image_url_https":"https:\/\/pbs.twimg.com\/profile_images\/1158051410635890690\/-rDxgQzr_normal.jpg","profile_banner_url":"https:\/\/pbs.twimg.com\/profile_banners\/1022438942610739200\/1569199958","default_profile":true,"default_profile_image":false,"following":null,"follow_request_sent":null,"notifications":null},"geo":null,"coordinates":null,"place":null,"contributors":null,"quoted_status_id":1245848540183695360,"quoted_status_id_str":"1245848540183695360","quoted_status":{"created_at":"Thu Apr 02 23:00:13 +0000 2020","id":1245848540183695360,"id_str":"1245848540183695360","text":"America, 2020 https:\/\/t.co\/i6S28NWxaU","display_text_range":[0,13],"source":"\u003ca href=\"https:\/\/studio.twitter.com\" rel=\"nofollow\"\u003eTwitter Media Studio\u003c\/a\u003e","truncated":false,"in_reply_to_status_id":null,"in_reply_to_status_id_str":null,"in_reply_to_user_id":null,"in_reply_to_user_id_str":null,"in_reply_to_screen_name":null,"user":{"id":8036392,"id_str":"8036392","name":"NBC News NOW","screen_name":"NBCNewsNow","location":"New York City","url":"http:\/\/www.nbcnews.com\/now","description":"A new streaming news channel from @NBCNews. Watch @NBCNewsNow at http:\/\/nbcnews.com\/now","translator_type":"none","protected":false,"verified":true,"followers_count":90630,"friends_count":454,"listed_count":2111,"favourites_count":1120,"statuses_count":39996,"created_at":"Tue Aug 07 19:00:05 +0000 2007","utc_offset":null,"time_zone":null,"geo_enabled":true,"lang":null,"contributors_enabled":false,"is_translator":false,"profile_background_color":"FFFFFF","profile_background_image_url":"http:\/\/abs.twimg.com\/images\/themes\/theme1\/bg.png","profile_background_image_url_https":"https:\/\/abs.twimg.com\/images\/themes\/theme1\/bg.png","profile_background_tile":false,"profile_link_color":"102039","profile_sidebar_border_color":"000000","profile_sidebar_fill_color":"EEEEEE","profile_text_color":"000000","profile_use_background_image":true,"profile_image_url":"http:\/\/pbs.twimg.com\/profile_images\/1131650557133938689\/TmAm7HDQ_normal.png","profile_image_url_https":"https:\/\/pbs.twimg.com\/profile_images\/1131650557133938689\/TmAm7HDQ_normal.png","profile_banner_url":"https:\/\/pbs.twimg.com\/profile_banners\/8036392\/1557354524","default_profile":false,"default_profile_image":false,"following":null,"follow_request_sent":null,"notifications":null},"geo":null,"coordinates":null,"place":null,"contributors":null,"is_quote_status":false,"quote_count":3802,"reply_count":904,"retweet_count":10587,"favorite_count":16056,"entities":{"hashtags":[],"urls":[],"user_mentions":[],"symbols":[],"media":[{"id":1245847996396421121,"id_str":"1245847996396421121","indices":[14,37],"additional_media_info":{"title":"Food bank lines across America","description":"","embeddable":true,"monetizable":false},"media_url":"http:\/\/pbs.twimg.com\/media\/EUokeeXXkAAkC-q.jpg","media_url_https":"https:\/\/pbs.twimg.com\/media\/EUokeeXXkAAkC-q.jpg","url":"https:\/\/t.co\/i6S28NWxaU","display_url":"pic.twitter.com\/i6S28NWxaU","expanded_url":"https:\/\/twitter.com\/NBCNewsNow\/status\/1245848540183695360\/video\/1","type":"photo","sizes":{"thumb":{"w":150,"h":150,"resize":"crop"},"medium":{"w":1200,"h":675,"resize":"fit"},"small":{"w":680,"h":383,"resize":"fit"},"large":{"w":1280,"h":720,"resize":"fit"}}}]},"extended_entities":{"media":[{"id":1245847996396421121,"id_str":"1245847996396421121","indices":[14,37],"additional_media_info":{"title":"Food bank lines across America","description":"","embeddable":true,"monetizable":false},"media_url":"http:\/\/pbs.twimg.com\/media\/EUokeeXXkAAkC-q.jpg","media_url_https":"https:\/\/pbs.twimg.com\/media\/EUokeeXXkAAkC-q.jpg","url":"https:\/\/t.co\/i6S28NWxaU","display_url":"pic.twitter.com\/i6S28NWxaU","expanded_url":"https:\/\/twitter.com\/NBCNewsNow\/status\/1245848540183695360\/video\/1","type":"video","video_info":{"aspect_ratio":[16,9],"duration_millis":192759,"variants":[{"bitrate":832000,"content_type":"video\/mp4","url":"https:\/\/video.twimg.com\/amplify_video\/1245847996396421121\/vid\/640x360\/PdoO2ekOmSVlwE1D.mp4?tag=13"},{"content_type":"application\/x-mpegURL","url":"https:\/\/video.twimg.com\/amplify_video\/1245847996396421121\/pl\/kPa5D9nZ5nVireGu.m3u8?tag=13"},{"bitrate":2176000,"content_type":"video\/mp4","url":"https:\/\/video.twimg.com\/amplify_video\/1245847996396421121\/vid\/1280x720\/9-DlCbon_qDqC0rp.mp4?tag=13"},{"bitrate":288000,"content_type":"video\/mp4","url":"https:\/\/video.twimg.com\/amplify_video\/1245847996396421121\/vid\/480x270\/6ib84HYkDvFfVW8H.mp4?tag=13"}]},"sizes":{"thumb":{"w":150,"h":150,"resize":"crop"},"medium":{"w":1200,"h":675,"resize":"fit"},"small":{"w":680,"h":383,"resize":"fit"},"large":{"w":1280,"h":720,"resize":"fit"}}}]},"favorited":false,"retweeted":false,"possibly_sensitive":false,"filter_level":"low","lang":"ca"},"quoted_status_permalink":{"url":"https:\/\/t.co\/RroNEkhwO5","expanded":"https:\/\/twitter.com\/NBCNewsNow\/status\/1245848540183695360?s=19","display":"twitter.com\/NBCNewsNow\/sta\u2026"},"is_quote_status":true,"extended_tweet":{"full_text":"@GOPChairwoman @realDonaldTrump What are we up to FOUR TRILLION? And not a penny of it went to the people and 45 fired the Inspector General assigned to over see distribution.\n\nWhere's our money, Ronna? What did you do with our money, Donald?\n\nhttps:\/\/t.co\/RroNEkhwO5","display_text_range":[32,267],"entities":{"hashtags":[],"urls":[{"url":"https:\/\/t.co\/RroNEkhwO5","expanded_url":"https:\/\/twitter.com\/NBCNewsNow\/status\/1245848540183695360?s=19","display_url":"twitter.com\/NBCNewsNow\/sta\u2026","indices":[244,267]}],"user_mentions":[{"screen_name":"GOPChairwoman","name":"Ronna McDaniel","id":2353605901,"id_str":"2353605901","indices":[0,14]},{"screen_name":"realDonaldTrump","name":"Donald J. Trump","id":25073877,"id_str":"25073877","indices":[15,31]}],"symbols":[]}},"quote_count":0,"reply_count":0,"retweet_count":0,"favorite_count":0,"entities":{"hashtags":[],"urls":[{"url":"https:\/\/t.co\/kC9Eku2wQk","expanded_url":"https:\/\/twitter.com\/i\/web\/status\/1248657965869080577","display_url":"twitter.com\/i\/web\/status\/1\u2026","indices":[117,140]}],"user_mentions":[{"screen_name":"GOPChairwoman","name":"Ronna McDaniel","id":2353605901,"id_str":"2353605901","indices":[0,14]},{"screen_name":"realDonaldTrump","name":"Donald J. Trump","id":25073877,"id_str":"25073877","indices":[15,31]}],"symbols":[]},"favorited":false,"retweeted":false,"possibly_sensitive":false,"filter_level":"low","lang":"en","timestamp_ms":"1586538232663"}
