{"created_at":"Fri Apr 10 17:03:57 +0000 2020","id":1248657986844852224,"id_str":"1248657986844852224","text":"QUANTO CAZZO MI GASA ONE PIECE NON AVETE IDEA STO IMPAZZENDO","source":"\u003ca href=\"http:\/\/twitter.com\/download\/android\" rel=\"nofollow\"\u003eTwitter for Android\u003c\/a\u003e","truncated":false,"in_reply_to_status_id":null,"in_reply_to_status_id_str":null,"in_reply_to_user_id":null,"in_reply_to_user_id_str":null,"in_reply_to_screen_name":null,"user":{"id":4258177241,"id_str":"4258177241","name":"SonoFattoh\ud83e\udd0d","screen_name":"Disadattatoh","location":"Milano, Lombardia","url":"https:\/\/www.instagram.com\/_tej19_\/","description":"faccio quello che mi gira \u2764\nla musica \u00e8 la mia droga\ud83d\udcbf\nOne piece\ud83c\udf51","translator_type":"none","protected":false,"verified":false,"followers_count":263,"friends_count":287,"listed_count":2,"favourites_count":1318,"statuses_count":338,"created_at":"Mon Nov 23 15:48:55 +0000 2015","utc_offset":null,"time_zone":null,"geo_enabled":true,"lang":null,"contributors_enabled":false,"is_translator":false,"profile_background_color":"000000","profile_background_image_url":"http:\/\/abs.twimg.com\/images\/themes\/theme1\/bg.png","profile_background_image_url_https":"https:\/\/abs.twimg.com\/images\/themes\/theme1\/bg.png","profile_background_tile":false,"profile_link_color":"91D2FA","profile_sidebar_border_color":"000000","profile_sidebar_fill_color":"000000","profile_text_color":"000000","profile_use_background_image":false,"profile_image_url":"http:\/\/pbs.twimg.com\/profile_images\/1247539166713278464\/pNg-Mzdg_normal.jpg","profile_image_url_https":"https:\/\/pbs.twimg.com\/profile_images\/1247539166713278464\/pNg-Mzdg_normal.jpg","profile_banner_url":"https:\/\/pbs.twimg.com\/profile_banners\/4258177241\/1585697266","default_profile":false,"default_profile_image":false,"following":null,"follow_request_sent":null,"notifications":null},"geo":null,"coordinates":null,"place":null,"contributors":null,"is_quote_status":false,"quote_count":0,"reply_count":0,"retweet_count":0,"favorite_count":0,"entities":{"hashtags":[],"urls":[],"user_mentions":[],"symbols":[]},"favorited":false,"retweeted":false,"filter_level":"low","lang":"it","timestamp_ms":"1586538237664"}
