{"created_at":"Fri Apr 10 17:03:53 +0000 2020","id":1248657970071625729,"id_str":"1248657970071625729","text":"RT @NandhanSk: Lucky basterd ... \ud83d\ude02\ud83d\ude02\ud83d\ude0d\nhttps:\/\/t.co\/e8pMAlFL0c","source":"\u003ca href=\"http:\/\/twitter.com\/download\/iphone\" rel=\"nofollow\"\u003eTwitter for iPhone\u003c\/a\u003e","truncated":false,"in_reply_to_status_id":null,"in_reply_to_status_id_str":null,"in_reply_to_user_id":null,"in_reply_to_user_id_str":null,"in_reply_to_screen_name":null,"user":{"id":1097547238887190528,"id_str":"1097547238887190528","name":"Rohithcharan","screen_name":"Rohithcharan10","location":null,"url":null,"description":null,"translator_type":"none","protected":false,"verified":false,"followers_count":21,"friends_count":458,"listed_count":0,"favourites_count":17,"statuses_count":553,"created_at":"Mon Feb 18 17:23:48 +0000 2019","utc_offset":null,"time_zone":null,"geo_enabled":false,"lang":null,"contributors_enabled":false,"is_translator":false,"profile_background_color":"F5F8FA","profile_background_image_url":"","profile_background_image_url_https":"","profile_background_tile":false,"profile_link_color":"1DA1F2","profile_sidebar_border_color":"C0DEED","profile_sidebar_fill_color":"DDEEF6","profile_text_color":"333333","profile_use_background_image":true,"profile_image_url":"http:\/\/pbs.twimg.com\/profile_images\/1172341226411966465\/FxFZ2TAN_normal.jpg","profile_image_url_https":"https:\/\/pbs.twimg.com\/profile_images\/1172341226411966465\/FxFZ2TAN_normal.jpg","default_profile":true,"default_profile_image":false,"following":null,"follow_request_sent":null,"notifications":null},"geo":null,"coordinates":null,"place":null,"contributors":null,"retweeted_status":{"created_at":"Thu Apr 02 12:47:20 +0000 2020","id":1245694304955187200,"id_str":"1245694304955187200","text":"Lucky basterd ... \ud83d\ude02\ud83d\ude02\ud83d\ude0d\nhttps:\/\/t.co\/e8pMAlFL0c","source":"\u003ca href=\"http:\/\/twitter.com\/download\/android\" rel=\"nofollow\"\u003eTwitter for Android\u003c\/a\u003e","truncated":false,"in_reply_to_status_id":null,"in_reply_to_status_id_str":null,"in_reply_to_user_id":null,"in_reply_to_user_id_str":null,"in_reply_to_screen_name":null,"user":{"id":4659083052,"id_str":"4659083052","name":"Lusty_\ud83d\udc44\ud83d\udc44","screen_name":"NandhanSk","location":"coimbatore","url":null,"description":"Engineering \u2022 sex \u2022 porn \n\u2022 Live your fucking life because no one is really gonna give a damn abt you \u2022\nI am legit and I don't give a fuck .\ud83d\ude0a.and I am male .","translator_type":"none","protected":false,"verified":false,"followers_count":3063,"friends_count":463,"listed_count":14,"favourites_count":972,"statuses_count":982,"created_at":"Sun Dec 27 04:15:26 +0000 2015","utc_offset":null,"time_zone":null,"geo_enabled":false,"lang":null,"contributors_enabled":false,"is_translator":false,"profile_background_color":"F5F8FA","profile_background_image_url":"","profile_background_image_url_https":"","profile_background_tile":false,"profile_link_color":"1DA1F2","profile_sidebar_border_color":"C0DEED","profile_sidebar_fill_color":"DDEEF6","profile_text_color":"333333","profile_use_background_image":true,"profile_image_url":"http:\/\/pbs.twimg.com\/profile_images\/1197053018916581376\/kOSW0ym7_normal.jpg","profile_image_url_https":"https:\/\/pbs.twimg.com\/profile_images\/1197053018916581376\/kOSW0ym7_normal.jpg","profile_banner_url":"https:\/\/pbs.twimg.com\/profile_banners\/4659083052\/1574234657","default_profile":true,"default_profile_image":false,"following":null,"follow_request_sent":null,"notifications":null},"geo":null,"coordinates":null,"place":null,"contributors":null,"is_quote_status":false,"quote_count":0,"reply_count":0,"retweet_count":8,"favorite_count":40,"entities":{"hashtags":[],"urls":[],"user_mentions":[],"symbols":[],"media":[{"id":1245651342342770689,"id_str":"1245651342342770689","indices":[22,45],"additional_media_info":{"monetizable":false},"media_url":"http:\/\/pbs.twimg.com\/ext_tw_video_thumb\/1245651342342770689\/pu\/img\/9ul0lvr6P8kxtNs0.jpg","media_url_https":"https:\/\/pbs.twimg.com\/ext_tw_video_thumb\/1245651342342770689\/pu\/img\/9ul0lvr6P8kxtNs0.jpg","url":"https:\/\/t.co\/e8pMAlFL0c","display_url":"pic.twitter.com\/e8pMAlFL0c","expanded_url":"https:\/\/twitter.com\/Sangeethaaunty\/status\/1245651484718448640\/video\/1","type":"photo","sizes":{"small":{"w":480,"h":480,"resize":"fit"},"thumb":{"w":150,"h":150,"resize":"crop"},"medium":{"w":480,"h":480,"resize":"fit"},"large":{"w":480,"h":480,"resize":"fit"}},"source_status_id":1245651484718448640,"source_status_id_str":"1245651484718448640","source_user_id":1242802886498631680,"source_user_id_str":"1242802886498631680"}]},"extended_entities":{"media":[{"id":1245651342342770689,"id_str":"1245651342342770689","indices":[22,45],"additional_media_info":{"monetizable":false},"media_url":"http:\/\/pbs.twimg.com\/ext_tw_video_thumb\/1245651342342770689\/pu\/img\/9ul0lvr6P8kxtNs0.jpg","media_url_https":"https:\/\/pbs.twimg.com\/ext_tw_video_thumb\/1245651342342770689\/pu\/img\/9ul0lvr6P8kxtNs0.jpg","url":"https:\/\/t.co\/e8pMAlFL0c","display_url":"pic.twitter.com\/e8pMAlFL0c","expanded_url":"https:\/\/twitter.com\/Sangeethaaunty\/status\/1245651484718448640\/video\/1","type":"video","video_info":{"aspect_ratio":[1,1],"duration_millis":51267,"variants":[{"bitrate":832000,"content_type":"video\/mp4","url":"https:\/\/video.twimg.com\/ext_tw_video\/1245651342342770689\/pu\/vid\/480x480\/dn-jcuyNzFlasmVf.mp4?tag=10"},{"content_type":"application\/x-mpegURL","url":"https:\/\/video.twimg.com\/ext_tw_video\/1245651342342770689\/pu\/pl\/CmJA6TUPVQjpuFb0.m3u8?tag=10"},{"bitrate":432000,"content_type":"video\/mp4","url":"https:\/\/video.twimg.com\/ext_tw_video\/1245651342342770689\/pu\/vid\/320x320\/fgrkSKIxVDkXuk1v.mp4?tag=10"}]},"sizes":{"small":{"w":480,"h":480,"resize":"fit"},"thumb":{"w":150,"h":150,"resize":"crop"},"medium":{"w":480,"h":480,"resize":"fit"},"large":{"w":480,"h":480,"resize":"fit"}},"source_status_id":1245651484718448640,"source_status_id_str":"1245651484718448640","source_user_id":1242802886498631680,"source_user_id_str":"1242802886498631680"}]},"favorited":false,"retweeted":false,"possibly_sensitive":false,"filter_level":"low","lang":"en"},"is_quote_status":false,"quote_count":0,"reply_count":0,"retweet_count":0,"favorite_count":0,"entities":{"hashtags":[],"urls":[],"user_mentions":[{"screen_name":"NandhanSk","name":"Lusty_\ud83d\udc44\ud83d\udc44","id":4659083052,"id_str":"4659083052","indices":[3,13]}],"symbols":[],"media":[{"id":1245651342342770689,"id_str":"1245651342342770689","indices":[37,60],"additional_media_info":{"monetizable":false},"media_url":"http:\/\/pbs.twimg.com\/ext_tw_video_thumb\/1245651342342770689\/pu\/img\/9ul0lvr6P8kxtNs0.jpg","media_url_https":"https:\/\/pbs.twimg.com\/ext_tw_video_thumb\/1245651342342770689\/pu\/img\/9ul0lvr6P8kxtNs0.jpg","url":"https:\/\/t.co\/e8pMAlFL0c","display_url":"pic.twitter.com\/e8pMAlFL0c","expanded_url":"https:\/\/twitter.com\/Sangeethaaunty\/status\/1245651484718448640\/video\/1","type":"photo","sizes":{"small":{"w":480,"h":480,"resize":"fit"},"thumb":{"w":150,"h":150,"resize":"crop"},"medium":{"w":480,"h":480,"resize":"fit"},"large":{"w":480,"h":480,"resize":"fit"}},"source_status_id":1245651484718448640,"source_status_id_str":"1245651484718448640","source_user_id":1242802886498631680,"source_user_id_str":"1242802886498631680"}]},"extended_entities":{"media":[{"id":1245651342342770689,"id_str":"1245651342342770689","indices":[37,60],"additional_media_info":{"monetizable":false},"media_url":"http:\/\/pbs.twimg.com\/ext_tw_video_thumb\/1245651342342770689\/pu\/img\/9ul0lvr6P8kxtNs0.jpg","media_url_https":"https:\/\/pbs.twimg.com\/ext_tw_video_thumb\/1245651342342770689\/pu\/img\/9ul0lvr6P8kxtNs0.jpg","url":"https:\/\/t.co\/e8pMAlFL0c","display_url":"pic.twitter.com\/e8pMAlFL0c","expanded_url":"https:\/\/twitter.com\/Sangeethaaunty\/status\/1245651484718448640\/video\/1","type":"video","video_info":{"aspect_ratio":[1,1],"duration_millis":51267,"variants":[{"bitrate":832000,"content_type":"video\/mp4","url":"https:\/\/video.twimg.com\/ext_tw_video\/1245651342342770689\/pu\/vid\/480x480\/dn-jcuyNzFlasmVf.mp4?tag=10"},{"content_type":"application\/x-mpegURL","url":"https:\/\/video.twimg.com\/ext_tw_video\/1245651342342770689\/pu\/pl\/CmJA6TUPVQjpuFb0.m3u8?tag=10"},{"bitrate":432000,"content_type":"video\/mp4","url":"https:\/\/video.twimg.com\/ext_tw_video\/1245651342342770689\/pu\/vid\/320x320\/fgrkSKIxVDkXuk1v.mp4?tag=10"}]},"sizes":{"small":{"w":480,"h":480,"resize":"fit"},"thumb":{"w":150,"h":150,"resize":"crop"},"medium":{"w":480,"h":480,"resize":"fit"},"large":{"w":480,"h":480,"resize":"fit"}},"source_status_id":1245651484718448640,"source_status_id_str":"1245651484718448640","source_user_id":1242802886498631680,"source_user_id_str":"1242802886498631680"}]},"favorited":false,"retweeted":false,"possibly_sensitive":false,"filter_level":"low","lang":"en","timestamp_ms":"1586538233665"}
