{"created_at":"Fri Apr 10 17:03:54 +0000 2020","id":1248657974232354817,"id_str":"1248657974232354817","text":"@Onyekcuuu halo icak","display_text_range":[11,20],"source":"\u003ca href=\"http:\/\/twitter.com\/download\/android\" rel=\"nofollow\"\u003eTwitter for Android\u003c\/a\u003e","truncated":false,"in_reply_to_status_id":1248657365592760325,"in_reply_to_status_id_str":"1248657365592760325","in_reply_to_user_id":1167725565291331584,"in_reply_to_user_id_str":"1167725565291331584","in_reply_to_screen_name":"Onyekcuuu","user":{"id":1209309414668165121,"id_str":"1209309414668165121","name":"nandaffffff","screen_name":"calonkamubanget","location":"Surakarta, Jawa Tengah","url":"https:\/\/www.instagram.com\/p\/B6vYeSXJGkx\/?igshid=xoeg1djb6vm0","description":"minta doanya biar saya lolos sbmptn 2020 \ud83d\ude2d\n\n18 y.o\u2728","translator_type":"none","protected":false,"verified":false,"followers_count":400,"friends_count":326,"listed_count":1,"favourites_count":3343,"statuses_count":1786,"created_at":"Tue Dec 24 03:07:05 +0000 2019","utc_offset":null,"time_zone":null,"geo_enabled":true,"lang":null,"contributors_enabled":false,"is_translator":false,"profile_background_color":"F5F8FA","profile_background_image_url":"","profile_background_image_url_https":"","profile_background_tile":false,"profile_link_color":"1DA1F2","profile_sidebar_border_color":"C0DEED","profile_sidebar_fill_color":"DDEEF6","profile_text_color":"333333","profile_use_background_image":true,"profile_image_url":"http:\/\/pbs.twimg.com\/profile_images\/1248556155057528833\/lq1eE_fs_normal.jpg","profile_image_url_https":"https:\/\/pbs.twimg.com\/profile_images\/1248556155057528833\/lq1eE_fs_normal.jpg","profile_banner_url":"https:\/\/pbs.twimg.com\/profile_banners\/1209309414668165121\/1584435863","default_profile":true,"default_profile_image":false,"following":null,"follow_request_sent":null,"notifications":null},"geo":null,"coordinates":null,"place":null,"contributors":null,"is_quote_status":false,"quote_count":0,"reply_count":0,"retweet_count":0,"favorite_count":0,"entities":{"hashtags":[],"urls":[],"user_mentions":[{"screen_name":"Onyekcuuu","name":"Ichaa\ud83d\udc3b","id":1167725565291331584,"id_str":"1167725565291331584","indices":[0,10]}],"symbols":[]},"favorited":false,"retweeted":false,"filter_level":"low","lang":"tr","timestamp_ms":"1586538234657"}
