{"created_at":"Fri Apr 10 17:03:58 +0000 2020","id":1248657991043174400,"id_str":"1248657991043174400","text":"@AppleH_1e \u3082\u3046\u3059\u3050200","display_text_range":[11,18],"source":"\u003ca href=\"http:\/\/twitter.com\/download\/iphone\" rel=\"nofollow\"\u003eTwitter for iPhone\u003c\/a\u003e","truncated":false,"in_reply_to_status_id":1248613965430579200,"in_reply_to_status_id_str":"1248613965430579200","in_reply_to_user_id":1161184655149682688,"in_reply_to_user_id_str":"1161184655149682688","in_reply_to_screen_name":"AppleH_1e","user":{"id":902506272209043456,"id_str":"902506272209043456","name":"\u3042\u304d\u3055\u3093\u3010Apple\uf8ff\u2022Homies\u3011","screen_name":"Apple_AKISAN","location":"\u5730\u7403","url":"https:\/\/www.amazon.jp\/hz\/wishlist\/ls\/2MMER6W8Y01QD?ref_=wl_share","description":"\u6240\u5c5e\u30c1\u30fc\u30e0Apple\uf8ffHomies\/iPadAir3\/4\u672c\u6307 \u4ffa\u306e\u6559\u3048\u5b50 @Miraxx6328 @Stay5233 \u5b9f\u7e3e40\u304f\u3089\u3044\u304a\u5e2b\u5320\u3000@miyapoooi","translator_type":"none","protected":false,"verified":false,"followers_count":158,"friends_count":274,"listed_count":2,"favourites_count":4179,"statuses_count":8918,"created_at":"Tue Aug 29 12:20:37 +0000 2017","utc_offset":null,"time_zone":null,"geo_enabled":true,"lang":null,"contributors_enabled":false,"is_translator":false,"profile_background_color":"F5F8FA","profile_background_image_url":"","profile_background_image_url_https":"","profile_background_tile":false,"profile_link_color":"1DA1F2","profile_sidebar_border_color":"C0DEED","profile_sidebar_fill_color":"DDEEF6","profile_text_color":"333333","profile_use_background_image":true,"profile_image_url":"http:\/\/pbs.twimg.com\/profile_images\/1197121868987166720\/6404Jt-B_normal.jpg","profile_image_url_https":"https:\/\/pbs.twimg.com\/profile_images\/1197121868987166720\/6404Jt-B_normal.jpg","profile_banner_url":"https:\/\/pbs.twimg.com\/profile_banners\/902506272209043456\/1567232999","default_profile":true,"default_profile_image":false,"following":null,"follow_request_sent":null,"notifications":null},"geo":null,"coordinates":null,"place":null,"contributors":null,"is_quote_status":false,"quote_count":0,"reply_count":0,"retweet_count":0,"favorite_count":0,"entities":{"hashtags":[],"urls":[],"user_mentions":[{"screen_name":"AppleH_1e","name":"\u306f\u308c\u3063\u3077\u308b^_^","id":1161184655149682688,"id_str":"1161184655149682688","indices":[0,10]}],"symbols":[]},"favorited":false,"retweeted":false,"filter_level":"low","lang":"ja","timestamp_ms":"1586538238665"}
