{"created_at":"Fri Apr 10 17:03:53 +0000 2020","id":1248657970055036930,"id_str":"1248657970055036930","text":"RT @cabeleiiraa225: *Site de streaming*\n\nEux : \"Coup de chance ! Vous avez remport\u00e9 un Iphone 11 pro\"\n\nMoi :","source":"\u003ca href=\"http:\/\/twitter.com\/download\/iphone\" rel=\"nofollow\"\u003eTwitter for iPhone\u003c\/a\u003e","truncated":false,"in_reply_to_status_id":null,"in_reply_to_status_id_str":null,"in_reply_to_user_id":null,"in_reply_to_user_id_str":null,"in_reply_to_screen_name":null,"user":{"id":1213206760904806400,"id_str":"1213206760904806400","name":"marevathebe","screen_name":"marevathebe1","location":"Bas-Rhin, Alsace","url":null,"description":null,"translator_type":"none","protected":false,"verified":false,"followers_count":8,"friends_count":10,"listed_count":0,"favourites_count":911,"statuses_count":106,"created_at":"Fri Jan 03 21:14:01 +0000 2020","utc_offset":null,"time_zone":null,"geo_enabled":false,"lang":null,"contributors_enabled":false,"is_translator":false,"profile_background_color":"F5F8FA","profile_background_image_url":"","profile_background_image_url_https":"","profile_background_tile":false,"profile_link_color":"1DA1F2","profile_sidebar_border_color":"C0DEED","profile_sidebar_fill_color":"DDEEF6","profile_text_color":"333333","profile_use_background_image":true,"profile_image_url":"http:\/\/pbs.twimg.com\/profile_images\/1239996494553534466\/mKHDJpnU_normal.jpg","profile_image_url_https":"https:\/\/pbs.twimg.com\/profile_images\/1239996494553534466\/mKHDJpnU_normal.jpg","profile_banner_url":"https:\/\/pbs.twimg.com\/profile_banners\/1213206760904806400\/1579541732","default_profile":true,"default_profile_image":false,"following":null,"follow_request_sent":null,"notifications":null},"geo":null,"coordinates":null,"place":null,"contributors":null,"retweeted_status":{"created_at":"Thu Apr 09 19:29:30 +0000 2020","id":1248332229215956992,"id_str":"1248332229215956992","text":"*Site de streaming*\n\nEux : \"Coup de chance ! Vous avez remport\u00e9 un Iphone 11 pro\"\n\nMoi :","source":"\u003ca href=\"http:\/\/twitter.com\/download\/iphone\" rel=\"nofollow\"\u003eTwitter for iPhone\u003c\/a\u003e","truncated":false,"in_reply_to_status_id":null,"in_reply_to_status_id_str":null,"in_reply_to_user_id":null,"in_reply_to_user_id_str":null,"in_reply_to_screen_name":null,"user":{"id":992313153219313664,"id_str":"992313153219313664","name":"cabeleiiraa","screen_name":"cabeleiiraa225","location":"Lille\/Paris","url":"https:\/\/curiouscat.me\/cabeleiiraa225","description":"#jamais2sans25 \ud83c\udff4\ud83c\udff4\u200d\u2620\ufe0f 1m96 \u0633\u064e\u0644\u064e\u0641\u0650\u064a","translator_type":"none","protected":false,"verified":false,"followers_count":2241,"friends_count":619,"listed_count":1,"favourites_count":21473,"statuses_count":25379,"created_at":"Fri May 04 08:01:06 +0000 2018","utc_offset":null,"time_zone":null,"geo_enabled":true,"lang":null,"contributors_enabled":false,"is_translator":false,"profile_background_color":"000000","profile_background_image_url":"http:\/\/abs.twimg.com\/images\/themes\/theme1\/bg.png","profile_background_image_url_https":"https:\/\/abs.twimg.com\/images\/themes\/theme1\/bg.png","profile_background_tile":false,"profile_link_color":"1B95E0","profile_sidebar_border_color":"000000","profile_sidebar_fill_color":"000000","profile_text_color":"000000","profile_use_background_image":false,"profile_image_url":"http:\/\/pbs.twimg.com\/profile_images\/1245805651881873410\/Vq2PgOPX_normal.jpg","profile_image_url_https":"https:\/\/pbs.twimg.com\/profile_images\/1245805651881873410\/Vq2PgOPX_normal.jpg","profile_banner_url":"https:\/\/pbs.twimg.com\/profile_banners\/992313153219313664\/1586297514","default_profile":false,"default_profile_image":false,"following":null,"follow_request_sent":null,"notifications":null},"geo":null,"coordinates":null,"place":null,"contributors":null,"quoted_status_id":1247978437756805121,"quoted_status_id_str":"1247978437756805121","quoted_status":{"created_at":"Wed Apr 08 20:03:40 +0000 2020","id":1247978437756805121,"id_str":"1247978437756805121","text":"bomboclaat https:\/\/t.co\/QU2Mx7UbxV","display_text_range":[0,10],"source":"\u003ca href=\"http:\/\/twitter.com\/download\/iphone\" rel=\"nofollow\"\u003eTwitter for iPhone\u003c\/a\u003e","truncated":false,"in_reply_to_status_id":null,"in_reply_to_status_id_str":null,"in_reply_to_user_id":null,"in_reply_to_user_id_str":null,"in_reply_to_screen_name":null,"user":{"id":1197622538500792321,"id_str":"1197622538500792321","name":"ines \ud83c\udde9\ud83c\uddff","screen_name":"inesssant","location":"parisalgerie ","url":null,"description":"xv2","translator_type":"none","protected":false,"verified":false,"followers_count":48,"friends_count":128,"listed_count":0,"favourites_count":255,"statuses_count":300,"created_at":"Thu Nov 21 21:07:29 +0000 2019","utc_offset":null,"time_zone":null,"geo_enabled":false,"lang":null,"contributors_enabled":false,"is_translator":false,"profile_background_color":"F5F8FA","profile_background_image_url":"","profile_background_image_url_https":"","profile_background_tile":false,"profile_link_color":"1DA1F2","profile_sidebar_border_color":"C0DEED","profile_sidebar_fill_color":"DDEEF6","profile_text_color":"333333","profile_use_background_image":true,"profile_image_url":"http:\/\/pbs.twimg.com\/profile_images\/1226639811064291329\/pnY92u0b_normal.jpg","profile_image_url_https":"https:\/\/pbs.twimg.com\/profile_images\/1226639811064291329\/pnY92u0b_normal.jpg","profile_banner_url":"https:\/\/pbs.twimg.com\/profile_banners\/1197622538500792321\/1576355611","default_profile":true,"default_profile_image":false,"following":null,"follow_request_sent":null,"notifications":null},"geo":null,"coordinates":null,"place":null,"contributors":null,"is_quote_status":false,"quote_count":2018,"reply_count":71,"retweet_count":640,"favorite_count":4802,"entities":{"hashtags":[],"urls":[],"user_mentions":[],"symbols":[],"media":[{"id":1247978412464951296,"id_str":"1247978412464951296","indices":[11,34],"additional_media_info":{"monetizable":false},"media_url":"http:\/\/pbs.twimg.com\/ext_tw_video_thumb\/1247978412464951296\/pu\/img\/YBABCv7H_BMRGLAi.jpg","media_url_https":"https:\/\/pbs.twimg.com\/ext_tw_video_thumb\/1247978412464951296\/pu\/img\/YBABCv7H_BMRGLAi.jpg","url":"https:\/\/t.co\/QU2Mx7UbxV","display_url":"pic.twitter.com\/QU2Mx7UbxV","expanded_url":"https:\/\/twitter.com\/inesjgd\/status\/1247978437756805121\/video\/1","type":"photo","sizes":{"thumb":{"w":150,"h":150,"resize":"crop"},"small":{"w":680,"h":377,"resize":"fit"},"large":{"w":750,"h":416,"resize":"fit"},"medium":{"w":750,"h":416,"resize":"fit"}}}]},"extended_entities":{"media":[{"id":1247978412464951296,"id_str":"1247978412464951296","indices":[11,34],"additional_media_info":{"monetizable":false},"media_url":"http:\/\/pbs.twimg.com\/ext_tw_video_thumb\/1247978412464951296\/pu\/img\/YBABCv7H_BMRGLAi.jpg","media_url_https":"https:\/\/pbs.twimg.com\/ext_tw_video_thumb\/1247978412464951296\/pu\/img\/YBABCv7H_BMRGLAi.jpg","url":"https:\/\/t.co\/QU2Mx7UbxV","display_url":"pic.twitter.com\/QU2Mx7UbxV","expanded_url":"https:\/\/twitter.com\/inesjgd\/status\/1247978437756805121\/video\/1","type":"video","video_info":{"aspect_ratio":[375,208],"duration_millis":8330,"variants":[{"content_type":"application\/x-mpegURL","url":"https:\/\/video.twimg.com\/ext_tw_video\/1247978412464951296\/pu\/pl\/lhU0VbjVd4n4fdgg.m3u8?tag=10"},{"bitrate":256000,"content_type":"video\/mp4","url":"https:\/\/video.twimg.com\/ext_tw_video\/1247978412464951296\/pu\/vid\/486x270\/iH_FWuh-8_50U5Rd.mp4?tag=10"},{"bitrate":832000,"content_type":"video\/mp4","url":"https:\/\/video.twimg.com\/ext_tw_video\/1247978412464951296\/pu\/vid\/750x416\/de-faiA1lqVBu1R4.mp4?tag=10"}]},"sizes":{"thumb":{"w":150,"h":150,"resize":"crop"},"small":{"w":680,"h":377,"resize":"fit"},"large":{"w":750,"h":416,"resize":"fit"},"medium":{"w":750,"h":416,"resize":"fit"}}}]},"favorited":false,"retweeted":false,"possibly_sensitive":false,"filter_level":"low","lang":"in"},"quoted_status_permalink":{"url":"https:\/\/t.co\/IYhVdfpIDS","expanded":"https:\/\/twitter.com\/inesssant\/status\/1247978437756805121","display":"twitter.com\/inesssant\/stat\u2026"},"is_quote_status":true,"quote_count":0,"reply_count":3,"retweet_count":146,"favorite_count":377,"entities":{"hashtags":[],"urls":[],"user_mentions":[],"symbols":[]},"favorited":false,"retweeted":false,"filter_level":"low","lang":"fr"},"quoted_status_id":1247978437756805121,"quoted_status_id_str":"1247978437756805121","quoted_status":{"created_at":"Wed Apr 08 20:03:40 +0000 2020","id":1247978437756805121,"id_str":"1247978437756805121","text":"bomboclaat https:\/\/t.co\/QU2Mx7UbxV","display_text_range":[0,10],"source":"\u003ca href=\"http:\/\/twitter.com\/download\/iphone\" rel=\"nofollow\"\u003eTwitter for iPhone\u003c\/a\u003e","truncated":false,"in_reply_to_status_id":null,"in_reply_to_status_id_str":null,"in_reply_to_user_id":null,"in_reply_to_user_id_str":null,"in_reply_to_screen_name":null,"user":{"id":1197622538500792321,"id_str":"1197622538500792321","name":"ines \ud83c\udde9\ud83c\uddff","screen_name":"inesssant","location":"parisalgerie ","url":null,"description":"xv2","translator_type":"none","protected":false,"verified":false,"followers_count":48,"friends_count":128,"listed_count":0,"favourites_count":255,"statuses_count":300,"created_at":"Thu Nov 21 21:07:29 +0000 2019","utc_offset":null,"time_zone":null,"geo_enabled":false,"lang":null,"contributors_enabled":false,"is_translator":false,"profile_background_color":"F5F8FA","profile_background_image_url":"","profile_background_image_url_https":"","profile_background_tile":false,"profile_link_color":"1DA1F2","profile_sidebar_border_color":"C0DEED","profile_sidebar_fill_color":"DDEEF6","profile_text_color":"333333","profile_use_background_image":true,"profile_image_url":"http:\/\/pbs.twimg.com\/profile_images\/1226639811064291329\/pnY92u0b_normal.jpg","profile_image_url_https":"https:\/\/pbs.twimg.com\/profile_images\/1226639811064291329\/pnY92u0b_normal.jpg","profile_banner_url":"https:\/\/pbs.twimg.com\/profile_banners\/1197622538500792321\/1576355611","default_profile":true,"default_profile_image":false,"following":null,"follow_request_sent":null,"notifications":null},"geo":null,"coordinates":null,"place":null,"contributors":null,"is_quote_status":false,"quote_count":2018,"reply_count":71,"retweet_count":640,"favorite_count":4802,"entities":{"hashtags":[],"urls":[],"user_mentions":[],"symbols":[],"media":[{"id":1247978412464951296,"id_str":"1247978412464951296","indices":[11,34],"additional_media_info":{"monetizable":false},"media_url":"http:\/\/pbs.twimg.com\/ext_tw_video_thumb\/1247978412464951296\/pu\/img\/YBABCv7H_BMRGLAi.jpg","media_url_https":"https:\/\/pbs.twimg.com\/ext_tw_video_thumb\/1247978412464951296\/pu\/img\/YBABCv7H_BMRGLAi.jpg","url":"https:\/\/t.co\/QU2Mx7UbxV","display_url":"pic.twitter.com\/QU2Mx7UbxV","expanded_url":"https:\/\/twitter.com\/inesjgd\/status\/1247978437756805121\/video\/1","type":"photo","sizes":{"thumb":{"w":150,"h":150,"resize":"crop"},"small":{"w":680,"h":377,"resize":"fit"},"large":{"w":750,"h":416,"resize":"fit"},"medium":{"w":750,"h":416,"resize":"fit"}}}]},"extended_entities":{"media":[{"id":1247978412464951296,"id_str":"1247978412464951296","indices":[11,34],"additional_media_info":{"monetizable":false},"media_url":"http:\/\/pbs.twimg.com\/ext_tw_video_thumb\/1247978412464951296\/pu\/img\/YBABCv7H_BMRGLAi.jpg","media_url_https":"https:\/\/pbs.twimg.com\/ext_tw_video_thumb\/1247978412464951296\/pu\/img\/YBABCv7H_BMRGLAi.jpg","url":"https:\/\/t.co\/QU2Mx7UbxV","display_url":"pic.twitter.com\/QU2Mx7UbxV","expanded_url":"https:\/\/twitter.com\/inesjgd\/status\/1247978437756805121\/video\/1","type":"video","video_info":{"aspect_ratio":[375,208],"duration_millis":8330,"variants":[{"content_type":"application\/x-mpegURL","url":"https:\/\/video.twimg.com\/ext_tw_video\/1247978412464951296\/pu\/pl\/lhU0VbjVd4n4fdgg.m3u8?tag=10"},{"bitrate":256000,"content_type":"video\/mp4","url":"https:\/\/video.twimg.com\/ext_tw_video\/1247978412464951296\/pu\/vid\/486x270\/iH_FWuh-8_50U5Rd.mp4?tag=10"},{"bitrate":832000,"content_type":"video\/mp4","url":"https:\/\/video.twimg.com\/ext_tw_video\/1247978412464951296\/pu\/vid\/750x416\/de-faiA1lqVBu1R4.mp4?tag=10"}]},"sizes":{"thumb":{"w":150,"h":150,"resize":"crop"},"small":{"w":680,"h":377,"resize":"fit"},"large":{"w":750,"h":416,"resize":"fit"},"medium":{"w":750,"h":416,"resize":"fit"}}}]},"favorited":false,"retweeted":false,"possibly_sensitive":false,"filter_level":"low","lang":"in"},"quoted_status_permalink":{"url":"https:\/\/t.co\/IYhVdfpIDS","expanded":"https:\/\/twitter.com\/inesssant\/status\/1247978437756805121","display":"twitter.com\/inesssant\/stat\u2026"},"is_quote_status":true,"quote_count":0,"reply_count":0,"retweet_count":0,"favorite_count":0,"entities":{"hashtags":[],"urls":[],"user_mentions":[{"screen_name":"cabeleiiraa225","name":"cabeleiiraa","id":992313153219313664,"id_str":"992313153219313664","indices":[3,18]}],"symbols":[]},"favorited":false,"retweeted":false,"filter_level":"low","lang":"fr","timestamp_ms":"1586538233661"}
