{"created_at":"Fri Apr 10 17:03:54 +0000 2020","id":1248657974253551616,"id_str":"1248657974253551616","text":"@hkmbou2 Envoi ton adresse","display_text_range":[9,26],"source":"\u003ca href=\"http:\/\/twitter.com\/download\/iphone\" rel=\"nofollow\"\u003eTwitter for iPhone\u003c\/a\u003e","truncated":false,"in_reply_to_status_id":1248657786784878592,"in_reply_to_status_id_str":"1248657786784878592","in_reply_to_user_id":1047614863734923265,"in_reply_to_user_id_str":"1047614863734923265","in_reply_to_screen_name":"hkmbou2","user":{"id":1221932352190009346,"id_str":"1221932352190009346","name":"Haze","screen_name":"RnvHaze","location":null,"url":null,"description":"La bagaaaaaaaaaaaaaaaaaaaaaarre","translator_type":"none","protected":false,"verified":false,"followers_count":326,"friends_count":428,"listed_count":0,"favourites_count":1847,"statuses_count":475,"created_at":"Mon Jan 27 23:08:37 +0000 2020","utc_offset":null,"time_zone":null,"geo_enabled":false,"lang":null,"contributors_enabled":false,"is_translator":false,"profile_background_color":"F5F8FA","profile_background_image_url":"","profile_background_image_url_https":"","profile_background_tile":false,"profile_link_color":"1DA1F2","profile_sidebar_border_color":"C0DEED","profile_sidebar_fill_color":"DDEEF6","profile_text_color":"333333","profile_use_background_image":true,"profile_image_url":"http:\/\/pbs.twimg.com\/profile_images\/1247134929340817411\/claE33Hu_normal.jpg","profile_image_url_https":"https:\/\/pbs.twimg.com\/profile_images\/1247134929340817411\/claE33Hu_normal.jpg","profile_banner_url":"https:\/\/pbs.twimg.com\/profile_banners\/1221932352190009346\/1585166891","default_profile":true,"default_profile_image":false,"following":null,"follow_request_sent":null,"notifications":null},"geo":null,"coordinates":null,"place":null,"contributors":null,"is_quote_status":false,"quote_count":0,"reply_count":0,"retweet_count":0,"favorite_count":0,"entities":{"hashtags":[],"urls":[],"user_mentions":[{"screen_name":"hkmbou2","name":"Bubu","id":1047614863734923265,"id_str":"1047614863734923265","indices":[0,8]}],"symbols":[]},"favorited":false,"retweeted":false,"filter_level":"low","lang":"fr","timestamp_ms":"1586538234662"}
