{"created_at":"Fri Apr 10 17:03:56 +0000 2020","id":1248657982654570496,"id_str":"1248657982654570496","text":"RT @kohchajj: \u0e41\u0e08\u0e2e\u0e22\u0e2d\u0e19\u0e27\u0e34\u0e48\u0e07\u0e15\u0e32\u0e21\u0e23\u0e16\u0e44\u0e2d\u0e15\u0e34\u0e21 https:\/\/t.co\/S7U1g2mSsr","source":"\u003ca href=\"http:\/\/twitter.com\/download\/android\" rel=\"nofollow\"\u003eTwitter for Android\u003c\/a\u003e","truncated":false,"in_reply_to_status_id":null,"in_reply_to_status_id_str":null,"in_reply_to_user_id":null,"in_reply_to_user_id_str":null,"in_reply_to_screen_name":null,"user":{"id":468393744,"id_str":"468393744","name":"\u0e01\u0e2d\u0e40\u0e2d\u0e4b\u0e22\u0e01\u0e2d\u0e01\u0e34\u0e4a\u0e1a \u2661","screen_name":"GIFTTHANAYUTPIT","location":null,"url":null,"description":"\u20221997\u2022                                                                             \n                    RN 97\ud83c\udf88 | PT 107\ud83c\udf92 | SU 73\/ML 13 \ud83c\udf93\ud83d\udcda\ud83d\udd29","translator_type":"none","protected":false,"verified":false,"followers_count":75,"friends_count":36,"listed_count":1,"favourites_count":1737,"statuses_count":70511,"created_at":"Thu Jan 19 13:59:39 +0000 2012","utc_offset":null,"time_zone":null,"geo_enabled":true,"lang":null,"contributors_enabled":false,"is_translator":false,"profile_background_color":"C0DEED","profile_background_image_url":"http:\/\/abs.twimg.com\/images\/themes\/theme1\/bg.png","profile_background_image_url_https":"https:\/\/abs.twimg.com\/images\/themes\/theme1\/bg.png","profile_background_tile":false,"profile_link_color":"1DA1F2","profile_sidebar_border_color":"C0DEED","profile_sidebar_fill_color":"DDEEF6","profile_text_color":"333333","profile_use_background_image":true,"profile_image_url":"http:\/\/pbs.twimg.com\/profile_images\/1204964543568330752\/TxKYsRBl_normal.jpg","profile_image_url_https":"https:\/\/pbs.twimg.com\/profile_images\/1204964543568330752\/TxKYsRBl_normal.jpg","profile_banner_url":"https:\/\/pbs.twimg.com\/profile_banners\/468393744\/1569996886","default_profile":true,"default_profile_image":false,"following":null,"follow_request_sent":null,"notifications":null},"geo":null,"coordinates":null,"place":null,"contributors":null,"retweeted_status":{"created_at":"Fri Apr 10 09:02:27 +0000 2020","id":1248536811829264385,"id_str":"1248536811829264385","text":"\u0e41\u0e08\u0e2e\u0e22\u0e2d\u0e19\u0e27\u0e34\u0e48\u0e07\u0e15\u0e32\u0e21\u0e23\u0e16\u0e44\u0e2d\u0e15\u0e34\u0e21 https:\/\/t.co\/S7U1g2mSsr","source":"\u003ca href=\"http:\/\/twitter.com\/download\/iphone\" rel=\"nofollow\"\u003eTwitter for iPhone\u003c\/a\u003e","truncated":false,"in_reply_to_status_id":null,"in_reply_to_status_id_str":null,"in_reply_to_user_id":null,"in_reply_to_user_id_str":null,"in_reply_to_screen_name":null,"user":{"id":846232498250006528,"id_str":"846232498250006528","name":"\ud835\udc45\ud835\udc52\ud835\udc5a\ud835\udc52\ud835\udc5a\ud835\udc4f\ud835\udc52\ud835\udc5f","screen_name":"kohchajj","location":"Chicago, IL","url":"https:\/\/ask.fm\/chubbyjnjh","description":"\u0e09\u0e31\u0e19\u0e1c\u0e39\u0e49\u0e40\u0e2a\u0e1e\u0e07\u0e32\u0e19\u0e2d\u0e32\u0e23\u0e4c\u0e15\u0e41\u0e25\u0e30Johnny Suh (Johnny's fan (acc)count) #vitaljj","translator_type":"none","protected":false,"verified":false,"followers_count":3120,"friends_count":228,"listed_count":3,"favourites_count":5221,"statuses_count":61769,"created_at":"Mon Mar 27 05:28:44 +0000 2017","utc_offset":null,"time_zone":null,"geo_enabled":false,"lang":null,"contributors_enabled":false,"is_translator":false,"profile_background_color":"000000","profile_background_image_url":"http:\/\/abs.twimg.com\/images\/themes\/theme1\/bg.png","profile_background_image_url_https":"https:\/\/abs.twimg.com\/images\/themes\/theme1\/bg.png","profile_background_tile":false,"profile_link_color":"4C787E","profile_sidebar_border_color":"000000","profile_sidebar_fill_color":"000000","profile_text_color":"000000","profile_use_background_image":false,"profile_image_url":"http:\/\/pbs.twimg.com\/profile_images\/1247468037302652928\/O5VsXV4I_normal.jpg","profile_image_url_https":"https:\/\/pbs.twimg.com\/profile_images\/1247468037302652928\/O5VsXV4I_normal.jpg","profile_banner_url":"https:\/\/pbs.twimg.com\/profile_banners\/846232498250006528\/1583670328","default_profile":false,"default_profile_image":false,"following":null,"follow_request_sent":null,"notifications":null},"geo":null,"coordinates":null,"place":null,"contributors":null,"is_quote_status":false,"quote_count":0,"reply_count":1,"retweet_count":84,"favorite_count":17,"entities":{"hashtags":[],"urls":[],"user_mentions":[],"symbols":[],"media":[{"id":1245655202276864002,"id_str":"1245655202276864002","indices":[21,44],"additional_media_info":{"monetizable":false},"media_url":"http:\/\/pbs.twimg.com\/ext_tw_video_thumb\/1245655202276864002\/pu\/img\/niTkuWq4fJd4CSXF.jpg","media_url_https":"https:\/\/pbs.twimg.com\/ext_tw_video_thumb\/1245655202276864002\/pu\/img\/niTkuWq4fJd4CSXF.jpg","url":"https:\/\/t.co\/S7U1g2mSsr","display_url":"pic.twitter.com\/S7U1g2mSsr","expanded_url":"https:\/\/twitter.com\/415archive\/status\/1245655279141699585\/video\/1","type":"photo","sizes":{"thumb":{"w":150,"h":150,"resize":"crop"},"small":{"w":680,"h":680,"resize":"fit"},"medium":{"w":720,"h":720,"resize":"fit"},"large":{"w":720,"h":720,"resize":"fit"}},"source_status_id":1245655279141699585,"source_status_id_str":"1245655279141699585","source_user_id":1245562086471561216,"source_user_id_str":"1245562086471561216"}]},"extended_entities":{"media":[{"id":1245655202276864002,"id_str":"1245655202276864002","indices":[21,44],"additional_media_info":{"monetizable":false},"media_url":"http:\/\/pbs.twimg.com\/ext_tw_video_thumb\/1245655202276864002\/pu\/img\/niTkuWq4fJd4CSXF.jpg","media_url_https":"https:\/\/pbs.twimg.com\/ext_tw_video_thumb\/1245655202276864002\/pu\/img\/niTkuWq4fJd4CSXF.jpg","url":"https:\/\/t.co\/S7U1g2mSsr","display_url":"pic.twitter.com\/S7U1g2mSsr","expanded_url":"https:\/\/twitter.com\/415archive\/status\/1245655279141699585\/video\/1","type":"video","video_info":{"aspect_ratio":[1,1],"duration_millis":9400,"variants":[{"content_type":"application\/x-mpegURL","url":"https:\/\/video.twimg.com\/ext_tw_video\/1245655202276864002\/pu\/pl\/IX8bfELSCshfey4W.m3u8?tag=10"},{"bitrate":832000,"content_type":"video\/mp4","url":"https:\/\/video.twimg.com\/ext_tw_video\/1245655202276864002\/pu\/vid\/480x480\/t2YtkORjZo3L1Uh1.mp4?tag=10"},{"bitrate":432000,"content_type":"video\/mp4","url":"https:\/\/video.twimg.com\/ext_tw_video\/1245655202276864002\/pu\/vid\/320x320\/pLcrVACK0EGU2qjO.mp4?tag=10"},{"bitrate":1280000,"content_type":"video\/mp4","url":"https:\/\/video.twimg.com\/ext_tw_video\/1245655202276864002\/pu\/vid\/720x720\/e0V864aKCjGuq-WM.mp4?tag=10"}]},"sizes":{"thumb":{"w":150,"h":150,"resize":"crop"},"small":{"w":680,"h":680,"resize":"fit"},"medium":{"w":720,"h":720,"resize":"fit"},"large":{"w":720,"h":720,"resize":"fit"}},"source_status_id":1245655279141699585,"source_status_id_str":"1245655279141699585","source_user_id":1245562086471561216,"source_user_id_str":"1245562086471561216"}]},"favorited":false,"retweeted":false,"possibly_sensitive":false,"filter_level":"low","lang":"th"},"is_quote_status":false,"quote_count":0,"reply_count":0,"retweet_count":0,"favorite_count":0,"entities":{"hashtags":[],"urls":[],"user_mentions":[{"screen_name":"kohchajj","name":"\ud835\udc45\ud835\udc52\ud835\udc5a\ud835\udc52\ud835\udc5a\ud835\udc4f\ud835\udc52\ud835\udc5f","id":846232498250006528,"id_str":"846232498250006528","indices":[3,12]}],"symbols":[],"media":[{"id":1245655202276864002,"id_str":"1245655202276864002","indices":[35,58],"additional_media_info":{"monetizable":false},"media_url":"http:\/\/pbs.twimg.com\/ext_tw_video_thumb\/1245655202276864002\/pu\/img\/niTkuWq4fJd4CSXF.jpg","media_url_https":"https:\/\/pbs.twimg.com\/ext_tw_video_thumb\/1245655202276864002\/pu\/img\/niTkuWq4fJd4CSXF.jpg","url":"https:\/\/t.co\/S7U1g2mSsr","display_url":"pic.twitter.com\/S7U1g2mSsr","expanded_url":"https:\/\/twitter.com\/415archive\/status\/1245655279141699585\/video\/1","type":"photo","sizes":{"thumb":{"w":150,"h":150,"resize":"crop"},"small":{"w":680,"h":680,"resize":"fit"},"medium":{"w":720,"h":720,"resize":"fit"},"large":{"w":720,"h":720,"resize":"fit"}},"source_status_id":1245655279141699585,"source_status_id_str":"1245655279141699585","source_user_id":1245562086471561216,"source_user_id_str":"1245562086471561216"}]},"extended_entities":{"media":[{"id":1245655202276864002,"id_str":"1245655202276864002","indices":[35,58],"additional_media_info":{"monetizable":false},"media_url":"http:\/\/pbs.twimg.com\/ext_tw_video_thumb\/1245655202276864002\/pu\/img\/niTkuWq4fJd4CSXF.jpg","media_url_https":"https:\/\/pbs.twimg.com\/ext_tw_video_thumb\/1245655202276864002\/pu\/img\/niTkuWq4fJd4CSXF.jpg","url":"https:\/\/t.co\/S7U1g2mSsr","display_url":"pic.twitter.com\/S7U1g2mSsr","expanded_url":"https:\/\/twitter.com\/415archive\/status\/1245655279141699585\/video\/1","type":"video","video_info":{"aspect_ratio":[1,1],"duration_millis":9400,"variants":[{"content_type":"application\/x-mpegURL","url":"https:\/\/video.twimg.com\/ext_tw_video\/1245655202276864002\/pu\/pl\/IX8bfELSCshfey4W.m3u8?tag=10"},{"bitrate":832000,"content_type":"video\/mp4","url":"https:\/\/video.twimg.com\/ext_tw_video\/1245655202276864002\/pu\/vid\/480x480\/t2YtkORjZo3L1Uh1.mp4?tag=10"},{"bitrate":432000,"content_type":"video\/mp4","url":"https:\/\/video.twimg.com\/ext_tw_video\/1245655202276864002\/pu\/vid\/320x320\/pLcrVACK0EGU2qjO.mp4?tag=10"},{"bitrate":1280000,"content_type":"video\/mp4","url":"https:\/\/video.twimg.com\/ext_tw_video\/1245655202276864002\/pu\/vid\/720x720\/e0V864aKCjGuq-WM.mp4?tag=10"}]},"sizes":{"thumb":{"w":150,"h":150,"resize":"crop"},"small":{"w":680,"h":680,"resize":"fit"},"medium":{"w":720,"h":720,"resize":"fit"},"large":{"w":720,"h":720,"resize":"fit"}},"source_status_id":1245655279141699585,"source_status_id_str":"1245655279141699585","source_user_id":1245562086471561216,"source_user_id_str":"1245562086471561216"}]},"favorited":false,"retweeted":false,"possibly_sensitive":false,"filter_level":"low","lang":"th","timestamp_ms":"1586538236665"}
