{"created_at":"Fri Apr 10 17:03:49 +0000 2020","id":1248657953273479168,"id_str":"1248657953273479168","text":"@Fechtmeyer Good questions. Making the super rich relatively more wealthy than everyone else is at the bottom of the system.","display_text_range":[12,124],"source":"\u003ca href=\"http:\/\/twitter.com\/download\/iphone\" rel=\"nofollow\"\u003eTwitter for iPhone\u003c\/a\u003e","truncated":false,"in_reply_to_status_id":1248657518496059393,"in_reply_to_status_id_str":"1248657518496059393","in_reply_to_user_id":18606670,"in_reply_to_user_id_str":"18606670","in_reply_to_screen_name":"Fechtmeyer","user":{"id":19458818,"id_str":"19458818","name":"TakingHayekSeriously\ud83e\udde8","screen_name":"FriedrichHayek","location":null,"url":"http:\/\/www.hayekcenter.org\/friedrichhayek\/hayekmyth.htm","description":"\u201cWhat is often most crucial in science is a proper formulation of the problem.\u201d \u2014 Friedrich Hayek. I tweet on football and brain damage at @gregransom","translator_type":"none","protected":false,"verified":false,"followers_count":20436,"friends_count":6480,"listed_count":935,"favourites_count":62407,"statuses_count":331141,"created_at":"Sat Jan 24 19:14:40 +0000 2009","utc_offset":null,"time_zone":null,"geo_enabled":true,"lang":null,"contributors_enabled":false,"is_translator":false,"profile_background_color":"C6E2EE","profile_background_image_url":"http:\/\/abs.twimg.com\/images\/themes\/theme2\/bg.gif","profile_background_image_url_https":"https:\/\/abs.twimg.com\/images\/themes\/theme2\/bg.gif","profile_background_tile":false,"profile_link_color":"1F98C7","profile_sidebar_border_color":"C6E2EE","profile_sidebar_fill_color":"DAECF4","profile_text_color":"663B12","profile_use_background_image":true,"profile_image_url":"http:\/\/pbs.twimg.com\/profile_images\/1226570457115049987\/Qco3d3XL_normal.jpg","profile_image_url_https":"https:\/\/pbs.twimg.com\/profile_images\/1226570457115049987\/Qco3d3XL_normal.jpg","profile_banner_url":"https:\/\/pbs.twimg.com\/profile_banners\/19458818\/1553053218","default_profile":false,"default_profile_image":false,"following":null,"follow_request_sent":null,"notifications":null},"geo":null,"coordinates":null,"place":null,"contributors":null,"is_quote_status":false,"quote_count":0,"reply_count":0,"retweet_count":0,"favorite_count":0,"entities":{"hashtags":[],"urls":[],"user_mentions":[{"screen_name":"Fechtmeyer","name":"Kurtis Fechtmeyer","id":18606670,"id_str":"18606670","indices":[0,11]}],"symbols":[]},"favorited":false,"retweeted":false,"filter_level":"low","lang":"en","timestamp_ms":"1586538229660"}
