{"created_at":"Fri Apr 10 17:03:48 +0000 2020","id":1248657949070893063,"id_str":"1248657949070893063","text":"@BigMan_Xander I don\u2019t even know.","display_text_range":[15,33],"source":"\u003ca href=\"http:\/\/twitter.com\/download\/iphone\" rel=\"nofollow\"\u003eTwitter for iPhone\u003c\/a\u003e","truncated":false,"in_reply_to_status_id":1248657754396528641,"in_reply_to_status_id_str":"1248657754396528641","in_reply_to_user_id":932159095423033344,"in_reply_to_user_id_str":"932159095423033344","in_reply_to_screen_name":"BigMan_Xander","user":{"id":1243946079038713859,"id_str":"1243946079038713859","name":"Kukoyi Oluwaseun","screen_name":"MrKukoyi","location":"Lagos, Nigeria","url":null,"description":"A dexteric bundle of ambivalence. I write lies truthfully. So my truths lie in my lies.\u2764\ufe0f","translator_type":"none","protected":false,"verified":false,"followers_count":364,"friends_count":500,"listed_count":0,"favourites_count":401,"statuses_count":351,"created_at":"Sat Mar 28 17:00:43 +0000 2020","utc_offset":null,"time_zone":null,"geo_enabled":true,"lang":null,"contributors_enabled":false,"is_translator":false,"profile_background_color":"F5F8FA","profile_background_image_url":"","profile_background_image_url_https":"","profile_background_tile":false,"profile_link_color":"1DA1F2","profile_sidebar_border_color":"C0DEED","profile_sidebar_fill_color":"DDEEF6","profile_text_color":"333333","profile_use_background_image":true,"profile_image_url":"http:\/\/pbs.twimg.com\/profile_images\/1243946882126303232\/fdLQbMlm_normal.jpg","profile_image_url_https":"https:\/\/pbs.twimg.com\/profile_images\/1243946882126303232\/fdLQbMlm_normal.jpg","profile_banner_url":"https:\/\/pbs.twimg.com\/profile_banners\/1243946079038713859\/1585720663","default_profile":true,"default_profile_image":false,"following":null,"follow_request_sent":null,"notifications":null},"geo":null,"coordinates":null,"place":null,"contributors":null,"is_quote_status":false,"quote_count":0,"reply_count":0,"retweet_count":0,"favorite_count":0,"entities":{"hashtags":[],"urls":[],"user_mentions":[{"screen_name":"BigMan_Xander","name":"Xander world\u2764","id":932159095423033344,"id_str":"932159095423033344","indices":[0,14]}],"symbols":[]},"favorited":false,"retweeted":false,"filter_level":"low","lang":"en","timestamp_ms":"1586538228658"}
