{"created_at":"Fri Apr 10 17:03:48 +0000 2020","id":1248657949075083267,"id_str":"1248657949075083267","text":"snort snort, pass.","source":"\u003ca href=\"http:\/\/twitter.com\/download\/iphone\" rel=\"nofollow\"\u003eTwitter for iPhone\u003c\/a\u003e","truncated":false,"in_reply_to_status_id":null,"in_reply_to_status_id_str":null,"in_reply_to_user_id":null,"in_reply_to_user_id_str":null,"in_reply_to_screen_name":null,"user":{"id":1248055059813982208,"id_str":"1248055059813982208","name":"\ud835\udda1\ud835\uddae\ud835\udda1\ud835\udda1\ud835\udda8 \ud835\uddac\ud835\uddae\ud835\uddb1\ud835\uddb2\ud835\udda4.","screen_name":"amockingsbird","location":"In this story I am no princess. I am no damsel in distress. I do not need to be saved. you see, I am the wolf. It is I who wears the armor. \u2501\u2501\u2505\u2509\u2508 \u2730","url":null,"description":"\u2800 \u2800 \u2800 \u2800 \u2800 \u2800 \u2800 \u2800 \u2800 \u2800 \u2800 \u2800 \u2800 \u2800 \u2800 \u2800 \u2800 \u2800 \u2800 \u2800 \u2800 \u2800 \u2800 \u2800 \u2800 \u2800 \u2800 \u2800 \u2800\u2800 \ud835\udc7a\ud835\udc74\ud835\udc76\ud835\udc76\ud835\udc7b\ud835\udc6f\ud835\udc6c\ud835\udc79 \ud835\udc7b\ud835\udc6f\ud835\udc68\ud835\udc75 \ud835\udc68 \ud835\udc7a\ud835\udc7b\ud835\udc76\ud835\udc79\ud835\udc74.","translator_type":"none","protected":false,"verified":false,"followers_count":61,"friends_count":59,"listed_count":0,"favourites_count":19,"statuses_count":34,"created_at":"Thu Apr 09 01:08:15 +0000 2020","utc_offset":null,"time_zone":null,"geo_enabled":false,"lang":null,"contributors_enabled":false,"is_translator":false,"profile_background_color":"F5F8FA","profile_background_image_url":"","profile_background_image_url_https":"","profile_background_tile":false,"profile_link_color":"1DA1F2","profile_sidebar_border_color":"C0DEED","profile_sidebar_fill_color":"DDEEF6","profile_text_color":"333333","profile_use_background_image":true,"profile_image_url":"http:\/\/pbs.twimg.com\/profile_images\/1248076747716911106\/QJT46v2J_normal.jpg","profile_image_url_https":"https:\/\/pbs.twimg.com\/profile_images\/1248076747716911106\/QJT46v2J_normal.jpg","profile_banner_url":"https:\/\/pbs.twimg.com\/profile_banners\/1248055059813982208\/1586399576","default_profile":true,"default_profile_image":false,"following":null,"follow_request_sent":null,"notifications":null},"geo":null,"coordinates":null,"place":null,"contributors":null,"quoted_status_id":1248656171109699586,"quoted_status_id_str":"1248656171109699586","quoted_status":{"created_at":"Fri Apr 10 16:56:44 +0000 2020","id":1248656171109699586,"id_str":"1248656171109699586","text":"damn, share sis.","source":"\u003ca href=\"http:\/\/twitter.com\/download\/iphone\" rel=\"nofollow\"\u003eTwitter for iPhone\u003c\/a\u003e","truncated":false,"in_reply_to_status_id":null,"in_reply_to_status_id_str":null,"in_reply_to_user_id":null,"in_reply_to_user_id_str":null,"in_reply_to_screen_name":null,"user":{"id":1211923093880311808,"id_str":"1211923093880311808","name":"\u2018 \ud835\udc6b\ud835\udc68\ud835\udc70\ud835\udc7a\ud835\udc80.","screen_name":"tremoribus","location":"\u22b1 \u273f... \ud835\udc80ou are a hurricane of a girl; remember to breathe every once in a while, do not drown within your own storm.","url":null,"description":"\u2800 \u2800\u2800 \u2800 \u2800 \u2800\u2800 \u2800\u2800 \u2800 \u2800 \u2800\u2800 \u2800 \u2800 \u2800\u2800 \u2800\u2800 \u2800 \u2800\u2800 \u2800\u2800 \u2800\u2800 \u2800\u2800 \u2800\u2800 \u2800 \u2800 \u2800\u2800 \u2800\u2800\u2800 \u2800\ud835\udc70 \ud835\udc84\ud835\udc82\ud835\udc8f\u2019\ud835\udc95 \ud835\udc89\ud835\udc86\ud835\udc8d\ud835\udc91 \ud835\udc8a\ud835\udc95, \u2800\u2800 \u2800\u2800 \u2800 \u2800 \u2800\u2800 \u2800 \u2800\u2800 \u2800 \u2800 \u2800\u2800\u2800 \u2800\u2800 \u2800@ComplexElectrum.","translator_type":"none","protected":false,"verified":false,"followers_count":597,"friends_count":542,"listed_count":1,"favourites_count":70,"statuses_count":813,"created_at":"Tue Dec 31 08:12:43 +0000 2019","utc_offset":null,"time_zone":null,"geo_enabled":false,"lang":null,"contributors_enabled":false,"is_translator":false,"profile_background_color":"F5F8FA","profile_background_image_url":"","profile_background_image_url_https":"","profile_background_tile":false,"profile_link_color":"1DA1F2","profile_sidebar_border_color":"C0DEED","profile_sidebar_fill_color":"DDEEF6","profile_text_color":"333333","profile_use_background_image":true,"profile_image_url":"http:\/\/pbs.twimg.com\/profile_images\/1247590671487287301\/P3TfFgxT_normal.jpg","profile_image_url_https":"https:\/\/pbs.twimg.com\/profile_images\/1247590671487287301\/P3TfFgxT_normal.jpg","profile_banner_url":"https:\/\/pbs.twimg.com\/profile_banners\/1211923093880311808\/1586283771","default_profile":true,"default_profile_image":false,"following":null,"follow_request_sent":null,"notifications":null},"geo":null,"coordinates":null,"place":null,"contributors":null,"quoted_status_id":1248649713550852096,"quoted_status_id_str":"1248649713550852096","is_quote_status":true,"quote_count":0,"reply_count":0,"retweet_count":0,"favorite_count":0,"entities":{"hashtags":[],"urls":[],"user_mentions":[],"symbols":[]},"favorited":false,"retweeted":false,"filter_level":"low","lang":"en"},"quoted_status_permalink":{"url":"https:\/\/t.co\/WQsloEvklb","expanded":"https:\/\/twitter.com\/tremoribus\/status\/1248656171109699586","display":"twitter.com\/tremoribus\/sta\u2026"},"is_quote_status":true,"quote_count":0,"reply_count":0,"retweet_count":0,"favorite_count":0,"entities":{"hashtags":[],"urls":[],"user_mentions":[],"symbols":[]},"favorited":false,"retweeted":false,"filter_level":"low","lang":"sv","timestamp_ms":"1586538228659"}
