{"created_at":"Fri Apr 10 17:03:53 +0000 2020","id":1248657970042490880,"id_str":"1248657970042490880","text":"RT @X22Report: Members of the Coronavirus Task Force Hold a Press Briefing https:\/\/t.co\/EsO7HAFVv1 via @YouTube","source":"\u003ca href=\"http:\/\/twitter.com\/download\/android\" rel=\"nofollow\"\u003eTwitter for Android\u003c\/a\u003e","truncated":false,"in_reply_to_status_id":null,"in_reply_to_status_id_str":null,"in_reply_to_user_id":null,"in_reply_to_user_id_str":null,"in_reply_to_screen_name":null,"user":{"id":806665567130238976,"id_str":"806665567130238976","name":"Mary Rodgers","screen_name":"MaryRod94786770","location":null,"url":null,"description":"I'm here to help re-elect President Trump....No dm's","translator_type":"none","protected":false,"verified":false,"followers_count":1757,"friends_count":2665,"listed_count":0,"favourites_count":120599,"statuses_count":23765,"created_at":"Thu Dec 08 01:03:53 +0000 2016","utc_offset":null,"time_zone":null,"geo_enabled":false,"lang":null,"contributors_enabled":false,"is_translator":false,"profile_background_color":"F5F8FA","profile_background_image_url":"","profile_background_image_url_https":"","profile_background_tile":false,"profile_link_color":"1DA1F2","profile_sidebar_border_color":"C0DEED","profile_sidebar_fill_color":"DDEEF6","profile_text_color":"333333","profile_use_background_image":true,"profile_image_url":"http:\/\/pbs.twimg.com\/profile_images\/1203049701773209600\/-MCgZ_T4_normal.jpg","profile_image_url_https":"https:\/\/pbs.twimg.com\/profile_images\/1203049701773209600\/-MCgZ_T4_normal.jpg","profile_banner_url":"https:\/\/pbs.twimg.com\/profile_banners\/806665567130238976\/1585514124","default_profile":true,"default_profile_image":false,"following":null,"follow_request_sent":null,"notifications":null},"geo":null,"coordinates":null,"place":null,"contributors":null,"retweeted_status":{"created_at":"Fri Apr 10 16:57:29 +0000 2020","id":1248656357366149121,"id_str":"1248656357366149121","text":"Members of the Coronavirus Task Force Hold a Press Briefing https:\/\/t.co\/EsO7HAFVv1 via @YouTube","source":"\u003ca href=\"http:\/\/twitter.com\" rel=\"nofollow\"\u003eTwitter Web Client\u003c\/a\u003e","truncated":false,"in_reply_to_status_id":null,"in_reply_to_status_id_str":null,"in_reply_to_user_id":null,"in_reply_to_user_id_str":null,"in_reply_to_screen_name":null,"user":{"id":2333707213,"id_str":"2333707213","name":"X22 Report","screen_name":"X22Report","location":null,"url":"http:\/\/x22report.com","description":"X22 Report is a daily show that covers the economy, political and geopolitical issues. Join me and many others to fight what is rightfully ours.","translator_type":"none","protected":false,"verified":false,"followers_count":244913,"friends_count":20,"listed_count":805,"favourites_count":2,"statuses_count":7120,"created_at":"Sat Feb 08 16:07:18 +0000 2014","utc_offset":null,"time_zone":null,"geo_enabled":false,"lang":null,"contributors_enabled":false,"is_translator":false,"profile_background_color":"131516","profile_background_image_url":"http:\/\/abs.twimg.com\/images\/themes\/theme14\/bg.gif","profile_background_image_url_https":"https:\/\/abs.twimg.com\/images\/themes\/theme14\/bg.gif","profile_background_tile":true,"profile_link_color":"009999","profile_sidebar_border_color":"EEEEEE","profile_sidebar_fill_color":"EFEFEF","profile_text_color":"333333","profile_use_background_image":true,"profile_image_url":"http:\/\/pbs.twimg.com\/profile_images\/432190936290840576\/d8Ic6ODM_normal.jpeg","profile_image_url_https":"https:\/\/pbs.twimg.com\/profile_images\/432190936290840576\/d8Ic6ODM_normal.jpeg","profile_banner_url":"https:\/\/pbs.twimg.com\/profile_banners\/2333707213\/1477491748","default_profile":false,"default_profile_image":false,"following":null,"follow_request_sent":null,"notifications":null},"geo":null,"coordinates":null,"place":null,"contributors":null,"is_quote_status":false,"quote_count":2,"reply_count":8,"retweet_count":71,"favorite_count":154,"entities":{"hashtags":[],"urls":[{"url":"https:\/\/t.co\/EsO7HAFVv1","expanded_url":"https:\/\/youtu.be\/GOL_DiTk8BY","display_url":"youtu.be\/GOL_DiTk8BY","indices":[60,83]}],"user_mentions":[{"screen_name":"YouTube","name":"YouTube at \ud83c\udfe0","id":10228272,"id_str":"10228272","indices":[88,96]}],"symbols":[]},"favorited":false,"retweeted":false,"possibly_sensitive":false,"filter_level":"low","lang":"en"},"is_quote_status":false,"quote_count":0,"reply_count":0,"retweet_count":0,"favorite_count":0,"entities":{"hashtags":[],"urls":[{"url":"https:\/\/t.co\/EsO7HAFVv1","expanded_url":"https:\/\/youtu.be\/GOL_DiTk8BY","display_url":"youtu.be\/GOL_DiTk8BY","indices":[75,98]}],"user_mentions":[{"screen_name":"X22Report","name":"X22 Report","id":2333707213,"id_str":"2333707213","indices":[3,13]},{"screen_name":"YouTube","name":"YouTube at \ud83c\udfe0","id":10228272,"id_str":"10228272","indices":[103,111]}],"symbols":[]},"favorited":false,"retweeted":false,"possibly_sensitive":false,"filter_level":"low","lang":"en","timestamp_ms":"1586538233658"}
