{"created_at":"Fri Apr 10 17:03:58 +0000 2020","id":1248657991047544832,"id_str":"1248657991047544832","text":"\u062a\u0634\u0648\u0643\u0644\u062a \u0639\u0644\u0649 \u0634\u0643\u0644 \u0631\u0652\u0642","source":"\u003ca href=\"http:\/\/twitter.com\/download\/iphone\" rel=\"nofollow\"\u003eTwitter for iPhone\u003c\/a\u003e","truncated":false,"in_reply_to_status_id":null,"in_reply_to_status_id_str":null,"in_reply_to_user_id":null,"in_reply_to_user_id_str":null,"in_reply_to_screen_name":null,"user":{"id":1207230092704985089,"id_str":"1207230092704985089","name":"\u5c3a\uff72\uff8c\u30ba\u2077","screen_name":"retaejk","location":"hell","url":null,"description":"\u0633\u0648\u0627\u0644\u064a\u0641 \u0648\u0634\u0648\u064a\u0647 \u0645\u062d\u062a\u0648\u0649 #kpop","translator_type":"none","protected":false,"verified":false,"followers_count":27,"friends_count":110,"listed_count":2,"favourites_count":294,"statuses_count":1153,"created_at":"Wed Dec 18 09:24:35 +0000 2019","utc_offset":null,"time_zone":null,"geo_enabled":false,"lang":null,"contributors_enabled":false,"is_translator":false,"profile_background_color":"F5F8FA","profile_background_image_url":"","profile_background_image_url_https":"","profile_background_tile":false,"profile_link_color":"1DA1F2","profile_sidebar_border_color":"C0DEED","profile_sidebar_fill_color":"DDEEF6","profile_text_color":"333333","profile_use_background_image":true,"profile_image_url":"http:\/\/pbs.twimg.com\/profile_images\/1248544267070402560\/MpjGdmoB_normal.jpg","profile_image_url_https":"https:\/\/pbs.twimg.com\/profile_images\/1248544267070402560\/MpjGdmoB_normal.jpg","profile_banner_url":"https:\/\/pbs.twimg.com\/profile_banners\/1207230092704985089\/1583650897","default_profile":true,"default_profile_image":false,"following":null,"follow_request_sent":null,"notifications":null},"geo":null,"coordinates":null,"place":null,"contributors":null,"quoted_status_id":1248649620005126144,"quoted_status_id_str":"1248649620005126144","quoted_status":{"created_at":"Fri Apr 10 16:30:42 +0000 2020","id":1248649620005126144,"id_str":"1248649620005126144","text":"\u0627\u0648\u0635\u0641 \u062d\u064a\u0627\u062a\u0643 \u0628\u0643\u0644\u0645\u0629 https:\/\/t.co\/8AJpRAvpfv","display_text_range":[0,16],"source":"\u003ca href=\"http:\/\/twitter.com\/download\/iphone\" rel=\"nofollow\"\u003eTwitter for iPhone\u003c\/a\u003e","truncated":false,"in_reply_to_status_id":1248648971364507648,"in_reply_to_status_id_str":"1248648971364507648","in_reply_to_user_id":1025360570692845571,"in_reply_to_user_id_str":"1025360570692845571","in_reply_to_screen_name":"koolipsu","user":{"id":1025360570692845571,"id_str":"1025360570692845571","name":"yoon","screen_name":"koolipsu","location":null,"url":null,"description":"\u0647\u0646\u0627 \u062d\u064a\u062b \u062a\u0648\u062c\u062f \u0642\u0635\u0635 \u0645\u062b\u064a\u0631\u0647 \u0644\u0644\u0627\u0647\u062a\u0645\u0627\u0645 #\uc815\uad6d","translator_type":"none","protected":false,"verified":false,"followers_count":10907,"friends_count":421,"listed_count":126,"favourites_count":21965,"statuses_count":87766,"created_at":"Fri Aug 03 12:39:45 +0000 2018","utc_offset":null,"time_zone":null,"geo_enabled":false,"lang":null,"contributors_enabled":false,"is_translator":false,"profile_background_color":"F5F8FA","profile_background_image_url":"","profile_background_image_url_https":"","profile_background_tile":false,"profile_link_color":"1DA1F2","profile_sidebar_border_color":"C0DEED","profile_sidebar_fill_color":"DDEEF6","profile_text_color":"333333","profile_use_background_image":true,"profile_image_url":"http:\/\/pbs.twimg.com\/profile_images\/1247219366070030339\/K-HL-DqO_normal.jpg","profile_image_url_https":"https:\/\/pbs.twimg.com\/profile_images\/1247219366070030339\/K-HL-DqO_normal.jpg","profile_banner_url":"https:\/\/pbs.twimg.com\/profile_banners\/1025360570692845571\/1583443388","default_profile":true,"default_profile_image":false,"following":null,"follow_request_sent":null,"notifications":null},"geo":null,"coordinates":null,"place":null,"contributors":null,"is_quote_status":false,"quote_count":40,"reply_count":1,"retweet_count":0,"favorite_count":4,"entities":{"hashtags":[],"urls":[],"user_mentions":[],"symbols":[],"media":[{"id":1248649600589631489,"id_str":"1248649600589631489","indices":[17,40],"additional_media_info":{"monetizable":false},"media_url":"http:\/\/pbs.twimg.com\/ext_tw_video_thumb\/1248649600589631489\/pu\/img\/kQlBpgQcjWcl1Ejr.jpg","media_url_https":"https:\/\/pbs.twimg.com\/ext_tw_video_thumb\/1248649600589631489\/pu\/img\/kQlBpgQcjWcl1Ejr.jpg","url":"https:\/\/t.co\/8AJpRAvpfv","display_url":"pic.twitter.com\/8AJpRAvpfv","expanded_url":"https:\/\/twitter.com\/koolipsu\/status\/1248649620005126144\/video\/1","type":"photo","sizes":{"thumb":{"w":150,"h":150,"resize":"crop"},"large":{"w":500,"h":280,"resize":"fit"},"small":{"w":500,"h":280,"resize":"fit"},"medium":{"w":500,"h":280,"resize":"fit"}}}]},"extended_entities":{"media":[{"id":1248649600589631489,"id_str":"1248649600589631489","indices":[17,40],"additional_media_info":{"monetizable":false},"media_url":"http:\/\/pbs.twimg.com\/ext_tw_video_thumb\/1248649600589631489\/pu\/img\/kQlBpgQcjWcl1Ejr.jpg","media_url_https":"https:\/\/pbs.twimg.com\/ext_tw_video_thumb\/1248649600589631489\/pu\/img\/kQlBpgQcjWcl1Ejr.jpg","url":"https:\/\/t.co\/8AJpRAvpfv","display_url":"pic.twitter.com\/8AJpRAvpfv","expanded_url":"https:\/\/twitter.com\/koolipsu\/status\/1248649620005126144\/video\/1","type":"video","video_info":{"aspect_ratio":[25,14],"duration_millis":1600,"variants":[{"content_type":"application\/x-mpegURL","url":"https:\/\/video.twimg.com\/ext_tw_video\/1248649600589631489\/pu\/pl\/KgrrsIwpNw-8_Pcv.m3u8?tag=10"},{"bitrate":256000,"content_type":"video\/mp4","url":"https:\/\/video.twimg.com\/ext_tw_video\/1248649600589631489\/pu\/vid\/500x280\/F-SAdz5qJO7WNULU.mp4?tag=10"}]},"sizes":{"thumb":{"w":150,"h":150,"resize":"crop"},"large":{"w":500,"h":280,"resize":"fit"},"small":{"w":500,"h":280,"resize":"fit"},"medium":{"w":500,"h":280,"resize":"fit"}}}]},"favorited":false,"retweeted":false,"possibly_sensitive":false,"filter_level":"low","lang":"ar"},"quoted_status_permalink":{"url":"https:\/\/t.co\/TLOdUVO02A","expanded":"https:\/\/twitter.com\/koolipsu\/status\/1248649620005126144","display":"twitter.com\/koolipsu\/statu\u2026"},"is_quote_status":true,"quote_count":0,"reply_count":0,"retweet_count":0,"favorite_count":0,"entities":{"hashtags":[],"urls":[],"user_mentions":[],"symbols":[]},"favorited":false,"retweeted":false,"filter_level":"low","lang":"ar","timestamp_ms":"1586538238666"}
