{"created_at":"Fri Apr 10 17:03:49 +0000 2020","id":1248657953298751489,"id_str":"1248657953298751489","text":"RT @BmoreGabe: \ud83d\udc40 https:\/\/t.co\/oUkpIguTdk","source":"\u003ca href=\"http:\/\/twitter.com\" rel=\"nofollow\"\u003eTwitter Web Client\u003c\/a\u003e","truncated":false,"in_reply_to_status_id":null,"in_reply_to_status_id_str":null,"in_reply_to_user_id":null,"in_reply_to_user_id_str":null,"in_reply_to_screen_name":null,"user":{"id":30800702,"id_str":"30800702","name":"(((Alex Holt)))","screen_name":"SkatingTomato","location":"Baltimore, MD","url":null,"description":"Just your friendly neighborhood geek. Intern for @1199SEIU_mddc, Baltimore correspondent for @ggwash. He\/him. IC via UMD. Views are my own. Tranist.","translator_type":"none","protected":false,"verified":false,"followers_count":630,"friends_count":3411,"listed_count":7,"favourites_count":773679,"statuses_count":57861,"created_at":"Mon Apr 13 03:47:49 +0000 2009","utc_offset":null,"time_zone":null,"geo_enabled":true,"lang":null,"contributors_enabled":false,"is_translator":false,"profile_background_color":"C0DEED","profile_background_image_url":"http:\/\/abs.twimg.com\/images\/themes\/theme1\/bg.png","profile_background_image_url_https":"https:\/\/abs.twimg.com\/images\/themes\/theme1\/bg.png","profile_background_tile":false,"profile_link_color":"1DA1F2","profile_sidebar_border_color":"C0DEED","profile_sidebar_fill_color":"DDEEF6","profile_text_color":"333333","profile_use_background_image":true,"profile_image_url":"http:\/\/pbs.twimg.com\/profile_images\/558006097290600450\/RphjWMrV_normal.jpeg","profile_image_url_https":"https:\/\/pbs.twimg.com\/profile_images\/558006097290600450\/RphjWMrV_normal.jpeg","default_profile":true,"default_profile_image":false,"following":null,"follow_request_sent":null,"notifications":null},"geo":null,"coordinates":null,"place":null,"contributors":null,"retweeted_status":{"created_at":"Fri Apr 10 13:02:02 +0000 2020","id":1248597106291552257,"id_str":"1248597106291552257","text":"\ud83d\udc40 https:\/\/t.co\/oUkpIguTdk","display_text_range":[0,1],"source":"\u003ca href=\"http:\/\/twitter.com\/download\/iphone\" rel=\"nofollow\"\u003eTwitter for iPhone\u003c\/a\u003e","truncated":false,"in_reply_to_status_id":null,"in_reply_to_status_id_str":null,"in_reply_to_user_id":null,"in_reply_to_user_id_str":null,"in_reply_to_screen_name":null,"user":{"id":321152810,"id_str":"321152810","name":"Gabe","screen_name":"BmoreGabe","location":null,"url":null,"description":"Tweeting about MD, national & international politics. Wonk. Orioles fan. Goucher Grad. Tweets represent me & not any employers past or present. TK little","translator_type":"none","protected":false,"verified":false,"followers_count":1034,"friends_count":1187,"listed_count":30,"favourites_count":1475,"statuses_count":48038,"created_at":"Tue Jun 21 03:19:31 +0000 2011","utc_offset":null,"time_zone":null,"geo_enabled":true,"lang":null,"contributors_enabled":false,"is_translator":false,"profile_background_color":"C0DEED","profile_background_image_url":"http:\/\/abs.twimg.com\/images\/themes\/theme1\/bg.png","profile_background_image_url_https":"https:\/\/abs.twimg.com\/images\/themes\/theme1\/bg.png","profile_background_tile":false,"profile_link_color":"0084B4","profile_sidebar_border_color":"FFFFFF","profile_sidebar_fill_color":"DDEEF6","profile_text_color":"333333","profile_use_background_image":true,"profile_image_url":"http:\/\/pbs.twimg.com\/profile_images\/1158220500440666117\/aVmy7D6r_normal.jpg","profile_image_url_https":"https:\/\/pbs.twimg.com\/profile_images\/1158220500440666117\/aVmy7D6r_normal.jpg","profile_banner_url":"https:\/\/pbs.twimg.com\/profile_banners\/321152810\/1446567076","default_profile":false,"default_profile_image":false,"following":null,"follow_request_sent":null,"notifications":null},"geo":null,"coordinates":null,"place":null,"contributors":null,"quoted_status_id":1248372901511905280,"quoted_status_id_str":"1248372901511905280","quoted_status":{"created_at":"Thu Apr 09 22:11:08 +0000 2020","id":1248372901511905280,"id_str":"1248372901511905280","text":"A blessed holiday season #ChagSameach #HappyEaster https:\/\/t.co\/aVDoZt74n7","display_text_range":[0,50],"source":"\u003ca href=\"http:\/\/twitter.com\/download\/iphone\" rel=\"nofollow\"\u003eTwitter for iPhone\u003c\/a\u003e","truncated":false,"in_reply_to_status_id":null,"in_reply_to_status_id_str":null,"in_reply_to_user_id":null,"in_reply_to_user_id_str":null,"in_reply_to_screen_name":null,"user":{"id":1670243713,"id_str":"1670243713","name":"A Streetcar Named Too Tired","screen_name":"notlikethecomet","location":"Baltimore, MD","url":"http:\/\/Instagram.com\/hhuntress_","description":"haley\/\/ professionally yelling about health equity & food justice \/\/ personally starting Trey Burke & 4 PFs","translator_type":"none","protected":false,"verified":false,"followers_count":579,"friends_count":637,"listed_count":15,"favourites_count":24387,"statuses_count":20596,"created_at":"Wed Aug 14 11:03:49 +0000 2013","utc_offset":null,"time_zone":null,"geo_enabled":false,"lang":null,"contributors_enabled":false,"is_translator":false,"profile_background_color":"131516","profile_background_image_url":"http:\/\/abs.twimg.com\/images\/themes\/theme14\/bg.gif","profile_background_image_url_https":"https:\/\/abs.twimg.com\/images\/themes\/theme14\/bg.gif","profile_background_tile":true,"profile_link_color":"9266CC","profile_sidebar_border_color":"000000","profile_sidebar_fill_color":"000B17","profile_text_color":"448668","profile_use_background_image":true,"profile_image_url":"http:\/\/pbs.twimg.com\/profile_images\/1127424569583788033\/VfMPiPp__normal.jpg","profile_image_url_https":"https:\/\/pbs.twimg.com\/profile_images\/1127424569583788033\/VfMPiPp__normal.jpg","profile_banner_url":"https:\/\/pbs.twimg.com\/profile_banners\/1670243713\/1575252804","default_profile":false,"default_profile_image":false,"following":null,"follow_request_sent":null,"notifications":null},"geo":null,"coordinates":null,"place":null,"contributors":null,"is_quote_status":false,"quote_count":1,"reply_count":3,"retweet_count":0,"favorite_count":14,"entities":{"hashtags":[{"text":"ChagSameach","indices":[25,37]},{"text":"HappyEaster","indices":[38,50]}],"urls":[],"user_mentions":[],"symbols":[],"media":[{"id":1248372889558175745,"id_str":"1248372889558175745","indices":[51,74],"media_url":"http:\/\/pbs.twimg.com\/media\/EVMch2VX0AEa8Oe.jpg","media_url_https":"https:\/\/pbs.twimg.com\/media\/EVMch2VX0AEa8Oe.jpg","url":"https:\/\/t.co\/aVDoZt74n7","display_url":"pic.twitter.com\/aVDoZt74n7","expanded_url":"https:\/\/twitter.com\/notlikethecomet\/status\/1248372901511905280\/photo\/1","type":"photo","sizes":{"thumb":{"w":150,"h":150,"resize":"crop"},"small":{"w":510,"h":680,"resize":"fit"},"large":{"w":1536,"h":2048,"resize":"fit"},"medium":{"w":900,"h":1200,"resize":"fit"}}}]},"extended_entities":{"media":[{"id":1248372889558175745,"id_str":"1248372889558175745","indices":[51,74],"media_url":"http:\/\/pbs.twimg.com\/media\/EVMch2VX0AEa8Oe.jpg","media_url_https":"https:\/\/pbs.twimg.com\/media\/EVMch2VX0AEa8Oe.jpg","url":"https:\/\/t.co\/aVDoZt74n7","display_url":"pic.twitter.com\/aVDoZt74n7","expanded_url":"https:\/\/twitter.com\/notlikethecomet\/status\/1248372901511905280\/photo\/1","type":"photo","sizes":{"thumb":{"w":150,"h":150,"resize":"crop"},"small":{"w":510,"h":680,"resize":"fit"},"large":{"w":1536,"h":2048,"resize":"fit"},"medium":{"w":900,"h":1200,"resize":"fit"}}}]},"favorited":false,"retweeted":false,"possibly_sensitive":false,"filter_level":"low","lang":"en"},"quoted_status_permalink":{"url":"https:\/\/t.co\/oUkpIguTdk","expanded":"https:\/\/twitter.com\/notlikethecomet\/status\/1248372901511905280","display":"twitter.com\/notlikethecome\u2026"},"is_quote_status":true,"quote_count":0,"reply_count":0,"retweet_count":1,"favorite_count":2,"entities":{"hashtags":[],"urls":[{"url":"https:\/\/t.co\/oUkpIguTdk","expanded_url":"https:\/\/twitter.com\/notlikethecomet\/status\/1248372901511905280","display_url":"twitter.com\/notlikethecome\u2026","indices":[2,25]}],"user_mentions":[],"symbols":[]},"favorited":false,"retweeted":false,"possibly_sensitive":false,"filter_level":"low","lang":"und"},"quoted_status_id":1248372901511905280,"quoted_status_id_str":"1248372901511905280","quoted_status":{"created_at":"Thu Apr 09 22:11:08 +0000 2020","id":1248372901511905280,"id_str":"1248372901511905280","text":"A blessed holiday season #ChagSameach #HappyEaster https:\/\/t.co\/aVDoZt74n7","display_text_range":[0,50],"source":"\u003ca href=\"http:\/\/twitter.com\/download\/iphone\" rel=\"nofollow\"\u003eTwitter for iPhone\u003c\/a\u003e","truncated":false,"in_reply_to_status_id":null,"in_reply_to_status_id_str":null,"in_reply_to_user_id":null,"in_reply_to_user_id_str":null,"in_reply_to_screen_name":null,"user":{"id":1670243713,"id_str":"1670243713","name":"A Streetcar Named Too Tired","screen_name":"notlikethecomet","location":"Baltimore, MD","url":"http:\/\/Instagram.com\/hhuntress_","description":"haley\/\/ professionally yelling about health equity & food justice \/\/ personally starting Trey Burke & 4 PFs","translator_type":"none","protected":false,"verified":false,"followers_count":579,"friends_count":637,"listed_count":15,"favourites_count":24387,"statuses_count":20596,"created_at":"Wed Aug 14 11:03:49 +0000 2013","utc_offset":null,"time_zone":null,"geo_enabled":false,"lang":null,"contributors_enabled":false,"is_translator":false,"profile_background_color":"131516","profile_background_image_url":"http:\/\/abs.twimg.com\/images\/themes\/theme14\/bg.gif","profile_background_image_url_https":"https:\/\/abs.twimg.com\/images\/themes\/theme14\/bg.gif","profile_background_tile":true,"profile_link_color":"9266CC","profile_sidebar_border_color":"000000","profile_sidebar_fill_color":"000B17","profile_text_color":"448668","profile_use_background_image":true,"profile_image_url":"http:\/\/pbs.twimg.com\/profile_images\/1127424569583788033\/VfMPiPp__normal.jpg","profile_image_url_https":"https:\/\/pbs.twimg.com\/profile_images\/1127424569583788033\/VfMPiPp__normal.jpg","profile_banner_url":"https:\/\/pbs.twimg.com\/profile_banners\/1670243713\/1575252804","default_profile":false,"default_profile_image":false,"following":null,"follow_request_sent":null,"notifications":null},"geo":null,"coordinates":null,"place":null,"contributors":null,"is_quote_status":false,"quote_count":1,"reply_count":3,"retweet_count":0,"favorite_count":14,"entities":{"hashtags":[{"text":"ChagSameach","indices":[25,37]},{"text":"HappyEaster","indices":[38,50]}],"urls":[],"user_mentions":[],"symbols":[],"media":[{"id":1248372889558175745,"id_str":"1248372889558175745","indices":[51,74],"media_url":"http:\/\/pbs.twimg.com\/media\/EVMch2VX0AEa8Oe.jpg","media_url_https":"https:\/\/pbs.twimg.com\/media\/EVMch2VX0AEa8Oe.jpg","url":"https:\/\/t.co\/aVDoZt74n7","display_url":"pic.twitter.com\/aVDoZt74n7","expanded_url":"https:\/\/twitter.com\/notlikethecomet\/status\/1248372901511905280\/photo\/1","type":"photo","sizes":{"thumb":{"w":150,"h":150,"resize":"crop"},"small":{"w":510,"h":680,"resize":"fit"},"large":{"w":1536,"h":2048,"resize":"fit"},"medium":{"w":900,"h":1200,"resize":"fit"}}}]},"extended_entities":{"media":[{"id":1248372889558175745,"id_str":"1248372889558175745","indices":[51,74],"media_url":"http:\/\/pbs.twimg.com\/media\/EVMch2VX0AEa8Oe.jpg","media_url_https":"https:\/\/pbs.twimg.com\/media\/EVMch2VX0AEa8Oe.jpg","url":"https:\/\/t.co\/aVDoZt74n7","display_url":"pic.twitter.com\/aVDoZt74n7","expanded_url":"https:\/\/twitter.com\/notlikethecomet\/status\/1248372901511905280\/photo\/1","type":"photo","sizes":{"thumb":{"w":150,"h":150,"resize":"crop"},"small":{"w":510,"h":680,"resize":"fit"},"large":{"w":1536,"h":2048,"resize":"fit"},"medium":{"w":900,"h":1200,"resize":"fit"}}}]},"favorited":false,"retweeted":false,"possibly_sensitive":false,"filter_level":"low","lang":"en"},"quoted_status_permalink":{"url":"https:\/\/t.co\/oUkpIguTdk","expanded":"https:\/\/twitter.com\/notlikethecomet\/status\/1248372901511905280","display":"twitter.com\/notlikethecome\u2026"},"is_quote_status":true,"quote_count":0,"reply_count":0,"retweet_count":0,"favorite_count":0,"entities":{"hashtags":[],"urls":[{"url":"https:\/\/t.co\/oUkpIguTdk","expanded_url":"https:\/\/twitter.com\/notlikethecomet\/status\/1248372901511905280","display_url":"twitter.com\/notlikethecome\u2026","indices":[17,40]}],"user_mentions":[{"screen_name":"BmoreGabe","name":"Gabe","id":321152810,"id_str":"321152810","indices":[3,13]}],"symbols":[]},"favorited":false,"retweeted":false,"possibly_sensitive":false,"filter_level":"low","lang":"und","timestamp_ms":"1586538229666"}
