{"created_at":"Fri Apr 10 17:03:53 +0000 2020","id":1248657970075856896,"id_str":"1248657970075856896","text":"@MelonSpeedruns @msifrance Tkt perciste a r\u00eaver tu sera recompenser 1 jr","display_text_range":[27,72],"source":"\u003ca href=\"http:\/\/twitter.com\/download\/android\" rel=\"nofollow\"\u003eTwitter for Android\u003c\/a\u003e","truncated":false,"in_reply_to_status_id":1248626705687891968,"in_reply_to_status_id_str":"1248626705687891968","in_reply_to_user_id":2538432696,"in_reply_to_user_id_str":"2538432696","in_reply_to_screen_name":"MelonSpeedruns","user":{"id":1013820634961412100,"id_str":"1013820634961412100","name":"KELIAN","screen_name":"BananaSpliiiite","location":null,"url":"https:\/\/www.youtube.com\/channel\/UCqZrBAoEsKVF2jYRF8IMTKA","description":"Je d\u00e9bute mon aventure sur YouTube \nAchete tes jeux moins cher sur Instant Gaming ! : https:\/\/www.instant-gaming.com\/igr\/kelianaffiliation\/","translator_type":"none","protected":false,"verified":false,"followers_count":13,"friends_count":103,"listed_count":0,"favourites_count":279,"statuses_count":745,"created_at":"Mon Jul 02 16:24:10 +0000 2018","utc_offset":null,"time_zone":null,"geo_enabled":false,"lang":null,"contributors_enabled":false,"is_translator":false,"profile_background_color":"000000","profile_background_image_url":"http:\/\/abs.twimg.com\/images\/themes\/theme1\/bg.png","profile_background_image_url_https":"https:\/\/abs.twimg.com\/images\/themes\/theme1\/bg.png","profile_background_tile":false,"profile_link_color":"FF691F","profile_sidebar_border_color":"000000","profile_sidebar_fill_color":"000000","profile_text_color":"000000","profile_use_background_image":false,"profile_image_url":"http:\/\/pbs.twimg.com\/profile_images\/1214924717913759745\/Q8479ato_normal.jpg","profile_image_url_https":"https:\/\/pbs.twimg.com\/profile_images\/1214924717913759745\/Q8479ato_normal.jpg","profile_banner_url":"https:\/\/pbs.twimg.com\/profile_banners\/1013820634961412100\/1580231335","default_profile":false,"default_profile_image":false,"following":null,"follow_request_sent":null,"notifications":null},"geo":null,"coordinates":null,"place":null,"contributors":null,"is_quote_status":false,"quote_count":0,"reply_count":0,"retweet_count":0,"favorite_count":0,"entities":{"hashtags":[],"urls":[],"user_mentions":[{"screen_name":"MelonSpeedruns","name":"MelonSpeedruns","id":2538432696,"id_str":"2538432696","indices":[0,15]},{"screen_name":"msifrance","name":"MSI","id":48713097,"id_str":"48713097","indices":[16,26]}],"symbols":[]},"favorited":false,"retweeted":false,"filter_level":"low","lang":"fr","timestamp_ms":"1586538233666"}
