{"created_at":"Fri Apr 10 17:03:54 +0000 2020","id":1248657974257688577,"id_str":"1248657974257688577","text":"@Stilosa0 Debi\u00f3 ser \u00e9pico... vere esas nubes pasar...pagaria por ver algo asi... lastima que el que hizo la foto NO\u2026 https:\/\/t.co\/azXRCLOczJ","display_text_range":[10,140],"source":"\u003ca href=\"https:\/\/mobile.twitter.com\" rel=\"nofollow\"\u003eTwitter Web App\u003c\/a\u003e","truncated":true,"in_reply_to_status_id":1248624945774526467,"in_reply_to_status_id_str":"1248624945774526467","in_reply_to_user_id":1163463729226428416,"in_reply_to_user_id_str":"1163463729226428416","in_reply_to_screen_name":"Stilosa0","user":{"id":1099597342817308672,"id_str":"1099597342817308672","name":"Isaac \ud83d\udd11 ++ \u20bf #Bitcoin","screen_name":"Isaac39621100","location":"Barcelona - Andorra","url":null,"description":"\u27a1\ufe0f ARBISTAR http:\/\/bit.ly\/34cgxI4\n\u27a1\ufe0f KUAILIAN http:\/\/bit.ly\/2wT6Q56 \n\u27a1\ufe0f Hay dos palabras que abren todas las puertas: Tire y empuje.\n\u27a1\ufe0f Kill the White Rabbit...","translator_type":"none","protected":false,"verified":false,"followers_count":157,"friends_count":328,"listed_count":3,"favourites_count":12352,"statuses_count":6932,"created_at":"Sun Feb 24 09:10:10 +0000 2019","utc_offset":null,"time_zone":null,"geo_enabled":true,"lang":null,"contributors_enabled":false,"is_translator":false,"profile_background_color":"000000","profile_background_image_url":"http:\/\/abs.twimg.com\/images\/themes\/theme1\/bg.png","profile_background_image_url_https":"https:\/\/abs.twimg.com\/images\/themes\/theme1\/bg.png","profile_background_tile":false,"profile_link_color":"1B95E0","profile_sidebar_border_color":"000000","profile_sidebar_fill_color":"000000","profile_text_color":"000000","profile_use_background_image":false,"profile_image_url":"http:\/\/pbs.twimg.com\/profile_images\/1246094335218790401\/x7n5QLBZ_normal.jpg","profile_image_url_https":"https:\/\/pbs.twimg.com\/profile_images\/1246094335218790401\/x7n5QLBZ_normal.jpg","profile_banner_url":"https:\/\/pbs.twimg.com\/profile_banners\/1099597342817308672\/1585927530","default_profile":false,"default_profile_image":false,"following":null,"follow_request_sent":null,"notifications":null},"geo":null,"coordinates":null,"place":null,"contributors":null,"is_quote_status":false,"extended_tweet":{"full_text":"@Stilosa0 Debi\u00f3 ser \u00e9pico... vere esas nubes pasar...pagaria por ver algo asi... lastima que el que hizo la foto NO RECORDASE QUE EL TELEFONO TAMBIEN GRABA VIDEEEEEOOOO \ud83e\udd23\ud83e\udd23\ud83e\udd23\ud83e\udd23","display_text_range":[10,173],"entities":{"hashtags":[],"urls":[],"user_mentions":[{"screen_name":"Stilosa0","name":"\ud835\udd44\ud835\udd52\ud835\udd63\u00ed\ud835\udd52 \ud83c\udf3b\ud83d\udda4\ud83d\udda4\ud83d\udda4\ud83d\udda4","id":1163463729226428416,"id_str":"1163463729226428416","indices":[0,9]}],"symbols":[]}},"quote_count":0,"reply_count":0,"retweet_count":0,"favorite_count":0,"entities":{"hashtags":[],"urls":[{"url":"https:\/\/t.co\/azXRCLOczJ","expanded_url":"https:\/\/twitter.com\/i\/web\/status\/1248657974257688577","display_url":"twitter.com\/i\/web\/status\/1\u2026","indices":[117,140]}],"user_mentions":[{"screen_name":"Stilosa0","name":"\ud835\udd44\ud835\udd52\ud835\udd63\u00ed\ud835\udd52 \ud83c\udf3b\ud83d\udda4\ud83d\udda4\ud83d\udda4\ud83d\udda4","id":1163463729226428416,"id_str":"1163463729226428416","indices":[0,9]}],"symbols":[]},"favorited":false,"retweeted":false,"filter_level":"low","lang":"es","timestamp_ms":"1586538234663"}
