{"created_at":"Fri Apr 10 17:03:50 +0000 2020","id":1248657957455306752,"id_str":"1248657957455306752","text":"How do you keep up with the group chat when it just feels too much? We asked the experts. https:\/\/t.co\/myO8WzwACY https:\/\/t.co\/RuB4wO0zjY","display_text_range":[0,113],"source":"\u003ca href=\"https:\/\/www.advisorstream.com\" rel=\"nofollow\"\u003eAdvisorStream v2\u003c\/a\u003e","truncated":false,"in_reply_to_status_id":null,"in_reply_to_status_id_str":null,"in_reply_to_user_id":null,"in_reply_to_user_id_str":null,"in_reply_to_screen_name":null,"user":{"id":3320593165,"id_str":"3320593165","name":"Mary Jo Hoffman","screen_name":"mjhoffmansells","location":"West Chester, OH","url":"http:\/\/www.mjhoffmansells.com","description":"I've been selling real estate for the past 28 years and LOVING every minute of it!!! Call or text me today at 513-235-6067!!","translator_type":"none","protected":false,"verified":false,"followers_count":23,"friends_count":126,"listed_count":0,"favourites_count":0,"statuses_count":282,"created_at":"Wed Aug 19 19:56:05 +0000 2015","utc_offset":null,"time_zone":null,"geo_enabled":false,"lang":null,"contributors_enabled":false,"is_translator":false,"profile_background_color":"000000","profile_background_image_url":"http:\/\/abs.twimg.com\/images\/themes\/theme1\/bg.png","profile_background_image_url_https":"https:\/\/abs.twimg.com\/images\/themes\/theme1\/bg.png","profile_background_tile":false,"profile_link_color":"1B95E0","profile_sidebar_border_color":"000000","profile_sidebar_fill_color":"000000","profile_text_color":"000000","profile_use_background_image":false,"profile_image_url":"http:\/\/pbs.twimg.com\/profile_images\/1080550902170292224\/6k__0qiz_normal.jpg","profile_image_url_https":"https:\/\/pbs.twimg.com\/profile_images\/1080550902170292224\/6k__0qiz_normal.jpg","profile_banner_url":"https:\/\/pbs.twimg.com\/profile_banners\/3320593165\/1546458359","default_profile":false,"default_profile_image":false,"following":null,"follow_request_sent":null,"notifications":null},"geo":null,"coordinates":null,"place":null,"contributors":null,"is_quote_status":false,"quote_count":0,"reply_count":0,"retweet_count":0,"favorite_count":0,"entities":{"hashtags":[],"urls":[{"url":"https:\/\/t.co\/myO8WzwACY","expanded_url":"http:\/\/www.keepingyouinformed.info\/how-stay-connected-while-social-distancing-without-getting-overwhelmed\/?c=eyJ0eXAiOiJKV1QiLCJhbGciOiJIUzI1NiJ9.eyJub2RlX2lkIjoxNzk4MSwicHJldmlldyI6ZmFsc2UsImNvbW1faWQiOjIxMTQ2MTQsImRlc3RfaWQiOjI5MDg4NDN9.RX8u7BCWppdsqL2IPZ8LTza59VZfc35Vai0qwQzWCxI","display_url":"keepingyouinformed.info\/how-stay-conne\u2026","indices":[90,113]}],"user_mentions":[],"symbols":[],"media":[{"id":1248657955077095425,"id_str":"1248657955077095425","indices":[114,137],"media_url":"http:\/\/pbs.twimg.com\/media\/EVQfy2JWAAEzMOV.png","media_url_https":"https:\/\/pbs.twimg.com\/media\/EVQfy2JWAAEzMOV.png","url":"https:\/\/t.co\/RuB4wO0zjY","display_url":"pic.twitter.com\/RuB4wO0zjY","expanded_url":"https:\/\/twitter.com\/mjhoffmansells\/status\/1248657957455306752\/photo\/1","type":"photo","sizes":{"large":{"w":400,"h":214,"resize":"fit"},"thumb":{"w":150,"h":150,"resize":"crop"},"small":{"w":400,"h":214,"resize":"fit"},"medium":{"w":400,"h":214,"resize":"fit"}}}]},"extended_entities":{"media":[{"id":1248657955077095425,"id_str":"1248657955077095425","indices":[114,137],"media_url":"http:\/\/pbs.twimg.com\/media\/EVQfy2JWAAEzMOV.png","media_url_https":"https:\/\/pbs.twimg.com\/media\/EVQfy2JWAAEzMOV.png","url":"https:\/\/t.co\/RuB4wO0zjY","display_url":"pic.twitter.com\/RuB4wO0zjY","expanded_url":"https:\/\/twitter.com\/mjhoffmansells\/status\/1248657957455306752\/photo\/1","type":"photo","sizes":{"large":{"w":400,"h":214,"resize":"fit"},"thumb":{"w":150,"h":150,"resize":"crop"},"small":{"w":400,"h":214,"resize":"fit"},"medium":{"w":400,"h":214,"resize":"fit"}}}]},"favorited":false,"retweeted":false,"possibly_sensitive":false,"filter_level":"low","lang":"en","timestamp_ms":"1586538230657"}
