{"created_at":"Fri Apr 10 17:03:58 +0000 2020","id":1248657991030599681,"id_str":"1248657991030599681","text":"@Zsia_0864 \uc544\ub2c8? \u314b\u314b \u314b \u314b\u314b\u314b (\ub2e4\uc2dc \ub258\uc5ec\ub4dc\ub9ac\uace0 \uc774\ubd88 \ub36e\uc5b4\ub4dc\ub9bc) \uc5bc\ub978 \uc8fc\ubb34\uc138\uc6a9 \ucb3d \u314b\u314b\u314b\u314b \uc640 \ube54 \ud504\ub85c\uc81d\ud130 \uc624\uc838\uc694 \ub9c9 \uc2a4\uc704\uce58\uac19\uc740 \ucf58\uc194 \uac8c\uc784\ub3c4 \ud588\uc73c\uba74 \uc88b\uaca0\uc5b4\uc694 (\uc0ac\uc2ec \ub4e4\uc5b4\uac13\uc73c\uba70) \uc2e0\ub098\uac8c \ub180\ub2e4\uac00 \uc9c0\u2026 https:\/\/t.co\/NpxPVwId8G","display_text_range":[11,140],"source":"\u003ca href=\"https:\/\/mobile.twitter.com\" rel=\"nofollow\"\u003eTwitter Web App\u003c\/a\u003e","truncated":true,"in_reply_to_status_id":1248657438644953090,"in_reply_to_status_id_str":"1248657438644953090","in_reply_to_user_id":1204010219325411329,"in_reply_to_user_id_str":"1204010219325411329","in_reply_to_screen_name":"Zsia_0864","user":{"id":1248328661872197632,"id_str":"1248328661872197632","name":"\ube44\ub180","screen_name":"bnoll_commu","location":null,"url":null,"description":"\ube5b\ub098\ub294 \uac13-\uc544\ud2b8-\uc778\uc7a5\uc740 \uc6b4\ub2d8\u2665","translator_type":"none","protected":false,"verified":false,"followers_count":22,"friends_count":22,"listed_count":0,"favourites_count":419,"statuses_count":342,"created_at":"Thu Apr 09 19:15:27 +0000 2020","utc_offset":null,"time_zone":null,"geo_enabled":false,"lang":null,"contributors_enabled":false,"is_translator":false,"profile_background_color":"F5F8FA","profile_background_image_url":"","profile_background_image_url_https":"","profile_background_tile":false,"profile_link_color":"1DA1F2","profile_sidebar_border_color":"C0DEED","profile_sidebar_fill_color":"DDEEF6","profile_text_color":"333333","profile_use_background_image":true,"profile_image_url":"http:\/\/pbs.twimg.com\/profile_images\/1248345296888672258\/SBEQOe7T_normal.jpg","profile_image_url_https":"https:\/\/pbs.twimg.com\/profile_images\/1248345296888672258\/SBEQOe7T_normal.jpg","default_profile":true,"default_profile_image":false,"following":null,"follow_request_sent":null,"notifications":null},"geo":null,"coordinates":null,"place":null,"contributors":null,"is_quote_status":false,"extended_tweet":{"full_text":"@Zsia_0864 \uc544\ub2c8? \u314b\u314b \u314b \u314b\u314b\u314b (\ub2e4\uc2dc \ub258\uc5ec\ub4dc\ub9ac\uace0 \uc774\ubd88 \ub36e\uc5b4\ub4dc\ub9bc) \uc5bc\ub978 \uc8fc\ubb34\uc138\uc6a9 \ucb3d \u314b\u314b\u314b\u314b \uc640 \ube54 \ud504\ub85c\uc81d\ud130 \uc624\uc838\uc694 \ub9c9 \uc2a4\uc704\uce58\uac19\uc740 \ucf58\uc194 \uac8c\uc784\ub3c4 \ud588\uc73c\uba74 \uc88b\uaca0\uc5b4\uc694 (\uc0ac\uc2ec \ub4e4\uc5b4\uac13\uc73c\uba70) \uc2e0\ub098\uac8c \ub180\ub2e4\uac00 \uc9c0\uce58\uba74 \uc606\uc5d0 \uc4f0\ub7ec\uc838\uc11c \uc790\uace0(?) \uaca8\uc6b8\uc5d4 \uc19c\uc774\ubd88 \uc544\ub798 \ub4e4\uc5b4\uac00\uc11c \ub458\uc774 \ub098\ub780\ud788 \uade4 \uae4c\uba39\uc5b4\uc57c \ud574\uc694 (??)","display_text_range":[11,169],"entities":{"hashtags":[],"urls":[],"user_mentions":[{"screen_name":"Zsia_0864","name":"\ud83e\udd5d\ubc40\uac1c","id":1204010219325411329,"id_str":"1204010219325411329","indices":[0,10]}],"symbols":[]}},"quote_count":0,"reply_count":0,"retweet_count":0,"favorite_count":0,"entities":{"hashtags":[],"urls":[{"url":"https:\/\/t.co\/NpxPVwId8G","expanded_url":"https:\/\/twitter.com\/i\/web\/status\/1248657991030599681","display_url":"twitter.com\/i\/web\/status\/1\u2026","indices":[117,140]}],"user_mentions":[{"screen_name":"Zsia_0864","name":"\ud83e\udd5d\ubc40\uac1c","id":1204010219325411329,"id_str":"1204010219325411329","indices":[0,10]}],"symbols":[]},"favorited":false,"retweeted":false,"filter_level":"low","lang":"ko","timestamp_ms":"1586538238662"}
