{"created_at":"Fri Apr 10 17:03:51 +0000 2020","id":1248657961653657600,"id_str":"1248657961653657600","text":"@SpyCommaNotA @Coelasquid Wesco!","display_text_range":[26,32],"source":"\u003ca href=\"http:\/\/twitter.com\/download\/android\" rel=\"nofollow\"\u003eTwitter for Android\u003c\/a\u003e","truncated":false,"in_reply_to_status_id":1248510600210087937,"in_reply_to_status_id_str":"1248510600210087937","in_reply_to_user_id":1092585868873760768,"in_reply_to_user_id_str":"1092585868873760768","in_reply_to_screen_name":"SpyCommaNotA","user":{"id":59878040,"id_str":"59878040","name":"Dan Frazier","screen_name":"DCFrazier","location":"COS","url":null,"description":"Bartender. Part time Photographer. Geek of many flavors. Professional thing-breaker. If you want it strong, ask for a double.","translator_type":"none","protected":false,"verified":false,"followers_count":31,"friends_count":346,"listed_count":0,"favourites_count":762,"statuses_count":106,"created_at":"Fri Jul 24 20:21:41 +0000 2009","utc_offset":null,"time_zone":null,"geo_enabled":false,"lang":null,"contributors_enabled":false,"is_translator":false,"profile_background_color":"1A1B1F","profile_background_image_url":"http:\/\/abs.twimg.com\/images\/themes\/theme1\/bg.png","profile_background_image_url_https":"https:\/\/abs.twimg.com\/images\/themes\/theme1\/bg.png","profile_background_tile":false,"profile_link_color":"2FC2EF","profile_sidebar_border_color":"181A1E","profile_sidebar_fill_color":"252429","profile_text_color":"666666","profile_use_background_image":true,"profile_image_url":"http:\/\/pbs.twimg.com\/profile_images\/1161543168514580481\/fNhjBJFh_normal.jpg","profile_image_url_https":"https:\/\/pbs.twimg.com\/profile_images\/1161543168514580481\/fNhjBJFh_normal.jpg","profile_banner_url":"https:\/\/pbs.twimg.com\/profile_banners\/59878040\/1565768446","default_profile":false,"default_profile_image":false,"following":null,"follow_request_sent":null,"notifications":null},"geo":null,"coordinates":null,"place":null,"contributors":null,"is_quote_status":false,"quote_count":0,"reply_count":0,"retweet_count":0,"favorite_count":0,"entities":{"hashtags":[],"urls":[],"user_mentions":[{"screen_name":"SpyCommaNotA","name":"Not a Spy","id":1092585868873760768,"id_str":"1092585868873760768","indices":[0,13]},{"screen_name":"Coelasquid","name":"Kelly Turnbull","id":42765016,"id_str":"42765016","indices":[14,25]}],"symbols":[]},"favorited":false,"retweeted":false,"filter_level":"low","lang":"en","timestamp_ms":"1586538231658"}
