{"created_at":"Fri Apr 10 17:03:55 +0000 2020","id":1248657978435256333,"id_str":"1248657978435256333","text":"RT @PiensaPrensa: El presidente de Argentina Alberto Fern\u00e1ndez, decret\u00f3 cuarentena desde un comienzo, llevan 1894 casos (6500 Chile). Por e\u2026","source":"\u003ca href=\"http:\/\/twitter.com\/download\/iphone\" rel=\"nofollow\"\u003eTwitter for iPhone\u003c\/a\u003e","truncated":false,"in_reply_to_status_id":null,"in_reply_to_status_id_str":null,"in_reply_to_user_id":null,"in_reply_to_user_id_str":null,"in_reply_to_screen_name":null,"user":{"id":355833931,"id_str":"355833931","name":"Patricia","screen_name":"Pattycer","location":null,"url":null,"description":"Pintora y abuela que quiere un Chile mejor para la juventud.","translator_type":"none","protected":false,"verified":false,"followers_count":2636,"friends_count":3015,"listed_count":7,"favourites_count":10825,"statuses_count":54334,"created_at":"Mon Aug 15 23:37:48 +0000 2011","utc_offset":null,"time_zone":null,"geo_enabled":true,"lang":null,"contributors_enabled":false,"is_translator":false,"profile_background_color":"C0DEED","profile_background_image_url":"http:\/\/abs.twimg.com\/images\/themes\/theme1\/bg.png","profile_background_image_url_https":"https:\/\/abs.twimg.com\/images\/themes\/theme1\/bg.png","profile_background_tile":false,"profile_link_color":"1DA1F2","profile_sidebar_border_color":"C0DEED","profile_sidebar_fill_color":"DDEEF6","profile_text_color":"333333","profile_use_background_image":true,"profile_image_url":"http:\/\/pbs.twimg.com\/profile_images\/1515146734\/image_normal.jpg","profile_image_url_https":"https:\/\/pbs.twimg.com\/profile_images\/1515146734\/image_normal.jpg","default_profile":true,"default_profile_image":false,"following":null,"follow_request_sent":null,"notifications":null},"geo":null,"coordinates":null,"place":null,"contributors":null,"retweeted_status":{"created_at":"Fri Apr 10 17:00:56 +0000 2020","id":1248657226006478853,"id_str":"1248657226006478853","text":"El presidente de Argentina Alberto Fern\u00e1ndez, decret\u00f3 cuarentena desde un comienzo, llevan 1894 casos (6500 Chile).\u2026 https:\/\/t.co\/4FwKdEcDmV","display_text_range":[0,140],"source":"\u003ca href=\"http:\/\/twitter.com\/download\/android\" rel=\"nofollow\"\u003eTwitter for Android\u003c\/a\u003e","truncated":true,"in_reply_to_status_id":null,"in_reply_to_status_id_str":null,"in_reply_to_user_id":null,"in_reply_to_user_id_str":null,"in_reply_to_screen_name":null,"user":{"id":3517444829,"id_str":"3517444829","name":"PIENSAPRENSA OFICIAL 208 mil seguidores","screen_name":"PiensaPrensa","location":"Santiago, Chile","url":"https:\/\/piensaprensa.org\/","description":"Chilenos, autogestionados, Independientes, comprometidos con la verdad, resistencia mapuche y Derechos Humanos.\n\n         Aportes  https:\/\/www.flow.cl\/app\/web\/p","translator_type":"none","protected":false,"verified":false,"followers_count":208684,"friends_count":22337,"listed_count":559,"favourites_count":126,"statuses_count":42475,"created_at":"Tue Sep 01 23:37:11 +0000 2015","utc_offset":null,"time_zone":null,"geo_enabled":false,"lang":null,"contributors_enabled":false,"is_translator":false,"profile_background_color":"C0DEED","profile_background_image_url":"http:\/\/abs.twimg.com\/images\/themes\/theme1\/bg.png","profile_background_image_url_https":"https:\/\/abs.twimg.com\/images\/themes\/theme1\/bg.png","profile_background_tile":false,"profile_link_color":"1DA1F2","profile_sidebar_border_color":"C0DEED","profile_sidebar_fill_color":"DDEEF6","profile_text_color":"333333","profile_use_background_image":true,"profile_image_url":"http:\/\/pbs.twimg.com\/profile_images\/1233494691158556679\/WB7pIGqy_normal.jpg","profile_image_url_https":"https:\/\/pbs.twimg.com\/profile_images\/1233494691158556679\/WB7pIGqy_normal.jpg","profile_banner_url":"https:\/\/pbs.twimg.com\/profile_banners\/3517444829\/1582994502","default_profile":true,"default_profile_image":false,"following":null,"follow_request_sent":null,"notifications":null},"geo":null,"coordinates":null,"place":null,"contributors":null,"is_quote_status":false,"extended_tweet":{"full_text":"El presidente de Argentina Alberto Fern\u00e1ndez, decret\u00f3 cuarentena desde un comienzo, llevan 1894 casos (6500 Chile). Por eso a Alberto la gente lo quiere, lo aplaude.\nCompartido @andres20ad https:\/\/t.co\/eaHsgdOqPG","display_text_range":[0,188],"entities":{"hashtags":[],"urls":[],"user_mentions":[{"screen_name":"andres20ad","name":"Andr\u00e9s","id":762803779737616384,"id_str":"762803779737616384","indices":[177,188]}],"symbols":[],"media":[{"id":1248657084687802371,"id_str":"1248657084687802371","indices":[189,212],"additional_media_info":{"monetizable":false},"media_url":"http:\/\/pbs.twimg.com\/ext_tw_video_thumb\/1248657084687802371\/pu\/img\/xHeH7F3SM8NhkF01.jpg","media_url_https":"https:\/\/pbs.twimg.com\/ext_tw_video_thumb\/1248657084687802371\/pu\/img\/xHeH7F3SM8NhkF01.jpg","url":"https:\/\/t.co\/eaHsgdOqPG","display_url":"pic.twitter.com\/eaHsgdOqPG","expanded_url":"https:\/\/twitter.com\/PiensaPrensa\/status\/1248657226006478853\/video\/1","type":"video","video_info":{"aspect_ratio":[40,71],"duration_millis":98433,"variants":[{"content_type":"application\/x-mpegURL","url":"https:\/\/video.twimg.com\/ext_tw_video\/1248657084687802371\/pu\/pl\/Q8x4hLzJ0UvwKQX_.m3u8?tag=10"},{"bitrate":832000,"content_type":"video\/mp4","url":"https:\/\/video.twimg.com\/ext_tw_video\/1248657084687802371\/pu\/vid\/360x638\/HIT-K5K6lsNvqGZt.mp4?tag=10"},{"bitrate":2176000,"content_type":"video\/mp4","url":"https:\/\/video.twimg.com\/ext_tw_video\/1248657084687802371\/pu\/vid\/640x1136\/jPX8yhUmYX9zh1Nb.mp4?tag=10"},{"bitrate":632000,"content_type":"video\/mp4","url":"https:\/\/video.twimg.com\/ext_tw_video\/1248657084687802371\/pu\/vid\/320x568\/6NQmZasWw7evrokQ.mp4?tag=10"}]},"sizes":{"medium":{"w":640,"h":1136,"resize":"fit"},"thumb":{"w":150,"h":150,"resize":"crop"},"small":{"w":383,"h":680,"resize":"fit"},"large":{"w":640,"h":1136,"resize":"fit"}}}]},"extended_entities":{"media":[{"id":1248657084687802371,"id_str":"1248657084687802371","indices":[189,212],"additional_media_info":{"monetizable":false},"media_url":"http:\/\/pbs.twimg.com\/ext_tw_video_thumb\/1248657084687802371\/pu\/img\/xHeH7F3SM8NhkF01.jpg","media_url_https":"https:\/\/pbs.twimg.com\/ext_tw_video_thumb\/1248657084687802371\/pu\/img\/xHeH7F3SM8NhkF01.jpg","url":"https:\/\/t.co\/eaHsgdOqPG","display_url":"pic.twitter.com\/eaHsgdOqPG","expanded_url":"https:\/\/twitter.com\/PiensaPrensa\/status\/1248657226006478853\/video\/1","type":"video","video_info":{"aspect_ratio":[40,71],"duration_millis":98433,"variants":[{"content_type":"application\/x-mpegURL","url":"https:\/\/video.twimg.com\/ext_tw_video\/1248657084687802371\/pu\/pl\/Q8x4hLzJ0UvwKQX_.m3u8?tag=10"},{"bitrate":832000,"content_type":"video\/mp4","url":"https:\/\/video.twimg.com\/ext_tw_video\/1248657084687802371\/pu\/vid\/360x638\/HIT-K5K6lsNvqGZt.mp4?tag=10"},{"bitrate":2176000,"content_type":"video\/mp4","url":"https:\/\/video.twimg.com\/ext_tw_video\/1248657084687802371\/pu\/vid\/640x1136\/jPX8yhUmYX9zh1Nb.mp4?tag=10"},{"bitrate":632000,"content_type":"video\/mp4","url":"https:\/\/video.twimg.com\/ext_tw_video\/1248657084687802371\/pu\/vid\/320x568\/6NQmZasWw7evrokQ.mp4?tag=10"}]},"sizes":{"medium":{"w":640,"h":1136,"resize":"fit"},"thumb":{"w":150,"h":150,"resize":"crop"},"small":{"w":383,"h":680,"resize":"fit"},"large":{"w":640,"h":1136,"resize":"fit"}}}]}},"quote_count":1,"reply_count":2,"retweet_count":22,"favorite_count":33,"entities":{"hashtags":[],"urls":[{"url":"https:\/\/t.co\/4FwKdEcDmV","expanded_url":"https:\/\/twitter.com\/i\/web\/status\/1248657226006478853","display_url":"twitter.com\/i\/web\/status\/1\u2026","indices":[117,140]}],"user_mentions":[],"symbols":[]},"favorited":false,"retweeted":false,"possibly_sensitive":false,"filter_level":"low","lang":"es"},"is_quote_status":false,"quote_count":0,"reply_count":0,"retweet_count":0,"favorite_count":0,"entities":{"hashtags":[],"urls":[],"user_mentions":[{"screen_name":"PiensaPrensa","name":"PIENSAPRENSA OFICIAL 208 mil seguidores","id":3517444829,"id_str":"3517444829","indices":[3,16]}],"symbols":[]},"favorited":false,"retweeted":false,"filter_level":"low","lang":"es","timestamp_ms":"1586538235659"}
