{"created_at":"Fri Apr 10 17:03:49 +0000 2020","id":1248657953298755584,"id_str":"1248657953298755584","text":"@BreeNewsome Im firmly of the mind nothing short of a revolt will change anything.\n\nWe can no longer work within th\u2026 https:\/\/t.co\/Qp64tHiiy3","display_text_range":[13,140],"source":"\u003ca href=\"https:\/\/mobile.twitter.com\" rel=\"nofollow\"\u003eTwitter Web App\u003c\/a\u003e","truncated":true,"in_reply_to_status_id":1248643771476180993,"in_reply_to_status_id_str":"1248643771476180993","in_reply_to_user_id":110326494,"in_reply_to_user_id_str":"110326494","in_reply_to_screen_name":"BreeNewsome","user":{"id":1915786766,"id_str":"1915786766","name":"2020*SocialDistancingWorks*","screen_name":"ShowUpFor2020","location":null,"url":null,"description":"Rad Fem GenX Indie Latina Mama, Anthro.-Law-Human Rights\nGC Ally \ud83c\udf08, Sex Matters\/Evidence Based Science\nTrolls Blocked, NO DMs","translator_type":"none","protected":false,"verified":false,"followers_count":227,"friends_count":449,"listed_count":0,"favourites_count":12811,"statuses_count":12475,"created_at":"Sun Sep 29 01:10:40 +0000 2013","utc_offset":null,"time_zone":null,"geo_enabled":false,"lang":null,"contributors_enabled":false,"is_translator":false,"profile_background_color":"000000","profile_background_image_url":"http:\/\/abs.twimg.com\/images\/themes\/theme1\/bg.png","profile_background_image_url_https":"https:\/\/abs.twimg.com\/images\/themes\/theme1\/bg.png","profile_background_tile":false,"profile_link_color":"ABB8C2","profile_sidebar_border_color":"000000","profile_sidebar_fill_color":"000000","profile_text_color":"000000","profile_use_background_image":false,"profile_image_url":"http:\/\/pbs.twimg.com\/profile_images\/1238209108806942725\/Arl9gt4J_normal.jpg","profile_image_url_https":"https:\/\/pbs.twimg.com\/profile_images\/1238209108806942725\/Arl9gt4J_normal.jpg","profile_banner_url":"https:\/\/pbs.twimg.com\/profile_banners\/1915786766\/1583605602","default_profile":false,"default_profile_image":false,"following":null,"follow_request_sent":null,"notifications":null},"geo":null,"coordinates":null,"place":null,"contributors":null,"is_quote_status":false,"extended_tweet":{"full_text":"@BreeNewsome Im firmly of the mind nothing short of a revolt will change anything.\n\nWe can no longer work within the system as the system never served us to begin with.","display_text_range":[13,168],"entities":{"hashtags":[],"urls":[],"user_mentions":[{"screen_name":"BreeNewsome","name":"Bree Newsome Bass","id":110326494,"id_str":"110326494","indices":[0,12]}],"symbols":[]}},"quote_count":0,"reply_count":0,"retweet_count":0,"favorite_count":0,"entities":{"hashtags":[],"urls":[{"url":"https:\/\/t.co\/Qp64tHiiy3","expanded_url":"https:\/\/twitter.com\/i\/web\/status\/1248657953298755584","display_url":"twitter.com\/i\/web\/status\/1\u2026","indices":[117,140]}],"user_mentions":[{"screen_name":"BreeNewsome","name":"Bree Newsome Bass","id":110326494,"id_str":"110326494","indices":[0,12]}],"symbols":[]},"favorited":false,"retweeted":false,"filter_level":"low","lang":"en","timestamp_ms":"1586538229666"}
