{"created_at":"Fri Apr 10 17:03:50 +0000 2020","id":1248657957455183872,"id_str":"1248657957455183872","text":"@joaknne MAMAH KAN KETAWA","display_text_range":[9,25],"source":"\u003ca href=\"http:\/\/twitter.com\/download\/iphone\" rel=\"nofollow\"\u003eTwitter for iPhone\u003c\/a\u003e","truncated":false,"in_reply_to_status_id":1248654755573805056,"in_reply_to_status_id_str":"1248654755573805056","in_reply_to_user_id":1572319340,"in_reply_to_user_id_str":"1572319340","in_reply_to_screen_name":"joaknne","user":{"id":231954885,"id_str":"231954885","name":"\u200f\u064b","screen_name":"renjuent","location":"CP: @AdvengersTeam @THEB0T4K @thegemoi @setresskids BL00N PAB00 \u2022 being lal\u00f8st in k\u00f4mpl\u00ebk.","url":"https:\/\/curiouscat.me\/aksarion","description":"\ud835\udfee\ud835\udde2\ud835\udde2\ud835\udde2 \u2571 The only child of the family, a prince of Jilin, and represents Aries sign in Neo Culture Technology. Azkha and NCTzen's lover, \u9ec4\u4ec1\u4fca.","translator_type":"none","protected":false,"verified":false,"followers_count":580,"friends_count":436,"listed_count":28,"favourites_count":892,"statuses_count":12462,"created_at":"Wed Dec 29 22:48:00 +0000 2010","utc_offset":null,"time_zone":null,"geo_enabled":false,"lang":null,"contributors_enabled":false,"is_translator":false,"profile_background_color":"C0DEED","profile_background_image_url":"http:\/\/abs.twimg.com\/images\/themes\/theme1\/bg.png","profile_background_image_url_https":"https:\/\/abs.twimg.com\/images\/themes\/theme1\/bg.png","profile_background_tile":false,"profile_link_color":"1DA1F2","profile_sidebar_border_color":"C0DEED","profile_sidebar_fill_color":"DDEEF6","profile_text_color":"333333","profile_use_background_image":true,"profile_image_url":"http:\/\/pbs.twimg.com\/profile_images\/1248477924396695554\/N6rX_tMG_normal.png","profile_image_url_https":"https:\/\/pbs.twimg.com\/profile_images\/1248477924396695554\/N6rX_tMG_normal.png","profile_banner_url":"https:\/\/pbs.twimg.com\/profile_banners\/231954885\/1586495312","default_profile":true,"default_profile_image":false,"following":null,"follow_request_sent":null,"notifications":null},"geo":null,"coordinates":null,"place":null,"contributors":null,"is_quote_status":false,"quote_count":0,"reply_count":0,"retweet_count":0,"favorite_count":0,"entities":{"hashtags":[],"urls":[],"user_mentions":[{"screen_name":"joaknne","name":"Jo","id":1572319340,"id_str":"1572319340","indices":[0,8]}],"symbols":[]},"favorited":false,"retweeted":false,"filter_level":"low","lang":"in","timestamp_ms":"1586538230657"}
