{"created_at":"Fri Apr 10 17:03:56 +0000 2020","id":1248657982629523456,"id_str":"1248657982629523456","text":"RT @DianaMendes9: Eu sou muito feliz a ouvir as gargalhadas deste gajo juro \n\nMelhor risada do mundo mm #HappyBirthdayNiall\n https:\/\/t.co\/O\u2026","source":"\u003ca href=\"http:\/\/twitter.com\/download\/iphone\" rel=\"nofollow\"\u003eTwitter for iPhone\u003c\/a\u003e","truncated":false,"in_reply_to_status_id":null,"in_reply_to_status_id_str":null,"in_reply_to_user_id":null,"in_reply_to_user_id_str":null,"in_reply_to_screen_name":null,"user":{"id":2779011088,"id_str":"2779011088","name":"Junin","screen_name":"HantersShadown","location":null,"url":null,"description":"\/\/All The Legends Are True.\\\\ LOVER FEST WORLD TOUR 07.18.2020 ++ 07.19.2020\/\/ T.S \ud83d\udc95\ud83d\udc0d","translator_type":"none","protected":false,"verified":false,"followers_count":3228,"friends_count":3445,"listed_count":29,"favourites_count":56694,"statuses_count":64818,"created_at":"Sun Sep 21 13:51:17 +0000 2014","utc_offset":null,"time_zone":null,"geo_enabled":false,"lang":null,"contributors_enabled":false,"is_translator":false,"profile_background_color":"000000","profile_background_image_url":"http:\/\/abs.twimg.com\/images\/themes\/theme1\/bg.png","profile_background_image_url_https":"https:\/\/abs.twimg.com\/images\/themes\/theme1\/bg.png","profile_background_tile":false,"profile_link_color":"DD2E44","profile_sidebar_border_color":"000000","profile_sidebar_fill_color":"000000","profile_text_color":"000000","profile_use_background_image":false,"profile_image_url":"http:\/\/pbs.twimg.com\/profile_images\/1241420572292255745\/bHO8IPl5_normal.jpg","profile_image_url_https":"https:\/\/pbs.twimg.com\/profile_images\/1241420572292255745\/bHO8IPl5_normal.jpg","profile_banner_url":"https:\/\/pbs.twimg.com\/profile_banners\/2779011088\/1584812704","default_profile":false,"default_profile_image":false,"following":null,"follow_request_sent":null,"notifications":null},"geo":null,"coordinates":null,"place":null,"contributors":null,"retweeted_status":{"created_at":"Thu Sep 13 12:33:44 +0000 2018","id":1040216962419355650,"id_str":"1040216962419355650","text":"Eu sou muito feliz a ouvir as gargalhadas deste gajo juro \n\nMelhor risada do mundo mm #HappyBirthdayNiall\n https:\/\/t.co\/Oh4YwKcjMQ","source":"\u003ca href=\"http:\/\/twitter.com\/download\/android\" rel=\"nofollow\"\u003eTwitter for Android\u003c\/a\u003e","truncated":false,"in_reply_to_status_id":null,"in_reply_to_status_id_str":null,"in_reply_to_user_id":null,"in_reply_to_user_id_str":null,"in_reply_to_screen_name":null,"user":{"id":619438415,"id_str":"619438415","name":"di(va)","screen_name":"DianaMendes9","location":"Guimar\u00e3es","url":null,"description":"treat people with kindness. IG: dianamendes_94","translator_type":"regular","protected":false,"verified":false,"followers_count":8673,"friends_count":1001,"listed_count":94,"favourites_count":51932,"statuses_count":194189,"created_at":"Tue Jun 26 21:31:55 +0000 2012","utc_offset":null,"time_zone":null,"geo_enabled":true,"lang":null,"contributors_enabled":false,"is_translator":false,"profile_background_color":"EDECE9","profile_background_image_url":"http:\/\/abs.twimg.com\/images\/themes\/theme3\/bg.gif","profile_background_image_url_https":"https:\/\/abs.twimg.com\/images\/themes\/theme3\/bg.gif","profile_background_tile":false,"profile_link_color":"1D4297","profile_sidebar_border_color":"000000","profile_sidebar_fill_color":"000000","profile_text_color":"000000","profile_use_background_image":true,"profile_image_url":"http:\/\/pbs.twimg.com\/profile_images\/1236954475212034048\/mHejblse_normal.jpg","profile_image_url_https":"https:\/\/pbs.twimg.com\/profile_images\/1236954475212034048\/mHejblse_normal.jpg","profile_banner_url":"https:\/\/pbs.twimg.com\/profile_banners\/619438415\/1571659971","default_profile":false,"default_profile_image":false,"following":null,"follow_request_sent":null,"notifications":null},"geo":null,"coordinates":null,"place":null,"contributors":null,"is_quote_status":false,"quote_count":8,"reply_count":2,"retweet_count":231,"favorite_count":252,"entities":{"hashtags":[{"text":"HappyBirthdayNiall","indices":[86,105]}],"urls":[],"user_mentions":[],"symbols":[],"media":[{"id":1040206521827819521,"id_str":"1040206521827819521","indices":[107,130],"additional_media_info":{"monetizable":false},"media_url":"http:\/\/pbs.twimg.com\/ext_tw_video_thumb\/1040206521827819521\/pu\/img\/29G_m9Q2grp9ll7R.jpg","media_url_https":"https:\/\/pbs.twimg.com\/ext_tw_video_thumb\/1040206521827819521\/pu\/img\/29G_m9Q2grp9ll7R.jpg","url":"https:\/\/t.co\/Oh4YwKcjMQ","display_url":"pic.twitter.com\/Oh4YwKcjMQ","expanded_url":"https:\/\/twitter.com\/youfockingloser\/status\/1040206655126941696\/video\/1","type":"photo","sizes":{"thumb":{"w":150,"h":150,"resize":"crop"},"small":{"w":680,"h":680,"resize":"fit"},"medium":{"w":720,"h":720,"resize":"fit"},"large":{"w":720,"h":720,"resize":"fit"}},"source_status_id":1040206655126941696,"source_status_id_str":"1040206655126941696","source_user_id":4846182899,"source_user_id_str":"4846182899"}]},"extended_entities":{"media":[{"id":1040206521827819521,"id_str":"1040206521827819521","indices":[107,130],"additional_media_info":{"monetizable":false},"media_url":"http:\/\/pbs.twimg.com\/ext_tw_video_thumb\/1040206521827819521\/pu\/img\/29G_m9Q2grp9ll7R.jpg","media_url_https":"https:\/\/pbs.twimg.com\/ext_tw_video_thumb\/1040206521827819521\/pu\/img\/29G_m9Q2grp9ll7R.jpg","url":"https:\/\/t.co\/Oh4YwKcjMQ","display_url":"pic.twitter.com\/Oh4YwKcjMQ","expanded_url":"https:\/\/twitter.com\/youfockingloser\/status\/1040206655126941696\/video\/1","type":"video","video_info":{"aspect_ratio":[1,1],"duration_millis":78586,"variants":[{"content_type":"application\/x-mpegURL","url":"https:\/\/video.twimg.com\/ext_tw_video\/1040206521827819521\/pu\/pl\/PB1g4duUqtZf5Pnc.m3u8?tag=5"},{"bitrate":256000,"content_type":"video\/mp4","url":"https:\/\/video.twimg.com\/ext_tw_video\/1040206521827819521\/pu\/vid\/240x240\/11o1pNd2w_oiT6X8.mp4?tag=5"},{"bitrate":1280000,"content_type":"video\/mp4","url":"https:\/\/video.twimg.com\/ext_tw_video\/1040206521827819521\/pu\/vid\/720x720\/4vSRRqoZtHI2ekm4.mp4?tag=5"},{"bitrate":832000,"content_type":"video\/mp4","url":"https:\/\/video.twimg.com\/ext_tw_video\/1040206521827819521\/pu\/vid\/480x480\/LkGOSENf_xA6gAXt.mp4?tag=5"}]},"sizes":{"thumb":{"w":150,"h":150,"resize":"crop"},"small":{"w":680,"h":680,"resize":"fit"},"medium":{"w":720,"h":720,"resize":"fit"},"large":{"w":720,"h":720,"resize":"fit"}},"source_status_id":1040206655126941696,"source_status_id_str":"1040206655126941696","source_user_id":4846182899,"source_user_id_str":"4846182899"}]},"favorited":false,"retweeted":false,"possibly_sensitive":false,"filter_level":"low","lang":"pt"},"is_quote_status":false,"quote_count":0,"reply_count":0,"retweet_count":0,"favorite_count":0,"entities":{"hashtags":[{"text":"HappyBirthdayNiall","indices":[104,123]}],"urls":[],"user_mentions":[{"screen_name":"DianaMendes9","name":"di(va)","id":619438415,"id_str":"619438415","indices":[3,16]}],"symbols":[]},"favorited":false,"retweeted":false,"filter_level":"low","lang":"pt","timestamp_ms":"1586538236659"}
