{"created_at":"Fri Apr 10 17:03:53 +0000 2020","id":1248657970054889473,"id_str":"1248657970054889473","text":"hindi nato normal HAHAHAHA.\n#MugshotChallenge https:\/\/t.co\/bTaPrNL6Dl","display_text_range":[0,45],"source":"\u003ca href=\"http:\/\/twitter.com\/download\/android\" rel=\"nofollow\"\u003eTwitter for Android\u003c\/a\u003e","truncated":false,"in_reply_to_status_id":null,"in_reply_to_status_id_str":null,"in_reply_to_user_id":null,"in_reply_to_user_id_str":null,"in_reply_to_screen_name":null,"user":{"id":1189208708175151104,"id_str":"1189208708175151104","name":"c h i","screen_name":"kyy_orque","location":"Santa Rosa City, Calabarzon","url":null,"description":"\u2764","translator_type":"none","protected":false,"verified":false,"followers_count":50,"friends_count":61,"listed_count":0,"favourites_count":110,"statuses_count":147,"created_at":"Tue Oct 29 15:54:11 +0000 2019","utc_offset":null,"time_zone":null,"geo_enabled":false,"lang":null,"contributors_enabled":false,"is_translator":false,"profile_background_color":"F5F8FA","profile_background_image_url":"","profile_background_image_url_https":"","profile_background_tile":false,"profile_link_color":"1DA1F2","profile_sidebar_border_color":"C0DEED","profile_sidebar_fill_color":"DDEEF6","profile_text_color":"333333","profile_use_background_image":true,"profile_image_url":"http:\/\/pbs.twimg.com\/profile_images\/1241718304525316098\/nF3oYJNe_normal.jpg","profile_image_url_https":"https:\/\/pbs.twimg.com\/profile_images\/1241718304525316098\/nF3oYJNe_normal.jpg","profile_banner_url":"https:\/\/pbs.twimg.com\/profile_banners\/1189208708175151104\/1585153707","default_profile":true,"default_profile_image":false,"following":null,"follow_request_sent":null,"notifications":null},"geo":null,"coordinates":null,"place":null,"contributors":null,"is_quote_status":false,"quote_count":0,"reply_count":0,"retweet_count":0,"favorite_count":0,"entities":{"hashtags":[{"text":"MugshotChallenge","indices":[28,45]}],"urls":[],"user_mentions":[],"symbols":[],"media":[{"id":1248657932947828737,"id_str":"1248657932947828737","indices":[46,69],"media_url":"http:\/\/pbs.twimg.com\/media\/EVQfxjtUMAEtI2T.jpg","media_url_https":"https:\/\/pbs.twimg.com\/media\/EVQfxjtUMAEtI2T.jpg","url":"https:\/\/t.co\/bTaPrNL6Dl","display_url":"pic.twitter.com\/bTaPrNL6Dl","expanded_url":"https:\/\/twitter.com\/kyy_orque\/status\/1248657970054889473\/photo\/1","type":"photo","sizes":{"thumb":{"w":150,"h":150,"resize":"crop"},"small":{"w":383,"h":680,"resize":"fit"},"medium":{"w":675,"h":1200,"resize":"fit"},"large":{"w":1080,"h":1920,"resize":"fit"}}}]},"extended_entities":{"media":[{"id":1248657932947828737,"id_str":"1248657932947828737","indices":[46,69],"media_url":"http:\/\/pbs.twimg.com\/media\/EVQfxjtUMAEtI2T.jpg","media_url_https":"https:\/\/pbs.twimg.com\/media\/EVQfxjtUMAEtI2T.jpg","url":"https:\/\/t.co\/bTaPrNL6Dl","display_url":"pic.twitter.com\/bTaPrNL6Dl","expanded_url":"https:\/\/twitter.com\/kyy_orque\/status\/1248657970054889473\/photo\/1","type":"photo","sizes":{"thumb":{"w":150,"h":150,"resize":"crop"},"small":{"w":383,"h":680,"resize":"fit"},"medium":{"w":675,"h":1200,"resize":"fit"},"large":{"w":1080,"h":1920,"resize":"fit"}}},{"id":1248657941730713602,"id_str":"1248657941730713602","indices":[46,69],"media_url":"http:\/\/pbs.twimg.com\/media\/EVQfyEbUYAImpRu.jpg","media_url_https":"https:\/\/pbs.twimg.com\/media\/EVQfyEbUYAImpRu.jpg","url":"https:\/\/t.co\/bTaPrNL6Dl","display_url":"pic.twitter.com\/bTaPrNL6Dl","expanded_url":"https:\/\/twitter.com\/kyy_orque\/status\/1248657970054889473\/photo\/1","type":"photo","sizes":{"thumb":{"w":150,"h":150,"resize":"crop"},"small":{"w":383,"h":680,"resize":"fit"},"medium":{"w":675,"h":1200,"resize":"fit"},"large":{"w":1080,"h":1920,"resize":"fit"}}},{"id":1248657950446456833,"id_str":"1248657950446456833","indices":[46,69],"media_url":"http:\/\/pbs.twimg.com\/media\/EVQfyk5UEAEgJB1.jpg","media_url_https":"https:\/\/pbs.twimg.com\/media\/EVQfyk5UEAEgJB1.jpg","url":"https:\/\/t.co\/bTaPrNL6Dl","display_url":"pic.twitter.com\/bTaPrNL6Dl","expanded_url":"https:\/\/twitter.com\/kyy_orque\/status\/1248657970054889473\/photo\/1","type":"photo","sizes":{"thumb":{"w":150,"h":150,"resize":"crop"},"medium":{"w":624,"h":1200,"resize":"fit"},"small":{"w":354,"h":680,"resize":"fit"},"large":{"w":998,"h":1919,"resize":"fit"}}},{"id":1248657960277905411,"id_str":"1248657960277905411","indices":[46,69],"media_url":"http:\/\/pbs.twimg.com\/media\/EVQfzJhUEAMEBVL.jpg","media_url_https":"https:\/\/pbs.twimg.com\/media\/EVQfzJhUEAMEBVL.jpg","url":"https:\/\/t.co\/bTaPrNL6Dl","display_url":"pic.twitter.com\/bTaPrNL6Dl","expanded_url":"https:\/\/twitter.com\/kyy_orque\/status\/1248657970054889473\/photo\/1","type":"photo","sizes":{"thumb":{"w":150,"h":150,"resize":"crop"},"small":{"w":398,"h":680,"resize":"fit"},"large":{"w":951,"h":1625,"resize":"fit"},"medium":{"w":702,"h":1200,"resize":"fit"}}}]},"favorited":false,"retweeted":false,"possibly_sensitive":false,"filter_level":"low","lang":"tl","timestamp_ms":"1586538233661"}
