{"created_at":"Fri Apr 10 17:03:56 +0000 2020","id":1248657982658928640,"id_str":"1248657982658928640","text":"RT @FINALLEVEL: Wait..... Before you Hate.   Lol #QuarantineLife https:\/\/t.co\/4E6bCL3fV3","source":"\u003ca href=\"http:\/\/twitter.com\/download\/android\" rel=\"nofollow\"\u003eTwitter for Android\u003c\/a\u003e","truncated":false,"in_reply_to_status_id":null,"in_reply_to_status_id_str":null,"in_reply_to_user_id":null,"in_reply_to_user_id_str":null,"in_reply_to_screen_name":null,"user":{"id":791344370024939521,"id_str":"791344370024939521","name":"Lopez","screen_name":"713ABNHappsta","location":"713","url":null,"description":null,"translator_type":"none","protected":false,"verified":false,"followers_count":88,"friends_count":549,"listed_count":0,"favourites_count":7233,"statuses_count":6730,"created_at":"Wed Oct 26 18:22:55 +0000 2016","utc_offset":null,"time_zone":null,"geo_enabled":false,"lang":null,"contributors_enabled":false,"is_translator":false,"profile_background_color":"F5F8FA","profile_background_image_url":"","profile_background_image_url_https":"","profile_background_tile":false,"profile_link_color":"1DA1F2","profile_sidebar_border_color":"C0DEED","profile_sidebar_fill_color":"DDEEF6","profile_text_color":"333333","profile_use_background_image":true,"profile_image_url":"http:\/\/pbs.twimg.com\/profile_images\/875713631874428928\/yoybTEuq_normal.jpg","profile_image_url_https":"https:\/\/pbs.twimg.com\/profile_images\/875713631874428928\/yoybTEuq_normal.jpg","default_profile":true,"default_profile_image":false,"following":null,"follow_request_sent":null,"notifications":null},"geo":null,"coordinates":null,"place":null,"contributors":null,"retweeted_status":{"created_at":"Wed Apr 08 23:30:26 +0000 2020","id":1248030471767932928,"id_str":"1248030471767932928","text":"Wait..... Before you Hate.   Lol #QuarantineLife https:\/\/t.co\/4E6bCL3fV3","display_text_range":[0,48],"source":"\u003ca href=\"http:\/\/twitter.com\/download\/iphone\" rel=\"nofollow\"\u003eTwitter for iPhone\u003c\/a\u003e","truncated":false,"in_reply_to_status_id":null,"in_reply_to_status_id_str":null,"in_reply_to_user_id":null,"in_reply_to_user_id_str":null,"in_reply_to_screen_name":null,"user":{"id":28420827,"id_str":"28420827","name":"ICE T","screen_name":"FINALLEVEL","location":"THE HOOD","url":null,"description":"\u2018FOR MATURE AUDIENCES\u2019 ICE T Leader of BODYCOUNT & The FINAL LEVEL TWITTER GANG. #FLTG @ICEMFT on Instagram","translator_type":"none","protected":false,"verified":true,"followers_count":1478944,"friends_count":1502,"listed_count":6776,"favourites_count":240993,"statuses_count":31874,"created_at":"Thu Apr 02 21:09:40 +0000 2009","utc_offset":null,"time_zone":null,"geo_enabled":true,"lang":null,"contributors_enabled":false,"is_translator":false,"profile_background_color":"9AE4E8","profile_background_image_url":"http:\/\/abs.twimg.com\/images\/themes\/theme1\/bg.png","profile_background_image_url_https":"https:\/\/abs.twimg.com\/images\/themes\/theme1\/bg.png","profile_background_tile":true,"profile_link_color":"0084B4","profile_sidebar_border_color":"FFFFFF","profile_sidebar_fill_color":"DDFFCC","profile_text_color":"333333","profile_use_background_image":true,"profile_image_url":"http:\/\/pbs.twimg.com\/profile_images\/909984858818170881\/jagXDTlf_normal.jpg","profile_image_url_https":"https:\/\/pbs.twimg.com\/profile_images\/909984858818170881\/jagXDTlf_normal.jpg","profile_banner_url":"https:\/\/pbs.twimg.com\/profile_banners\/28420827\/1529487640","default_profile":false,"default_profile_image":false,"following":null,"follow_request_sent":null,"notifications":null},"geo":null,"coordinates":null,"place":null,"contributors":null,"is_quote_status":false,"quote_count":2380,"reply_count":1459,"retweet_count":23521,"favorite_count":94565,"entities":{"hashtags":[{"text":"QuarantineLife","indices":[33,48]}],"urls":[],"user_mentions":[],"symbols":[],"media":[{"id":1248030440981581824,"id_str":"1248030440981581824","indices":[49,72],"additional_media_info":{"monetizable":false},"media_url":"http:\/\/pbs.twimg.com\/ext_tw_video_thumb\/1248030440981581824\/pu\/img\/HKtLa6sK3ZtQmf9m.jpg","media_url_https":"https:\/\/pbs.twimg.com\/ext_tw_video_thumb\/1248030440981581824\/pu\/img\/HKtLa6sK3ZtQmf9m.jpg","url":"https:\/\/t.co\/4E6bCL3fV3","display_url":"pic.twitter.com\/4E6bCL3fV3","expanded_url":"https:\/\/twitter.com\/FINALLEVEL\/status\/1248030471767932928\/video\/1","type":"photo","sizes":{"medium":{"w":640,"h":640,"resize":"fit"},"thumb":{"w":150,"h":150,"resize":"crop"},"large":{"w":640,"h":640,"resize":"fit"},"small":{"w":640,"h":640,"resize":"fit"}}}]},"extended_entities":{"media":[{"id":1248030440981581824,"id_str":"1248030440981581824","indices":[49,72],"additional_media_info":{"monetizable":false},"media_url":"http:\/\/pbs.twimg.com\/ext_tw_video_thumb\/1248030440981581824\/pu\/img\/HKtLa6sK3ZtQmf9m.jpg","media_url_https":"https:\/\/pbs.twimg.com\/ext_tw_video_thumb\/1248030440981581824\/pu\/img\/HKtLa6sK3ZtQmf9m.jpg","url":"https:\/\/t.co\/4E6bCL3fV3","display_url":"pic.twitter.com\/4E6bCL3fV3","expanded_url":"https:\/\/twitter.com\/FINALLEVEL\/status\/1248030471767932928\/video\/1","type":"video","video_info":{"aspect_ratio":[1,1],"duration_millis":18967,"variants":[{"bitrate":1280000,"content_type":"video\/mp4","url":"https:\/\/video.twimg.com\/ext_tw_video\/1248030440981581824\/pu\/vid\/640x640\/-isNOTartmMUM6jZ.mp4?tag=10"},{"bitrate":432000,"content_type":"video\/mp4","url":"https:\/\/video.twimg.com\/ext_tw_video\/1248030440981581824\/pu\/vid\/320x320\/YxxyOYo6t-AhrzxY.mp4?tag=10"},{"bitrate":832000,"content_type":"video\/mp4","url":"https:\/\/video.twimg.com\/ext_tw_video\/1248030440981581824\/pu\/vid\/480x480\/D_cDmU39Tj60nMdT.mp4?tag=10"},{"content_type":"application\/x-mpegURL","url":"https:\/\/video.twimg.com\/ext_tw_video\/1248030440981581824\/pu\/pl\/_OScKqR9COKa8Pol.m3u8?tag=10"}]},"sizes":{"medium":{"w":640,"h":640,"resize":"fit"},"thumb":{"w":150,"h":150,"resize":"crop"},"large":{"w":640,"h":640,"resize":"fit"},"small":{"w":640,"h":640,"resize":"fit"}}}]},"favorited":false,"retweeted":false,"possibly_sensitive":false,"filter_level":"low","lang":"en"},"is_quote_status":false,"quote_count":0,"reply_count":0,"retweet_count":0,"favorite_count":0,"entities":{"hashtags":[{"text":"QuarantineLife","indices":[49,64]}],"urls":[],"user_mentions":[{"screen_name":"FINALLEVEL","name":"ICE T","id":28420827,"id_str":"28420827","indices":[3,14]}],"symbols":[],"media":[{"id":1248030440981581824,"id_str":"1248030440981581824","indices":[65,88],"additional_media_info":{"monetizable":false},"media_url":"http:\/\/pbs.twimg.com\/ext_tw_video_thumb\/1248030440981581824\/pu\/img\/HKtLa6sK3ZtQmf9m.jpg","media_url_https":"https:\/\/pbs.twimg.com\/ext_tw_video_thumb\/1248030440981581824\/pu\/img\/HKtLa6sK3ZtQmf9m.jpg","url":"https:\/\/t.co\/4E6bCL3fV3","display_url":"pic.twitter.com\/4E6bCL3fV3","expanded_url":"https:\/\/twitter.com\/FINALLEVEL\/status\/1248030471767932928\/video\/1","type":"photo","sizes":{"medium":{"w":640,"h":640,"resize":"fit"},"thumb":{"w":150,"h":150,"resize":"crop"},"large":{"w":640,"h":640,"resize":"fit"},"small":{"w":640,"h":640,"resize":"fit"}},"source_status_id":1248030471767932928,"source_status_id_str":"1248030471767932928","source_user_id":28420827,"source_user_id_str":"28420827"}]},"extended_entities":{"media":[{"id":1248030440981581824,"id_str":"1248030440981581824","indices":[65,88],"additional_media_info":{"monetizable":false},"media_url":"http:\/\/pbs.twimg.com\/ext_tw_video_thumb\/1248030440981581824\/pu\/img\/HKtLa6sK3ZtQmf9m.jpg","media_url_https":"https:\/\/pbs.twimg.com\/ext_tw_video_thumb\/1248030440981581824\/pu\/img\/HKtLa6sK3ZtQmf9m.jpg","url":"https:\/\/t.co\/4E6bCL3fV3","display_url":"pic.twitter.com\/4E6bCL3fV3","expanded_url":"https:\/\/twitter.com\/FINALLEVEL\/status\/1248030471767932928\/video\/1","type":"video","video_info":{"aspect_ratio":[1,1],"duration_millis":18967,"variants":[{"bitrate":1280000,"content_type":"video\/mp4","url":"https:\/\/video.twimg.com\/ext_tw_video\/1248030440981581824\/pu\/vid\/640x640\/-isNOTartmMUM6jZ.mp4?tag=10"},{"bitrate":432000,"content_type":"video\/mp4","url":"https:\/\/video.twimg.com\/ext_tw_video\/1248030440981581824\/pu\/vid\/320x320\/YxxyOYo6t-AhrzxY.mp4?tag=10"},{"bitrate":832000,"content_type":"video\/mp4","url":"https:\/\/video.twimg.com\/ext_tw_video\/1248030440981581824\/pu\/vid\/480x480\/D_cDmU39Tj60nMdT.mp4?tag=10"},{"content_type":"application\/x-mpegURL","url":"https:\/\/video.twimg.com\/ext_tw_video\/1248030440981581824\/pu\/pl\/_OScKqR9COKa8Pol.m3u8?tag=10"}]},"sizes":{"medium":{"w":640,"h":640,"resize":"fit"},"thumb":{"w":150,"h":150,"resize":"crop"},"large":{"w":640,"h":640,"resize":"fit"},"small":{"w":640,"h":640,"resize":"fit"}},"source_status_id":1248030471767932928,"source_status_id_str":"1248030471767932928","source_user_id":28420827,"source_user_id_str":"28420827"}]},"favorited":false,"retweeted":false,"possibly_sensitive":false,"filter_level":"low","lang":"en","timestamp_ms":"1586538236666"}
