{"created_at":"Fri Apr 10 17:03:58 +0000 2020","id":1248657991022370816,"id_str":"1248657991022370816","text":"\u062e\u0631\u0628\u064a\u064a\u064a\u062a \u0627\u0644\u0636\u062d\u0643\ud83d\ude02\ud83d\ude02 https:\/\/t.co\/Q2aGj9WdUQ","display_text_range":[0,15],"source":"\u003ca href=\"http:\/\/twitter.com\/download\/android\" rel=\"nofollow\"\u003eTwitter for Android\u003c\/a\u003e","truncated":false,"in_reply_to_status_id":null,"in_reply_to_status_id_str":null,"in_reply_to_user_id":null,"in_reply_to_user_id_str":null,"in_reply_to_screen_name":null,"user":{"id":65947158,"id_str":"65947158","name":"\u0634\u0640\u0640\u0640\u063a\u0640\u0640\u0640\u0628\u0640\u0640\u0640 \u00b2\u2077","screen_name":"smk0_","location":"\u062f\u0648\u0644\u0629 \u0634\u0628\u0631\u0627","url":null,"description":"\u200f\u200f\u200f\u200f\u200f\u200f\u200f\u200f\u200f\u200f\u200f\u200f\u200f\u200f\u200f\u200f\u200f\u200f\u200f\u200f\u200f\u200f\u200f\u200f\u200f\u200f\u200f\u200f\u200f\u200f\u200f\u200f\u200f\u200f\u200f\u200f\u200f\u200f\u200f\u200f\u200f\u200f\u200f\u200f\u200f\u200f\u200f\u200f\u200f\u200f\u200f\u200f\u200f\u200f\u200f\u200f\u200f\u200f\u200f\u0627\u0644\u0639\u062a\u0628 \u0644\u0645\u0646 \u0646\u062d\u0628 \u060c \u0623\u0645\u0627 \u0627\u0644\u0630\u064a\u0646 \u0644\u0627\u0646\u0631\u064a\u062f \u0628\u0642\u0627\u0626\u0647\u0645 \u0623\u0642\u0644 \u0634\u0623\u0646\u0627\u064b \u0645\u0646 \u0623\u0646 \u0646\u0639\u0627\u062a\u0628\u0647\u0645","translator_type":"none","protected":false,"verified":false,"followers_count":800,"friends_count":487,"listed_count":6,"favourites_count":3397,"statuses_count":37542,"created_at":"Sat Aug 15 18:17:34 +0000 2009","utc_offset":null,"time_zone":null,"geo_enabled":false,"lang":null,"contributors_enabled":false,"is_translator":false,"profile_background_color":"C0DEED","profile_background_image_url":"http:\/\/abs.twimg.com\/images\/themes\/theme1\/bg.png","profile_background_image_url_https":"https:\/\/abs.twimg.com\/images\/themes\/theme1\/bg.png","profile_background_tile":false,"profile_link_color":"1DA1F2","profile_sidebar_border_color":"C0DEED","profile_sidebar_fill_color":"DDEEF6","profile_text_color":"333333","profile_use_background_image":true,"profile_image_url":"http:\/\/pbs.twimg.com\/profile_images\/1247681946345517061\/HeRfZNkL_normal.jpg","profile_image_url_https":"https:\/\/pbs.twimg.com\/profile_images\/1247681946345517061\/HeRfZNkL_normal.jpg","profile_banner_url":"https:\/\/pbs.twimg.com\/profile_banners\/65947158\/1586128312","default_profile":true,"default_profile_image":false,"following":null,"follow_request_sent":null,"notifications":null},"geo":null,"coordinates":null,"place":null,"contributors":null,"is_quote_status":false,"quote_count":0,"reply_count":0,"retweet_count":0,"favorite_count":0,"entities":{"hashtags":[],"urls":[],"user_mentions":[],"symbols":[],"media":[{"id":1248656821159682054,"id_str":"1248656821159682054","indices":[16,39],"additional_media_info":{"monetizable":false},"media_url":"http:\/\/pbs.twimg.com\/ext_tw_video_thumb\/1248656821159682054\/pu\/img\/7GFgovDvTZV9Fp1A.jpg","media_url_https":"https:\/\/pbs.twimg.com\/ext_tw_video_thumb\/1248656821159682054\/pu\/img\/7GFgovDvTZV9Fp1A.jpg","url":"https:\/\/t.co\/Q2aGj9WdUQ","display_url":"pic.twitter.com\/Q2aGj9WdUQ","expanded_url":"https:\/\/twitter.com\/smk0_\/status\/1248657991022370816\/video\/1","type":"photo","sizes":{"thumb":{"w":150,"h":150,"resize":"crop"},"medium":{"w":320,"h":180,"resize":"fit"},"large":{"w":320,"h":180,"resize":"fit"},"small":{"w":320,"h":180,"resize":"fit"}}}]},"extended_entities":{"media":[{"id":1248656821159682054,"id_str":"1248656821159682054","indices":[16,39],"additional_media_info":{"monetizable":false},"media_url":"http:\/\/pbs.twimg.com\/ext_tw_video_thumb\/1248656821159682054\/pu\/img\/7GFgovDvTZV9Fp1A.jpg","media_url_https":"https:\/\/pbs.twimg.com\/ext_tw_video_thumb\/1248656821159682054\/pu\/img\/7GFgovDvTZV9Fp1A.jpg","url":"https:\/\/t.co\/Q2aGj9WdUQ","display_url":"pic.twitter.com\/Q2aGj9WdUQ","expanded_url":"https:\/\/twitter.com\/smk0_\/status\/1248657991022370816\/video\/1","type":"video","video_info":{"aspect_ratio":[16,9],"duration_millis":13033,"variants":[{"bitrate":256000,"content_type":"video\/mp4","url":"https:\/\/video.twimg.com\/ext_tw_video\/1248656821159682054\/pu\/vid\/320x180\/mMCf_W3SEykb1Off.mp4?tag=10"},{"content_type":"application\/x-mpegURL","url":"https:\/\/video.twimg.com\/ext_tw_video\/1248656821159682054\/pu\/pl\/tkfA1WcU-chq9J0x.m3u8?tag=10"}]},"sizes":{"thumb":{"w":150,"h":150,"resize":"crop"},"medium":{"w":320,"h":180,"resize":"fit"},"large":{"w":320,"h":180,"resize":"fit"},"small":{"w":320,"h":180,"resize":"fit"}}}]},"favorited":false,"retweeted":false,"possibly_sensitive":false,"filter_level":"low","lang":"ar","timestamp_ms":"1586538238660"}
