{"created_at":"Fri Apr 10 17:03:53 +0000 2020","id":1248657970042490883,"id_str":"1248657970042490883","text":"@dpshow Haha I love it DP","display_text_range":[8,25],"source":"\u003ca href=\"http:\/\/twitter.com\/download\/iphone\" rel=\"nofollow\"\u003eTwitter for iPhone\u003c\/a\u003e","truncated":false,"in_reply_to_status_id":1248641897486139393,"in_reply_to_status_id_str":"1248641897486139393","in_reply_to_user_id":65414320,"in_reply_to_user_id_str":"65414320","in_reply_to_screen_name":"dpshow","user":{"id":98287186,"id_str":"98287186","name":"V\u0100N\u00a2E","screen_name":"Vanwinklerrr","location":null,"url":null,"description":"I tweet about sports, food, music and other dumb stuff.","translator_type":"none","protected":false,"verified":false,"followers_count":453,"friends_count":617,"listed_count":4,"favourites_count":1424,"statuses_count":8764,"created_at":"Mon Dec 21 04:46:41 +0000 2009","utc_offset":null,"time_zone":null,"geo_enabled":true,"lang":null,"contributors_enabled":false,"is_translator":false,"profile_background_color":"C0DEED","profile_background_image_url":"http:\/\/abs.twimg.com\/images\/themes\/theme1\/bg.png","profile_background_image_url_https":"https:\/\/abs.twimg.com\/images\/themes\/theme1\/bg.png","profile_background_tile":true,"profile_link_color":"0084B4","profile_sidebar_border_color":"FFFFFF","profile_sidebar_fill_color":"DDEEF6","profile_text_color":"333333","profile_use_background_image":true,"profile_image_url":"http:\/\/pbs.twimg.com\/profile_images\/1188612600206184449\/Tq0OEUGD_normal.jpg","profile_image_url_https":"https:\/\/pbs.twimg.com\/profile_images\/1188612600206184449\/Tq0OEUGD_normal.jpg","profile_banner_url":"https:\/\/pbs.twimg.com\/profile_banners\/98287186\/1529545260","default_profile":false,"default_profile_image":false,"following":null,"follow_request_sent":null,"notifications":null},"geo":null,"coordinates":null,"place":null,"contributors":null,"is_quote_status":false,"quote_count":0,"reply_count":0,"retweet_count":0,"favorite_count":0,"entities":{"hashtags":[],"urls":[],"user_mentions":[{"screen_name":"dpshow","name":"Dan Patrick Show","id":65414320,"id_str":"65414320","indices":[0,7]}],"symbols":[]},"favorited":false,"retweeted":false,"filter_level":"low","lang":"en","timestamp_ms":"1586538233658"}
