{"created_at":"Fri Apr 10 17:03:56 +0000 2020","id":1248657982633713670,"id_str":"1248657982633713670","text":"@badbehappy @mnlalg Chui dans le m\u00eame \u00e9tat que toi","display_text_range":[20,50],"source":"\u003ca href=\"http:\/\/twitter.com\/download\/iphone\" rel=\"nofollow\"\u003eTwitter for iPhone\u003c\/a\u003e","truncated":false,"in_reply_to_status_id":1248657791960711170,"in_reply_to_status_id_str":"1248657791960711170","in_reply_to_user_id":910089684,"in_reply_to_user_id_str":"910089684","in_reply_to_screen_name":"badbehappy","user":{"id":724744917847826432,"id_str":"724744917847826432","name":"yas \u2077","screen_name":"yasbahdj","location":null,"url":null,"description":null,"translator_type":"none","protected":false,"verified":false,"followers_count":119,"friends_count":468,"listed_count":0,"favourites_count":5576,"statuses_count":17885,"created_at":"Mon Apr 25 23:40:28 +0000 2016","utc_offset":null,"time_zone":null,"geo_enabled":false,"lang":null,"contributors_enabled":false,"is_translator":false,"profile_background_color":"000000","profile_background_image_url":"http:\/\/abs.twimg.com\/images\/themes\/theme1\/bg.png","profile_background_image_url_https":"https:\/\/abs.twimg.com\/images\/themes\/theme1\/bg.png","profile_background_tile":false,"profile_link_color":"ABB8C2","profile_sidebar_border_color":"000000","profile_sidebar_fill_color":"000000","profile_text_color":"000000","profile_use_background_image":false,"profile_image_url":"http:\/\/pbs.twimg.com\/profile_images\/1231157882986647552\/EC3Ly7LT_normal.jpg","profile_image_url_https":"https:\/\/pbs.twimg.com\/profile_images\/1231157882986647552\/EC3Ly7LT_normal.jpg","profile_banner_url":"https:\/\/pbs.twimg.com\/profile_banners\/724744917847826432\/1582242722","default_profile":false,"default_profile_image":false,"following":null,"follow_request_sent":null,"notifications":null},"geo":null,"coordinates":null,"place":null,"contributors":null,"is_quote_status":false,"quote_count":0,"reply_count":0,"retweet_count":0,"favorite_count":0,"entities":{"hashtags":[],"urls":[],"user_mentions":[{"screen_name":"badbehappy","name":"(\u0e51\u25d5\ufe35\u25d5\u0e51)","id":910089684,"id_str":"910089684","indices":[0,11]},{"screen_name":"mnlalg","name":"Manelleuh","id":1031154474851688448,"id_str":"1031154474851688448","indices":[12,19]}],"symbols":[]},"favorited":false,"retweeted":false,"filter_level":"low","lang":"fr","timestamp_ms":"1586538236660"}
