{"created_at":"Fri Apr 10 17:03:56 +0000 2020","id":1248657982654566405,"id_str":"1248657982654566405","text":"RT @annattya: \u0e17\u0e23\u0e07\u0e1e\u0e23\u0e30\u0e40\u0e08\u0e23\u0e34\u0e10\u0e04\u0e48\u0e30\u0e1e\u0e23\u0e30\u0e2d\u0e07\u0e04\u0e4c\u0e2b\u0e0d\u0e34\u0e07 \u0e41\u0e15\u0e48\u0e27\u0e48\u0e32\u0e41\u0e15\u0e48\u0e1e\u0e23\u0e30\u0e2d\u0e07\u0e04\u0e4c\u0e17\u0e23\u0e07\u0e04\u0e25\u0e49\u0e2d\u0e07Steth \u0e17\u0e33\u0e44\u0e21\u0e2b\u0e23\u0e37\u0e2d\u0e40\u0e1e\u0e04\u0e30 \u0e44\u0e14\u0e49\u0e02\u0e48\u0e32\u0e27\u0e27\u0e48\u0e32\u0e17\u0e33\u0e41\u0e04\u0e48\u0e40\u0e08\u0e25 https:\/\/t.co\/INcncPVmbE","source":"\u003ca href=\"http:\/\/twitter.com\/download\/iphone\" rel=\"nofollow\"\u003eTwitter for iPhone\u003c\/a\u003e","truncated":false,"in_reply_to_status_id":null,"in_reply_to_status_id_str":null,"in_reply_to_user_id":null,"in_reply_to_user_id_str":null,"in_reply_to_screen_name":null,"user":{"id":1106365393,"id_str":"1106365393","name":"nn.","screen_name":"jsjvousme","location":"BKK,SFO","url":null,"description":"\ud835\udc1f(\ud835\udc24\ud835\udc25\ud835\udc1a\ud835\udc2f) \ud835\udc1b\ud835\udc2d\ud835\udc2c \ud835\udc24\ud835\udc2b\ud835\udc32\ud835\udc2c\ud835\udc2d\ud835\udc1a\ud835\udc25 \ud835\udc2d\ud835\udc1a\ud835\udc1e\ud835\udc21\ud835\udc32\ud835\udc2e\ud835\udc27\ud835\udc20 \ud835\udc23\ud835\udc2e\ud835\udc27\ud835\udc20\ud835\udc2c\ud835\udc22\ud835\udc2c \ud835\udc23\ud835\udc22\ud835\udc21\ud835\udc28\ud835\udc28\ud835\udc27 \u3002\ud835\udc24\ud835\udc2b\ud835\udc32\ud835\udc1b\ud835\udc1e\ud835\udc2b \ud835\udc26\ud835\udc22\ud835\udc27\ud835\udc2f \ud835\udc1a\ud835\udc25\ud835\udc25\ud835\udc2f \u3002","translator_type":"none","protected":false,"verified":false,"followers_count":882,"friends_count":65,"listed_count":2,"favourites_count":3709,"statuses_count":61795,"created_at":"Sun Jan 20 14:19:59 +0000 2013","utc_offset":null,"time_zone":null,"geo_enabled":true,"lang":null,"contributors_enabled":false,"is_translator":false,"profile_background_color":"FFFFFF","profile_background_image_url":"http:\/\/abs.twimg.com\/images\/themes\/theme1\/bg.png","profile_background_image_url_https":"https:\/\/abs.twimg.com\/images\/themes\/theme1\/bg.png","profile_background_tile":false,"profile_link_color":"A3D1C6","profile_sidebar_border_color":"FFFFFF","profile_sidebar_fill_color":"DDEEF6","profile_text_color":"333333","profile_use_background_image":true,"profile_image_url":"http:\/\/pbs.twimg.com\/profile_images\/1142055588609708032\/hkPVApCk_normal.jpg","profile_image_url_https":"https:\/\/pbs.twimg.com\/profile_images\/1142055588609708032\/hkPVApCk_normal.jpg","profile_banner_url":"https:\/\/pbs.twimg.com\/profile_banners\/1106365393\/1518851200","default_profile":false,"default_profile_image":false,"following":null,"follow_request_sent":null,"notifications":null},"geo":null,"coordinates":null,"place":null,"contributors":null,"retweeted_status":{"created_at":"Fri Apr 10 10:10:31 +0000 2020","id":1248553943417815041,"id_str":"1248553943417815041","text":"\u0e17\u0e23\u0e07\u0e1e\u0e23\u0e30\u0e40\u0e08\u0e23\u0e34\u0e10\u0e04\u0e48\u0e30\u0e1e\u0e23\u0e30\u0e2d\u0e07\u0e04\u0e4c\u0e2b\u0e0d\u0e34\u0e07 \u0e41\u0e15\u0e48\u0e27\u0e48\u0e32\u0e41\u0e15\u0e48\u0e1e\u0e23\u0e30\u0e2d\u0e07\u0e04\u0e4c\u0e17\u0e23\u0e07\u0e04\u0e25\u0e49\u0e2d\u0e07Steth \u0e17\u0e33\u0e44\u0e21\u0e2b\u0e23\u0e37\u0e2d\u0e40\u0e1e\u0e04\u0e30 \u0e44\u0e14\u0e49\u0e02\u0e48\u0e32\u0e27\u0e27\u0e48\u0e32\u0e17\u0e33\u0e41\u0e04\u0e48\u0e40\u0e08\u0e25 https:\/\/t.co\/INcncPVmbE","display_text_range":[0,87],"source":"\u003ca href=\"http:\/\/twitter.com\/download\/iphone\" rel=\"nofollow\"\u003eTwitter for iPhone\u003c\/a\u003e","truncated":false,"in_reply_to_status_id":null,"in_reply_to_status_id_str":null,"in_reply_to_user_id":null,"in_reply_to_user_id_str":null,"in_reply_to_screen_name":null,"user":{"id":167645098,"id_str":"167645098","name":"\u0e42\u0e08\u0e41\u0e2d\u0e19\u0e19\u0e32 \u0e42\u0e08\u0e2a\u0e15\u0e32\u0e23\u0e4c","screen_name":"annattya","location":null,"url":null,"description":"\u0e23\u0e2d\u0e02\u0e33\u0e2b\u0e19\u0e49\u0e32\u0e28\u0e1e\u0e1b\u0e23\u0e30\u0e22\u0e38\u0e14\u0e15\u0e2d\u0e19\u0e15\u0e32\u0e22","translator_type":"none","protected":false,"verified":false,"followers_count":1148,"friends_count":200,"listed_count":1,"favourites_count":4386,"statuses_count":79096,"created_at":"Sat Jul 17 03:33:46 +0000 2010","utc_offset":null,"time_zone":null,"geo_enabled":true,"lang":null,"contributors_enabled":false,"is_translator":false,"profile_background_color":"ABB8C2","profile_background_image_url":"http:\/\/abs.twimg.com\/images\/themes\/theme19\/bg.gif","profile_background_image_url_https":"https:\/\/abs.twimg.com\/images\/themes\/theme19\/bg.gif","profile_background_tile":false,"profile_link_color":"F5ABB5","profile_sidebar_border_color":"FFFFFF","profile_sidebar_fill_color":"EFEFEF","profile_text_color":"333333","profile_use_background_image":false,"profile_image_url":"http:\/\/pbs.twimg.com\/profile_images\/1246394209172480000\/Q-XXo5_R_normal.jpg","profile_image_url_https":"https:\/\/pbs.twimg.com\/profile_images\/1246394209172480000\/Q-XXo5_R_normal.jpg","profile_banner_url":"https:\/\/pbs.twimg.com\/profile_banners\/167645098\/1582449103","default_profile":false,"default_profile_image":false,"following":null,"follow_request_sent":null,"notifications":null},"geo":null,"coordinates":null,"place":null,"contributors":null,"is_quote_status":false,"quote_count":239,"reply_count":93,"retweet_count":25818,"favorite_count":2506,"entities":{"hashtags":[],"urls":[],"user_mentions":[],"symbols":[],"media":[{"id":1248553938195894273,"id_str":"1248553938195894273","indices":[88,111],"media_url":"http:\/\/pbs.twimg.com\/media\/EVPBMREU0AExarL.jpg","media_url_https":"https:\/\/pbs.twimg.com\/media\/EVPBMREU0AExarL.jpg","url":"https:\/\/t.co\/INcncPVmbE","display_url":"pic.twitter.com\/INcncPVmbE","expanded_url":"https:\/\/twitter.com\/annattya\/status\/1248553943417815041\/photo\/1","type":"photo","sizes":{"thumb":{"w":150,"h":150,"resize":"crop"},"large":{"w":1568,"h":1044,"resize":"fit"},"medium":{"w":1200,"h":799,"resize":"fit"},"small":{"w":680,"h":453,"resize":"fit"}}}]},"extended_entities":{"media":[{"id":1248553938195894273,"id_str":"1248553938195894273","indices":[88,111],"media_url":"http:\/\/pbs.twimg.com\/media\/EVPBMREU0AExarL.jpg","media_url_https":"https:\/\/pbs.twimg.com\/media\/EVPBMREU0AExarL.jpg","url":"https:\/\/t.co\/INcncPVmbE","display_url":"pic.twitter.com\/INcncPVmbE","expanded_url":"https:\/\/twitter.com\/annattya\/status\/1248553943417815041\/photo\/1","type":"photo","sizes":{"thumb":{"w":150,"h":150,"resize":"crop"},"large":{"w":1568,"h":1044,"resize":"fit"},"medium":{"w":1200,"h":799,"resize":"fit"},"small":{"w":680,"h":453,"resize":"fit"}}}]},"favorited":false,"retweeted":false,"possibly_sensitive":false,"filter_level":"low","lang":"th"},"is_quote_status":false,"quote_count":0,"reply_count":0,"retweet_count":0,"favorite_count":0,"entities":{"hashtags":[],"urls":[],"user_mentions":[{"screen_name":"annattya","name":"\u0e42\u0e08\u0e41\u0e2d\u0e19\u0e19\u0e32 \u0e42\u0e08\u0e2a\u0e15\u0e32\u0e23\u0e4c","id":167645098,"id_str":"167645098","indices":[3,12]}],"symbols":[],"media":[{"id":1248553938195894273,"id_str":"1248553938195894273","indices":[102,125],"media_url":"http:\/\/pbs.twimg.com\/media\/EVPBMREU0AExarL.jpg","media_url_https":"https:\/\/pbs.twimg.com\/media\/EVPBMREU0AExarL.jpg","url":"https:\/\/t.co\/INcncPVmbE","display_url":"pic.twitter.com\/INcncPVmbE","expanded_url":"https:\/\/twitter.com\/annattya\/status\/1248553943417815041\/photo\/1","type":"photo","sizes":{"thumb":{"w":150,"h":150,"resize":"crop"},"large":{"w":1568,"h":1044,"resize":"fit"},"medium":{"w":1200,"h":799,"resize":"fit"},"small":{"w":680,"h":453,"resize":"fit"}},"source_status_id":1248553943417815041,"source_status_id_str":"1248553943417815041","source_user_id":167645098,"source_user_id_str":"167645098"}]},"extended_entities":{"media":[{"id":1248553938195894273,"id_str":"1248553938195894273","indices":[102,125],"media_url":"http:\/\/pbs.twimg.com\/media\/EVPBMREU0AExarL.jpg","media_url_https":"https:\/\/pbs.twimg.com\/media\/EVPBMREU0AExarL.jpg","url":"https:\/\/t.co\/INcncPVmbE","display_url":"pic.twitter.com\/INcncPVmbE","expanded_url":"https:\/\/twitter.com\/annattya\/status\/1248553943417815041\/photo\/1","type":"photo","sizes":{"thumb":{"w":150,"h":150,"resize":"crop"},"large":{"w":1568,"h":1044,"resize":"fit"},"medium":{"w":1200,"h":799,"resize":"fit"},"small":{"w":680,"h":453,"resize":"fit"}},"source_status_id":1248553943417815041,"source_status_id_str":"1248553943417815041","source_user_id":167645098,"source_user_id_str":"167645098"}]},"favorited":false,"retweeted":false,"possibly_sensitive":false,"filter_level":"low","lang":"th","timestamp_ms":"1586538236665"}
