{"created_at":"Fri Apr 10 17:03:48 +0000 2020","id":1248657949066739712,"id_str":"1248657949066739712","text":"RT @JornalismoWando: https:\/\/t.co\/gw9p6RNAde","source":"\u003ca href=\"http:\/\/twitter.com\/download\/android\" rel=\"nofollow\"\u003eTwitter for Android\u003c\/a\u003e","truncated":false,"in_reply_to_status_id":null,"in_reply_to_status_id_str":null,"in_reply_to_user_id":null,"in_reply_to_user_id_str":null,"in_reply_to_screen_name":null,"user":{"id":919622967025381377,"id_str":"919622967025381377","name":"Ronaldo apaixonado por suporte b\u00e1sico de vida","screen_name":"RoCravo","location":"Curitiba, Brasil","url":null,"description":"Acad\u00eamico de medicina pela UP e portador dos melhores amigos de todos |19y","translator_type":"none","protected":false,"verified":false,"followers_count":150,"friends_count":406,"listed_count":1,"favourites_count":73867,"statuses_count":12122,"created_at":"Sun Oct 15 17:56:15 +0000 2017","utc_offset":null,"time_zone":null,"geo_enabled":false,"lang":null,"contributors_enabled":false,"is_translator":false,"profile_background_color":"F5F8FA","profile_background_image_url":"","profile_background_image_url_https":"","profile_background_tile":false,"profile_link_color":"1DA1F2","profile_sidebar_border_color":"C0DEED","profile_sidebar_fill_color":"DDEEF6","profile_text_color":"333333","profile_use_background_image":true,"profile_image_url":"http:\/\/pbs.twimg.com\/profile_images\/1247529446640218112\/HrGrGOvK_normal.jpg","profile_image_url_https":"https:\/\/pbs.twimg.com\/profile_images\/1247529446640218112\/HrGrGOvK_normal.jpg","profile_banner_url":"https:\/\/pbs.twimg.com\/profile_banners\/919622967025381377\/1513544240","default_profile":true,"default_profile_image":false,"following":null,"follow_request_sent":null,"notifications":null},"geo":null,"coordinates":null,"place":null,"contributors":null,"retweeted_status":{"created_at":"Fri Apr 10 02:47:28 +0000 2020","id":1248442444531843072,"id_str":"1248442444531843072","text":"https:\/\/t.co\/gw9p6RNAde","display_text_range":[0,0],"source":"\u003ca href=\"http:\/\/twitter.com\/download\/iphone\" rel=\"nofollow\"\u003eTwitter for iPhone\u003c\/a\u003e","truncated":false,"in_reply_to_status_id":null,"in_reply_to_status_id_str":null,"in_reply_to_user_id":null,"in_reply_to_user_id_str":null,"in_reply_to_screen_name":null,"user":{"id":362033655,"id_str":"362033655","name":"JornalismoWando","screen_name":"JornalismoWando","location":"Brasil","url":"https:\/\/theintercept.com\/staff\/joao-filho-brasil\/","description":"Colunista do @theinterceptbr","translator_type":"regular","protected":false,"verified":true,"followers_count":125638,"friends_count":2206,"listed_count":696,"favourites_count":43608,"statuses_count":122360,"created_at":"Thu Aug 25 18:55:10 +0000 2011","utc_offset":null,"time_zone":null,"geo_enabled":false,"lang":null,"contributors_enabled":false,"is_translator":false,"profile_background_color":"F57F65","profile_background_image_url":"http:\/\/abs.twimg.com\/images\/themes\/theme1\/bg.png","profile_background_image_url_https":"https:\/\/abs.twimg.com\/images\/themes\/theme1\/bg.png","profile_background_tile":true,"profile_link_color":"F20909","profile_sidebar_border_color":"FFFFFF","profile_sidebar_fill_color":"DDEEF6","profile_text_color":"333333","profile_use_background_image":true,"profile_image_url":"http:\/\/pbs.twimg.com\/profile_images\/642365736225239040\/V4JTathD_normal.jpg","profile_image_url_https":"https:\/\/pbs.twimg.com\/profile_images\/642365736225239040\/V4JTathD_normal.jpg","profile_banner_url":"https:\/\/pbs.twimg.com\/profile_banners\/362033655\/1486046696","default_profile":false,"default_profile_image":false,"following":null,"follow_request_sent":null,"notifications":null},"geo":null,"coordinates":null,"place":null,"contributors":null,"is_quote_status":false,"quote_count":2675,"reply_count":993,"retweet_count":13093,"favorite_count":50054,"entities":{"hashtags":[],"urls":[],"user_mentions":[],"symbols":[],"media":[{"id":1248442416430026758,"id_str":"1248442416430026758","indices":[0,23],"additional_media_info":{"monetizable":false},"media_url":"http:\/\/pbs.twimg.com\/ext_tw_video_thumb\/1248442416430026758\/pu\/img\/MaMYbsNPrAChc3gE.jpg","media_url_https":"https:\/\/pbs.twimg.com\/ext_tw_video_thumb\/1248442416430026758\/pu\/img\/MaMYbsNPrAChc3gE.jpg","url":"https:\/\/t.co\/gw9p6RNAde","display_url":"pic.twitter.com\/gw9p6RNAde","expanded_url":"https:\/\/twitter.com\/JornalismoWando\/status\/1248442444531843072\/video\/1","type":"photo","sizes":{"thumb":{"w":150,"h":150,"resize":"crop"},"medium":{"w":1200,"h":675,"resize":"fit"},"small":{"w":680,"h":383,"resize":"fit"},"large":{"w":1280,"h":720,"resize":"fit"}}}]},"extended_entities":{"media":[{"id":1248442416430026758,"id_str":"1248442416430026758","indices":[0,23],"additional_media_info":{"monetizable":false},"media_url":"http:\/\/pbs.twimg.com\/ext_tw_video_thumb\/1248442416430026758\/pu\/img\/MaMYbsNPrAChc3gE.jpg","media_url_https":"https:\/\/pbs.twimg.com\/ext_tw_video_thumb\/1248442416430026758\/pu\/img\/MaMYbsNPrAChc3gE.jpg","url":"https:\/\/t.co\/gw9p6RNAde","display_url":"pic.twitter.com\/gw9p6RNAde","expanded_url":"https:\/\/twitter.com\/JornalismoWando\/status\/1248442444531843072\/video\/1","type":"video","video_info":{"aspect_ratio":[16,9],"duration_millis":8173,"variants":[{"bitrate":256000,"content_type":"video\/mp4","url":"https:\/\/video.twimg.com\/ext_tw_video\/1248442416430026758\/pu\/vid\/480x270\/4fCKUviKyK-BNUhe.mp4?tag=10"},{"bitrate":832000,"content_type":"video\/mp4","url":"https:\/\/video.twimg.com\/ext_tw_video\/1248442416430026758\/pu\/vid\/640x360\/GmdkFgPzi_p6Jwzw.mp4?tag=10"},{"content_type":"application\/x-mpegURL","url":"https:\/\/video.twimg.com\/ext_tw_video\/1248442416430026758\/pu\/pl\/k6twt3_mUsRnvB3t.m3u8?tag=10"},{"bitrate":2176000,"content_type":"video\/mp4","url":"https:\/\/video.twimg.com\/ext_tw_video\/1248442416430026758\/pu\/vid\/1280x720\/bMGrUmO42fkoIvsg.mp4?tag=10"}]},"sizes":{"thumb":{"w":150,"h":150,"resize":"crop"},"medium":{"w":1200,"h":675,"resize":"fit"},"small":{"w":680,"h":383,"resize":"fit"},"large":{"w":1280,"h":720,"resize":"fit"}}}]},"favorited":false,"retweeted":false,"possibly_sensitive":false,"filter_level":"low","lang":"und"},"is_quote_status":false,"quote_count":0,"reply_count":0,"retweet_count":0,"favorite_count":0,"entities":{"hashtags":[],"urls":[],"user_mentions":[{"screen_name":"JornalismoWando","name":"JornalismoWando","id":362033655,"id_str":"362033655","indices":[3,19]}],"symbols":[],"media":[{"id":1248442416430026758,"id_str":"1248442416430026758","indices":[21,44],"additional_media_info":{"monetizable":false},"media_url":"http:\/\/pbs.twimg.com\/ext_tw_video_thumb\/1248442416430026758\/pu\/img\/MaMYbsNPrAChc3gE.jpg","media_url_https":"https:\/\/pbs.twimg.com\/ext_tw_video_thumb\/1248442416430026758\/pu\/img\/MaMYbsNPrAChc3gE.jpg","url":"https:\/\/t.co\/gw9p6RNAde","display_url":"pic.twitter.com\/gw9p6RNAde","expanded_url":"https:\/\/twitter.com\/JornalismoWando\/status\/1248442444531843072\/video\/1","type":"photo","sizes":{"thumb":{"w":150,"h":150,"resize":"crop"},"medium":{"w":1200,"h":675,"resize":"fit"},"small":{"w":680,"h":383,"resize":"fit"},"large":{"w":1280,"h":720,"resize":"fit"}},"source_status_id":1248442444531843072,"source_status_id_str":"1248442444531843072","source_user_id":362033655,"source_user_id_str":"362033655"}]},"extended_entities":{"media":[{"id":1248442416430026758,"id_str":"1248442416430026758","indices":[21,44],"additional_media_info":{"monetizable":false},"media_url":"http:\/\/pbs.twimg.com\/ext_tw_video_thumb\/1248442416430026758\/pu\/img\/MaMYbsNPrAChc3gE.jpg","media_url_https":"https:\/\/pbs.twimg.com\/ext_tw_video_thumb\/1248442416430026758\/pu\/img\/MaMYbsNPrAChc3gE.jpg","url":"https:\/\/t.co\/gw9p6RNAde","display_url":"pic.twitter.com\/gw9p6RNAde","expanded_url":"https:\/\/twitter.com\/JornalismoWando\/status\/1248442444531843072\/video\/1","type":"video","video_info":{"aspect_ratio":[16,9],"duration_millis":8173,"variants":[{"bitrate":256000,"content_type":"video\/mp4","url":"https:\/\/video.twimg.com\/ext_tw_video\/1248442416430026758\/pu\/vid\/480x270\/4fCKUviKyK-BNUhe.mp4?tag=10"},{"bitrate":832000,"content_type":"video\/mp4","url":"https:\/\/video.twimg.com\/ext_tw_video\/1248442416430026758\/pu\/vid\/640x360\/GmdkFgPzi_p6Jwzw.mp4?tag=10"},{"content_type":"application\/x-mpegURL","url":"https:\/\/video.twimg.com\/ext_tw_video\/1248442416430026758\/pu\/pl\/k6twt3_mUsRnvB3t.m3u8?tag=10"},{"bitrate":2176000,"content_type":"video\/mp4","url":"https:\/\/video.twimg.com\/ext_tw_video\/1248442416430026758\/pu\/vid\/1280x720\/bMGrUmO42fkoIvsg.mp4?tag=10"}]},"sizes":{"thumb":{"w":150,"h":150,"resize":"crop"},"medium":{"w":1200,"h":675,"resize":"fit"},"small":{"w":680,"h":383,"resize":"fit"},"large":{"w":1280,"h":720,"resize":"fit"}},"source_status_id":1248442444531843072,"source_status_id_str":"1248442444531843072","source_user_id":362033655,"source_user_id_str":"362033655"}]},"favorited":false,"retweeted":false,"possibly_sensitive":false,"filter_level":"low","lang":"und","timestamp_ms":"1586538228657"}
