{"created_at":"Fri Apr 10 17:03:51 +0000 2020","id":1248657961662193667,"id_str":"1248657961662193667","text":"@2241_McLaughlin Come on .... join the 21st century!","display_text_range":[17,52],"source":"\u003ca href=\"http:\/\/twitter.com\/download\/iphone\" rel=\"nofollow\"\u003eTwitter for iPhone\u003c\/a\u003e","truncated":false,"in_reply_to_status_id":1248654855306203138,"in_reply_to_status_id_str":"1248654855306203138","in_reply_to_user_id":841648454791241729,"in_reply_to_user_id_str":"841648454791241729","in_reply_to_screen_name":"2241_McLaughlin","user":{"id":205311434,"id_str":"205311434","name":"Andy Brown","screen_name":"redbrowny31","location":"Middle Sheep Land","url":null,"description":"Forest & Outlaw fan living in the middle of Derbyshire! Often found on the front row of the Trent End upper tier!!","translator_type":"none","protected":false,"verified":false,"followers_count":1707,"friends_count":1951,"listed_count":13,"favourites_count":36921,"statuses_count":31001,"created_at":"Wed Oct 20 15:51:33 +0000 2010","utc_offset":null,"time_zone":null,"geo_enabled":true,"lang":null,"contributors_enabled":false,"is_translator":false,"profile_background_color":"C71E34","profile_background_image_url":"http:\/\/abs.twimg.com\/images\/themes\/theme1\/bg.png","profile_background_image_url_https":"https:\/\/abs.twimg.com\/images\/themes\/theme1\/bg.png","profile_background_tile":true,"profile_link_color":"C42035","profile_sidebar_border_color":"000000","profile_sidebar_fill_color":"DDEEF6","profile_text_color":"333333","profile_use_background_image":true,"profile_image_url":"http:\/\/pbs.twimg.com\/profile_images\/1222676175190994944\/w6n7slTK_normal.jpg","profile_image_url_https":"https:\/\/pbs.twimg.com\/profile_images\/1222676175190994944\/w6n7slTK_normal.jpg","profile_banner_url":"https:\/\/pbs.twimg.com\/profile_banners\/205311434\/1573323724","default_profile":false,"default_profile_image":false,"following":null,"follow_request_sent":null,"notifications":null},"geo":null,"coordinates":null,"place":null,"contributors":null,"is_quote_status":false,"quote_count":0,"reply_count":0,"retweet_count":0,"favorite_count":0,"entities":{"hashtags":[],"urls":[],"user_mentions":[{"screen_name":"2241_McLaughlin","name":"Graham McLaughlin","id":841648454791241729,"id_str":"841648454791241729","indices":[0,16]}],"symbols":[]},"favorited":false,"retweeted":false,"filter_level":"low","lang":"en","timestamp_ms":"1586538231660"}
