{"created_at":"Fri Apr 10 17:03:54 +0000 2020","id":1248657974266036231,"id_str":"1248657974266036231","text":"@maariaisabela__ \u00d3dio","display_text_range":[17,21],"source":"\u003ca href=\"http:\/\/twitter.com\/download\/iphone\" rel=\"nofollow\"\u003eTwitter for iPhone\u003c\/a\u003e","truncated":false,"in_reply_to_status_id":1248617187121627141,"in_reply_to_status_id_str":"1248617187121627141","in_reply_to_user_id":1466367090,"in_reply_to_user_id_str":"1466367090","in_reply_to_screen_name":"maariaisabela__","user":{"id":866670315820199936,"id_str":"866670315820199936","name":"\ud835\udcd9\ud835\udcf8\ud835\udcf3\ud835\udcf8","screen_name":"macedojordanaa","location":"Manaus, Brasil","url":null,"description":null,"translator_type":"none","protected":false,"verified":false,"followers_count":94,"friends_count":111,"listed_count":0,"favourites_count":176,"statuses_count":208,"created_at":"Mon May 22 15:01:20 +0000 2017","utc_offset":null,"time_zone":null,"geo_enabled":true,"lang":null,"contributors_enabled":false,"is_translator":false,"profile_background_color":"F5F8FA","profile_background_image_url":"","profile_background_image_url_https":"","profile_background_tile":false,"profile_link_color":"1DA1F2","profile_sidebar_border_color":"C0DEED","profile_sidebar_fill_color":"DDEEF6","profile_text_color":"333333","profile_use_background_image":true,"profile_image_url":"http:\/\/pbs.twimg.com\/profile_images\/1243421096268849153\/MsB4j4Zy_normal.jpg","profile_image_url_https":"https:\/\/pbs.twimg.com\/profile_images\/1243421096268849153\/MsB4j4Zy_normal.jpg","profile_banner_url":"https:\/\/pbs.twimg.com\/profile_banners\/866670315820199936\/1580357364","default_profile":true,"default_profile_image":false,"following":null,"follow_request_sent":null,"notifications":null},"geo":null,"coordinates":null,"place":null,"contributors":null,"is_quote_status":false,"quote_count":0,"reply_count":0,"retweet_count":0,"favorite_count":0,"entities":{"hashtags":[],"urls":[],"user_mentions":[{"screen_name":"maariaisabela__","name":"fada \ud83e\uddda\ud83c\udffe\u200d\u2640\ufe0f","id":1466367090,"id_str":"1466367090","indices":[0,16]}],"symbols":[]},"favorited":false,"retweeted":false,"filter_level":"low","lang":"pt","timestamp_ms":"1586538234665"}
