{"created_at":"Fri Apr 10 17:03:57 +0000 2020","id":1248657986832216064,"id_str":"1248657986832216064","text":"RT @AnaCrisChT: Un dibujante intent\u00f3 representar los trastornos mentales a trav\u00e9s de sus artes https:\/\/t.co\/0cWozRASAm","source":"\u003ca href=\"http:\/\/twitter.com\/download\/android\" rel=\"nofollow\"\u003eTwitter for Android\u003c\/a\u003e","truncated":false,"in_reply_to_status_id":null,"in_reply_to_status_id_str":null,"in_reply_to_user_id":null,"in_reply_to_user_id_str":null,"in_reply_to_screen_name":null,"user":{"id":1060744543270850560,"id_str":"1060744543270850560","name":"Rom\u00e1n pero no el original","screen_name":"abaloroman","location":null,"url":null,"description":null,"translator_type":"none","protected":false,"verified":false,"followers_count":139,"friends_count":117,"listed_count":0,"favourites_count":2804,"statuses_count":996,"created_at":"Fri Nov 09 04:03:01 +0000 2018","utc_offset":null,"time_zone":null,"geo_enabled":false,"lang":null,"contributors_enabled":false,"is_translator":false,"profile_background_color":"F5F8FA","profile_background_image_url":"","profile_background_image_url_https":"","profile_background_tile":false,"profile_link_color":"1DA1F2","profile_sidebar_border_color":"C0DEED","profile_sidebar_fill_color":"DDEEF6","profile_text_color":"333333","profile_use_background_image":true,"profile_image_url":"http:\/\/pbs.twimg.com\/profile_images\/1219379250526068736\/jZzGt6sG_normal.jpg","profile_image_url_https":"https:\/\/pbs.twimg.com\/profile_images\/1219379250526068736\/jZzGt6sG_normal.jpg","profile_banner_url":"https:\/\/pbs.twimg.com\/profile_banners\/1060744543270850560\/1582700305","default_profile":true,"default_profile_image":false,"following":null,"follow_request_sent":null,"notifications":null},"geo":null,"coordinates":null,"place":null,"contributors":null,"retweeted_status":{"created_at":"Thu Apr 09 09:27:21 +0000 2020","id":1248180690459545603,"id_str":"1248180690459545603","text":"Un dibujante intent\u00f3 representar los trastornos mentales a trav\u00e9s de sus artes https:\/\/t.co\/0cWozRASAm","display_text_range":[0,78],"source":"\u003ca href=\"http:\/\/twitter.com\/download\/iphone\" rel=\"nofollow\"\u003eTwitter for iPhone\u003c\/a\u003e","truncated":false,"in_reply_to_status_id":null,"in_reply_to_status_id_str":null,"in_reply_to_user_id":null,"in_reply_to_user_id_str":null,"in_reply_to_screen_name":null,"user":{"id":3072372229,"id_str":"3072372229","name":"\u03b1\u03b7\u03b1cr\u03b9\u0455","screen_name":"AnaCrisChT","location":"enlachingadA","url":"http:\/\/instagram.com\/anacrischt92","description":"~aceptamos el amor que creemos merecer~ https:\/\/twitter.com\/intent\/tweet?text=puto%20el%20que%20lo%20lea%20  *mis tuits son letras de canciones*","translator_type":"none","protected":false,"verified":false,"followers_count":2051,"friends_count":851,"listed_count":5,"favourites_count":66356,"statuses_count":49126,"created_at":"Wed Mar 11 04:03:47 +0000 2015","utc_offset":null,"time_zone":null,"geo_enabled":true,"lang":null,"contributors_enabled":false,"is_translator":false,"profile_background_color":"000000","profile_background_image_url":"http:\/\/abs.twimg.com\/images\/themes\/theme1\/bg.png","profile_background_image_url_https":"https:\/\/abs.twimg.com\/images\/themes\/theme1\/bg.png","profile_background_tile":false,"profile_link_color":"DD2E44","profile_sidebar_border_color":"000000","profile_sidebar_fill_color":"000000","profile_text_color":"000000","profile_use_background_image":false,"profile_image_url":"http:\/\/pbs.twimg.com\/profile_images\/1244196389216825345\/HF5er_TS_normal.jpg","profile_image_url_https":"https:\/\/pbs.twimg.com\/profile_images\/1244196389216825345\/HF5er_TS_normal.jpg","profile_banner_url":"https:\/\/pbs.twimg.com\/profile_banners\/3072372229\/1585985764","default_profile":false,"default_profile_image":false,"following":null,"follow_request_sent":null,"notifications":null},"geo":null,"coordinates":null,"place":null,"contributors":null,"is_quote_status":false,"quote_count":1046,"reply_count":171,"retweet_count":18297,"favorite_count":77134,"entities":{"hashtags":[],"urls":[],"user_mentions":[],"symbols":[],"media":[{"id":1248180684448919553,"id_str":"1248180684448919553","indices":[79,102],"media_url":"http:\/\/pbs.twimg.com\/media\/EVJtuCgU8AEzqIf.jpg","media_url_https":"https:\/\/pbs.twimg.com\/media\/EVJtuCgU8AEzqIf.jpg","url":"https:\/\/t.co\/0cWozRASAm","display_url":"pic.twitter.com\/0cWozRASAm","expanded_url":"https:\/\/twitter.com\/AnaCrisChT\/status\/1248180690459545603\/photo\/1","type":"photo","sizes":{"medium":{"w":768,"h":960,"resize":"fit"},"thumb":{"w":150,"h":150,"resize":"crop"},"small":{"w":544,"h":680,"resize":"fit"},"large":{"w":768,"h":960,"resize":"fit"}}}]},"extended_entities":{"media":[{"id":1248180684448919553,"id_str":"1248180684448919553","indices":[79,102],"media_url":"http:\/\/pbs.twimg.com\/media\/EVJtuCgU8AEzqIf.jpg","media_url_https":"https:\/\/pbs.twimg.com\/media\/EVJtuCgU8AEzqIf.jpg","url":"https:\/\/t.co\/0cWozRASAm","display_url":"pic.twitter.com\/0cWozRASAm","expanded_url":"https:\/\/twitter.com\/AnaCrisChT\/status\/1248180690459545603\/photo\/1","type":"photo","sizes":{"medium":{"w":768,"h":960,"resize":"fit"},"thumb":{"w":150,"h":150,"resize":"crop"},"small":{"w":544,"h":680,"resize":"fit"},"large":{"w":768,"h":960,"resize":"fit"}}},{"id":1248180684457250817,"id_str":"1248180684457250817","indices":[79,102],"media_url":"http:\/\/pbs.twimg.com\/media\/EVJtuCiUEAEp0Gb.jpg","media_url_https":"https:\/\/pbs.twimg.com\/media\/EVJtuCiUEAEp0Gb.jpg","url":"https:\/\/t.co\/0cWozRASAm","display_url":"pic.twitter.com\/0cWozRASAm","expanded_url":"https:\/\/twitter.com\/AnaCrisChT\/status\/1248180690459545603\/photo\/1","type":"photo","sizes":{"thumb":{"w":150,"h":150,"resize":"crop"},"medium":{"w":768,"h":960,"resize":"fit"},"small":{"w":544,"h":680,"resize":"fit"},"large":{"w":768,"h":960,"resize":"fit"}}},{"id":1248180684448886784,"id_str":"1248180684448886784","indices":[79,102],"media_url":"http:\/\/pbs.twimg.com\/media\/EVJtuCgUcAA6hz3.jpg","media_url_https":"https:\/\/pbs.twimg.com\/media\/EVJtuCgUcAA6hz3.jpg","url":"https:\/\/t.co\/0cWozRASAm","display_url":"pic.twitter.com\/0cWozRASAm","expanded_url":"https:\/\/twitter.com\/AnaCrisChT\/status\/1248180690459545603\/photo\/1","type":"photo","sizes":{"thumb":{"w":150,"h":150,"resize":"crop"},"medium":{"w":768,"h":960,"resize":"fit"},"small":{"w":544,"h":680,"resize":"fit"},"large":{"w":768,"h":960,"resize":"fit"}}},{"id":1248180684453113856,"id_str":"1248180684453113856","indices":[79,102],"media_url":"http:\/\/pbs.twimg.com\/media\/EVJtuChU8AA-FpO.jpg","media_url_https":"https:\/\/pbs.twimg.com\/media\/EVJtuChU8AA-FpO.jpg","url":"https:\/\/t.co\/0cWozRASAm","display_url":"pic.twitter.com\/0cWozRASAm","expanded_url":"https:\/\/twitter.com\/AnaCrisChT\/status\/1248180690459545603\/photo\/1","type":"photo","sizes":{"thumb":{"w":150,"h":150,"resize":"crop"},"large":{"w":768,"h":960,"resize":"fit"},"small":{"w":544,"h":680,"resize":"fit"},"medium":{"w":768,"h":960,"resize":"fit"}}}]},"favorited":false,"retweeted":false,"possibly_sensitive":false,"filter_level":"low","lang":"es"},"is_quote_status":false,"quote_count":0,"reply_count":0,"retweet_count":0,"favorite_count":0,"entities":{"hashtags":[],"urls":[],"user_mentions":[{"screen_name":"AnaCrisChT","name":"\u03b1\u03b7\u03b1cr\u03b9\u0455","id":3072372229,"id_str":"3072372229","indices":[3,14]}],"symbols":[],"media":[{"id":1248180684448919553,"id_str":"1248180684448919553","indices":[95,118],"media_url":"http:\/\/pbs.twimg.com\/media\/EVJtuCgU8AEzqIf.jpg","media_url_https":"https:\/\/pbs.twimg.com\/media\/EVJtuCgU8AEzqIf.jpg","url":"https:\/\/t.co\/0cWozRASAm","display_url":"pic.twitter.com\/0cWozRASAm","expanded_url":"https:\/\/twitter.com\/AnaCrisChT\/status\/1248180690459545603\/photo\/1","type":"photo","sizes":{"medium":{"w":768,"h":960,"resize":"fit"},"thumb":{"w":150,"h":150,"resize":"crop"},"small":{"w":544,"h":680,"resize":"fit"},"large":{"w":768,"h":960,"resize":"fit"}},"source_status_id":1248180690459545603,"source_status_id_str":"1248180690459545603","source_user_id":3072372229,"source_user_id_str":"3072372229"}]},"extended_entities":{"media":[{"id":1248180684448919553,"id_str":"1248180684448919553","indices":[95,118],"media_url":"http:\/\/pbs.twimg.com\/media\/EVJtuCgU8AEzqIf.jpg","media_url_https":"https:\/\/pbs.twimg.com\/media\/EVJtuCgU8AEzqIf.jpg","url":"https:\/\/t.co\/0cWozRASAm","display_url":"pic.twitter.com\/0cWozRASAm","expanded_url":"https:\/\/twitter.com\/AnaCrisChT\/status\/1248180690459545603\/photo\/1","type":"photo","sizes":{"medium":{"w":768,"h":960,"resize":"fit"},"thumb":{"w":150,"h":150,"resize":"crop"},"small":{"w":544,"h":680,"resize":"fit"},"large":{"w":768,"h":960,"resize":"fit"}},"source_status_id":1248180690459545603,"source_status_id_str":"1248180690459545603","source_user_id":3072372229,"source_user_id_str":"3072372229"},{"id":1248180684457250817,"id_str":"1248180684457250817","indices":[95,118],"media_url":"http:\/\/pbs.twimg.com\/media\/EVJtuCiUEAEp0Gb.jpg","media_url_https":"https:\/\/pbs.twimg.com\/media\/EVJtuCiUEAEp0Gb.jpg","url":"https:\/\/t.co\/0cWozRASAm","display_url":"pic.twitter.com\/0cWozRASAm","expanded_url":"https:\/\/twitter.com\/AnaCrisChT\/status\/1248180690459545603\/photo\/1","type":"photo","sizes":{"thumb":{"w":150,"h":150,"resize":"crop"},"medium":{"w":768,"h":960,"resize":"fit"},"small":{"w":544,"h":680,"resize":"fit"},"large":{"w":768,"h":960,"resize":"fit"}},"source_status_id":1248180690459545603,"source_status_id_str":"1248180690459545603","source_user_id":3072372229,"source_user_id_str":"3072372229"},{"id":1248180684448886784,"id_str":"1248180684448886784","indices":[95,118],"media_url":"http:\/\/pbs.twimg.com\/media\/EVJtuCgUcAA6hz3.jpg","media_url_https":"https:\/\/pbs.twimg.com\/media\/EVJtuCgUcAA6hz3.jpg","url":"https:\/\/t.co\/0cWozRASAm","display_url":"pic.twitter.com\/0cWozRASAm","expanded_url":"https:\/\/twitter.com\/AnaCrisChT\/status\/1248180690459545603\/photo\/1","type":"photo","sizes":{"thumb":{"w":150,"h":150,"resize":"crop"},"medium":{"w":768,"h":960,"resize":"fit"},"small":{"w":544,"h":680,"resize":"fit"},"large":{"w":768,"h":960,"resize":"fit"}},"source_status_id":1248180690459545603,"source_status_id_str":"1248180690459545603","source_user_id":3072372229,"source_user_id_str":"3072372229"},{"id":1248180684453113856,"id_str":"1248180684453113856","indices":[95,118],"media_url":"http:\/\/pbs.twimg.com\/media\/EVJtuChU8AA-FpO.jpg","media_url_https":"https:\/\/pbs.twimg.com\/media\/EVJtuChU8AA-FpO.jpg","url":"https:\/\/t.co\/0cWozRASAm","display_url":"pic.twitter.com\/0cWozRASAm","expanded_url":"https:\/\/twitter.com\/AnaCrisChT\/status\/1248180690459545603\/photo\/1","type":"photo","sizes":{"thumb":{"w":150,"h":150,"resize":"crop"},"large":{"w":768,"h":960,"resize":"fit"},"small":{"w":544,"h":680,"resize":"fit"},"medium":{"w":768,"h":960,"resize":"fit"}},"source_status_id":1248180690459545603,"source_status_id_str":"1248180690459545603","source_user_id":3072372229,"source_user_id_str":"3072372229"}]},"favorited":false,"retweeted":false,"possibly_sensitive":false,"filter_level":"low","lang":"es","timestamp_ms":"1586538237661"}
