{"created_at":"Fri Apr 10 17:03:56 +0000 2020","id":1248657982629367808,"id_str":"1248657982629367808","text":"RT @YounaChann: \u0e2d\u0e35\u0e2b\u0e21\u0e2d\u0e21\u0e31\u0e19\u0e04\u0e34\u0e14\u0e27\u0e48\u0e32\u0e04\u0e19\u0e15\u0e08\u0e27.\u0e17\u0e38\u0e01\u0e1a\u0e49\u0e32\u0e19\u0e21\u0e35\u0e44\u0e23\u0e48\u0e21\u0e35\u0e2a\u0e27\u0e19 \u0e40\u0e25\u0e35\u0e49\u0e22\u0e07\u0e44\u0e01\u0e48\u0e44\u0e27\u0e49\u0e1a\u0e19\u0e1a\u0e48\u0e2d\u0e1b\u0e25\u0e32 \u0e1b\u0e25\u0e32\u0e01\u0e34\u0e19\u0e02\u0e35\u0e49\u0e44\u0e01\u0e48 \u0e21\u0e32\u0e19\u0e35\u0e01\u0e31\u0e1a\u0e40\u0e08\u0e49\u0e32\u0e42\u0e15\u0e40\u0e01\u0e47\u0e1a\u0e44\u0e02\u0e48\u0e44\u0e01\u0e48\u0e41\u0e1a\u0e48\u0e07\u0e0a\u0e39\u0e43\u0e08 \u0e44\u0e2d\u0e49\u0e2a\u0e31\u0e2a \u0e2b\u0e19\u0e31\u0e07\u0e2a\u0e37\u0e2d\u0e2a\u0e1b\u0e0a.\u0e1b\u2026","source":"\u003ca href=\"http:\/\/twitter.com\/download\/android\" rel=\"nofollow\"\u003eTwitter for Android\u003c\/a\u003e","truncated":false,"in_reply_to_status_id":null,"in_reply_to_status_id_str":null,"in_reply_to_user_id":null,"in_reply_to_user_id_str":null,"in_reply_to_screen_name":null,"user":{"id":714848336134557696,"id_str":"714848336134557696","name":"\u0e2a\u0e15\u0e23\u0e2d\u0e27\u0e4c\u0e40\u0e1a\u0e2d\u0e23\u0e4c\u0e23\u0e35\u0e48\u0e42\u0e04\u0e15\u0e23\u0e40\u0e2a\u0e35\u0e22\u0e43\u0e08\u0e40\u0e25\u0e22 \ud83d\ude22","screen_name":"haikonsanitfoll","location":null,"url":null,"description":"\u1d18\u0280\u026a\u1d20\u1d00\u1d1b\u1d07 \u0274\u1d00 \u1d0b\u0e48\u1d00 \ud83c\udf3b","translator_type":"none","protected":false,"verified":false,"followers_count":38,"friends_count":86,"listed_count":0,"favourites_count":20767,"statuses_count":313812,"created_at":"Tue Mar 29 16:14:59 +0000 2016","utc_offset":null,"time_zone":null,"geo_enabled":true,"lang":null,"contributors_enabled":false,"is_translator":false,"profile_background_color":"F5F8FA","profile_background_image_url":"","profile_background_image_url_https":"","profile_background_tile":false,"profile_link_color":"1DA1F2","profile_sidebar_border_color":"C0DEED","profile_sidebar_fill_color":"DDEEF6","profile_text_color":"333333","profile_use_background_image":true,"profile_image_url":"http:\/\/pbs.twimg.com\/profile_images\/1066141593495777280\/tsMBBzY1_normal.jpg","profile_image_url_https":"https:\/\/pbs.twimg.com\/profile_images\/1066141593495777280\/tsMBBzY1_normal.jpg","profile_banner_url":"https:\/\/pbs.twimg.com\/profile_banners\/714848336134557696\/1543022941","default_profile":true,"default_profile_image":false,"following":null,"follow_request_sent":null,"notifications":null},"geo":null,"coordinates":null,"place":null,"contributors":null,"retweeted_status":{"created_at":"Thu Apr 09 10:46:57 +0000 2020","id":1248200724887920641,"id_str":"1248200724887920641","text":"\u0e2d\u0e35\u0e2b\u0e21\u0e2d\u0e21\u0e31\u0e19\u0e04\u0e34\u0e14\u0e27\u0e48\u0e32\u0e04\u0e19\u0e15\u0e08\u0e27.\u0e17\u0e38\u0e01\u0e1a\u0e49\u0e32\u0e19\u0e21\u0e35\u0e44\u0e23\u0e48\u0e21\u0e35\u0e2a\u0e27\u0e19 \u0e40\u0e25\u0e35\u0e49\u0e22\u0e07\u0e44\u0e01\u0e48\u0e44\u0e27\u0e49\u0e1a\u0e19\u0e1a\u0e48\u0e2d\u0e1b\u0e25\u0e32 \u0e1b\u0e25\u0e32\u0e01\u0e34\u0e19\u0e02\u0e35\u0e49\u0e44\u0e01\u0e48 \u0e21\u0e32\u0e19\u0e35\u0e01\u0e31\u0e1a\u0e40\u0e08\u0e49\u0e32\u0e42\u0e15\u0e40\u0e01\u0e47\u0e1a\u0e44\u0e02\u0e48\u0e44\u0e01\u0e48\u0e41\u0e1a\u0e48\u0e07\u0e0a\u0e39\u0e43\u0e08 \u0e44\u0e2d\u0e49\u0e2a\u0e31\u0e2a \u0e2b\u0e19\u0e31\u0e07\u2026 https:\/\/t.co\/vJ5wydN1r9","display_text_range":[0,140],"source":"\u003ca href=\"http:\/\/twitter.com\/download\/iphone\" rel=\"nofollow\"\u003eTwitter for iPhone\u003c\/a\u003e","truncated":true,"in_reply_to_status_id":null,"in_reply_to_status_id_str":null,"in_reply_to_user_id":null,"in_reply_to_user_id_str":null,"in_reply_to_screen_name":null,"user":{"id":1326163814,"id_str":"1326163814","name":"\u0e22\u0e39\u0e19\u0e30 \u0e19\u0e32\u0e21\u0e2a\u0e01\u0e38\u0e25 \u0e40\u0e2d\u0e32\u0e2d\u0e35\u0e01\u0e41\u0e25\u0e49\u0e27\u0e19\u0e30","screen_name":"YounaChann","location":null,"url":"https:\/\/store.line.me","description":"\u0e0a\u0e2d\u0e1a\u0e27\u0e32\u0e14\u0e41\u0e21\u0e27 \u0e0b\u0e37\u0e49\u0e2d\u0e41\u0e21\u0e27\u0e01\u0e14 \ud83d\udc49\ud83c\udffb http:\/\/bit.ly\/31auwws","translator_type":"none","protected":false,"verified":false,"followers_count":13811,"friends_count":474,"listed_count":27,"favourites_count":1367,"statuses_count":12016,"created_at":"Thu Apr 04 04:42:12 +0000 2013","utc_offset":null,"time_zone":null,"geo_enabled":true,"lang":null,"contributors_enabled":false,"is_translator":false,"profile_background_color":"C0DEED","profile_background_image_url":"http:\/\/abs.twimg.com\/images\/themes\/theme1\/bg.png","profile_background_image_url_https":"https:\/\/abs.twimg.com\/images\/themes\/theme1\/bg.png","profile_background_tile":false,"profile_link_color":"1DA1F2","profile_sidebar_border_color":"C0DEED","profile_sidebar_fill_color":"DDEEF6","profile_text_color":"333333","profile_use_background_image":true,"profile_image_url":"http:\/\/pbs.twimg.com\/profile_images\/1246446934358810630\/RtSRUiy9_normal.png","profile_image_url_https":"https:\/\/pbs.twimg.com\/profile_images\/1246446934358810630\/RtSRUiy9_normal.png","profile_banner_url":"https:\/\/pbs.twimg.com\/profile_banners\/1326163814\/1556804987","default_profile":true,"default_profile_image":false,"following":null,"follow_request_sent":null,"notifications":null},"geo":null,"coordinates":null,"place":null,"contributors":null,"is_quote_status":false,"extended_tweet":{"full_text":"\u0e2d\u0e35\u0e2b\u0e21\u0e2d\u0e21\u0e31\u0e19\u0e04\u0e34\u0e14\u0e27\u0e48\u0e32\u0e04\u0e19\u0e15\u0e08\u0e27.\u0e17\u0e38\u0e01\u0e1a\u0e49\u0e32\u0e19\u0e21\u0e35\u0e44\u0e23\u0e48\u0e21\u0e35\u0e2a\u0e27\u0e19 \u0e40\u0e25\u0e35\u0e49\u0e22\u0e07\u0e44\u0e01\u0e48\u0e44\u0e27\u0e49\u0e1a\u0e19\u0e1a\u0e48\u0e2d\u0e1b\u0e25\u0e32 \u0e1b\u0e25\u0e32\u0e01\u0e34\u0e19\u0e02\u0e35\u0e49\u0e44\u0e01\u0e48 \u0e21\u0e32\u0e19\u0e35\u0e01\u0e31\u0e1a\u0e40\u0e08\u0e49\u0e32\u0e42\u0e15\u0e40\u0e01\u0e47\u0e1a\u0e44\u0e02\u0e48\u0e44\u0e01\u0e48\u0e41\u0e1a\u0e48\u0e07\u0e0a\u0e39\u0e43\u0e08 \u0e44\u0e2d\u0e49\u0e2a\u0e31\u0e2a \u0e2b\u0e19\u0e31\u0e07\u0e2a\u0e37\u0e2d\u0e2a\u0e1b\u0e0a.\u0e1b.3 \u0e15\u0e31\u0e14\u0e20\u0e32\u0e1e\u0e21\u0e32\u0e17\u0e35\u0e48\u0e02\u0e2d\u0e07\u0e08\u0e23\u0e34\u0e07\u0e1a\u0e32\u0e07\u0e1a\u0e49\u0e32\u0e19\u0e42\u0e09\u0e19\u0e14\u0e22\u0e31\u0e07\u0e44\u0e21\u0e48\u0e21\u0e35 \u0e44\u0e23\u0e48\u0e19\u0e32\u0e01\u0e47\u0e15\u0e49\u0e2d\u0e07\u0e44\u0e1b\u0e40\u0e0a\u0e48\u0e32\u0e40\u0e2d\u0e32\u0e01\u0e31\u0e1a\u0e19\u0e32\u0e22\u0e17\u0e38\u0e19 \u0e42\u0e04\u0e15\u0e23\u0e25\u0e30\u0e40\u0e21\u0e2d https:\/\/t.co\/fF8BoN3ZJD","display_text_range":[0,203],"entities":{"hashtags":[],"urls":[],"user_mentions":[],"symbols":[],"media":[{"id":1248200711852048387,"id_str":"1248200711852048387","indices":[204,227],"media_url":"http:\/\/pbs.twimg.com\/media\/EVJ_7yZUwAM5Umn.jpg","media_url_https":"https:\/\/pbs.twimg.com\/media\/EVJ_7yZUwAM5Umn.jpg","url":"https:\/\/t.co\/fF8BoN3ZJD","display_url":"pic.twitter.com\/fF8BoN3ZJD","expanded_url":"https:\/\/twitter.com\/YounaChann\/status\/1248200724887920641\/photo\/1","type":"photo","sizes":{"small":{"w":680,"h":443,"resize":"fit"},"thumb":{"w":150,"h":150,"resize":"crop"},"large":{"w":1242,"h":810,"resize":"fit"},"medium":{"w":1200,"h":783,"resize":"fit"}}}]},"extended_entities":{"media":[{"id":1248200711852048387,"id_str":"1248200711852048387","indices":[204,227],"media_url":"http:\/\/pbs.twimg.com\/media\/EVJ_7yZUwAM5Umn.jpg","media_url_https":"https:\/\/pbs.twimg.com\/media\/EVJ_7yZUwAM5Umn.jpg","url":"https:\/\/t.co\/fF8BoN3ZJD","display_url":"pic.twitter.com\/fF8BoN3ZJD","expanded_url":"https:\/\/twitter.com\/YounaChann\/status\/1248200724887920641\/photo\/1","type":"photo","sizes":{"small":{"w":680,"h":443,"resize":"fit"},"thumb":{"w":150,"h":150,"resize":"crop"},"large":{"w":1242,"h":810,"resize":"fit"},"medium":{"w":1200,"h":783,"resize":"fit"}}}]}},"quote_count":124,"reply_count":35,"retweet_count":13172,"favorite_count":1266,"entities":{"hashtags":[],"urls":[{"url":"https:\/\/t.co\/vJ5wydN1r9","expanded_url":"https:\/\/twitter.com\/i\/web\/status\/1248200724887920641","display_url":"twitter.com\/i\/web\/status\/1\u2026","indices":[117,140]}],"user_mentions":[],"symbols":[]},"favorited":false,"retweeted":false,"possibly_sensitive":false,"filter_level":"low","lang":"th"},"is_quote_status":false,"quote_count":0,"reply_count":0,"retweet_count":0,"favorite_count":0,"entities":{"hashtags":[],"urls":[],"user_mentions":[{"screen_name":"YounaChann","name":"\u0e22\u0e39\u0e19\u0e30 \u0e19\u0e32\u0e21\u0e2a\u0e01\u0e38\u0e25 \u0e40\u0e2d\u0e32\u0e2d\u0e35\u0e01\u0e41\u0e25\u0e49\u0e27\u0e19\u0e30","id":1326163814,"id_str":"1326163814","indices":[3,14]}],"symbols":[]},"favorited":false,"retweeted":false,"filter_level":"low","lang":"th","timestamp_ms":"1586538236659"}
