{"created_at":"Fri Apr 10 17:03:48 +0000 2020","id":1248657949087502336,"id_str":"1248657949087502336","text":"RT @xiaomeow242: \u0e15\u0e25\u0e01\u0e2d\u0e31\u0e19\u0e19\u0e35\u0e49\u0e40\u0e23\u0e49\u0e01\u0e42\u0e21\u0e42\u0e2b\u0e43\u0e2b\u0e0d\u0e48 555555 \u0e40\u0e23\u0e49\u0e01\u0e1a\u0e2d\u0e01\u0e2d\u0e22\u0e48\u0e32\u0e21\u0e32\u0e42\u0e17\u0e29\u0e0a\u0e31\u0e49\u0e19\u0e19\u0e30 \u0e19\u0e32\u0e22\u0e25\u0e2d\u0e07\u0e21\u0e32\u0e27\u0e32\u0e14\u0e40\u0e2d\u0e07\u0e14\u0e39\u0e21\u0e31\u0e49\u0e22!! https:\/\/t.co\/ynjpexvCcN","source":"\u003ca href=\"http:\/\/twitter.com\/download\/iphone\" rel=\"nofollow\"\u003eTwitter for iPhone\u003c\/a\u003e","truncated":false,"in_reply_to_status_id":null,"in_reply_to_status_id_str":null,"in_reply_to_user_id":null,"in_reply_to_user_id_str":null,"in_reply_to_screen_name":null,"user":{"id":903294828070318080,"id_str":"903294828070318080","name":"\ud835\uddaf\ud835\uddbe\ud835\uddba\ud835\uddbc\ud835\uddc1\ud83d\udc3e","screen_name":"lookpeachyy_","location":"\u0e23\u0e31\u0e01\u0e25\u0e39\u0e04\u0e31\u0e2a\u0e08\u0e31\u0e07\u0e40\u0e25\u0e22\u0e04\u0e48\u0e30","url":null,"description":"nct bts blackpink \u2661","translator_type":"none","protected":false,"verified":false,"followers_count":41,"friends_count":720,"listed_count":3,"favourites_count":22324,"statuses_count":23631,"created_at":"Thu Aug 31 16:34:04 +0000 2017","utc_offset":null,"time_zone":null,"geo_enabled":false,"lang":null,"contributors_enabled":false,"is_translator":false,"profile_background_color":"F5F8FA","profile_background_image_url":"","profile_background_image_url_https":"","profile_background_tile":false,"profile_link_color":"1DA1F2","profile_sidebar_border_color":"C0DEED","profile_sidebar_fill_color":"DDEEF6","profile_text_color":"333333","profile_use_background_image":true,"profile_image_url":"http:\/\/pbs.twimg.com\/profile_images\/1246721823208701955\/VEF_siXZ_normal.jpg","profile_image_url_https":"https:\/\/pbs.twimg.com\/profile_images\/1246721823208701955\/VEF_siXZ_normal.jpg","profile_banner_url":"https:\/\/pbs.twimg.com\/profile_banners\/903294828070318080\/1586077485","default_profile":true,"default_profile_image":false,"following":null,"follow_request_sent":null,"notifications":null},"geo":null,"coordinates":null,"place":null,"contributors":null,"retweeted_status":{"created_at":"Fri Apr 10 10:18:52 +0000 2020","id":1248556041693843456,"id_str":"1248556041693843456","text":"\u0e15\u0e25\u0e01\u0e2d\u0e31\u0e19\u0e19\u0e35\u0e49\u0e40\u0e23\u0e49\u0e01\u0e42\u0e21\u0e42\u0e2b\u0e43\u0e2b\u0e0d\u0e48 555555 \u0e40\u0e23\u0e49\u0e01\u0e1a\u0e2d\u0e01\u0e2d\u0e22\u0e48\u0e32\u0e21\u0e32\u0e42\u0e17\u0e29\u0e0a\u0e31\u0e49\u0e19\u0e19\u0e30 \u0e19\u0e32\u0e22\u0e25\u0e2d\u0e07\u0e21\u0e32\u0e27\u0e32\u0e14\u0e40\u0e2d\u0e07\u0e14\u0e39\u0e21\u0e31\u0e49\u0e22!! https:\/\/t.co\/ynjpexvCcN","source":"\u003ca href=\"http:\/\/twitter.com\/download\/android\" rel=\"nofollow\"\u003eTwitter for Android\u003c\/a\u003e","truncated":false,"in_reply_to_status_id":null,"in_reply_to_status_id_str":null,"in_reply_to_user_id":null,"in_reply_to_user_id_str":null,"in_reply_to_screen_name":null,"user":{"id":1088714058281283584,"id_str":"1088714058281283584","name":"\u0295\u25d5\u203f\u25d5\u0294","screen_name":"xiaomeow242","location":null,"url":null,"description":"\ud83e\udd8a","translator_type":"none","protected":false,"verified":false,"followers_count":1508,"friends_count":281,"listed_count":53,"favourites_count":337,"statuses_count":36956,"created_at":"Fri Jan 25 08:23:53 +0000 2019","utc_offset":null,"time_zone":null,"geo_enabled":false,"lang":null,"contributors_enabled":false,"is_translator":false,"profile_background_color":"F5F8FA","profile_background_image_url":"","profile_background_image_url_https":"","profile_background_tile":false,"profile_link_color":"1DA1F2","profile_sidebar_border_color":"C0DEED","profile_sidebar_fill_color":"DDEEF6","profile_text_color":"333333","profile_use_background_image":true,"profile_image_url":"http:\/\/pbs.twimg.com\/profile_images\/1245292239770640385\/9fObgJOQ_normal.jpg","profile_image_url_https":"https:\/\/pbs.twimg.com\/profile_images\/1245292239770640385\/9fObgJOQ_normal.jpg","profile_banner_url":"https:\/\/pbs.twimg.com\/profile_banners\/1088714058281283584\/1576672123","default_profile":true,"default_profile_image":false,"following":null,"follow_request_sent":null,"notifications":null},"geo":null,"coordinates":null,"place":null,"contributors":null,"is_quote_status":false,"quote_count":5,"reply_count":3,"retweet_count":1882,"favorite_count":400,"entities":{"hashtags":[],"urls":[],"user_mentions":[],"symbols":[],"media":[{"id":1248548034503258114,"id_str":"1248548034503258114","indices":[75,98],"additional_media_info":{"monetizable":false},"media_url":"http:\/\/pbs.twimg.com\/ext_tw_video_thumb\/1248548034503258114\/pu\/img\/INndatudDMuWkxF-.jpg","media_url_https":"https:\/\/pbs.twimg.com\/ext_tw_video_thumb\/1248548034503258114\/pu\/img\/INndatudDMuWkxF-.jpg","url":"https:\/\/t.co\/ynjpexvCcN","display_url":"pic.twitter.com\/ynjpexvCcN","expanded_url":"https:\/\/twitter.com\/renjunchive\/status\/1248548089276715008\/video\/1","type":"photo","sizes":{"thumb":{"w":150,"h":150,"resize":"crop"},"small":{"w":680,"h":680,"resize":"fit"},"medium":{"w":720,"h":720,"resize":"fit"},"large":{"w":720,"h":720,"resize":"fit"}},"source_status_id":1248548089276715008,"source_status_id_str":"1248548089276715008","source_user_id":1134422325741228032,"source_user_id_str":"1134422325741228032"}]},"extended_entities":{"media":[{"id":1248548034503258114,"id_str":"1248548034503258114","indices":[75,98],"additional_media_info":{"monetizable":false},"media_url":"http:\/\/pbs.twimg.com\/ext_tw_video_thumb\/1248548034503258114\/pu\/img\/INndatudDMuWkxF-.jpg","media_url_https":"https:\/\/pbs.twimg.com\/ext_tw_video_thumb\/1248548034503258114\/pu\/img\/INndatudDMuWkxF-.jpg","url":"https:\/\/t.co\/ynjpexvCcN","display_url":"pic.twitter.com\/ynjpexvCcN","expanded_url":"https:\/\/twitter.com\/renjunchive\/status\/1248548089276715008\/video\/1","type":"video","video_info":{"aspect_ratio":[1,1],"duration_millis":10200,"variants":[{"bitrate":1280000,"content_type":"video\/mp4","url":"https:\/\/video.twimg.com\/ext_tw_video\/1248548034503258114\/pu\/vid\/720x720\/yijfzwtIwCxMXKKk.mp4?tag=10"},{"content_type":"application\/x-mpegURL","url":"https:\/\/video.twimg.com\/ext_tw_video\/1248548034503258114\/pu\/pl\/dmSC_5FabCLSDcm6.m3u8?tag=10"},{"bitrate":832000,"content_type":"video\/mp4","url":"https:\/\/video.twimg.com\/ext_tw_video\/1248548034503258114\/pu\/vid\/480x480\/vekGgMlv85rXcmiz.mp4?tag=10"},{"bitrate":432000,"content_type":"video\/mp4","url":"https:\/\/video.twimg.com\/ext_tw_video\/1248548034503258114\/pu\/vid\/320x320\/1MXfUapN-lbB5SXe.mp4?tag=10"}]},"sizes":{"thumb":{"w":150,"h":150,"resize":"crop"},"small":{"w":680,"h":680,"resize":"fit"},"medium":{"w":720,"h":720,"resize":"fit"},"large":{"w":720,"h":720,"resize":"fit"}},"source_status_id":1248548089276715008,"source_status_id_str":"1248548089276715008","source_user_id":1134422325741228032,"source_user_id_str":"1134422325741228032"}]},"favorited":false,"retweeted":false,"possibly_sensitive":false,"filter_level":"low","lang":"th"},"is_quote_status":false,"quote_count":0,"reply_count":0,"retweet_count":0,"favorite_count":0,"entities":{"hashtags":[],"urls":[],"user_mentions":[{"screen_name":"xiaomeow242","name":"\u0295\u25d5\u203f\u25d5\u0294","id":1088714058281283584,"id_str":"1088714058281283584","indices":[3,15]}],"symbols":[],"media":[{"id":1248548034503258114,"id_str":"1248548034503258114","indices":[92,115],"additional_media_info":{"monetizable":false},"media_url":"http:\/\/pbs.twimg.com\/ext_tw_video_thumb\/1248548034503258114\/pu\/img\/INndatudDMuWkxF-.jpg","media_url_https":"https:\/\/pbs.twimg.com\/ext_tw_video_thumb\/1248548034503258114\/pu\/img\/INndatudDMuWkxF-.jpg","url":"https:\/\/t.co\/ynjpexvCcN","display_url":"pic.twitter.com\/ynjpexvCcN","expanded_url":"https:\/\/twitter.com\/renjunchive\/status\/1248548089276715008\/video\/1","type":"photo","sizes":{"thumb":{"w":150,"h":150,"resize":"crop"},"small":{"w":680,"h":680,"resize":"fit"},"medium":{"w":720,"h":720,"resize":"fit"},"large":{"w":720,"h":720,"resize":"fit"}},"source_status_id":1248548089276715008,"source_status_id_str":"1248548089276715008","source_user_id":1134422325741228032,"source_user_id_str":"1134422325741228032"}]},"extended_entities":{"media":[{"id":1248548034503258114,"id_str":"1248548034503258114","indices":[92,115],"additional_media_info":{"monetizable":false},"media_url":"http:\/\/pbs.twimg.com\/ext_tw_video_thumb\/1248548034503258114\/pu\/img\/INndatudDMuWkxF-.jpg","media_url_https":"https:\/\/pbs.twimg.com\/ext_tw_video_thumb\/1248548034503258114\/pu\/img\/INndatudDMuWkxF-.jpg","url":"https:\/\/t.co\/ynjpexvCcN","display_url":"pic.twitter.com\/ynjpexvCcN","expanded_url":"https:\/\/twitter.com\/renjunchive\/status\/1248548089276715008\/video\/1","type":"video","video_info":{"aspect_ratio":[1,1],"duration_millis":10200,"variants":[{"bitrate":1280000,"content_type":"video\/mp4","url":"https:\/\/video.twimg.com\/ext_tw_video\/1248548034503258114\/pu\/vid\/720x720\/yijfzwtIwCxMXKKk.mp4?tag=10"},{"content_type":"application\/x-mpegURL","url":"https:\/\/video.twimg.com\/ext_tw_video\/1248548034503258114\/pu\/pl\/dmSC_5FabCLSDcm6.m3u8?tag=10"},{"bitrate":832000,"content_type":"video\/mp4","url":"https:\/\/video.twimg.com\/ext_tw_video\/1248548034503258114\/pu\/vid\/480x480\/vekGgMlv85rXcmiz.mp4?tag=10"},{"bitrate":432000,"content_type":"video\/mp4","url":"https:\/\/video.twimg.com\/ext_tw_video\/1248548034503258114\/pu\/vid\/320x320\/1MXfUapN-lbB5SXe.mp4?tag=10"}]},"sizes":{"thumb":{"w":150,"h":150,"resize":"crop"},"small":{"w":680,"h":680,"resize":"fit"},"medium":{"w":720,"h":720,"resize":"fit"},"large":{"w":720,"h":720,"resize":"fit"}},"source_status_id":1248548089276715008,"source_status_id_str":"1248548089276715008","source_user_id":1134422325741228032,"source_user_id_str":"1134422325741228032"}]},"favorited":false,"retweeted":false,"possibly_sensitive":true,"filter_level":"low","lang":"th","timestamp_ms":"1586538228662"}
