{"created_at":"Fri Apr 10 17:03:50 +0000 2020","id":1248657957492940803,"id_str":"1248657957492940803","text":"\u3042\u3093\u306a\u3048\u3061\u3048\u3061\u306a\u8eab\u4f53\u3057\u3066\u308b\u3082\u3093\u306a\u3001\u8d64\u3061\u3083\u3093\u3044\u3063\u3071\u3044\u7523\u3093\u3058\u3083\u3046\u3088\u306d\u3088\u3057\u3088\u3057","source":"\u003ca href=\"http:\/\/twitter.com\/download\/iphone\" rel=\"nofollow\"\u003eTwitter for iPhone\u003c\/a\u003e","truncated":false,"in_reply_to_status_id":null,"in_reply_to_status_id_str":null,"in_reply_to_user_id":null,"in_reply_to_user_id_str":null,"in_reply_to_screen_name":null,"user":{"id":1049972720421597184,"id_str":"1049972720421597184","name":"\u7121\u5e38\u60a3\u8005\u307b\u305f\u3066","screen_name":"kokokoke0000","location":"\u63a8\u3057\u304c\u5c0a\u3059\u304e\u308b\u3068\u7d50\u5a5a\u3057\u308d\u3068\u304b\u559a\u304f\u30a2\u30db\u3067\u3059","url":"https:\/\/marshmallow-qa.com\/kokokoke0000?utm_medium=url_text&utm_source=promotion","description":"\u219118 \u307b\u305f\u3066\u3068\u7533\u3057\u307e\u3059 \u7121\u5e38\u4e00\u751f\u63a8\u3059\ud83c\udf02\ud83d\udcf7\u26b0\ufe0f\ud83d\udc95identity\u2164\u3001\u9b54\u9053\u7956\u5e08\u57a2 \u63a8\u3057\u3092\u6ca2\u5c71\u767a\u4fe1\u3057\u3066\u7686\u3055\u3093\u3068\u5171\u6709\u3057\u305f\u3044\u3067\u3059\ud83d\udc4d\u2728\u8150\u767e\u5408\u306b\u3087\u305f\uff08\u96d1\u98df\uff09\uff08\u3067\u3082\u7121\u5e38\u306f\u56fa\u5b9a\uff09 #\u307b\u305f\u3066\u306e\u65e5\u8a18 \uff08\u307b\u307c\u898b\u308b\u5c02\u2192\uff09pixiv\u3010http:\/\/pixiv.net\/member.php?id=\u2026\u3011\u307e\u3057\u307e\u308d\u2193","translator_type":"none","protected":false,"verified":false,"followers_count":657,"friends_count":617,"listed_count":35,"favourites_count":90134,"statuses_count":65232,"created_at":"Wed Oct 10 10:39:38 +0000 2018","utc_offset":null,"time_zone":null,"geo_enabled":false,"lang":null,"contributors_enabled":false,"is_translator":false,"profile_background_color":"F5F8FA","profile_background_image_url":"","profile_background_image_url_https":"","profile_background_tile":false,"profile_link_color":"1DA1F2","profile_sidebar_border_color":"C0DEED","profile_sidebar_fill_color":"DDEEF6","profile_text_color":"333333","profile_use_background_image":true,"profile_image_url":"http:\/\/pbs.twimg.com\/profile_images\/1245366026021122049\/Cad5zSJW_normal.jpg","profile_image_url_https":"https:\/\/pbs.twimg.com\/profile_images\/1245366026021122049\/Cad5zSJW_normal.jpg","profile_banner_url":"https:\/\/pbs.twimg.com\/profile_banners\/1049972720421597184\/1579687969","default_profile":true,"default_profile_image":false,"following":null,"follow_request_sent":null,"notifications":null},"geo":null,"coordinates":null,"place":null,"contributors":null,"is_quote_status":false,"quote_count":0,"reply_count":0,"retweet_count":0,"favorite_count":0,"entities":{"hashtags":[],"urls":[],"user_mentions":[],"symbols":[]},"favorited":false,"retweeted":false,"filter_level":"low","lang":"ja","timestamp_ms":"1586538230666"}
