{"created_at":"Fri Apr 10 17:03:53 +0000 2020","id":1248657970063269890,"id_str":"1248657970063269890","text":"\u0e1e\u0e31\u0e07\u0e41\u0e19\u0e48 \u0e17\u0e33\u0e01\u0e31\u0e1a\u0e23\u0e49\u0e2d\u0e07\u0e41\u0e1a\u0e1a\u0e19\u0e31\u0e49\u0e19 \u0e1e\u0e31\u0e07\u0e41\u0e19\u0e48\u0e46... #WHYRUep11","source":"\u003ca href=\"http:\/\/twitter.com\/download\/iphone\" rel=\"nofollow\"\u003eTwitter for iPhone\u003c\/a\u003e","truncated":false,"in_reply_to_status_id":null,"in_reply_to_status_id_str":null,"in_reply_to_user_id":null,"in_reply_to_user_id_str":null,"in_reply_to_screen_name":null,"user":{"id":708232994524254208,"id_str":"708232994524254208","name":"icy \uc544\uc774\uc2a4","screen_name":"icyttrk","location":null,"url":null,"description":"\ud83d\udc8b","translator_type":"none","protected":false,"verified":false,"followers_count":17,"friends_count":199,"listed_count":0,"favourites_count":301,"statuses_count":1029,"created_at":"Fri Mar 11 10:07:59 +0000 2016","utc_offset":null,"time_zone":null,"geo_enabled":false,"lang":null,"contributors_enabled":false,"is_translator":false,"profile_background_color":"F5F8FA","profile_background_image_url":"","profile_background_image_url_https":"","profile_background_tile":false,"profile_link_color":"1DA1F2","profile_sidebar_border_color":"C0DEED","profile_sidebar_fill_color":"DDEEF6","profile_text_color":"333333","profile_use_background_image":true,"profile_image_url":"http:\/\/pbs.twimg.com\/profile_images\/1246350821442203648\/4b-hMARh_normal.jpg","profile_image_url_https":"https:\/\/pbs.twimg.com\/profile_images\/1246350821442203648\/4b-hMARh_normal.jpg","profile_banner_url":"https:\/\/pbs.twimg.com\/profile_banners\/708232994524254208\/1507861110","default_profile":true,"default_profile_image":false,"following":null,"follow_request_sent":null,"notifications":null},"geo":null,"coordinates":null,"place":null,"contributors":null,"is_quote_status":false,"quote_count":0,"reply_count":0,"retweet_count":0,"favorite_count":0,"entities":{"hashtags":[{"text":"WHYRUep11","indices":[35,45]}],"urls":[],"user_mentions":[],"symbols":[]},"favorited":false,"retweeted":false,"filter_level":"low","lang":"th","timestamp_ms":"1586538233663"}
