{"created_at":"Fri Apr 10 17:03:55 +0000 2020","id":1248657978447855616,"id_str":"1248657978447855616","text":"Vi tu foto y como no te puedo comentar digo \"esa sonrisaaaa \ud83d\ude0d\" por ac\u00e1 \u2665\ufe0f\u2665\ufe0f lpm dame bola \ud83d\ude14","source":"\u003ca href=\"http:\/\/twitter.com\/download\/android\" rel=\"nofollow\"\u003eTwitter for Android\u003c\/a\u003e","truncated":false,"in_reply_to_status_id":null,"in_reply_to_status_id_str":null,"in_reply_to_user_id":null,"in_reply_to_user_id_str":null,"in_reply_to_screen_name":null,"user":{"id":246632811,"id_str":"246632811","name":"Guille \ud83d\udc9a","screen_name":"Guilledipietroo","location":"Nueva York, USA","url":"https:\/\/www.youtube.com\/channel\/UCmivvkGPRvM933u_qQY4r9Q","description":"Soy demasiado rom\u00e1ntica para este mundo horrible y tengo luna en llora pija","translator_type":"none","protected":false,"verified":false,"followers_count":332,"friends_count":370,"listed_count":3,"favourites_count":13561,"statuses_count":18881,"created_at":"Thu Feb 03 04:32:37 +0000 2011","utc_offset":null,"time_zone":null,"geo_enabled":false,"lang":null,"contributors_enabled":false,"is_translator":false,"profile_background_color":"F0113E","profile_background_image_url":"http:\/\/abs.twimg.com\/images\/themes\/theme1\/bg.png","profile_background_image_url_https":"https:\/\/abs.twimg.com\/images\/themes\/theme1\/bg.png","profile_background_tile":true,"profile_link_color":"9A4AC2","profile_sidebar_border_color":"FFFFFF","profile_sidebar_fill_color":"DDEEF6","profile_text_color":"333333","profile_use_background_image":true,"profile_image_url":"http:\/\/pbs.twimg.com\/profile_images\/1204744108784443393\/an9O3i77_normal.jpg","profile_image_url_https":"https:\/\/pbs.twimg.com\/profile_images\/1204744108784443393\/an9O3i77_normal.jpg","profile_banner_url":"https:\/\/pbs.twimg.com\/profile_banners\/246632811\/1545475392","default_profile":false,"default_profile_image":false,"following":null,"follow_request_sent":null,"notifications":null},"geo":null,"coordinates":null,"place":null,"contributors":null,"is_quote_status":false,"quote_count":0,"reply_count":0,"retweet_count":0,"favorite_count":0,"entities":{"hashtags":[],"urls":[],"user_mentions":[],"symbols":[]},"favorited":false,"retweeted":false,"filter_level":"low","lang":"es","timestamp_ms":"1586538235662"}
