{"created_at":"Fri Apr 10 17:03:50 +0000 2020","id":1248657957480366086,"id_str":"1248657957480366086","text":"\u30ec\u30f3\u30bf\u30eb\u3055\u3093?!\ud83e\udde2 https:\/\/t.co\/K1ANSzmYDj","display_text_range":[0,9],"source":"\u003ca href=\"http:\/\/twitter.com\/download\/android\" rel=\"nofollow\"\u003eTwitter for Android\u003c\/a\u003e","truncated":false,"in_reply_to_status_id":null,"in_reply_to_status_id_str":null,"in_reply_to_user_id":null,"in_reply_to_user_id_str":null,"in_reply_to_screen_name":null,"user":{"id":992309322,"id_str":"992309322","name":"\u30b7\u30e7\u30a6\ud83c\uddf9\ud83c\uddfcTaiwan No.1","screen_name":"shou_0222","location":"\u53f0\u6e7e \u9ad8\u96c4","url":"https:\/\/linktr.ee\/shou_0222","description":"\u30d1\u30af\u308a\u8ee2\u8f09\u7981\u6b62______\u1d0a\u0493\u1d00\u26bds\u1d00\u1d0d\u1d1c\u0280\u1d00\u026a \u0299\u029f\u1d1c\u1d07_______\ud83c\uddf9\ud83c\uddfc\u1d0a\u1d00\u1d18\u1d00\u0274 \u029f\u1d0f\u1d20\u1d07\ud83c\uddef\ud83c\uddf5_______\u65e5\u672c\u5927\u597d\u304d\ud83d\uddfe\ud83d\uddfc________\u30c9\u30e9\u30de___\u756a\u7d44___\u6620\u753b___\u65c5\u884c___\u30b0\u30eb\u30e1\ud80c\udd9f____\ud835\ude82\ud835\ude7e\ud835\ude7d\ud835\ude88\ud83d\udcf1XZ1\ud83d\udcf7\u03b15000__\ud83c\udccfJoker\ud83e\udd21_______\ud83c\ude32\u4e2d\u56fd&\u97d3\u56fd(\u9999\u6e2fok)","translator_type":"none","protected":false,"verified":false,"followers_count":411,"friends_count":669,"listed_count":2,"favourites_count":10630,"statuses_count":32448,"created_at":"Thu Dec 06 03:45:02 +0000 2012","utc_offset":null,"time_zone":null,"geo_enabled":true,"lang":null,"contributors_enabled":false,"is_translator":false,"profile_background_color":"94D487","profile_background_image_url":"http:\/\/abs.twimg.com\/images\/themes\/theme4\/bg.gif","profile_background_image_url_https":"https:\/\/abs.twimg.com\/images\/themes\/theme4\/bg.gif","profile_background_tile":true,"profile_link_color":"19CF86","profile_sidebar_border_color":"000000","profile_sidebar_fill_color":"000000","profile_text_color":"000000","profile_use_background_image":true,"profile_image_url":"http:\/\/pbs.twimg.com\/profile_images\/1245020718942679041\/xYKQbAPZ_normal.jpg","profile_image_url_https":"https:\/\/pbs.twimg.com\/profile_images\/1245020718942679041\/xYKQbAPZ_normal.jpg","profile_banner_url":"https:\/\/pbs.twimg.com\/profile_banners\/992309322\/1585671044","default_profile":false,"default_profile_image":false,"following":null,"follow_request_sent":null,"notifications":null},"geo":null,"coordinates":null,"place":null,"contributors":null,"is_quote_status":false,"quote_count":0,"reply_count":0,"retweet_count":0,"favorite_count":0,"entities":{"hashtags":[],"urls":[],"user_mentions":[],"symbols":[],"media":[{"id":1248657947908956160,"id_str":"1248657947908956160","indices":[10,33],"media_url":"http:\/\/pbs.twimg.com\/media\/EVQfybcU4AAOx4P.jpg","media_url_https":"https:\/\/pbs.twimg.com\/media\/EVQfybcU4AAOx4P.jpg","url":"https:\/\/t.co\/K1ANSzmYDj","display_url":"pic.twitter.com\/K1ANSzmYDj","expanded_url":"https:\/\/twitter.com\/shou_0222\/status\/1248657957480366086\/photo\/1","type":"photo","sizes":{"large":{"w":1036,"h":1036,"resize":"fit"},"medium":{"w":1036,"h":1036,"resize":"fit"},"thumb":{"w":150,"h":150,"resize":"crop"},"small":{"w":680,"h":680,"resize":"fit"}}}]},"extended_entities":{"media":[{"id":1248657947908956160,"id_str":"1248657947908956160","indices":[10,33],"media_url":"http:\/\/pbs.twimg.com\/media\/EVQfybcU4AAOx4P.jpg","media_url_https":"https:\/\/pbs.twimg.com\/media\/EVQfybcU4AAOx4P.jpg","url":"https:\/\/t.co\/K1ANSzmYDj","display_url":"pic.twitter.com\/K1ANSzmYDj","expanded_url":"https:\/\/twitter.com\/shou_0222\/status\/1248657957480366086\/photo\/1","type":"photo","sizes":{"large":{"w":1036,"h":1036,"resize":"fit"},"medium":{"w":1036,"h":1036,"resize":"fit"},"thumb":{"w":150,"h":150,"resize":"crop"},"small":{"w":680,"h":680,"resize":"fit"}}}]},"favorited":false,"retweeted":false,"possibly_sensitive":false,"filter_level":"low","lang":"ja","timestamp_ms":"1586538230663"}
