{"created_at":"Fri Apr 10 17:03:51 +0000 2020","id":1248657961683234817,"id_str":"1248657961683234817","text":"RT @angelfacedevil_: 250\u2764A\u015fk Kazans\u0131n CenkKara\u00e7ay\ud83d\ude0d\n\u2728#CenCem \ud83d\udcab #OzanDolunay \ud83d\udd25","source":"\u003ca href=\"http:\/\/twitter.com\/download\/android\" rel=\"nofollow\"\u003eTwitter for Android\u003c\/a\u003e","truncated":false,"in_reply_to_status_id":null,"in_reply_to_status_id_str":null,"in_reply_to_user_id":null,"in_reply_to_user_id_str":null,"in_reply_to_screen_name":null,"user":{"id":1243114645516361729,"id_str":"1243114645516361729","name":"Deniz","screen_name":"Deniz77504549","location":"\u0130zmir, T\u00fcrkiye","url":null,"description":null,"translator_type":"none","protected":false,"verified":false,"followers_count":94,"friends_count":140,"listed_count":0,"favourites_count":105,"statuses_count":18264,"created_at":"Thu Mar 26 09:57:26 +0000 2020","utc_offset":null,"time_zone":null,"geo_enabled":false,"lang":null,"contributors_enabled":false,"is_translator":false,"profile_background_color":"F5F8FA","profile_background_image_url":"","profile_background_image_url_https":"","profile_background_tile":false,"profile_link_color":"1DA1F2","profile_sidebar_border_color":"C0DEED","profile_sidebar_fill_color":"DDEEF6","profile_text_color":"333333","profile_use_background_image":true,"profile_image_url":"http:\/\/pbs.twimg.com\/profile_images\/1243115224883920896\/5wrnJTB5_normal.jpg","profile_image_url_https":"https:\/\/pbs.twimg.com\/profile_images\/1243115224883920896\/5wrnJTB5_normal.jpg","profile_banner_url":"https:\/\/pbs.twimg.com\/profile_banners\/1243114645516361729\/1585216798","default_profile":true,"default_profile_image":false,"following":null,"follow_request_sent":null,"notifications":null},"geo":null,"coordinates":null,"place":null,"contributors":null,"retweeted_status":{"created_at":"Fri Apr 10 13:19:29 +0000 2020","id":1248601495349714944,"id_str":"1248601495349714944","text":"250\u2764A\u015fk Kazans\u0131n CenkKara\u00e7ay\ud83d\ude0d\n\u2728#CenCem \ud83d\udcab #OzanDolunay \ud83d\udd25","source":"\u003ca href=\"http:\/\/twitter.com\/download\/android\" rel=\"nofollow\"\u003eTwitter for Android\u003c\/a\u003e","truncated":false,"in_reply_to_status_id":null,"in_reply_to_status_id_str":null,"in_reply_to_user_id":null,"in_reply_to_user_id_str":null,"in_reply_to_screen_name":null,"user":{"id":3183175003,"id_str":"3183175003","name":"Feyza Altun","screen_name":"angelfacedevil_","location":null,"url":null,"description":null,"translator_type":"none","protected":false,"verified":false,"followers_count":82,"friends_count":97,"listed_count":0,"favourites_count":1868,"statuses_count":16169,"created_at":"Sat May 02 16:37:38 +0000 2015","utc_offset":null,"time_zone":null,"geo_enabled":false,"lang":null,"contributors_enabled":false,"is_translator":false,"profile_background_color":"C0DEED","profile_background_image_url":"http:\/\/abs.twimg.com\/images\/themes\/theme1\/bg.png","profile_background_image_url_https":"https:\/\/abs.twimg.com\/images\/themes\/theme1\/bg.png","profile_background_tile":false,"profile_link_color":"1DA1F2","profile_sidebar_border_color":"C0DEED","profile_sidebar_fill_color":"DDEEF6","profile_text_color":"333333","profile_use_background_image":true,"profile_image_url":"http:\/\/pbs.twimg.com\/profile_images\/1190616354065408002\/ogibIvF9_normal.jpg","profile_image_url_https":"https:\/\/pbs.twimg.com\/profile_images\/1190616354065408002\/ogibIvF9_normal.jpg","profile_banner_url":"https:\/\/pbs.twimg.com\/profile_banners\/3183175003\/1572700034","default_profile":true,"default_profile_image":false,"following":null,"follow_request_sent":null,"notifications":null},"geo":null,"coordinates":null,"place":null,"contributors":null,"is_quote_status":false,"quote_count":0,"reply_count":0,"retweet_count":29,"favorite_count":0,"entities":{"hashtags":[{"text":"CenCem","indices":[31,38]},{"text":"OzanDolunay","indices":[41,53]}],"urls":[],"user_mentions":[],"symbols":[]},"favorited":false,"retweeted":false,"filter_level":"low","lang":"tr"},"is_quote_status":false,"quote_count":0,"reply_count":0,"retweet_count":0,"favorite_count":0,"entities":{"hashtags":[{"text":"CenCem","indices":[52,59]},{"text":"OzanDolunay","indices":[62,74]}],"urls":[],"user_mentions":[{"screen_name":"angelfacedevil_","name":"Feyza Altun","id":3183175003,"id_str":"3183175003","indices":[3,19]}],"symbols":[]},"favorited":false,"retweeted":false,"filter_level":"low","lang":"tr","timestamp_ms":"1586538231665"}
