{"created_at":"Fri Apr 10 17:03:53 +0000 2020","id":1248657970076028929,"id_str":"1248657970076028929","text":"@HeelloFriend Eai otario","display_text_range":[14,24],"source":"\u003ca href=\"http:\/\/twitter.com\/download\/android\" rel=\"nofollow\"\u003eTwitter for Android\u003c\/a\u003e","truncated":false,"in_reply_to_status_id":1248656993369427968,"in_reply_to_status_id_str":"1248656993369427968","in_reply_to_user_id":1248605850958098432,"in_reply_to_user_id_str":"1248605850958098432","in_reply_to_screen_name":"HeelloFriend","user":{"id":1239340536747753473,"id_str":"1239340536747753473","name":"Mr Robot","screen_name":"just_a_foolish","location":null,"url":null,"description":"Insert some cool bio here","translator_type":"none","protected":false,"verified":false,"followers_count":6,"friends_count":38,"listed_count":0,"favourites_count":47,"statuses_count":745,"created_at":"Sun Mar 15 23:59:51 +0000 2020","utc_offset":null,"time_zone":null,"geo_enabled":false,"lang":null,"contributors_enabled":false,"is_translator":false,"profile_background_color":"F5F8FA","profile_background_image_url":"","profile_background_image_url_https":"","profile_background_tile":false,"profile_link_color":"1DA1F2","profile_sidebar_border_color":"C0DEED","profile_sidebar_fill_color":"DDEEF6","profile_text_color":"333333","profile_use_background_image":true,"profile_image_url":"http:\/\/pbs.twimg.com\/profile_images\/1246760259248668677\/FQQ-8yxA_normal.jpg","profile_image_url_https":"https:\/\/pbs.twimg.com\/profile_images\/1246760259248668677\/FQQ-8yxA_normal.jpg","profile_banner_url":"https:\/\/pbs.twimg.com\/profile_banners\/1239340536747753473\/1584560756","default_profile":true,"default_profile_image":false,"following":null,"follow_request_sent":null,"notifications":null},"geo":null,"coordinates":null,"place":null,"contributors":null,"is_quote_status":false,"quote_count":0,"reply_count":0,"retweet_count":0,"favorite_count":0,"entities":{"hashtags":[],"urls":[],"user_mentions":[{"screen_name":"HeelloFriend","name":"Morde e cai","id":1248605850958098432,"id_str":"1248605850958098432","indices":[0,13]}],"symbols":[]},"favorited":false,"retweeted":false,"filter_level":"low","lang":"pt","timestamp_ms":"1586538233666"}
