{"created_at":"Fri Apr 10 17:03:50 +0000 2020","id":1248657957480513543,"id_str":"1248657957480513543","text":"RT @Melissassmile: Well friends you know you\u2019ve made it when the very lovely Catherine Zeta Jones uses your poem on her Insta and tells peo\u2026","source":"\u003ca href=\"http:\/\/twitter.com\/download\/iphone\" rel=\"nofollow\"\u003eTwitter for iPhone\u003c\/a\u003e","truncated":false,"in_reply_to_status_id":null,"in_reply_to_status_id_str":null,"in_reply_to_user_id":null,"in_reply_to_user_id_str":null,"in_reply_to_screen_name":null,"user":{"id":961706040168509440,"id_str":"961706040168509440","name":"Linda Powell","screen_name":"LindaPo59447746","location":"United Kingdom","url":null,"description":"Athletics Travel Beauty Music UK Top 40 Tennis","translator_type":"none","protected":false,"verified":false,"followers_count":333,"friends_count":4992,"listed_count":1,"favourites_count":21656,"statuses_count":6517,"created_at":"Thu Feb 08 20:59:22 +0000 2018","utc_offset":null,"time_zone":null,"geo_enabled":false,"lang":null,"contributors_enabled":false,"is_translator":false,"profile_background_color":"F5F8FA","profile_background_image_url":"","profile_background_image_url_https":"","profile_background_tile":false,"profile_link_color":"1DA1F2","profile_sidebar_border_color":"C0DEED","profile_sidebar_fill_color":"DDEEF6","profile_text_color":"333333","profile_use_background_image":true,"profile_image_url":"http:\/\/abs.twimg.com\/sticky\/default_profile_images\/default_profile_normal.png","profile_image_url_https":"https:\/\/abs.twimg.com\/sticky\/default_profile_images\/default_profile_normal.png","default_profile":true,"default_profile_image":false,"following":null,"follow_request_sent":null,"notifications":null},"geo":null,"coordinates":null,"place":null,"contributors":null,"retweeted_status":{"created_at":"Fri Apr 10 17:03:12 +0000 2020","id":1248657798860361729,"id_str":"1248657798860361729","text":"Well friends you know you\u2019ve made it when the very lovely Catherine Zeta Jones uses your poem on her Insta and tell\u2026 https:\/\/t.co\/IaTzdPfyhM","display_text_range":[0,140],"source":"\u003ca href=\"http:\/\/twitter.com\/download\/iphone\" rel=\"nofollow\"\u003eTwitter for iPhone\u003c\/a\u003e","truncated":true,"in_reply_to_status_id":null,"in_reply_to_status_id_str":null,"in_reply_to_user_id":null,"in_reply_to_user_id_str":null,"in_reply_to_screen_name":null,"user":{"id":4688848909,"id_str":"4688848909","name":"Melissa Grace","screen_name":"Melissassmile","location":" Up North, UK","url":null,"description":"Raising awareness of ANGELMAN SYNDROME with my bro @jjgrangerjj Child of courage winner 2014\ud83e\udd84 Aspire to Inspire http:\/\/gofundme.com\/melissassmileholiday","translator_type":"none","protected":false,"verified":true,"followers_count":22085,"friends_count":11397,"listed_count":48,"favourites_count":99016,"statuses_count":22148,"created_at":"Fri Jan 01 10:55:41 +0000 2016","utc_offset":null,"time_zone":null,"geo_enabled":false,"lang":null,"contributors_enabled":false,"is_translator":false,"profile_background_color":"FF6699","profile_background_image_url":"http:\/\/abs.twimg.com\/images\/themes\/theme11\/bg.gif","profile_background_image_url_https":"https:\/\/abs.twimg.com\/images\/themes\/theme11\/bg.gif","profile_background_tile":true,"profile_link_color":"F58EA8","profile_sidebar_border_color":"000000","profile_sidebar_fill_color":"000000","profile_text_color":"000000","profile_use_background_image":true,"profile_image_url":"http:\/\/pbs.twimg.com\/profile_images\/1247539301656580097\/42J2iLKD_normal.jpg","profile_image_url_https":"https:\/\/pbs.twimg.com\/profile_images\/1247539301656580097\/42J2iLKD_normal.jpg","profile_banner_url":"https:\/\/pbs.twimg.com\/profile_banners\/4688848909\/1585926688","default_profile":false,"default_profile_image":false,"following":null,"follow_request_sent":null,"notifications":null},"geo":null,"coordinates":null,"place":null,"contributors":null,"is_quote_status":false,"extended_tweet":{"full_text":"Well friends you know you\u2019ve made it when the very lovely Catherine Zeta Jones uses your poem on her Insta and tells people to listen \ud83d\ude01 x https:\/\/t.co\/sFLuWMY5lt","display_text_range":[0,137],"entities":{"hashtags":[],"urls":[],"user_mentions":[],"symbols":[],"media":[{"id":1248657790559756288,"id_str":"1248657790559756288","indices":[138,161],"media_url":"http:\/\/pbs.twimg.com\/media\/EVQfpRRWoAAVHBu.jpg","media_url_https":"https:\/\/pbs.twimg.com\/media\/EVQfpRRWoAAVHBu.jpg","url":"https:\/\/t.co\/sFLuWMY5lt","display_url":"pic.twitter.com\/sFLuWMY5lt","expanded_url":"https:\/\/twitter.com\/Melissassmile\/status\/1248657798860361729\/photo\/1","type":"photo","sizes":{"thumb":{"w":150,"h":150,"resize":"crop"},"large":{"w":1078,"h":2048,"resize":"fit"},"small":{"w":358,"h":680,"resize":"fit"},"medium":{"w":632,"h":1200,"resize":"fit"}}}]},"extended_entities":{"media":[{"id":1248657790559756288,"id_str":"1248657790559756288","indices":[138,161],"media_url":"http:\/\/pbs.twimg.com\/media\/EVQfpRRWoAAVHBu.jpg","media_url_https":"https:\/\/pbs.twimg.com\/media\/EVQfpRRWoAAVHBu.jpg","url":"https:\/\/t.co\/sFLuWMY5lt","display_url":"pic.twitter.com\/sFLuWMY5lt","expanded_url":"https:\/\/twitter.com\/Melissassmile\/status\/1248657798860361729\/photo\/1","type":"photo","sizes":{"thumb":{"w":150,"h":150,"resize":"crop"},"large":{"w":1078,"h":2048,"resize":"fit"},"small":{"w":358,"h":680,"resize":"fit"},"medium":{"w":632,"h":1200,"resize":"fit"}}}]}},"quote_count":0,"reply_count":1,"retweet_count":3,"favorite_count":5,"entities":{"hashtags":[],"urls":[{"url":"https:\/\/t.co\/IaTzdPfyhM","expanded_url":"https:\/\/twitter.com\/i\/web\/status\/1248657798860361729","display_url":"twitter.com\/i\/web\/status\/1\u2026","indices":[117,140]}],"user_mentions":[],"symbols":[]},"favorited":false,"retweeted":false,"possibly_sensitive":false,"filter_level":"low","lang":"en"},"is_quote_status":false,"quote_count":0,"reply_count":0,"retweet_count":0,"favorite_count":0,"entities":{"hashtags":[],"urls":[],"user_mentions":[{"screen_name":"Melissassmile","name":"Melissa Grace","id":4688848909,"id_str":"4688848909","indices":[3,17]}],"symbols":[]},"favorited":false,"retweeted":false,"filter_level":"low","lang":"en","timestamp_ms":"1586538230663"}
