{"created_at":"Fri Apr 10 17:03:56 +0000 2020","id":1248657982658768896,"id_str":"1248657982658768896","text":"\u304a\u305d\u3089\u304f\u5730\u7403\u4e0a\u306b\u3044\u308b\ud83d\udd2e\u306e\u5973\u306e15\u5272\u304c\u7740\u305f\u3067\u3042\u308d\u3046mrpr\u3002","source":"\u003ca href=\"http:\/\/twitter.com\/download\/iphone\" rel=\"nofollow\"\u003eTwitter for iPhone\u003c\/a\u003e","truncated":false,"in_reply_to_status_id":null,"in_reply_to_status_id_str":null,"in_reply_to_user_id":null,"in_reply_to_user_id_str":null,"in_reply_to_screen_name":null,"user":{"id":1120333787655626753,"id_str":"1120333787655626753","name":"\u3082","screen_name":"g6w6g","location":null,"url":"https:\/\/vsco.co\/momomonano","description":"\u3078\u306e\u3078\u306e\u3082","translator_type":"none","protected":false,"verified":false,"followers_count":15,"friends_count":27,"listed_count":1,"favourites_count":90,"statuses_count":2930,"created_at":"Mon Apr 22 14:29:24 +0000 2019","utc_offset":null,"time_zone":null,"geo_enabled":false,"lang":null,"contributors_enabled":false,"is_translator":false,"profile_background_color":"000000","profile_background_image_url":"http:\/\/abs.twimg.com\/images\/themes\/theme1\/bg.png","profile_background_image_url_https":"https:\/\/abs.twimg.com\/images\/themes\/theme1\/bg.png","profile_background_tile":false,"profile_link_color":"6B8E23","profile_sidebar_border_color":"000000","profile_sidebar_fill_color":"000000","profile_text_color":"000000","profile_use_background_image":false,"profile_image_url":"http:\/\/pbs.twimg.com\/profile_images\/1241179717287337984\/hOHYFXfv_normal.jpg","profile_image_url_https":"https:\/\/pbs.twimg.com\/profile_images\/1241179717287337984\/hOHYFXfv_normal.jpg","profile_banner_url":"https:\/\/pbs.twimg.com\/profile_banners\/1120333787655626753\/1584116027","default_profile":false,"default_profile_image":false,"following":null,"follow_request_sent":null,"notifications":null},"geo":null,"coordinates":null,"place":null,"contributors":null,"is_quote_status":false,"quote_count":0,"reply_count":0,"retweet_count":0,"favorite_count":0,"entities":{"hashtags":[],"urls":[],"user_mentions":[],"symbols":[]},"favorited":false,"retweeted":false,"filter_level":"low","lang":"ja","timestamp_ms":"1586538236666"}
