{"created_at":"Fri Apr 10 17:03:49 +0000 2020","id":1248657953261060097,"id_str":"1248657953261060097","text":"Vou fritar umas lingui\u00e7as p mim, ODEIO peixe mano","source":"\u003ca href=\"http:\/\/twitter.com\/download\/android\" rel=\"nofollow\"\u003eTwitter for Android\u003c\/a\u003e","truncated":false,"in_reply_to_status_id":null,"in_reply_to_status_id_str":null,"in_reply_to_user_id":null,"in_reply_to_user_id_str":null,"in_reply_to_screen_name":null,"user":{"id":900397095131197440,"id_str":"900397095131197440","name":"japa preta\ud83c\uddef\ud83c\uddf5","screen_name":"ahobagt","location":"Beverly Hills, CA","url":"https:\/\/curiouscat.me\/CatDa_Biaa","description":"it was never luck it was always God\ud83e\udd1etwin\u264a\ufe0f 16 years\ud83d\udd1e  Flamenguista \ud83d\udd34\u26ab\ufe0f  heloisa's auntie \ud83d\ude0d Single\ud83d\ude0e","translator_type":"none","protected":false,"verified":false,"followers_count":1116,"friends_count":321,"listed_count":4,"favourites_count":4335,"statuses_count":34140,"created_at":"Wed Aug 23 16:39:30 +0000 2017","utc_offset":null,"time_zone":null,"geo_enabled":true,"lang":null,"contributors_enabled":false,"is_translator":false,"profile_background_color":"F5F8FA","profile_background_image_url":"","profile_background_image_url_https":"","profile_background_tile":false,"profile_link_color":"1DA1F2","profile_sidebar_border_color":"C0DEED","profile_sidebar_fill_color":"DDEEF6","profile_text_color":"333333","profile_use_background_image":true,"profile_image_url":"http:\/\/pbs.twimg.com\/profile_images\/1246543960740421632\/DiXsiBgT_normal.jpg","profile_image_url_https":"https:\/\/pbs.twimg.com\/profile_images\/1246543960740421632\/DiXsiBgT_normal.jpg","profile_banner_url":"https:\/\/pbs.twimg.com\/profile_banners\/900397095131197440\/1586014193","default_profile":true,"default_profile_image":false,"following":null,"follow_request_sent":null,"notifications":null},"geo":null,"coordinates":null,"place":null,"contributors":null,"is_quote_status":false,"quote_count":0,"reply_count":0,"retweet_count":0,"favorite_count":0,"entities":{"hashtags":[],"urls":[],"user_mentions":[],"symbols":[]},"favorited":false,"retweeted":false,"filter_level":"low","lang":"pt","timestamp_ms":"1586538229657"}
