{"created_at":"Fri Apr 10 17:03:51 +0000 2020","id":1248657961662083072,"id_str":"1248657961662083072","text":"RT @hourlykino: https:\/\/t.co\/36UFEkA4Ht","source":"\u003ca href=\"http:\/\/twitter.com\/download\/android\" rel=\"nofollow\"\u003eTwitter for Android\u003c\/a\u003e","truncated":false,"in_reply_to_status_id":null,"in_reply_to_status_id_str":null,"in_reply_to_user_id":null,"in_reply_to_user_id_str":null,"in_reply_to_screen_name":null,"user":{"id":550715578,"id_str":"550715578","name":"\ud83e\uddda\ud83c\udffb","screen_name":"paxpac_","location":null,"url":null,"description":"\u0e40\u0e1a\u0e37\u0e48\u0e2d\u0e23\u0e31\u0e14\u0e1a\u0e32\u0e25\u0e07\u0e37\u0e49\u0e2d | \u0e2d\u0e22\u0e32\u0e01\u0e44\u0e14\u0e49\u0e04\u0e34\u0e42\u0e19\u0e48\u0e40\u0e1b\u0e47\u0e19\u0e41\u0e1f\u0e19","translator_type":"none","protected":false,"verified":false,"followers_count":18,"friends_count":222,"listed_count":0,"favourites_count":1043,"statuses_count":15914,"created_at":"Wed Apr 11 05:08:13 +0000 2012","utc_offset":null,"time_zone":null,"geo_enabled":false,"lang":null,"contributors_enabled":false,"is_translator":false,"profile_background_color":"000000","profile_background_image_url":"http:\/\/abs.twimg.com\/images\/themes\/theme7\/bg.gif","profile_background_image_url_https":"https:\/\/abs.twimg.com\/images\/themes\/theme7\/bg.gif","profile_background_tile":false,"profile_link_color":"ABB8C2","profile_sidebar_border_color":"000000","profile_sidebar_fill_color":"000000","profile_text_color":"000000","profile_use_background_image":false,"profile_image_url":"http:\/\/pbs.twimg.com\/profile_images\/1244791335124529152\/UkO-T_Z9_normal.jpg","profile_image_url_https":"https:\/\/pbs.twimg.com\/profile_images\/1244791335124529152\/UkO-T_Z9_normal.jpg","profile_banner_url":"https:\/\/pbs.twimg.com\/profile_banners\/550715578\/1585684920","default_profile":false,"default_profile_image":false,"following":null,"follow_request_sent":null,"notifications":null},"geo":null,"coordinates":null,"place":null,"contributors":null,"retweeted_status":{"created_at":"Fri Apr 10 15:00:00 +0000 2020","id":1248626794074230784,"id_str":"1248626794074230784","text":"https:\/\/t.co\/36UFEkA4Ht","source":"\u003ca href=\"https:\/\/about.twitter.com\/products\/tweetdeck\" rel=\"nofollow\"\u003eTweetDeck\u003c\/a\u003e","truncated":false,"in_reply_to_status_id":null,"in_reply_to_status_id_str":null,"in_reply_to_user_id":null,"in_reply_to_user_id_str":null,"in_reply_to_screen_name":null,"user":{"id":1240072772321267712,"id_str":"1240072772321267712","name":"hourly kino","screen_name":"hourlykino","location":"\u00a9\ufe0fto owners","url":null,"description":"hourly updates of \u208d\u2661\u208e\u02c0. . #\u20de\ud0a4\ub178","translator_type":"none","protected":false,"verified":false,"followers_count":589,"friends_count":10,"listed_count":15,"favourites_count":64,"statuses_count":568,"created_at":"Wed Mar 18 00:29:30 +0000 2020","utc_offset":null,"time_zone":null,"geo_enabled":false,"lang":null,"contributors_enabled":false,"is_translator":false,"profile_background_color":"F5F8FA","profile_background_image_url":"","profile_background_image_url_https":"","profile_background_tile":false,"profile_link_color":"1DA1F2","profile_sidebar_border_color":"C0DEED","profile_sidebar_fill_color":"DDEEF6","profile_text_color":"333333","profile_use_background_image":true,"profile_image_url":"http:\/\/pbs.twimg.com\/profile_images\/1248294112886837253\/rOhCN7uO_normal.jpg","profile_image_url_https":"https:\/\/pbs.twimg.com\/profile_images\/1248294112886837253\/rOhCN7uO_normal.jpg","profile_banner_url":"https:\/\/pbs.twimg.com\/profile_banners\/1240072772321267712\/1585778105","default_profile":true,"default_profile_image":false,"following":null,"follow_request_sent":null,"notifications":null},"geo":null,"coordinates":null,"place":null,"contributors":null,"is_quote_status":false,"quote_count":2,"reply_count":0,"retweet_count":20,"favorite_count":40,"entities":{"hashtags":[],"urls":[],"user_mentions":[],"symbols":[],"media":[{"id":1189173870424510465,"id_str":"1189173870424510465","indices":[0,23],"media_url":"http:\/\/pbs.twimg.com\/tweet_video_thumb\/EIDLVarUUAEMNZg.jpg","media_url_https":"https:\/\/pbs.twimg.com\/tweet_video_thumb\/EIDLVarUUAEMNZg.jpg","url":"https:\/\/t.co\/36UFEkA4Ht","display_url":"pic.twitter.com\/36UFEkA4Ht","expanded_url":"https:\/\/twitter.com\/K_keepsmealive\/status\/1189173923981578241\/photo\/1","type":"photo","sizes":{"thumb":{"w":150,"h":150,"resize":"crop"},"large":{"w":950,"h":796,"resize":"fit"},"medium":{"w":950,"h":796,"resize":"fit"},"small":{"w":680,"h":570,"resize":"fit"}},"source_status_id":1189173923981578241,"source_status_id_str":"1189173923981578241","source_user_id":764233756026613761,"source_user_id_str":"764233756026613761"}]},"extended_entities":{"media":[{"id":1189173870424510465,"id_str":"1189173870424510465","indices":[0,23],"media_url":"http:\/\/pbs.twimg.com\/tweet_video_thumb\/EIDLVarUUAEMNZg.jpg","media_url_https":"https:\/\/pbs.twimg.com\/tweet_video_thumb\/EIDLVarUUAEMNZg.jpg","url":"https:\/\/t.co\/36UFEkA4Ht","display_url":"pic.twitter.com\/36UFEkA4Ht","expanded_url":"https:\/\/twitter.com\/K_keepsmealive\/status\/1189173923981578241\/photo\/1","type":"animated_gif","video_info":{"aspect_ratio":[475,398],"variants":[{"bitrate":0,"content_type":"video\/mp4","url":"https:\/\/video.twimg.com\/tweet_video\/EIDLVarUUAEMNZg.mp4"}]},"sizes":{"thumb":{"w":150,"h":150,"resize":"crop"},"large":{"w":950,"h":796,"resize":"fit"},"medium":{"w":950,"h":796,"resize":"fit"},"small":{"w":680,"h":570,"resize":"fit"}},"source_status_id":1189173923981578241,"source_status_id_str":"1189173923981578241","source_user_id":764233756026613761,"source_user_id_str":"764233756026613761"}]},"favorited":false,"retweeted":false,"possibly_sensitive":false,"filter_level":"low","lang":"und"},"is_quote_status":false,"quote_count":0,"reply_count":0,"retweet_count":0,"favorite_count":0,"entities":{"hashtags":[],"urls":[],"user_mentions":[{"screen_name":"hourlykino","name":"hourly kino","id":1240072772321267712,"id_str":"1240072772321267712","indices":[3,14]}],"symbols":[],"media":[{"id":1189173870424510465,"id_str":"1189173870424510465","indices":[16,39],"media_url":"http:\/\/pbs.twimg.com\/tweet_video_thumb\/EIDLVarUUAEMNZg.jpg","media_url_https":"https:\/\/pbs.twimg.com\/tweet_video_thumb\/EIDLVarUUAEMNZg.jpg","url":"https:\/\/t.co\/36UFEkA4Ht","display_url":"pic.twitter.com\/36UFEkA4Ht","expanded_url":"https:\/\/twitter.com\/K_keepsmealive\/status\/1189173923981578241\/photo\/1","type":"photo","sizes":{"thumb":{"w":150,"h":150,"resize":"crop"},"large":{"w":950,"h":796,"resize":"fit"},"medium":{"w":950,"h":796,"resize":"fit"},"small":{"w":680,"h":570,"resize":"fit"}},"source_status_id":1189173923981578241,"source_status_id_str":"1189173923981578241","source_user_id":764233756026613761,"source_user_id_str":"764233756026613761"}]},"extended_entities":{"media":[{"id":1189173870424510465,"id_str":"1189173870424510465","indices":[16,39],"media_url":"http:\/\/pbs.twimg.com\/tweet_video_thumb\/EIDLVarUUAEMNZg.jpg","media_url_https":"https:\/\/pbs.twimg.com\/tweet_video_thumb\/EIDLVarUUAEMNZg.jpg","url":"https:\/\/t.co\/36UFEkA4Ht","display_url":"pic.twitter.com\/36UFEkA4Ht","expanded_url":"https:\/\/twitter.com\/K_keepsmealive\/status\/1189173923981578241\/photo\/1","type":"animated_gif","video_info":{"aspect_ratio":[475,398],"variants":[{"bitrate":0,"content_type":"video\/mp4","url":"https:\/\/video.twimg.com\/tweet_video\/EIDLVarUUAEMNZg.mp4"}]},"sizes":{"thumb":{"w":150,"h":150,"resize":"crop"},"large":{"w":950,"h":796,"resize":"fit"},"medium":{"w":950,"h":796,"resize":"fit"},"small":{"w":680,"h":570,"resize":"fit"}},"source_status_id":1189173923981578241,"source_status_id_str":"1189173923981578241","source_user_id":764233756026613761,"source_user_id_str":"764233756026613761"}]},"favorited":false,"retweeted":false,"possibly_sensitive":false,"filter_level":"low","lang":"und","timestamp_ms":"1586538231660"}
