{"created_at":"Fri Apr 10 17:03:52 +0000 2020","id":1248657965856555010,"id_str":"1248657965856555010","text":"@ScrappyDooLol #GOFURIA","display_text_range":[15,23],"source":"\u003ca href=\"https:\/\/mobile.twitter.com\" rel=\"nofollow\"\u003eTwitter Web App\u003c\/a\u003e","truncated":false,"in_reply_to_status_id":1248657757659635712,"in_reply_to_status_id_str":"1248657757659635712","in_reply_to_user_id":823923032,"in_reply_to_user_id_str":"823923032","in_reply_to_screen_name":"ScrappyDooLol","user":{"id":951730670056992769,"id_str":"951730670056992769","name":"Rodrigo","screen_name":"ribeirodrigo2","location":"Rio de Janeiro","url":null,"description":"Jogo Counter-Strike: Global Offensive desde 2016\u3164\nJogo League of Legends desde 2014\u3164","translator_type":"none","protected":false,"verified":false,"followers_count":85,"friends_count":801,"listed_count":0,"favourites_count":39580,"statuses_count":3640,"created_at":"Fri Jan 12 08:20:48 +0000 2018","utc_offset":null,"time_zone":null,"geo_enabled":false,"lang":null,"contributors_enabled":false,"is_translator":false,"profile_background_color":"000000","profile_background_image_url":"http:\/\/abs.twimg.com\/images\/themes\/theme1\/bg.png","profile_background_image_url_https":"https:\/\/abs.twimg.com\/images\/themes\/theme1\/bg.png","profile_background_tile":false,"profile_link_color":"106444","profile_sidebar_border_color":"000000","profile_sidebar_fill_color":"000000","profile_text_color":"000000","profile_use_background_image":false,"profile_image_url":"http:\/\/pbs.twimg.com\/profile_images\/1247914789168451587\/ICFJ2s7b_normal.jpg","profile_image_url_https":"https:\/\/pbs.twimg.com\/profile_images\/1247914789168451587\/ICFJ2s7b_normal.jpg","profile_banner_url":"https:\/\/pbs.twimg.com\/profile_banners\/951730670056992769\/1585286213","default_profile":false,"default_profile_image":false,"following":null,"follow_request_sent":null,"notifications":null},"geo":null,"coordinates":null,"place":null,"contributors":null,"is_quote_status":false,"quote_count":0,"reply_count":0,"retweet_count":0,"favorite_count":0,"entities":{"hashtags":[{"text":"GOFURIA","indices":[15,23]}],"urls":[],"user_mentions":[{"screen_name":"ScrappyDooLol","name":"Alberto Ya\u00f1ez","id":823923032,"id_str":"823923032","indices":[0,14]}],"symbols":[]},"favorited":false,"retweeted":false,"filter_level":"low","lang":"und","timestamp_ms":"1586538232660"}
