{"created_at":"Fri Apr 10 17:03:50 +0000 2020","id":1248657957467848707,"id_str":"1248657957467848707","text":"Can't believe there's really men out there who don't eat pussy","source":"\u003ca href=\"http:\/\/twitter.com\/download\/android\" rel=\"nofollow\"\u003eTwitter for Android\u003c\/a\u003e","truncated":false,"in_reply_to_status_id":null,"in_reply_to_status_id_str":null,"in_reply_to_user_id":null,"in_reply_to_user_id_str":null,"in_reply_to_screen_name":null,"user":{"id":1056391202,"id_str":"1056391202","name":"EDM Escanor","screen_name":"bossolino_","location":"Columbus, OH","url":null,"description":"Peace, love and positivity. tOSU grad. sales \ud83d\udcb5 bass music and hip hop. trippy hippie vibe tribe.\nit's just twitter don't take it too seriously","translator_type":"none","protected":false,"verified":false,"followers_count":1526,"friends_count":1075,"listed_count":2,"favourites_count":43782,"statuses_count":28752,"created_at":"Wed Jan 02 23:37:45 +0000 2013","utc_offset":null,"time_zone":null,"geo_enabled":true,"lang":null,"contributors_enabled":false,"is_translator":false,"profile_background_color":"C0DEED","profile_background_image_url":"http:\/\/abs.twimg.com\/images\/themes\/theme1\/bg.png","profile_background_image_url_https":"https:\/\/abs.twimg.com\/images\/themes\/theme1\/bg.png","profile_background_tile":false,"profile_link_color":"1DA1F2","profile_sidebar_border_color":"C0DEED","profile_sidebar_fill_color":"DDEEF6","profile_text_color":"333333","profile_use_background_image":true,"profile_image_url":"http:\/\/pbs.twimg.com\/profile_images\/1233516635144761344\/LBYoJID4_normal.jpg","profile_image_url_https":"https:\/\/pbs.twimg.com\/profile_images\/1233516635144761344\/LBYoJID4_normal.jpg","profile_banner_url":"https:\/\/pbs.twimg.com\/profile_banners\/1056391202\/1580082893","default_profile":true,"default_profile_image":false,"following":null,"follow_request_sent":null,"notifications":null},"geo":null,"coordinates":null,"place":null,"contributors":null,"quoted_status_id":1248416393222995969,"quoted_status_id_str":"1248416393222995969","quoted_status":{"created_at":"Fri Apr 10 01:03:57 +0000 2020","id":1248416393222995969,"id_str":"1248416393222995969","text":"can\u2019t believe there\u2019s really women out there who don\u2019t suck dick \ud83d\ude29","source":"\u003ca href=\"http:\/\/twitter.com\/download\/iphone\" rel=\"nofollow\"\u003eTwitter for iPhone\u003c\/a\u003e","truncated":false,"in_reply_to_status_id":null,"in_reply_to_status_id_str":null,"in_reply_to_user_id":null,"in_reply_to_user_id_str":null,"in_reply_to_screen_name":null,"user":{"id":1159997941223849984,"id_str":"1159997941223849984","name":"mami","screen_name":"trapmami420","location":null,"url":"http:\/\/onlyfans.com\/trapmami420","description":"i eat human egos for breakfast","translator_type":"none","protected":false,"verified":false,"followers_count":9676,"friends_count":1094,"listed_count":15,"favourites_count":20490,"statuses_count":9385,"created_at":"Sat Aug 10 01:20:35 +0000 2019","utc_offset":null,"time_zone":null,"geo_enabled":true,"lang":null,"contributors_enabled":false,"is_translator":false,"profile_background_color":"F5F8FA","profile_background_image_url":"","profile_background_image_url_https":"","profile_background_tile":false,"profile_link_color":"1DA1F2","profile_sidebar_border_color":"C0DEED","profile_sidebar_fill_color":"DDEEF6","profile_text_color":"333333","profile_use_background_image":true,"profile_image_url":"http:\/\/pbs.twimg.com\/profile_images\/1246720028176568322\/R7o0AGwZ_normal.jpg","profile_image_url_https":"https:\/\/pbs.twimg.com\/profile_images\/1246720028176568322\/R7o0AGwZ_normal.jpg","profile_banner_url":"https:\/\/pbs.twimg.com\/profile_banners\/1159997941223849984\/1586499821","default_profile":true,"default_profile_image":false,"following":null,"follow_request_sent":null,"notifications":null},"geo":null,"coordinates":null,"place":null,"contributors":null,"is_quote_status":false,"quote_count":3,"reply_count":5,"retweet_count":22,"favorite_count":74,"entities":{"hashtags":[],"urls":[],"user_mentions":[],"symbols":[]},"favorited":false,"retweeted":false,"filter_level":"low","lang":"en"},"quoted_status_permalink":{"url":"https:\/\/t.co\/g5yDCcNduu","expanded":"https:\/\/twitter.com\/trapmami420\/status\/1248416393222995969","display":"twitter.com\/trapmami420\/st\u2026"},"is_quote_status":true,"quote_count":0,"reply_count":0,"retweet_count":0,"favorite_count":0,"entities":{"hashtags":[],"urls":[],"user_mentions":[],"symbols":[]},"favorited":false,"retweeted":false,"filter_level":"low","lang":"en","timestamp_ms":"1586538230660"}
