{"created_at":"Fri Apr 10 17:03:50 +0000 2020","id":1248657957455265797,"id_str":"1248657957455265797","text":"RT @am4dahh: mandem um ovo de colher aqui prs casa que eu falo se esperava ou n\u00e3o \ud83d\ude14\ud83e\udd2d\ud83e\udd2a","source":"\u003ca href=\"http:\/\/twitter.com\/download\/android\" rel=\"nofollow\"\u003eTwitter for Android\u003c\/a\u003e","truncated":false,"in_reply_to_status_id":null,"in_reply_to_status_id_str":null,"in_reply_to_user_id":null,"in_reply_to_user_id_str":null,"in_reply_to_screen_name":null,"user":{"id":941402503685472256,"id_str":"941402503685472256","name":"jad","screen_name":"justjads","location":"in the shit","url":null,"description":"fodasse essa porra toda","translator_type":"none","protected":false,"verified":false,"followers_count":64,"friends_count":215,"listed_count":0,"favourites_count":15954,"statuses_count":2082,"created_at":"Thu Dec 14 20:20:22 +0000 2017","utc_offset":null,"time_zone":null,"geo_enabled":false,"lang":null,"contributors_enabled":false,"is_translator":false,"profile_background_color":"F5F8FA","profile_background_image_url":"","profile_background_image_url_https":"","profile_background_tile":false,"profile_link_color":"1DA1F2","profile_sidebar_border_color":"C0DEED","profile_sidebar_fill_color":"DDEEF6","profile_text_color":"333333","profile_use_background_image":true,"profile_image_url":"http:\/\/pbs.twimg.com\/profile_images\/1246053575236546561\/wmSo5ZoP_normal.jpg","profile_image_url_https":"https:\/\/pbs.twimg.com\/profile_images\/1246053575236546561\/wmSo5ZoP_normal.jpg","profile_banner_url":"https:\/\/pbs.twimg.com\/profile_banners\/941402503685472256\/1584570189","default_profile":true,"default_profile_image":false,"following":null,"follow_request_sent":null,"notifications":null},"geo":null,"coordinates":null,"place":null,"contributors":null,"retweeted_status":{"created_at":"Fri Apr 10 16:41:27 +0000 2020","id":1248652324798697472,"id_str":"1248652324798697472","text":"mandem um ovo de colher aqui prs casa que eu falo se esperava ou n\u00e3o \ud83d\ude14\ud83e\udd2d\ud83e\udd2a","source":"\u003ca href=\"http:\/\/twitter.com\/download\/android\" rel=\"nofollow\"\u003eTwitter for Android\u003c\/a\u003e","truncated":false,"in_reply_to_status_id":null,"in_reply_to_status_id_str":null,"in_reply_to_user_id":null,"in_reply_to_user_id_str":null,"in_reply_to_screen_name":null,"user":{"id":1179907500734341121,"id_str":"1179907500734341121","name":"leura","screen_name":"am4dahh","location":null,"url":"https:\/\/instagram.com\/letszt?igshid=lp1o7nzwd84y","description":"do re mi fa so to mo no cu","translator_type":"none","protected":false,"verified":false,"followers_count":87,"friends_count":430,"listed_count":0,"favourites_count":3107,"statuses_count":668,"created_at":"Thu Oct 03 23:54:13 +0000 2019","utc_offset":null,"time_zone":null,"geo_enabled":false,"lang":null,"contributors_enabled":false,"is_translator":false,"profile_background_color":"F5F8FA","profile_background_image_url":"","profile_background_image_url_https":"","profile_background_tile":false,"profile_link_color":"1DA1F2","profile_sidebar_border_color":"C0DEED","profile_sidebar_fill_color":"DDEEF6","profile_text_color":"333333","profile_use_background_image":true,"profile_image_url":"http:\/\/pbs.twimg.com\/profile_images\/1242545876024864769\/YpwWwuhN_normal.jpg","profile_image_url_https":"https:\/\/pbs.twimg.com\/profile_images\/1242545876024864769\/YpwWwuhN_normal.jpg","profile_banner_url":"https:\/\/pbs.twimg.com\/profile_banners\/1179907500734341121\/1585081393","default_profile":true,"default_profile_image":false,"following":null,"follow_request_sent":null,"notifications":null},"geo":null,"coordinates":null,"place":null,"contributors":null,"is_quote_status":false,"quote_count":0,"reply_count":0,"retweet_count":3,"favorite_count":2,"entities":{"hashtags":[],"urls":[],"user_mentions":[],"symbols":[]},"favorited":false,"retweeted":false,"filter_level":"low","lang":"pt"},"is_quote_status":false,"quote_count":0,"reply_count":0,"retweet_count":0,"favorite_count":0,"entities":{"hashtags":[],"urls":[],"user_mentions":[{"screen_name":"am4dahh","name":"leura","id":1179907500734341121,"id_str":"1179907500734341121","indices":[3,11]}],"symbols":[]},"favorited":false,"retweeted":false,"filter_level":"low","lang":"pt","timestamp_ms":"1586538230657"}
