{"created_at":"Fri Apr 10 17:03:51 +0000 2020","id":1248657961683005441,"id_str":"1248657961683005441","text":"RT @Fz_Fang: \u0e42\u0e2b\u0e2b\u0e2b\u0e2b\u0e2b \u0e2a\u0e27\u0e22\u0e0a\u0e34\u0e1a\u0e2b\u0e32\u0e22 https:\/\/t.co\/OnA0V0FV7r","source":"\u003ca href=\"http:\/\/twitter.com\/download\/iphone\" rel=\"nofollow\"\u003eTwitter for iPhone\u003c\/a\u003e","truncated":false,"in_reply_to_status_id":null,"in_reply_to_status_id_str":null,"in_reply_to_user_id":null,"in_reply_to_user_id_str":null,"in_reply_to_screen_name":null,"user":{"id":868391170396700672,"id_str":"868391170396700672","name":"\u0e23\u0e38\u0e07\u0e23\u0e31\u0e07","screen_name":"ppineaa","location":"Bangkok, Thailand","url":null,"description":"@bts_twt","translator_type":"none","protected":false,"verified":false,"followers_count":57,"friends_count":1003,"listed_count":0,"favourites_count":8189,"statuses_count":58019,"created_at":"Sat May 27 08:59:23 +0000 2017","utc_offset":null,"time_zone":null,"geo_enabled":false,"lang":null,"contributors_enabled":false,"is_translator":false,"profile_background_color":"F5F8FA","profile_background_image_url":"","profile_background_image_url_https":"","profile_background_tile":false,"profile_link_color":"1DA1F2","profile_sidebar_border_color":"C0DEED","profile_sidebar_fill_color":"DDEEF6","profile_text_color":"333333","profile_use_background_image":true,"profile_image_url":"http:\/\/pbs.twimg.com\/profile_images\/1228570006100701186\/oEpde0Me_normal.jpg","profile_image_url_https":"https:\/\/pbs.twimg.com\/profile_images\/1228570006100701186\/oEpde0Me_normal.jpg","profile_banner_url":"https:\/\/pbs.twimg.com\/profile_banners\/868391170396700672\/1568395081","default_profile":true,"default_profile_image":false,"following":null,"follow_request_sent":null,"notifications":null},"geo":null,"coordinates":null,"place":null,"contributors":null,"retweeted_status":{"created_at":"Thu Apr 09 07:55:32 +0000 2020","id":1248157586194489344,"id_str":"1248157586194489344","text":"\u0e42\u0e2b\u0e2b\u0e2b\u0e2b\u0e2b \u0e2a\u0e27\u0e22\u0e0a\u0e34\u0e1a\u0e2b\u0e32\u0e22 https:\/\/t.co\/OnA0V0FV7r","display_text_range":[0,16],"source":"\u003ca href=\"http:\/\/twitter.com\/download\/iphone\" rel=\"nofollow\"\u003eTwitter for iPhone\u003c\/a\u003e","truncated":false,"in_reply_to_status_id":null,"in_reply_to_status_id_str":null,"in_reply_to_user_id":null,"in_reply_to_user_id_str":null,"in_reply_to_screen_name":null,"user":{"id":297250876,"id_str":"297250876","name":"\u0e1b\u0e49\u0e32\u0e1f\u0e32\u0e07 \u0e41\u0e0b\u0e48\u0e40\u0e08\u0e47\u0e07 \u82b3","screen_name":"Fz_Fang","location":"wayvnctsuperm\u3163dt wt ","url":"https:\/\/instagram.com\/tenlee_1001","description":"\u0e41\u0e25\u0e49\u0e27\u0e41\u0e15\u0e48\u0e43\u0e08\u0e40\u0e15\u0e19\u0e25\u0e4c\u0e40\u0e25\u0e22","translator_type":"none","protected":false,"verified":false,"followers_count":29231,"friends_count":186,"listed_count":112,"favourites_count":103617,"statuses_count":377818,"created_at":"Thu May 12 06:06:27 +0000 2011","utc_offset":null,"time_zone":null,"geo_enabled":true,"lang":null,"contributors_enabled":false,"is_translator":false,"profile_background_color":"1A1B1F","profile_background_image_url":"http:\/\/abs.twimg.com\/images\/themes\/theme9\/bg.gif","profile_background_image_url_https":"https:\/\/abs.twimg.com\/images\/themes\/theme9\/bg.gif","profile_background_tile":true,"profile_link_color":"000000","profile_sidebar_border_color":"000000","profile_sidebar_fill_color":"DDEEF6","profile_text_color":"333333","profile_use_background_image":false,"profile_image_url":"http:\/\/pbs.twimg.com\/profile_images\/1235932207518068736\/hwrIJ6P6_normal.jpg","profile_image_url_https":"https:\/\/pbs.twimg.com\/profile_images\/1235932207518068736\/hwrIJ6P6_normal.jpg","profile_banner_url":"https:\/\/pbs.twimg.com\/profile_banners\/297250876\/1576588631","default_profile":false,"default_profile_image":false,"following":null,"follow_request_sent":null,"notifications":null},"geo":null,"coordinates":null,"place":null,"contributors":null,"is_quote_status":false,"quote_count":216,"reply_count":17,"retweet_count":51195,"favorite_count":15556,"entities":{"hashtags":[],"urls":[],"user_mentions":[],"symbols":[],"media":[{"id":1248157578850234368,"id_str":"1248157578850234368","indices":[17,40],"media_url":"http:\/\/pbs.twimg.com\/media\/EVJYtHcUcAAJhA4.jpg","media_url_https":"https:\/\/pbs.twimg.com\/media\/EVJYtHcUcAAJhA4.jpg","url":"https:\/\/t.co\/OnA0V0FV7r","display_url":"pic.twitter.com\/OnA0V0FV7r","expanded_url":"https:\/\/twitter.com\/Fz_Fang\/status\/1248157586194489344\/photo\/1","type":"photo","sizes":{"large":{"w":1080,"h":1080,"resize":"fit"},"thumb":{"w":150,"h":150,"resize":"crop"},"small":{"w":680,"h":680,"resize":"fit"},"medium":{"w":1080,"h":1080,"resize":"fit"}}}]},"extended_entities":{"media":[{"id":1248157578850234368,"id_str":"1248157578850234368","indices":[17,40],"media_url":"http:\/\/pbs.twimg.com\/media\/EVJYtHcUcAAJhA4.jpg","media_url_https":"https:\/\/pbs.twimg.com\/media\/EVJYtHcUcAAJhA4.jpg","url":"https:\/\/t.co\/OnA0V0FV7r","display_url":"pic.twitter.com\/OnA0V0FV7r","expanded_url":"https:\/\/twitter.com\/Fz_Fang\/status\/1248157586194489344\/photo\/1","type":"photo","sizes":{"large":{"w":1080,"h":1080,"resize":"fit"},"thumb":{"w":150,"h":150,"resize":"crop"},"small":{"w":680,"h":680,"resize":"fit"},"medium":{"w":1080,"h":1080,"resize":"fit"}}},{"id":1248157578854465536,"id_str":"1248157578854465536","indices":[17,40],"media_url":"http:\/\/pbs.twimg.com\/media\/EVJYtHdVAAAsmqD.jpg","media_url_https":"https:\/\/pbs.twimg.com\/media\/EVJYtHdVAAAsmqD.jpg","url":"https:\/\/t.co\/OnA0V0FV7r","display_url":"pic.twitter.com\/OnA0V0FV7r","expanded_url":"https:\/\/twitter.com\/Fz_Fang\/status\/1248157586194489344\/photo\/1","type":"photo","sizes":{"small":{"w":680,"h":680,"resize":"fit"},"thumb":{"w":150,"h":150,"resize":"crop"},"medium":{"w":1080,"h":1080,"resize":"fit"},"large":{"w":1080,"h":1080,"resize":"fit"}}},{"id":1248157580767014912,"id_str":"1248157580767014912","indices":[17,40],"media_url":"http:\/\/pbs.twimg.com\/media\/EVJYtOlUMAAtPU_.jpg","media_url_https":"https:\/\/pbs.twimg.com\/media\/EVJYtOlUMAAtPU_.jpg","url":"https:\/\/t.co\/OnA0V0FV7r","display_url":"pic.twitter.com\/OnA0V0FV7r","expanded_url":"https:\/\/twitter.com\/Fz_Fang\/status\/1248157586194489344\/photo\/1","type":"photo","sizes":{"large":{"w":1080,"h":1080,"resize":"fit"},"thumb":{"w":150,"h":150,"resize":"crop"},"small":{"w":680,"h":680,"resize":"fit"},"medium":{"w":1080,"h":1080,"resize":"fit"}}}]},"favorited":false,"retweeted":false,"possibly_sensitive":false,"filter_level":"low","lang":"th"},"is_quote_status":false,"quote_count":0,"reply_count":0,"retweet_count":0,"favorite_count":0,"entities":{"hashtags":[],"urls":[],"user_mentions":[{"screen_name":"Fz_Fang","name":"\u0e1b\u0e49\u0e32\u0e1f\u0e32\u0e07 \u0e41\u0e0b\u0e48\u0e40\u0e08\u0e47\u0e07 \u82b3","id":297250876,"id_str":"297250876","indices":[3,11]}],"symbols":[],"media":[{"id":1248157578850234368,"id_str":"1248157578850234368","indices":[30,53],"media_url":"http:\/\/pbs.twimg.com\/media\/EVJYtHcUcAAJhA4.jpg","media_url_https":"https:\/\/pbs.twimg.com\/media\/EVJYtHcUcAAJhA4.jpg","url":"https:\/\/t.co\/OnA0V0FV7r","display_url":"pic.twitter.com\/OnA0V0FV7r","expanded_url":"https:\/\/twitter.com\/Fz_Fang\/status\/1248157586194489344\/photo\/1","type":"photo","sizes":{"large":{"w":1080,"h":1080,"resize":"fit"},"thumb":{"w":150,"h":150,"resize":"crop"},"small":{"w":680,"h":680,"resize":"fit"},"medium":{"w":1080,"h":1080,"resize":"fit"}},"source_status_id":1248157586194489344,"source_status_id_str":"1248157586194489344","source_user_id":297250876,"source_user_id_str":"297250876"}]},"extended_entities":{"media":[{"id":1248157578850234368,"id_str":"1248157578850234368","indices":[30,53],"media_url":"http:\/\/pbs.twimg.com\/media\/EVJYtHcUcAAJhA4.jpg","media_url_https":"https:\/\/pbs.twimg.com\/media\/EVJYtHcUcAAJhA4.jpg","url":"https:\/\/t.co\/OnA0V0FV7r","display_url":"pic.twitter.com\/OnA0V0FV7r","expanded_url":"https:\/\/twitter.com\/Fz_Fang\/status\/1248157586194489344\/photo\/1","type":"photo","sizes":{"large":{"w":1080,"h":1080,"resize":"fit"},"thumb":{"w":150,"h":150,"resize":"crop"},"small":{"w":680,"h":680,"resize":"fit"},"medium":{"w":1080,"h":1080,"resize":"fit"}},"source_status_id":1248157586194489344,"source_status_id_str":"1248157586194489344","source_user_id":297250876,"source_user_id_str":"297250876"},{"id":1248157578854465536,"id_str":"1248157578854465536","indices":[30,53],"media_url":"http:\/\/pbs.twimg.com\/media\/EVJYtHdVAAAsmqD.jpg","media_url_https":"https:\/\/pbs.twimg.com\/media\/EVJYtHdVAAAsmqD.jpg","url":"https:\/\/t.co\/OnA0V0FV7r","display_url":"pic.twitter.com\/OnA0V0FV7r","expanded_url":"https:\/\/twitter.com\/Fz_Fang\/status\/1248157586194489344\/photo\/1","type":"photo","sizes":{"small":{"w":680,"h":680,"resize":"fit"},"thumb":{"w":150,"h":150,"resize":"crop"},"medium":{"w":1080,"h":1080,"resize":"fit"},"large":{"w":1080,"h":1080,"resize":"fit"}},"source_status_id":1248157586194489344,"source_status_id_str":"1248157586194489344","source_user_id":297250876,"source_user_id_str":"297250876"},{"id":1248157580767014912,"id_str":"1248157580767014912","indices":[30,53],"media_url":"http:\/\/pbs.twimg.com\/media\/EVJYtOlUMAAtPU_.jpg","media_url_https":"https:\/\/pbs.twimg.com\/media\/EVJYtOlUMAAtPU_.jpg","url":"https:\/\/t.co\/OnA0V0FV7r","display_url":"pic.twitter.com\/OnA0V0FV7r","expanded_url":"https:\/\/twitter.com\/Fz_Fang\/status\/1248157586194489344\/photo\/1","type":"photo","sizes":{"large":{"w":1080,"h":1080,"resize":"fit"},"thumb":{"w":150,"h":150,"resize":"crop"},"small":{"w":680,"h":680,"resize":"fit"},"medium":{"w":1080,"h":1080,"resize":"fit"}},"source_status_id":1248157586194489344,"source_status_id_str":"1248157586194489344","source_user_id":297250876,"source_user_id_str":"297250876"}]},"favorited":false,"retweeted":false,"possibly_sensitive":false,"filter_level":"low","lang":"th","timestamp_ms":"1586538231665"}
