{"created_at":"Fri Apr 10 17:03:48 +0000 2020","id":1248657949083316225,"id_str":"1248657949083316225","text":"@MartianDTrump HACKY GACK FRACKS, MARTIAN D TRUMP!","display_text_range":[15,50],"source":"\u003ca href=\"https:\/\/mobile.twitter.com\" rel=\"nofollow\"\u003eTwitter Web App\u003c\/a\u003e","truncated":false,"in_reply_to_status_id":1248653211428204544,"in_reply_to_status_id_str":"1248653211428204544","in_reply_to_user_id":931857182,"in_reply_to_user_id_str":"931857182","in_reply_to_screen_name":"MartianDTrump","user":{"id":1957590888,"id_str":"1957590888","name":"Devo Dalek","screen_name":"DevoDalek","location":"Skaro and Los Angeles","url":null,"description":"When a problem comes along, you must...EXTERMINATE! Enjoy your ride back to the primordial ooze humans!","translator_type":"none","protected":false,"verified":false,"followers_count":1075,"friends_count":2379,"listed_count":19,"favourites_count":52684,"statuses_count":8780,"created_at":"Sat Oct 12 23:02:09 +0000 2013","utc_offset":null,"time_zone":null,"geo_enabled":true,"lang":null,"contributors_enabled":false,"is_translator":false,"profile_background_color":"222222","profile_background_image_url":"http:\/\/abs.twimg.com\/images\/themes\/theme1\/bg.png","profile_background_image_url_https":"https:\/\/abs.twimg.com\/images\/themes\/theme1\/bg.png","profile_background_tile":true,"profile_link_color":"009999","profile_sidebar_border_color":"EDE4E4","profile_sidebar_fill_color":"FF6395","profile_text_color":"873D54","profile_use_background_image":true,"profile_image_url":"http:\/\/pbs.twimg.com\/profile_images\/1107633129856995331\/thbp2c5u_normal.png","profile_image_url_https":"https:\/\/pbs.twimg.com\/profile_images\/1107633129856995331\/thbp2c5u_normal.png","profile_banner_url":"https:\/\/pbs.twimg.com\/profile_banners\/1957590888\/1402001595","default_profile":false,"default_profile_image":false,"following":null,"follow_request_sent":null,"notifications":null},"geo":null,"coordinates":null,"place":null,"contributors":null,"is_quote_status":false,"quote_count":0,"reply_count":0,"retweet_count":0,"favorite_count":0,"entities":{"hashtags":[],"urls":[],"user_mentions":[{"screen_name":"MartianDTrump","name":"Martian Donald Trump","id":931857182,"id_str":"931857182","indices":[0,14]}],"symbols":[]},"favorited":false,"retweeted":false,"filter_level":"low","lang":"en","timestamp_ms":"1586538228661"}
