{"created_at":"Fri Apr 10 17:03:49 +0000 2020","id":1248657953281933315,"id_str":"1248657953281933315","text":"RT @TripsTricks: \ud83c\uddef\ud83c\uddf5 LIghts of Tokyo \ud83d\udccd https:\/\/t.co\/Wsj3V0uZjJ","source":"\u003ca href=\"http:\/\/twitter.com\/download\/android\" rel=\"nofollow\"\u003eTwitter for Android\u003c\/a\u003e","truncated":false,"in_reply_to_status_id":null,"in_reply_to_status_id_str":null,"in_reply_to_user_id":null,"in_reply_to_user_id_str":null,"in_reply_to_screen_name":null,"user":{"id":923767075,"id_str":"923767075","name":"Sarii","screen_name":"sararuizdiaz","location":"Paraguay","url":"http:\/\/www.facebook.com\/sara.ruizdiaz.3576?ref=tn_tnmn","description":"Ingenier\u00eda UNA - Bailarina Profesional - Profesora de Danzas - ExaCRESR '013 - Instagram: sararuizdiaz","translator_type":"none","protected":false,"verified":false,"followers_count":2232,"friends_count":2190,"listed_count":2,"favourites_count":28667,"statuses_count":43498,"created_at":"Sat Nov 03 18:22:54 +0000 2012","utc_offset":null,"time_zone":null,"geo_enabled":true,"lang":null,"contributors_enabled":false,"is_translator":false,"profile_background_color":"FF6699","profile_background_image_url":"http:\/\/abs.twimg.com\/images\/themes\/theme1\/bg.png","profile_background_image_url_https":"https:\/\/abs.twimg.com\/images\/themes\/theme1\/bg.png","profile_background_tile":true,"profile_link_color":"B40B43","profile_sidebar_border_color":"000000","profile_sidebar_fill_color":"000000","profile_text_color":"000000","profile_use_background_image":true,"profile_image_url":"http:\/\/pbs.twimg.com\/profile_images\/1212567334382120966\/3yS8dg8V_normal.jpg","profile_image_url_https":"https:\/\/pbs.twimg.com\/profile_images\/1212567334382120966\/3yS8dg8V_normal.jpg","profile_banner_url":"https:\/\/pbs.twimg.com\/profile_banners\/923767075\/1577933594","default_profile":false,"default_profile_image":false,"following":null,"follow_request_sent":null,"notifications":null},"geo":null,"coordinates":null,"place":null,"contributors":null,"retweeted_status":{"created_at":"Sat Apr 04 02:00:00 +0000 2020","id":1246256172820242433,"id_str":"1246256172820242433","text":"\ud83c\uddef\ud83c\uddf5 LIghts of Tokyo \ud83d\udccd https:\/\/t.co\/Wsj3V0uZjJ","display_text_range":[0,20],"source":"\u003ca href=\"https:\/\/about.twitter.com\/products\/tweetdeck\" rel=\"nofollow\"\u003eTweetDeck\u003c\/a\u003e","truncated":false,"in_reply_to_status_id":null,"in_reply_to_status_id_str":null,"in_reply_to_user_id":null,"in_reply_to_user_id_str":null,"in_reply_to_screen_name":null,"user":{"id":1229134735223508998,"id_str":"1229134735223508998","name":"Trips&tricks","screen_name":"TripsTricks","location":"Italy","url":null,"description":"Take a trip around the world with us! \ud83d\udeeb\nThe best hotels, experiences and the most important tips and tricks to live the dream abroad! \ud83c\udf0d","translator_type":"none","protected":false,"verified":false,"followers_count":3160,"friends_count":2815,"listed_count":9,"favourites_count":3138,"statuses_count":3247,"created_at":"Sun Feb 16 20:05:55 +0000 2020","utc_offset":null,"time_zone":null,"geo_enabled":true,"lang":null,"contributors_enabled":false,"is_translator":false,"profile_background_color":"F5F8FA","profile_background_image_url":"","profile_background_image_url_https":"","profile_background_tile":false,"profile_link_color":"1DA1F2","profile_sidebar_border_color":"C0DEED","profile_sidebar_fill_color":"DDEEF6","profile_text_color":"333333","profile_use_background_image":true,"profile_image_url":"http:\/\/pbs.twimg.com\/profile_images\/1229352241477365760\/ORosU1o1_normal.jpg","profile_image_url_https":"https:\/\/pbs.twimg.com\/profile_images\/1229352241477365760\/ORosU1o1_normal.jpg","profile_banner_url":"https:\/\/pbs.twimg.com\/profile_banners\/1229134735223508998\/1583774581","default_profile":true,"default_profile_image":false,"following":null,"follow_request_sent":null,"notifications":null},"geo":null,"coordinates":null,"place":null,"contributors":null,"is_quote_status":false,"quote_count":2,"reply_count":12,"retweet_count":57,"favorite_count":172,"entities":{"hashtags":[],"urls":[],"user_mentions":[],"symbols":[],"media":[{"id":1245774853547925504,"id_str":"1245774853547925504","indices":[21,44],"media_url":"http:\/\/pbs.twimg.com\/media\/EUnhoP_WoAAOhXR.jpg","media_url_https":"https:\/\/pbs.twimg.com\/media\/EUnhoP_WoAAOhXR.jpg","url":"https:\/\/t.co\/Wsj3V0uZjJ","display_url":"pic.twitter.com\/Wsj3V0uZjJ","expanded_url":"https:\/\/twitter.com\/TripsTricks\/status\/1246256172820242433\/photo\/1","type":"photo","sizes":{"medium":{"w":736,"h":910,"resize":"fit"},"thumb":{"w":150,"h":150,"resize":"crop"},"small":{"w":550,"h":680,"resize":"fit"},"large":{"w":736,"h":910,"resize":"fit"}}}]},"extended_entities":{"media":[{"id":1245774853547925504,"id_str":"1245774853547925504","indices":[21,44],"media_url":"http:\/\/pbs.twimg.com\/media\/EUnhoP_WoAAOhXR.jpg","media_url_https":"https:\/\/pbs.twimg.com\/media\/EUnhoP_WoAAOhXR.jpg","url":"https:\/\/t.co\/Wsj3V0uZjJ","display_url":"pic.twitter.com\/Wsj3V0uZjJ","expanded_url":"https:\/\/twitter.com\/TripsTricks\/status\/1246256172820242433\/photo\/1","type":"photo","sizes":{"medium":{"w":736,"h":910,"resize":"fit"},"thumb":{"w":150,"h":150,"resize":"crop"},"small":{"w":550,"h":680,"resize":"fit"},"large":{"w":736,"h":910,"resize":"fit"}}},{"id":1245774863740043264,"id_str":"1245774863740043264","indices":[21,44],"media_url":"http:\/\/pbs.twimg.com\/media\/EUnho19WAAAk9i8.jpg","media_url_https":"https:\/\/pbs.twimg.com\/media\/EUnho19WAAAk9i8.jpg","url":"https:\/\/t.co\/Wsj3V0uZjJ","display_url":"pic.twitter.com\/Wsj3V0uZjJ","expanded_url":"https:\/\/twitter.com\/TripsTricks\/status\/1246256172820242433\/photo\/1","type":"photo","sizes":{"thumb":{"w":150,"h":150,"resize":"crop"},"medium":{"w":960,"h":1200,"resize":"fit"},"large":{"w":1080,"h":1350,"resize":"fit"},"small":{"w":544,"h":680,"resize":"fit"}}}]},"favorited":false,"retweeted":false,"possibly_sensitive":false,"filter_level":"low","lang":"en"},"is_quote_status":false,"quote_count":0,"reply_count":0,"retweet_count":0,"favorite_count":0,"entities":{"hashtags":[],"urls":[],"user_mentions":[{"screen_name":"TripsTricks","name":"Trips&tricks","id":1229134735223508998,"id_str":"1229134735223508998","indices":[3,15]}],"symbols":[],"media":[{"id":1245774853547925504,"id_str":"1245774853547925504","indices":[38,61],"media_url":"http:\/\/pbs.twimg.com\/media\/EUnhoP_WoAAOhXR.jpg","media_url_https":"https:\/\/pbs.twimg.com\/media\/EUnhoP_WoAAOhXR.jpg","url":"https:\/\/t.co\/Wsj3V0uZjJ","display_url":"pic.twitter.com\/Wsj3V0uZjJ","expanded_url":"https:\/\/twitter.com\/TripsTricks\/status\/1246256172820242433\/photo\/1","type":"photo","sizes":{"medium":{"w":736,"h":910,"resize":"fit"},"thumb":{"w":150,"h":150,"resize":"crop"},"small":{"w":550,"h":680,"resize":"fit"},"large":{"w":736,"h":910,"resize":"fit"}},"source_status_id":1246256172820242433,"source_status_id_str":"1246256172820242433","source_user_id":1229134735223508998,"source_user_id_str":"1229134735223508998"}]},"extended_entities":{"media":[{"id":1245774853547925504,"id_str":"1245774853547925504","indices":[38,61],"media_url":"http:\/\/pbs.twimg.com\/media\/EUnhoP_WoAAOhXR.jpg","media_url_https":"https:\/\/pbs.twimg.com\/media\/EUnhoP_WoAAOhXR.jpg","url":"https:\/\/t.co\/Wsj3V0uZjJ","display_url":"pic.twitter.com\/Wsj3V0uZjJ","expanded_url":"https:\/\/twitter.com\/TripsTricks\/status\/1246256172820242433\/photo\/1","type":"photo","sizes":{"medium":{"w":736,"h":910,"resize":"fit"},"thumb":{"w":150,"h":150,"resize":"crop"},"small":{"w":550,"h":680,"resize":"fit"},"large":{"w":736,"h":910,"resize":"fit"}},"source_status_id":1246256172820242433,"source_status_id_str":"1246256172820242433","source_user_id":1229134735223508998,"source_user_id_str":"1229134735223508998"},{"id":1245774863740043264,"id_str":"1245774863740043264","indices":[38,61],"media_url":"http:\/\/pbs.twimg.com\/media\/EUnho19WAAAk9i8.jpg","media_url_https":"https:\/\/pbs.twimg.com\/media\/EUnho19WAAAk9i8.jpg","url":"https:\/\/t.co\/Wsj3V0uZjJ","display_url":"pic.twitter.com\/Wsj3V0uZjJ","expanded_url":"https:\/\/twitter.com\/TripsTricks\/status\/1246256172820242433\/photo\/1","type":"photo","sizes":{"thumb":{"w":150,"h":150,"resize":"crop"},"medium":{"w":960,"h":1200,"resize":"fit"},"large":{"w":1080,"h":1350,"resize":"fit"},"small":{"w":544,"h":680,"resize":"fit"}},"source_status_id":1246256172820242433,"source_status_id_str":"1246256172820242433","source_user_id":1229134735223508998,"source_user_id_str":"1229134735223508998"}]},"favorited":false,"retweeted":false,"possibly_sensitive":true,"filter_level":"low","lang":"en","timestamp_ms":"1586538229662"}
