{"created_at":"Fri Apr 10 17:03:55 +0000 2020","id":1248657978447654917,"id_str":"1248657978447654917","text":"RT @armyxrose: SHINee IS BACK BITCHES\nYOU KNOW WHAT THAT MEANS https:\/\/t.co\/mVkkjfGtOr","source":"\u003ca href=\"http:\/\/twitter.com\/download\/iphone\" rel=\"nofollow\"\u003eTwitter for iPhone\u003c\/a\u003e","truncated":false,"in_reply_to_status_id":null,"in_reply_to_status_id_str":null,"in_reply_to_user_id":null,"in_reply_to_user_id_str":null,"in_reply_to_screen_name":null,"user":{"id":289209227,"id_str":"289209227","name":"M\u00e9","screen_name":"MaYPiChii","location":null,"url":"https:\/\/www.twitter.com\/shinee","description":"Forever 5HINee (150927|170624|181208|190302|191019 #2020_SHINeeisBACK","translator_type":"none","protected":false,"verified":false,"followers_count":117,"friends_count":143,"listed_count":27,"favourites_count":169,"statuses_count":256559,"created_at":"Thu Apr 28 06:47:57 +0000 2011","utc_offset":null,"time_zone":null,"geo_enabled":true,"lang":null,"contributors_enabled":false,"is_translator":false,"profile_background_color":"C0DEED","profile_background_image_url":"http:\/\/abs.twimg.com\/images\/themes\/theme1\/bg.png","profile_background_image_url_https":"https:\/\/abs.twimg.com\/images\/themes\/theme1\/bg.png","profile_background_tile":true,"profile_link_color":"7FDBB6","profile_sidebar_border_color":"FFFFFF","profile_sidebar_fill_color":"DDEEF6","profile_text_color":"333333","profile_use_background_image":true,"profile_image_url":"http:\/\/pbs.twimg.com\/profile_images\/1124357506497515520\/hCyhF23P_normal.jpg","profile_image_url_https":"https:\/\/pbs.twimg.com\/profile_images\/1124357506497515520\/hCyhF23P_normal.jpg","profile_banner_url":"https:\/\/pbs.twimg.com\/profile_banners\/289209227\/1580949434","default_profile":false,"default_profile_image":false,"following":null,"follow_request_sent":null,"notifications":null},"geo":null,"coordinates":null,"place":null,"contributors":null,"retweeted_status":{"created_at":"Fri Apr 10 15:36:03 +0000 2020","id":1248635866127499266,"id_str":"1248635866127499266","text":"SHINee IS BACK BITCHES\nYOU KNOW WHAT THAT MEANS https:\/\/t.co\/mVkkjfGtOr","display_text_range":[0,47],"source":"\u003ca href=\"http:\/\/twitter.com\/download\/iphone\" rel=\"nofollow\"\u003eTwitter for iPhone\u003c\/a\u003e","truncated":false,"in_reply_to_status_id":null,"in_reply_to_status_id_str":null,"in_reply_to_user_id":null,"in_reply_to_user_id_str":null,"in_reply_to_screen_name":null,"user":{"id":3788849057,"id_str":"3788849057","name":"\u1d04\u1d00ss\u026a\u1d07 \u2661's \u1d0a\u1d0f\u0274\u0262\u029c\u028f\u1d1c\u0274","screen_name":"armyxrose","location":"| \u043c\u03c5l\u0442\u03b9-\u0455\u0442an |","url":null,"description":"#\uae40\uc885\ud604: who wants nudes when you can get SHINee pics instead ??","translator_type":"none","protected":false,"verified":false,"followers_count":2952,"friends_count":2887,"listed_count":17,"favourites_count":21649,"statuses_count":2688,"created_at":"Sun Sep 27 03:52:57 +0000 2015","utc_offset":null,"time_zone":null,"geo_enabled":false,"lang":null,"contributors_enabled":false,"is_translator":false,"profile_background_color":"C0DEED","profile_background_image_url":"http:\/\/abs.twimg.com\/images\/themes\/theme1\/bg.png","profile_background_image_url_https":"https:\/\/abs.twimg.com\/images\/themes\/theme1\/bg.png","profile_background_tile":false,"profile_link_color":"1DA1F2","profile_sidebar_border_color":"C0DEED","profile_sidebar_fill_color":"DDEEF6","profile_text_color":"333333","profile_use_background_image":true,"profile_image_url":"http:\/\/pbs.twimg.com\/profile_images\/1248299524465897475\/Cf5Jkv2g_normal.jpg","profile_image_url_https":"https:\/\/pbs.twimg.com\/profile_images\/1248299524465897475\/Cf5Jkv2g_normal.jpg","profile_banner_url":"https:\/\/pbs.twimg.com\/profile_banners\/3788849057\/1586452774","default_profile":true,"default_profile_image":false,"following":null,"follow_request_sent":null,"notifications":null},"geo":null,"coordinates":null,"place":null,"contributors":null,"is_quote_status":false,"quote_count":3,"reply_count":5,"retweet_count":221,"favorite_count":366,"entities":{"hashtags":[],"urls":[],"user_mentions":[],"symbols":[],"media":[{"id":1248635860406370304,"id_str":"1248635860406370304","indices":[48,71],"media_url":"http:\/\/pbs.twimg.com\/media\/EVQLsxFWAAAIoiH.jpg","media_url_https":"https:\/\/pbs.twimg.com\/media\/EVQLsxFWAAAIoiH.jpg","url":"https:\/\/t.co\/mVkkjfGtOr","display_url":"pic.twitter.com\/mVkkjfGtOr","expanded_url":"https:\/\/twitter.com\/armyxrose\/status\/1248635866127499266\/photo\/1","type":"photo","sizes":{"thumb":{"w":150,"h":150,"resize":"crop"},"small":{"w":531,"h":531,"resize":"fit"},"large":{"w":531,"h":531,"resize":"fit"},"medium":{"w":531,"h":531,"resize":"fit"}}}]},"extended_entities":{"media":[{"id":1248635860406370304,"id_str":"1248635860406370304","indices":[48,71],"media_url":"http:\/\/pbs.twimg.com\/media\/EVQLsxFWAAAIoiH.jpg","media_url_https":"https:\/\/pbs.twimg.com\/media\/EVQLsxFWAAAIoiH.jpg","url":"https:\/\/t.co\/mVkkjfGtOr","display_url":"pic.twitter.com\/mVkkjfGtOr","expanded_url":"https:\/\/twitter.com\/armyxrose\/status\/1248635866127499266\/photo\/1","type":"photo","sizes":{"thumb":{"w":150,"h":150,"resize":"crop"},"small":{"w":531,"h":531,"resize":"fit"},"large":{"w":531,"h":531,"resize":"fit"},"medium":{"w":531,"h":531,"resize":"fit"}}},{"id":1248635860414857218,"id_str":"1248635860414857218","indices":[48,71],"media_url":"http:\/\/pbs.twimg.com\/media\/EVQLsxHXgAIaLeh.jpg","media_url_https":"https:\/\/pbs.twimg.com\/media\/EVQLsxHXgAIaLeh.jpg","url":"https:\/\/t.co\/mVkkjfGtOr","display_url":"pic.twitter.com\/mVkkjfGtOr","expanded_url":"https:\/\/twitter.com\/armyxrose\/status\/1248635866127499266\/photo\/1","type":"photo","sizes":{"thumb":{"w":150,"h":150,"resize":"crop"},"small":{"w":400,"h":599,"resize":"fit"},"medium":{"w":400,"h":599,"resize":"fit"},"large":{"w":400,"h":599,"resize":"fit"}}},{"id":1248635860465180673,"id_str":"1248635860465180673","indices":[48,71],"media_url":"http:\/\/pbs.twimg.com\/media\/EVQLsxTXYAEd42v.jpg","media_url_https":"https:\/\/pbs.twimg.com\/media\/EVQLsxTXYAEd42v.jpg","url":"https:\/\/t.co\/mVkkjfGtOr","display_url":"pic.twitter.com\/mVkkjfGtOr","expanded_url":"https:\/\/twitter.com\/armyxrose\/status\/1248635866127499266\/photo\/1","type":"photo","sizes":{"large":{"w":736,"h":730,"resize":"fit"},"thumb":{"w":150,"h":150,"resize":"crop"},"medium":{"w":736,"h":730,"resize":"fit"},"small":{"w":680,"h":674,"resize":"fit"}}},{"id":1248635860570030082,"id_str":"1248635860570030082","indices":[48,71],"media_url":"http:\/\/pbs.twimg.com\/media\/EVQLsxsXQAIU2Gb.jpg","media_url_https":"https:\/\/pbs.twimg.com\/media\/EVQLsxsXQAIU2Gb.jpg","url":"https:\/\/t.co\/mVkkjfGtOr","display_url":"pic.twitter.com\/mVkkjfGtOr","expanded_url":"https:\/\/twitter.com\/armyxrose\/status\/1248635866127499266\/photo\/1","type":"photo","sizes":{"thumb":{"w":150,"h":150,"resize":"crop"},"small":{"w":510,"h":680,"resize":"fit"},"large":{"w":768,"h":1024,"resize":"fit"},"medium":{"w":768,"h":1024,"resize":"fit"}}}]},"favorited":false,"retweeted":false,"possibly_sensitive":false,"filter_level":"low","lang":"en"},"is_quote_status":false,"quote_count":0,"reply_count":0,"retweet_count":0,"favorite_count":0,"entities":{"hashtags":[],"urls":[],"user_mentions":[{"screen_name":"armyxrose","name":"\u1d04\u1d00ss\u026a\u1d07 \u2661's \u1d0a\u1d0f\u0274\u0262\u029c\u028f\u1d1c\u0274","id":3788849057,"id_str":"3788849057","indices":[3,13]}],"symbols":[],"media":[{"id":1248635860406370304,"id_str":"1248635860406370304","indices":[63,86],"media_url":"http:\/\/pbs.twimg.com\/media\/EVQLsxFWAAAIoiH.jpg","media_url_https":"https:\/\/pbs.twimg.com\/media\/EVQLsxFWAAAIoiH.jpg","url":"https:\/\/t.co\/mVkkjfGtOr","display_url":"pic.twitter.com\/mVkkjfGtOr","expanded_url":"https:\/\/twitter.com\/armyxrose\/status\/1248635866127499266\/photo\/1","type":"photo","sizes":{"thumb":{"w":150,"h":150,"resize":"crop"},"small":{"w":531,"h":531,"resize":"fit"},"large":{"w":531,"h":531,"resize":"fit"},"medium":{"w":531,"h":531,"resize":"fit"}},"source_status_id":1248635866127499266,"source_status_id_str":"1248635866127499266","source_user_id":3788849057,"source_user_id_str":"3788849057"}]},"extended_entities":{"media":[{"id":1248635860406370304,"id_str":"1248635860406370304","indices":[63,86],"media_url":"http:\/\/pbs.twimg.com\/media\/EVQLsxFWAAAIoiH.jpg","media_url_https":"https:\/\/pbs.twimg.com\/media\/EVQLsxFWAAAIoiH.jpg","url":"https:\/\/t.co\/mVkkjfGtOr","display_url":"pic.twitter.com\/mVkkjfGtOr","expanded_url":"https:\/\/twitter.com\/armyxrose\/status\/1248635866127499266\/photo\/1","type":"photo","sizes":{"thumb":{"w":150,"h":150,"resize":"crop"},"small":{"w":531,"h":531,"resize":"fit"},"large":{"w":531,"h":531,"resize":"fit"},"medium":{"w":531,"h":531,"resize":"fit"}},"source_status_id":1248635866127499266,"source_status_id_str":"1248635866127499266","source_user_id":3788849057,"source_user_id_str":"3788849057"},{"id":1248635860414857218,"id_str":"1248635860414857218","indices":[63,86],"media_url":"http:\/\/pbs.twimg.com\/media\/EVQLsxHXgAIaLeh.jpg","media_url_https":"https:\/\/pbs.twimg.com\/media\/EVQLsxHXgAIaLeh.jpg","url":"https:\/\/t.co\/mVkkjfGtOr","display_url":"pic.twitter.com\/mVkkjfGtOr","expanded_url":"https:\/\/twitter.com\/armyxrose\/status\/1248635866127499266\/photo\/1","type":"photo","sizes":{"thumb":{"w":150,"h":150,"resize":"crop"},"small":{"w":400,"h":599,"resize":"fit"},"medium":{"w":400,"h":599,"resize":"fit"},"large":{"w":400,"h":599,"resize":"fit"}},"source_status_id":1248635866127499266,"source_status_id_str":"1248635866127499266","source_user_id":3788849057,"source_user_id_str":"3788849057"},{"id":1248635860465180673,"id_str":"1248635860465180673","indices":[63,86],"media_url":"http:\/\/pbs.twimg.com\/media\/EVQLsxTXYAEd42v.jpg","media_url_https":"https:\/\/pbs.twimg.com\/media\/EVQLsxTXYAEd42v.jpg","url":"https:\/\/t.co\/mVkkjfGtOr","display_url":"pic.twitter.com\/mVkkjfGtOr","expanded_url":"https:\/\/twitter.com\/armyxrose\/status\/1248635866127499266\/photo\/1","type":"photo","sizes":{"large":{"w":736,"h":730,"resize":"fit"},"thumb":{"w":150,"h":150,"resize":"crop"},"medium":{"w":736,"h":730,"resize":"fit"},"small":{"w":680,"h":674,"resize":"fit"}},"source_status_id":1248635866127499266,"source_status_id_str":"1248635866127499266","source_user_id":3788849057,"source_user_id_str":"3788849057"},{"id":1248635860570030082,"id_str":"1248635860570030082","indices":[63,86],"media_url":"http:\/\/pbs.twimg.com\/media\/EVQLsxsXQAIU2Gb.jpg","media_url_https":"https:\/\/pbs.twimg.com\/media\/EVQLsxsXQAIU2Gb.jpg","url":"https:\/\/t.co\/mVkkjfGtOr","display_url":"pic.twitter.com\/mVkkjfGtOr","expanded_url":"https:\/\/twitter.com\/armyxrose\/status\/1248635866127499266\/photo\/1","type":"photo","sizes":{"thumb":{"w":150,"h":150,"resize":"crop"},"small":{"w":510,"h":680,"resize":"fit"},"large":{"w":768,"h":1024,"resize":"fit"},"medium":{"w":768,"h":1024,"resize":"fit"}},"source_status_id":1248635866127499266,"source_status_id_str":"1248635866127499266","source_user_id":3788849057,"source_user_id_str":"3788849057"}]},"favorited":false,"retweeted":false,"possibly_sensitive":false,"filter_level":"low","lang":"en","timestamp_ms":"1586538235662"}
