{"created_at":"Fri Apr 10 17:03:50 +0000 2020","id":1248657957484560384,"id_str":"1248657957484560384","text":"RT @Mr_Incoggnito: This pic is test kit to detect Godi Virus and Sudhir Chaudhary found + for Godi Virus. RIP\n#ThooSudhirChaudharyThoo http\u2026","source":"\u003ca href=\"http:\/\/twitter.com\/download\/android\" rel=\"nofollow\"\u003eTwitter for Android\u003c\/a\u003e","truncated":false,"in_reply_to_status_id":null,"in_reply_to_status_id_str":null,"in_reply_to_user_id":null,"in_reply_to_user_id_str":null,"in_reply_to_screen_name":null,"user":{"id":158377099,"id_str":"158377099","name":"Suhaib Sheikh","screen_name":"suhaib_in_mood","location":"pune","url":null,"description":"Design engineer, Mech Pro, crazy, insane & funny.","translator_type":"none","protected":false,"verified":false,"followers_count":187,"friends_count":129,"listed_count":0,"favourites_count":1676,"statuses_count":1182,"created_at":"Tue Jun 22 13:52:39 +0000 2010","utc_offset":null,"time_zone":null,"geo_enabled":false,"lang":null,"contributors_enabled":false,"is_translator":false,"profile_background_color":"1A1B1F","profile_background_image_url":"http:\/\/abs.twimg.com\/images\/themes\/theme9\/bg.gif","profile_background_image_url_https":"https:\/\/abs.twimg.com\/images\/themes\/theme9\/bg.gif","profile_background_tile":true,"profile_link_color":"2FC2EF","profile_sidebar_border_color":"FFFFFF","profile_sidebar_fill_color":"252429","profile_text_color":"666666","profile_use_background_image":true,"profile_image_url":"http:\/\/pbs.twimg.com\/profile_images\/1117446009796251648\/Tn2zAkR6_normal.jpg","profile_image_url_https":"https:\/\/pbs.twimg.com\/profile_images\/1117446009796251648\/Tn2zAkR6_normal.jpg","profile_banner_url":"https:\/\/pbs.twimg.com\/profile_banners\/158377099\/1370106729","default_profile":false,"default_profile_image":false,"following":null,"follow_request_sent":null,"notifications":null},"geo":null,"coordinates":null,"place":null,"contributors":null,"retweeted_status":{"created_at":"Fri Apr 10 14:56:50 +0000 2020","id":1248625996686712836,"id_str":"1248625996686712836","text":"This pic is test kit to detect Godi Virus and Sudhir Chaudhary found + for Godi Virus. RIP\n#ThooSudhirChaudharyThoo https:\/\/t.co\/yxdQexFJEh","display_text_range":[0,115],"source":"\u003ca href=\"http:\/\/twitter.com\/download\/android\" rel=\"nofollow\"\u003eTwitter for Android\u003c\/a\u003e","truncated":false,"in_reply_to_status_id":null,"in_reply_to_status_id_str":null,"in_reply_to_user_id":null,"in_reply_to_user_id_str":null,"in_reply_to_screen_name":null,"user":{"id":2389223496,"id_str":"2389223496","name":"\u0938\u092c \u091a\u0902\u0917\u093e \u0938\u0940 !","screen_name":"Mr_Incoggnito","location":"Pune, India","url":null,"description":"A patriot must always be ready to defend his country against his government.","translator_type":"none","protected":false,"verified":false,"followers_count":807,"friends_count":5,"listed_count":22,"favourites_count":133157,"statuses_count":69263,"created_at":"Fri Mar 14 14:49:56 +0000 2014","utc_offset":null,"time_zone":null,"geo_enabled":false,"lang":null,"contributors_enabled":false,"is_translator":false,"profile_background_color":"C0DEED","profile_background_image_url":"http:\/\/abs.twimg.com\/images\/themes\/theme1\/bg.png","profile_background_image_url_https":"https:\/\/abs.twimg.com\/images\/themes\/theme1\/bg.png","profile_background_tile":false,"profile_link_color":"1DA1F2","profile_sidebar_border_color":"C0DEED","profile_sidebar_fill_color":"DDEEF6","profile_text_color":"333333","profile_use_background_image":true,"profile_image_url":"http:\/\/pbs.twimg.com\/profile_images\/1242391792177369089\/mh_zYPKp_normal.jpg","profile_image_url_https":"https:\/\/pbs.twimg.com\/profile_images\/1242391792177369089\/mh_zYPKp_normal.jpg","profile_banner_url":"https:\/\/pbs.twimg.com\/profile_banners\/2389223496\/1505423321","default_profile":true,"default_profile_image":false,"following":null,"follow_request_sent":null,"notifications":null},"geo":null,"coordinates":null,"place":null,"contributors":null,"is_quote_status":false,"quote_count":0,"reply_count":0,"retweet_count":25,"favorite_count":23,"entities":{"hashtags":[{"text":"ThooSudhirChaudharyThoo","indices":[91,115]}],"urls":[],"user_mentions":[],"symbols":[],"media":[{"id":1248625937790320640,"id_str":"1248625937790320640","indices":[116,139],"media_url":"http:\/\/pbs.twimg.com\/media\/EVQCrMdUwAAJd5g.jpg","media_url_https":"https:\/\/pbs.twimg.com\/media\/EVQCrMdUwAAJd5g.jpg","url":"https:\/\/t.co\/yxdQexFJEh","display_url":"pic.twitter.com\/yxdQexFJEh","expanded_url":"https:\/\/twitter.com\/Mr_Incoggnito\/status\/1248625996686712836\/photo\/1","type":"photo","sizes":{"thumb":{"w":150,"h":150,"resize":"crop"},"large":{"w":1080,"h":1453,"resize":"fit"},"small":{"w":505,"h":680,"resize":"fit"},"medium":{"w":892,"h":1200,"resize":"fit"}}}]},"extended_entities":{"media":[{"id":1248625937790320640,"id_str":"1248625937790320640","indices":[116,139],"media_url":"http:\/\/pbs.twimg.com\/media\/EVQCrMdUwAAJd5g.jpg","media_url_https":"https:\/\/pbs.twimg.com\/media\/EVQCrMdUwAAJd5g.jpg","url":"https:\/\/t.co\/yxdQexFJEh","display_url":"pic.twitter.com\/yxdQexFJEh","expanded_url":"https:\/\/twitter.com\/Mr_Incoggnito\/status\/1248625996686712836\/photo\/1","type":"photo","sizes":{"thumb":{"w":150,"h":150,"resize":"crop"},"large":{"w":1080,"h":1453,"resize":"fit"},"small":{"w":505,"h":680,"resize":"fit"},"medium":{"w":892,"h":1200,"resize":"fit"}}}]},"favorited":false,"retweeted":false,"possibly_sensitive":false,"filter_level":"low","lang":"en"},"is_quote_status":false,"quote_count":0,"reply_count":0,"retweet_count":0,"favorite_count":0,"entities":{"hashtags":[{"text":"ThooSudhirChaudharyThoo","indices":[110,134]}],"urls":[],"user_mentions":[{"screen_name":"Mr_Incoggnito","name":"\u0938\u092c \u091a\u0902\u0917\u093e \u0938\u0940 !","id":2389223496,"id_str":"2389223496","indices":[3,17]}],"symbols":[]},"favorited":false,"retweeted":false,"filter_level":"low","lang":"en","timestamp_ms":"1586538230664"}
