{"created_at":"Fri Apr 10 17:03:57 +0000 2020","id":1248657986836291585,"id_str":"1248657986836291585","text":"RT @mypartner0830: \ud604\uc736) \uc624\ub298\uc790 \uc720\uc9c4\uc774\uac00 \uc790\uae30 \uc774\uc0c1\ud615\u25cb\u25cb\u25cb\u25cb \ubb38\ud604\uc544 \ub300\uc0ac\uac00 \uac78\ub9b0\ub2e4... \uc800\ub9d0 \uc0ac\uc18c\ud55c \uac70\uae34 \ud55c\ub370 \u25cb\u25cb\u25cb\u25cb\u25cb\u25cb\u25cb\u25cb\u25cb\u25cb\u25cb\u25cb\u25cb\u25cb\u25cb\u25cb\u25cb\u25cb\u25cb\u25cb\u25cb\u25cb\u25cb\u25cb\u25cb\u25cb\u25cb\u25cb\u25cb\u25cb\u25cb\u25cb\u25cb\u25cb\u25cb\u25cb\u25cb\u25cb\u25cb\u25cb\u25cb\uc774\ub77c\uace0 \ubc1b\uc558\uc796\uc544? https:\/\/t.co\/rGB1\u2026","source":"\u003ca href=\"https:\/\/mobile.twitter.com\" rel=\"nofollow\"\u003eTwitter Web App\u003c\/a\u003e","truncated":false,"in_reply_to_status_id":null,"in_reply_to_status_id_str":null,"in_reply_to_user_id":null,"in_reply_to_user_id_str":null,"in_reply_to_screen_name":null,"user":{"id":4677075325,"id_str":"4677075325","name":"(\uad6c\ub3c5\ud558\ub7ec\uc654\uc2b5\ub2c8\ub2e4\ub9cc..\u007d|\u3145\u3147","screen_name":"1sksub","location":null,"url":null,"description":"\uc874\uc798\ub2d8\/\ub3d9\ubb3c\/\uc790\ub8cc\ubd07\ub4f1\ub4f1\uad00\uc2ec\uac00\ub294\uac83\uc744\uc774\uac83\uc800\uac83\ud314\ub85c\ud558\ub294\uad6c\ub3c5\uc6a9\uacc4\uc815\ud83e\udd70 \uc874\uc798\ub2d8\uc800\ub294\uc218\uc0c1\ud55c\uc0ac\ub78c\uc774\uc544\ub2d9\ub2c8\ub2e4, , , 20\u2191","translator_type":"none","protected":false,"verified":false,"followers_count":2,"friends_count":550,"listed_count":1,"favourites_count":1024,"statuses_count":7969,"created_at":"Wed Dec 30 07:59:45 +0000 2015","utc_offset":null,"time_zone":null,"geo_enabled":false,"lang":null,"contributors_enabled":false,"is_translator":false,"profile_background_color":"F5F8FA","profile_background_image_url":"","profile_background_image_url_https":"","profile_background_tile":false,"profile_link_color":"1DA1F2","profile_sidebar_border_color":"C0DEED","profile_sidebar_fill_color":"DDEEF6","profile_text_color":"333333","profile_use_background_image":true,"profile_image_url":"http:\/\/pbs.twimg.com\/profile_images\/682110540567543808\/3WZkEN6E_normal.jpg","profile_image_url_https":"https:\/\/pbs.twimg.com\/profile_images\/682110540567543808\/3WZkEN6E_normal.jpg","default_profile":true,"default_profile_image":false,"following":null,"follow_request_sent":null,"notifications":null},"geo":null,"coordinates":null,"place":null,"contributors":null,"retweeted_status":{"created_at":"Fri Apr 10 11:51:38 +0000 2020","id":1248579387714195456,"id_str":"1248579387714195456","text":"\ud604\uc736) \uc624\ub298\uc790 \uc720\uc9c4\uc774\uac00 \uc790\uae30 \uc774\uc0c1\ud615\u25cb\u25cb\u25cb\u25cb \ubb38\ud604\uc544 \ub300\uc0ac\uac00 \uac78\ub9b0\ub2e4... \uc800\ub9d0 \uc0ac\uc18c\ud55c \uac70\uae34 \ud55c\ub370 \u25cb\u25cb\u25cb\u25cb\u25cb\u25cb\u25cb\u25cb\u25cb\u25cb\u25cb\u25cb\u25cb\u25cb\u25cb\u25cb\u25cb\u25cb\u25cb\u25cb\u25cb\u25cb\u25cb\u25cb\u25cb\u25cb\u25cb\u25cb\u25cb\u25cb\u25cb\u25cb\u25cb\u25cb\u25cb\u25cb\u25cb\u25cb\u25cb\u25cb\u25cb\uc774\ub77c\uace0 \ubc1b\uc558\uc796\uc544? https:\/\/t.co\/rGB1ad9AKp","source":"\u003ca href=\"http:\/\/fusetter.com\/\" rel=\"nofollow\"\u003efusetter\u003c\/a\u003e","truncated":false,"in_reply_to_status_id":null,"in_reply_to_status_id_str":null,"in_reply_to_user_id":null,"in_reply_to_user_id_str":null,"in_reply_to_screen_name":null,"user":{"id":1060017570688905216,"id_str":"1060017570688905216","name":"\uc131\uc9c4\u26a1\ud83c\udf6f","screen_name":"mypartner0830","location":"\ubbf8\ub7ec\ube14\ub77d \uccb4\uc778\ube14\ub77d \ub3cc\ub9bc","url":"https:\/\/my-partner.postype.com","description":"\uc131\ud604\uc81c\uc5d0 \uc9c4\uc2ec\uc778 \uc0ac\ub78c | \ub0b4\uc2a4\uae09\u26a18\uc2dc \uc815\uc2dc \uc2a4\ud3ec (\ud6c4\uc138\ud130) | \uc131\uc778 | \uad6c\ub3c5 \ub9ce\uc74c | FUB free | #\uc131\uc9c4_\uc370","translator_type":"none","protected":false,"verified":false,"followers_count":2582,"friends_count":134,"listed_count":6,"favourites_count":2306,"statuses_count":25182,"created_at":"Wed Nov 07 03:54:17 +0000 2018","utc_offset":null,"time_zone":null,"geo_enabled":false,"lang":null,"contributors_enabled":false,"is_translator":false,"profile_background_color":"000000","profile_background_image_url":"http:\/\/abs.twimg.com\/images\/themes\/theme1\/bg.png","profile_background_image_url_https":"https:\/\/abs.twimg.com\/images\/themes\/theme1\/bg.png","profile_background_tile":false,"profile_link_color":"F58EA8","profile_sidebar_border_color":"000000","profile_sidebar_fill_color":"000000","profile_text_color":"000000","profile_use_background_image":false,"profile_image_url":"http:\/\/pbs.twimg.com\/profile_images\/1238859558270820352\/zuLYrMAp_normal.jpg","profile_image_url_https":"https:\/\/pbs.twimg.com\/profile_images\/1238859558270820352\/zuLYrMAp_normal.jpg","profile_banner_url":"https:\/\/pbs.twimg.com\/profile_banners\/1060017570688905216\/1582571688","default_profile":false,"default_profile_image":false,"following":null,"follow_request_sent":null,"notifications":null},"geo":null,"coordinates":null,"place":null,"contributors":null,"is_quote_status":false,"quote_count":0,"reply_count":0,"retweet_count":13,"favorite_count":10,"entities":{"hashtags":[],"urls":[{"url":"https:\/\/t.co\/rGB1ad9AKp","expanded_url":"https:\/\/fse.tw\/wji19Q99#all","display_url":"fse.tw\/wji19Q99#all","indices":[103,126]}],"user_mentions":[],"symbols":[]},"favorited":false,"retweeted":false,"possibly_sensitive":false,"filter_level":"low","lang":"ko"},"is_quote_status":false,"quote_count":0,"reply_count":0,"retweet_count":0,"favorite_count":0,"entities":{"hashtags":[],"urls":[],"user_mentions":[{"screen_name":"mypartner0830","name":"\uc131\uc9c4\u26a1\ud83c\udf6f","id":1060017570688905216,"id_str":"1060017570688905216","indices":[3,17]}],"symbols":[]},"favorited":false,"retweeted":false,"filter_level":"low","lang":"ko","timestamp_ms":"1586538237662"}
