{"created_at":"Fri Apr 10 17:03:48 +0000 2020","id":1248657949104504835,"id_str":"1248657949104504835","text":"RT @didacsegovia: Ayer me fui a dormir sin almorzar y sin cenar y de repente mi usuario cambi\u00f3 a \u201c@Diego_NuevasIdeas\u201d","source":"\u003ca href=\"http:\/\/twitter.com\/download\/android\" rel=\"nofollow\"\u003eTwitter for Android\u003c\/a\u003e","truncated":false,"in_reply_to_status_id":null,"in_reply_to_status_id_str":null,"in_reply_to_user_id":null,"in_reply_to_user_id_str":null,"in_reply_to_screen_name":null,"user":{"id":145816962,"id_str":"145816962","name":"Bukelito de Joateca","screen_name":"MiguelTreminio","location":null,"url":null,"description":null,"translator_type":"regular","protected":false,"verified":false,"followers_count":4916,"friends_count":823,"listed_count":13,"favourites_count":13465,"statuses_count":10312,"created_at":"Wed May 19 23:34:31 +0000 2010","utc_offset":null,"time_zone":null,"geo_enabled":true,"lang":null,"contributors_enabled":false,"is_translator":false,"profile_background_color":"FF691F","profile_background_image_url":"http:\/\/abs.twimg.com\/images\/themes\/theme14\/bg.gif","profile_background_image_url_https":"https:\/\/abs.twimg.com\/images\/themes\/theme14\/bg.gif","profile_background_tile":true,"profile_link_color":"1B95E0","profile_sidebar_border_color":"000000","profile_sidebar_fill_color":"000000","profile_text_color":"000000","profile_use_background_image":true,"profile_image_url":"http:\/\/pbs.twimg.com\/profile_images\/1248614117394411520\/VjN2qmaR_normal.jpg","profile_image_url_https":"https:\/\/pbs.twimg.com\/profile_images\/1248614117394411520\/VjN2qmaR_normal.jpg","profile_banner_url":"https:\/\/pbs.twimg.com\/profile_banners\/145816962\/1584978874","default_profile":false,"default_profile_image":false,"following":null,"follow_request_sent":null,"notifications":null},"geo":null,"coordinates":null,"place":null,"contributors":null,"retweeted_status":{"created_at":"Thu Apr 09 04:46:06 +0000 2020","id":1248109914041585666,"id_str":"1248109914041585666","text":"Ayer me fui a dormir sin almorzar y sin cenar y de repente mi usuario cambi\u00f3 a \u201c@Diego_NuevasIdeas\u201d","source":"\u003ca href=\"http:\/\/twitter.com\/download\/iphone\" rel=\"nofollow\"\u003eTwitter for iPhone\u003c\/a\u003e","truncated":false,"in_reply_to_status_id":null,"in_reply_to_status_id_str":null,"in_reply_to_user_id":null,"in_reply_to_user_id_str":null,"in_reply_to_screen_name":null,"user":{"id":1051606632,"id_str":"1051606632","name":"diegosegovia","screen_name":"didacsegovia","location":"Londres","url":"http:\/\/didacsegovia.com","description":null,"translator_type":"none","protected":false,"verified":false,"followers_count":113,"friends_count":79,"listed_count":0,"favourites_count":3924,"statuses_count":5894,"created_at":"Tue Jan 01 02:07:42 +0000 2013","utc_offset":null,"time_zone":null,"geo_enabled":true,"lang":null,"contributors_enabled":false,"is_translator":false,"profile_background_color":"C0DEED","profile_background_image_url":"http:\/\/abs.twimg.com\/images\/themes\/theme1\/bg.png","profile_background_image_url_https":"https:\/\/abs.twimg.com\/images\/themes\/theme1\/bg.png","profile_background_tile":false,"profile_link_color":"1DA1F2","profile_sidebar_border_color":"C0DEED","profile_sidebar_fill_color":"DDEEF6","profile_text_color":"333333","profile_use_background_image":true,"profile_image_url":"http:\/\/pbs.twimg.com\/profile_images\/1248529496761716736\/GwwADifu_normal.jpg","profile_image_url_https":"https:\/\/pbs.twimg.com\/profile_images\/1248529496761716736\/GwwADifu_normal.jpg","profile_banner_url":"https:\/\/pbs.twimg.com\/profile_banners\/1051606632\/1586029650","default_profile":true,"default_profile_image":false,"following":null,"follow_request_sent":null,"notifications":null},"geo":null,"coordinates":null,"place":null,"contributors":null,"is_quote_status":false,"quote_count":0,"reply_count":1,"retweet_count":2,"favorite_count":3,"entities":{"hashtags":[],"urls":[],"user_mentions":[],"symbols":[]},"favorited":false,"retweeted":false,"filter_level":"low","lang":"es"},"is_quote_status":false,"quote_count":0,"reply_count":0,"retweet_count":0,"favorite_count":0,"entities":{"hashtags":[],"urls":[],"user_mentions":[{"screen_name":"didacsegovia","name":"diegosegovia","id":1051606632,"id_str":"1051606632","indices":[3,16]}],"symbols":[]},"favorited":false,"retweeted":false,"filter_level":"low","lang":"es","timestamp_ms":"1586538228666"}
