{"created_at":"Fri Apr 10 17:03:50 +0000 2020","id":1248657957467951104,"id_str":"1248657957467951104","text":"@LaCapre64 Voiture qui a pris feu avec une femme \u00e0 bord et un enfant qu'elle a pu sortir de celle -ci , mais le chi\u2026 https:\/\/t.co\/RoCGiziBsv","display_text_range":[11,140],"source":"\u003ca href=\"https:\/\/about.twitter.com\/products\/tweetdeck\" rel=\"nofollow\"\u003eTweetDeck\u003c\/a\u003e","truncated":true,"in_reply_to_status_id":1248635441642864641,"in_reply_to_status_id_str":"1248635441642864641","in_reply_to_user_id":607015519,"in_reply_to_user_id_str":"607015519","in_reply_to_screen_name":"LaCapre64","user":{"id":1127469825603854336,"id_str":"1127469825603854336","name":"Fabrice Chatrias","screen_name":"FChatrias","location":null,"url":null,"description":"\ud83c\udfcd\ud83d\udcf8 \ud83d\udcbb","translator_type":"none","protected":false,"verified":false,"followers_count":13,"friends_count":5,"listed_count":0,"favourites_count":36,"statuses_count":734,"created_at":"Sun May 12 07:05:28 +0000 2019","utc_offset":null,"time_zone":null,"geo_enabled":false,"lang":null,"contributors_enabled":false,"is_translator":false,"profile_background_color":"000000","profile_background_image_url":"http:\/\/abs.twimg.com\/images\/themes\/theme1\/bg.png","profile_background_image_url_https":"https:\/\/abs.twimg.com\/images\/themes\/theme1\/bg.png","profile_background_tile":false,"profile_link_color":"FAB81E","profile_sidebar_border_color":"000000","profile_sidebar_fill_color":"000000","profile_text_color":"000000","profile_use_background_image":false,"profile_image_url":"http:\/\/pbs.twimg.com\/profile_images\/1127473371455918081\/5XJCG99n_normal.jpg","profile_image_url_https":"https:\/\/pbs.twimg.com\/profile_images\/1127473371455918081\/5XJCG99n_normal.jpg","profile_banner_url":"https:\/\/pbs.twimg.com\/profile_banners\/1127469825603854336\/1557649198","default_profile":false,"default_profile_image":false,"following":null,"follow_request_sent":null,"notifications":null},"geo":null,"coordinates":null,"place":null,"contributors":null,"is_quote_status":false,"extended_tweet":{"full_text":"@LaCapre64 Voiture qui a pris feu avec une femme \u00e0 bord et un enfant qu'elle a pu sortir de celle -ci , mais le chien apparemment y est pass\u00e9 ! #Begles","display_text_range":[11,151],"entities":{"hashtags":[{"text":"Begles","indices":[144,151]}],"urls":[],"user_mentions":[{"screen_name":"LaCapre64","name":"Lacapre","id":607015519,"id_str":"607015519","indices":[0,10]}],"symbols":[]}},"quote_count":0,"reply_count":0,"retweet_count":0,"favorite_count":0,"entities":{"hashtags":[],"urls":[{"url":"https:\/\/t.co\/RoCGiziBsv","expanded_url":"https:\/\/twitter.com\/i\/web\/status\/1248657957467951104","display_url":"twitter.com\/i\/web\/status\/1\u2026","indices":[117,140]}],"user_mentions":[{"screen_name":"LaCapre64","name":"Lacapre","id":607015519,"id_str":"607015519","indices":[0,10]}],"symbols":[]},"favorited":false,"retweeted":false,"filter_level":"low","lang":"fr","timestamp_ms":"1586538230660"}
