{"created_at":"Fri Apr 10 17:03:54 +0000 2020","id":1248657974270312454,"id_str":"1248657974270312454","text":"RT @Tropa_Furacao: Furac\u00f5es que seguem o Felipe Neto...nao merecem ser f\u00e3 da Gizelly","source":"\u003ca href=\"http:\/\/twitter.com\/download\/android\" rel=\"nofollow\"\u003eTwitter for Android\u003c\/a\u003e","truncated":false,"in_reply_to_status_id":null,"in_reply_to_status_id_str":null,"in_reply_to_user_id":null,"in_reply_to_user_id_str":null,"in_reply_to_screen_name":null,"user":{"id":1196235408499191813,"id_str":"1196235408499191813","name":"sil\u00eancio, anivers\u00e1rio da lenda","screen_name":"mystranger_","location":null,"url":"https:\/\/instagram.com\/emilly.1983?igshid=1ty9n1x9tcekv","description":"\ud835\udc2b\ud835\udc1a\ud835\udc20\ud835\udc1a\ud835\udc33\ud835\udc33\ud835\udc1a, \ud835\udc32\ud835\udc28\ud835\udc2e \ud835\udc1a\ud835\udc2b\ud835\udc1e \ud835\udc26\ud835\udc32 \ud835\udc12\ud835\udc2d\ud835\udc22\ud835\udc2d\ud835\udc1c\ud835\udc21","translator_type":"none","protected":false,"verified":false,"followers_count":136,"friends_count":163,"listed_count":0,"favourites_count":13642,"statuses_count":3157,"created_at":"Mon Nov 18 01:15:30 +0000 2019","utc_offset":null,"time_zone":null,"geo_enabled":false,"lang":null,"contributors_enabled":false,"is_translator":false,"profile_background_color":"F5F8FA","profile_background_image_url":"","profile_background_image_url_https":"","profile_background_tile":false,"profile_link_color":"1DA1F2","profile_sidebar_border_color":"C0DEED","profile_sidebar_fill_color":"DDEEF6","profile_text_color":"333333","profile_use_background_image":true,"profile_image_url":"http:\/\/pbs.twimg.com\/profile_images\/1248469465429209089\/0c4ui3Oj_normal.jpg","profile_image_url_https":"https:\/\/pbs.twimg.com\/profile_images\/1248469465429209089\/0c4ui3Oj_normal.jpg","profile_banner_url":"https:\/\/pbs.twimg.com\/profile_banners\/1196235408499191813\/1586493258","default_profile":true,"default_profile_image":false,"following":null,"follow_request_sent":null,"notifications":null},"geo":null,"coordinates":null,"place":null,"contributors":null,"retweeted_status":{"created_at":"Fri Apr 10 16:30:51 +0000 2020","id":1248649656206319616,"id_str":"1248649656206319616","text":"Furac\u00f5es que seguem o Felipe Neto...nao merecem ser f\u00e3 da Gizelly","source":"\u003ca href=\"http:\/\/twitter.com\/download\/android\" rel=\"nofollow\"\u003eTwitter for Android\u003c\/a\u003e","truncated":false,"in_reply_to_status_id":null,"in_reply_to_status_id_str":null,"in_reply_to_user_id":null,"in_reply_to_user_id_str":null,"in_reply_to_screen_name":null,"user":{"id":1198018464235053061,"id_str":"1198018464235053061","name":"Tropa Furac\u00e3o \ud83c\udf2a","screen_name":"Tropa_Furacao","location":null,"url":null,"description":"FC dedicado a nossa furac\u00e3o Gizelly Bicalho  \ud83c\udf2a","translator_type":"none","protected":false,"verified":false,"followers_count":11089,"friends_count":704,"listed_count":18,"favourites_count":1856,"statuses_count":3208,"created_at":"Fri Nov 22 23:20:44 +0000 2019","utc_offset":null,"time_zone":null,"geo_enabled":false,"lang":null,"contributors_enabled":false,"is_translator":false,"profile_background_color":"F5F8FA","profile_background_image_url":"","profile_background_image_url_https":"","profile_background_tile":false,"profile_link_color":"1DA1F2","profile_sidebar_border_color":"C0DEED","profile_sidebar_fill_color":"DDEEF6","profile_text_color":"333333","profile_use_background_image":true,"profile_image_url":"http:\/\/pbs.twimg.com\/profile_images\/1234355010005348353\/go9xDKAE_normal.jpg","profile_image_url_https":"https:\/\/pbs.twimg.com\/profile_images\/1234355010005348353\/go9xDKAE_normal.jpg","profile_banner_url":"https:\/\/pbs.twimg.com\/profile_banners\/1198018464235053061\/1582923055","default_profile":true,"default_profile_image":false,"following":null,"follow_request_sent":null,"notifications":null},"geo":null,"coordinates":null,"place":null,"contributors":null,"is_quote_status":false,"quote_count":3,"reply_count":31,"retweet_count":62,"favorite_count":414,"entities":{"hashtags":[],"urls":[],"user_mentions":[],"symbols":[]},"favorited":false,"retweeted":false,"filter_level":"low","lang":"pt"},"is_quote_status":false,"quote_count":0,"reply_count":0,"retweet_count":0,"favorite_count":0,"entities":{"hashtags":[],"urls":[],"user_mentions":[{"screen_name":"Tropa_Furacao","name":"Tropa Furac\u00e3o \ud83c\udf2a","id":1198018464235053061,"id_str":"1198018464235053061","indices":[3,17]}],"symbols":[]},"favorited":false,"retweeted":false,"filter_level":"low","lang":"pt","timestamp_ms":"1586538234666"}
