{"created_at":"Fri Apr 10 17:03:49 +0000 2020","id":1248657953281978370,"id_str":"1248657953281978370","text":"RT @SoloChills: I think all of y'all toxic since we decided to speak openly","source":"\u003ca href=\"http:\/\/twitter.com\/download\/iphone\" rel=\"nofollow\"\u003eTwitter for iPhone\u003c\/a\u003e","truncated":false,"in_reply_to_status_id":null,"in_reply_to_status_id_str":null,"in_reply_to_user_id":null,"in_reply_to_user_id_str":null,"in_reply_to_screen_name":null,"user":{"id":41821259,"id_str":"41821259","name":"Charles J. Moore","screen_name":"charles270","location":"Etown, KY","url":"http:\/\/charlesisfunny.weebly.com","description":"Comedian & part-time faith healer. Rest easy Jacob 11\/18\/94-12\/18\/15. For booking CharlesIsFunny270@gmail.com","translator_type":"none","protected":false,"verified":false,"followers_count":5343,"friends_count":1767,"listed_count":269,"favourites_count":2197,"statuses_count":257797,"created_at":"Fri May 22 14:26:36 +0000 2009","utc_offset":null,"time_zone":null,"geo_enabled":true,"lang":null,"contributors_enabled":false,"is_translator":false,"profile_background_color":"022330","profile_background_image_url":"http:\/\/abs.twimg.com\/images\/themes\/theme15\/bg.png","profile_background_image_url_https":"https:\/\/abs.twimg.com\/images\/themes\/theme15\/bg.png","profile_background_tile":false,"profile_link_color":"0084B4","profile_sidebar_border_color":"A8C7F7","profile_sidebar_fill_color":"C0DFEC","profile_text_color":"333333","profile_use_background_image":true,"profile_image_url":"http:\/\/pbs.twimg.com\/profile_images\/1178003762885074944\/19pTIVID_normal.jpg","profile_image_url_https":"https:\/\/pbs.twimg.com\/profile_images\/1178003762885074944\/19pTIVID_normal.jpg","profile_banner_url":"https:\/\/pbs.twimg.com\/profile_banners\/41821259\/1406036306","default_profile":false,"default_profile_image":false,"following":null,"follow_request_sent":null,"notifications":null},"geo":null,"coordinates":null,"place":null,"contributors":null,"retweeted_status":{"created_at":"Fri Apr 10 16:10:46 +0000 2020","id":1248644601096761344,"id_str":"1248644601096761344","text":"I think all of y'all toxic since we decided to speak openly","source":"\u003ca href=\"http:\/\/twitter.com\/download\/iphone\" rel=\"nofollow\"\u003eTwitter for iPhone\u003c\/a\u003e","truncated":false,"in_reply_to_status_id":null,"in_reply_to_status_id_str":null,"in_reply_to_user_id":null,"in_reply_to_user_id_str":null,"in_reply_to_screen_name":null,"user":{"id":202415340,"id_str":"202415340","name":"Queens Child Project Project Manager","screen_name":"SoloChills","location":"Dorchester Boston","url":null,"description":"5\/9\/13 my hairline went to the store for a pack of Newports and never returned. Please contact 1-800-436-GONE if you've seen it. #ChillConglomerate #Unmarried.","translator_type":"none","protected":false,"verified":false,"followers_count":9696,"friends_count":4739,"listed_count":247,"favourites_count":7307,"statuses_count":427169,"created_at":"Thu Oct 14 00:24:33 +0000 2010","utc_offset":null,"time_zone":null,"geo_enabled":true,"lang":null,"contributors_enabled":false,"is_translator":false,"profile_background_color":"000000","profile_background_image_url":"http:\/\/abs.twimg.com\/images\/themes\/theme15\/bg.png","profile_background_image_url_https":"https:\/\/abs.twimg.com\/images\/themes\/theme15\/bg.png","profile_background_tile":false,"profile_link_color":"1B95E0","profile_sidebar_border_color":"000000","profile_sidebar_fill_color":"000000","profile_text_color":"000000","profile_use_background_image":false,"profile_image_url":"http:\/\/pbs.twimg.com\/profile_images\/1245452641204949005\/dq2OAaJE_normal.jpg","profile_image_url_https":"https:\/\/pbs.twimg.com\/profile_images\/1245452641204949005\/dq2OAaJE_normal.jpg","profile_banner_url":"https:\/\/pbs.twimg.com\/profile_banners\/202415340\/1585508081","default_profile":false,"default_profile_image":false,"following":null,"follow_request_sent":null,"notifications":null},"geo":null,"coordinates":null,"place":null,"contributors":null,"is_quote_status":false,"quote_count":9,"reply_count":8,"retweet_count":3,"favorite_count":3,"entities":{"hashtags":[],"urls":[],"user_mentions":[],"symbols":[]},"favorited":false,"retweeted":false,"filter_level":"low","lang":"en"},"is_quote_status":false,"quote_count":0,"reply_count":0,"retweet_count":0,"favorite_count":0,"entities":{"hashtags":[],"urls":[],"user_mentions":[{"screen_name":"SoloChills","name":"Queens Child Project Project Manager","id":202415340,"id_str":"202415340","indices":[3,14]}],"symbols":[]},"favorited":false,"retweeted":false,"filter_level":"low","lang":"en","timestamp_ms":"1586538229662"}
