{"created_at":"Fri Apr 10 17:03:54 +0000 2020","id":1248657974270271488,"id_str":"1248657974270271488","text":"@sendosmashh Gn","display_text_range":[13,15],"source":"\u003ca href=\"http:\/\/twitter.com\/download\/iphone\" rel=\"nofollow\"\u003eTwitter for iPhone\u003c\/a\u003e","truncated":false,"in_reply_to_status_id":1248655854032662528,"in_reply_to_status_id_str":"1248655854032662528","in_reply_to_user_id":1232847295332274177,"in_reply_to_user_id_str":"1232847295332274177","in_reply_to_screen_name":"sendosmashh","user":{"id":1204604746570633216,"id_str":"1204604746570633216","name":"Dax","screen_name":"Daxtehweeb","location":"Penis","url":"http:\/\/ww.penis.com","description":"Anime and manga nerd | he\/him | straight | fav anime gurren Lagan | fav manga one piece |","translator_type":"none","protected":false,"verified":false,"followers_count":174,"friends_count":417,"listed_count":2,"favourites_count":8429,"statuses_count":2602,"created_at":"Wed Dec 11 03:32:15 +0000 2019","utc_offset":null,"time_zone":null,"geo_enabled":false,"lang":null,"contributors_enabled":false,"is_translator":false,"profile_background_color":"F5F8FA","profile_background_image_url":"","profile_background_image_url_https":"","profile_background_tile":false,"profile_link_color":"1DA1F2","profile_sidebar_border_color":"C0DEED","profile_sidebar_fill_color":"DDEEF6","profile_text_color":"333333","profile_use_background_image":true,"profile_image_url":"http:\/\/pbs.twimg.com\/profile_images\/1248017055820812288\/rFIfVCzp_normal.jpg","profile_image_url_https":"https:\/\/pbs.twimg.com\/profile_images\/1248017055820812288\/rFIfVCzp_normal.jpg","profile_banner_url":"https:\/\/pbs.twimg.com\/profile_banners\/1204604746570633216\/1581251313","default_profile":true,"default_profile_image":false,"following":null,"follow_request_sent":null,"notifications":null},"geo":null,"coordinates":null,"place":null,"contributors":null,"is_quote_status":false,"quote_count":0,"reply_count":0,"retweet_count":0,"favorite_count":0,"entities":{"hashtags":[],"urls":[],"user_mentions":[{"screen_name":"sendosmashh","name":"\ud83e\udd81Byron\ud83e\udd81","id":1232847295332274177,"id_str":"1232847295332274177","indices":[0,12]}],"symbols":[]},"favorited":false,"retweeted":false,"filter_level":"low","lang":"und","timestamp_ms":"1586538234666"}
