{"created_at":"Fri Apr 10 17:03:50 +0000 2020","id":1248657957484625925,"id_str":"1248657957484625925","text":"RT @beckyainthappy: just a reminder :)) https:\/\/t.co\/Ig1EoNG9CF","source":"\u003ca href=\"http:\/\/twitter.com\/download\/iphone\" rel=\"nofollow\"\u003eTwitter for iPhone\u003c\/a\u003e","truncated":false,"in_reply_to_status_id":null,"in_reply_to_status_id_str":null,"in_reply_to_user_id":null,"in_reply_to_user_id_str":null,"in_reply_to_screen_name":null,"user":{"id":829689337,"id_str":"829689337","name":"Overstuffed Papa","screen_name":"Frizzmer","location":"Durgly Kurg, Jensen's basement","url":"https:\/\/www.webtoons.com\/en\/challenge\/pokemon-triple-finish\/list?title_no=249669","description":"Ya boy\u30fb20\u30fbWriter for Pok\u00e9mon Triple Finish and Resolve of Robotto\u30fbRank X \ud83d\udc19\u30fbI miss Lulu\u30fbin Jojo hell\u30fbPok\u00e9mon Master\u30fbHaruhism\u30fb","translator_type":"none","protected":false,"verified":false,"followers_count":703,"friends_count":1995,"listed_count":25,"favourites_count":37212,"statuses_count":69561,"created_at":"Mon Sep 17 19:42:43 +0000 2012","utc_offset":null,"time_zone":null,"geo_enabled":true,"lang":null,"contributors_enabled":false,"is_translator":false,"profile_background_color":"000000","profile_background_image_url":"http:\/\/abs.twimg.com\/images\/themes\/theme1\/bg.png","profile_background_image_url_https":"https:\/\/abs.twimg.com\/images\/themes\/theme1\/bg.png","profile_background_tile":false,"profile_link_color":"3B94D9","profile_sidebar_border_color":"000000","profile_sidebar_fill_color":"000000","profile_text_color":"000000","profile_use_background_image":false,"profile_image_url":"http:\/\/pbs.twimg.com\/profile_images\/1245853284990095360\/NYgLQh3E_normal.jpg","profile_image_url_https":"https:\/\/pbs.twimg.com\/profile_images\/1245853284990095360\/NYgLQh3E_normal.jpg","profile_banner_url":"https:\/\/pbs.twimg.com\/profile_banners\/829689337\/1584943080","default_profile":false,"default_profile_image":false,"following":null,"follow_request_sent":null,"notifications":null},"geo":null,"coordinates":null,"place":null,"contributors":null,"retweeted_status":{"created_at":"Wed Apr 08 19:02:49 +0000 2020","id":1247963123375656963,"id_str":"1247963123375656963","text":"just a reminder :)) https:\/\/t.co\/Ig1EoNG9CF","display_text_range":[0,19],"source":"\u003ca href=\"http:\/\/twitter.com\/download\/iphone\" rel=\"nofollow\"\u003eTwitter for iPhone\u003c\/a\u003e","truncated":false,"in_reply_to_status_id":null,"in_reply_to_status_id_str":null,"in_reply_to_user_id":null,"in_reply_to_user_id_str":null,"in_reply_to_screen_name":null,"user":{"id":1080598656338804736,"id_str":"1080598656338804736","name":"\u02dc\u201d*\u00b0\u2022.\u02dc\u201d*\u00b0\u2022 rebekah \u2022\u00b0*\u201d\u02dc.\u2022\u00b0*\u201d\u02dc","screen_name":"beckyainthappy","location":"nyc","url":"https:\/\/curiouscat.me\/beckyainthappy","description":"\ud83c\uddf2\ud83c\uddfd\ud83c\udde9\ud83c\uddf4\/\/ \u2609 \u264b\ufe0e \u2191 \u264a\ufe0e \u263d \u2653\ufe0e","translator_type":"none","protected":false,"verified":false,"followers_count":990,"friends_count":794,"listed_count":5,"favourites_count":42262,"statuses_count":32331,"created_at":"Wed Jan 02 22:56:11 +0000 2019","utc_offset":null,"time_zone":null,"geo_enabled":true,"lang":null,"contributors_enabled":false,"is_translator":false,"profile_background_color":"F5F8FA","profile_background_image_url":"","profile_background_image_url_https":"","profile_background_tile":false,"profile_link_color":"1DA1F2","profile_sidebar_border_color":"C0DEED","profile_sidebar_fill_color":"DDEEF6","profile_text_color":"333333","profile_use_background_image":true,"profile_image_url":"http:\/\/pbs.twimg.com\/profile_images\/1244737739246927879\/AsCbogji_normal.jpg","profile_image_url_https":"https:\/\/pbs.twimg.com\/profile_images\/1244737739246927879\/AsCbogji_normal.jpg","profile_banner_url":"https:\/\/pbs.twimg.com\/profile_banners\/1080598656338804736\/1584487768","default_profile":true,"default_profile_image":false,"following":null,"follow_request_sent":null,"notifications":null},"geo":null,"coordinates":null,"place":null,"contributors":null,"is_quote_status":false,"quote_count":2038,"reply_count":1114,"retweet_count":32276,"favorite_count":155234,"entities":{"hashtags":[],"urls":[],"user_mentions":[],"symbols":[],"media":[{"id":1247963118468120576,"id_str":"1247963118468120576","indices":[20,43],"media_url":"http:\/\/pbs.twimg.com\/media\/EVGn2CEUwAAEsHF.jpg","media_url_https":"https:\/\/pbs.twimg.com\/media\/EVGn2CEUwAAEsHF.jpg","url":"https:\/\/t.co\/Ig1EoNG9CF","display_url":"pic.twitter.com\/Ig1EoNG9CF","expanded_url":"https:\/\/twitter.com\/beckyainthappy\/status\/1247963123375656963\/photo\/1","type":"photo","sizes":{"thumb":{"w":150,"h":150,"resize":"crop"},"large":{"w":622,"h":609,"resize":"fit"},"small":{"w":622,"h":609,"resize":"fit"},"medium":{"w":622,"h":609,"resize":"fit"}}}]},"extended_entities":{"media":[{"id":1247963118468120576,"id_str":"1247963118468120576","indices":[20,43],"media_url":"http:\/\/pbs.twimg.com\/media\/EVGn2CEUwAAEsHF.jpg","media_url_https":"https:\/\/pbs.twimg.com\/media\/EVGn2CEUwAAEsHF.jpg","url":"https:\/\/t.co\/Ig1EoNG9CF","display_url":"pic.twitter.com\/Ig1EoNG9CF","expanded_url":"https:\/\/twitter.com\/beckyainthappy\/status\/1247963123375656963\/photo\/1","type":"photo","sizes":{"thumb":{"w":150,"h":150,"resize":"crop"},"large":{"w":622,"h":609,"resize":"fit"},"small":{"w":622,"h":609,"resize":"fit"},"medium":{"w":622,"h":609,"resize":"fit"}}}]},"favorited":false,"retweeted":false,"possibly_sensitive":false,"filter_level":"low","lang":"en"},"is_quote_status":false,"quote_count":0,"reply_count":0,"retweet_count":0,"favorite_count":0,"entities":{"hashtags":[],"urls":[],"user_mentions":[{"screen_name":"beckyainthappy","name":"\u02dc\u201d*\u00b0\u2022.\u02dc\u201d*\u00b0\u2022 rebekah \u2022\u00b0*\u201d\u02dc.\u2022\u00b0*\u201d\u02dc","id":1080598656338804736,"id_str":"1080598656338804736","indices":[3,18]}],"symbols":[],"media":[{"id":1247963118468120576,"id_str":"1247963118468120576","indices":[40,63],"media_url":"http:\/\/pbs.twimg.com\/media\/EVGn2CEUwAAEsHF.jpg","media_url_https":"https:\/\/pbs.twimg.com\/media\/EVGn2CEUwAAEsHF.jpg","url":"https:\/\/t.co\/Ig1EoNG9CF","display_url":"pic.twitter.com\/Ig1EoNG9CF","expanded_url":"https:\/\/twitter.com\/beckyainthappy\/status\/1247963123375656963\/photo\/1","type":"photo","sizes":{"thumb":{"w":150,"h":150,"resize":"crop"},"large":{"w":622,"h":609,"resize":"fit"},"small":{"w":622,"h":609,"resize":"fit"},"medium":{"w":622,"h":609,"resize":"fit"}},"source_status_id":1247963123375656963,"source_status_id_str":"1247963123375656963","source_user_id":1080598656338804736,"source_user_id_str":"1080598656338804736"}]},"extended_entities":{"media":[{"id":1247963118468120576,"id_str":"1247963118468120576","indices":[40,63],"media_url":"http:\/\/pbs.twimg.com\/media\/EVGn2CEUwAAEsHF.jpg","media_url_https":"https:\/\/pbs.twimg.com\/media\/EVGn2CEUwAAEsHF.jpg","url":"https:\/\/t.co\/Ig1EoNG9CF","display_url":"pic.twitter.com\/Ig1EoNG9CF","expanded_url":"https:\/\/twitter.com\/beckyainthappy\/status\/1247963123375656963\/photo\/1","type":"photo","sizes":{"thumb":{"w":150,"h":150,"resize":"crop"},"large":{"w":622,"h":609,"resize":"fit"},"small":{"w":622,"h":609,"resize":"fit"},"medium":{"w":622,"h":609,"resize":"fit"}},"source_status_id":1247963123375656963,"source_status_id_str":"1247963123375656963","source_user_id":1080598656338804736,"source_user_id_str":"1080598656338804736"}]},"favorited":false,"retweeted":false,"possibly_sensitive":false,"filter_level":"low","lang":"en","timestamp_ms":"1586538230664"}
