{"created_at":"Fri Apr 10 17:03:48 +0000 2020","id":1248657949066768389,"id_str":"1248657949066768389","text":"@conconcalamba9 Gwapoha sa akung agtang sanag kaayo sa future","display_text_range":[16,61],"source":"\u003ca href=\"http:\/\/twitter.com\/download\/iphone\" rel=\"nofollow\"\u003eTwitter for iPhone\u003c\/a\u003e","truncated":false,"in_reply_to_status_id":1248625023847239682,"in_reply_to_status_id_str":"1248625023847239682","in_reply_to_user_id":928414063406694401,"in_reply_to_user_id_str":"928414063406694401","in_reply_to_screen_name":"conconcalamba9","user":{"id":4773403988,"id_str":"4773403988","name":"flapjack\ud83e\udd5e","screen_name":"jacky_444","location":" ","url":null,"description":"INTROVERT...","translator_type":"none","protected":false,"verified":false,"followers_count":167,"friends_count":268,"listed_count":0,"favourites_count":3001,"statuses_count":2224,"created_at":"Sun Jan 17 12:21:24 +0000 2016","utc_offset":null,"time_zone":null,"geo_enabled":false,"lang":null,"contributors_enabled":false,"is_translator":false,"profile_background_color":"F5F8FA","profile_background_image_url":"","profile_background_image_url_https":"","profile_background_tile":false,"profile_link_color":"1DA1F2","profile_sidebar_border_color":"C0DEED","profile_sidebar_fill_color":"DDEEF6","profile_text_color":"333333","profile_use_background_image":true,"profile_image_url":"http:\/\/pbs.twimg.com\/profile_images\/1243065455767482369\/GoXiCfDt_normal.jpg","profile_image_url_https":"https:\/\/pbs.twimg.com\/profile_images\/1243065455767482369\/GoXiCfDt_normal.jpg","profile_banner_url":"https:\/\/pbs.twimg.com\/profile_banners\/4773403988\/1585399596","default_profile":true,"default_profile_image":false,"following":null,"follow_request_sent":null,"notifications":null},"geo":null,"coordinates":null,"place":null,"contributors":null,"is_quote_status":false,"quote_count":0,"reply_count":0,"retweet_count":0,"favorite_count":0,"entities":{"hashtags":[],"urls":[],"user_mentions":[{"screen_name":"conconcalamba9","name":"Connieee\u274c","id":928414063406694401,"id_str":"928414063406694401","indices":[0,15]}],"symbols":[]},"favorited":false,"retweeted":false,"filter_level":"low","lang":"tl","timestamp_ms":"1586538228657"}
