{"created_at":"Fri Apr 10 17:03:50 +0000 2020","id":1248657957463547905,"id_str":"1248657957463547905","text":"RT @sfkkfs_: \u0e0a\u0e2d\u0e1a\u0e40\u0e02\u0e32\u0e02\u0e19\u0e32\u0e14\u0e19\u0e31\u0e49\u0e19\u0e40\u0e25\u0e22\u0e40\u0e23\u0e2d\u0e30 , \u0e40\u0e2d\u0e2d","source":"\u003ca href=\"http:\/\/twitter.com\/download\/iphone\" rel=\"nofollow\"\u003eTwitter for iPhone\u003c\/a\u003e","truncated":false,"in_reply_to_status_id":null,"in_reply_to_status_id_str":null,"in_reply_to_user_id":null,"in_reply_to_user_id_str":null,"in_reply_to_screen_name":null,"user":{"id":986522659214147586,"id_str":"986522659214147586","name":"booo","screen_name":"_nnamwan_","location":"nct","url":null,"description":"\u0e40\u0e1b\u0e47\u0e19\u0e2b\u0e21\u0e32","translator_type":"none","protected":false,"verified":false,"followers_count":105,"friends_count":412,"listed_count":0,"favourites_count":13780,"statuses_count":34637,"created_at":"Wed Apr 18 08:31:45 +0000 2018","utc_offset":null,"time_zone":null,"geo_enabled":false,"lang":null,"contributors_enabled":false,"is_translator":false,"profile_background_color":"F5F8FA","profile_background_image_url":"","profile_background_image_url_https":"","profile_background_tile":false,"profile_link_color":"1DA1F2","profile_sidebar_border_color":"C0DEED","profile_sidebar_fill_color":"DDEEF6","profile_text_color":"333333","profile_use_background_image":true,"profile_image_url":"http:\/\/pbs.twimg.com\/profile_images\/1248242645073145857\/w1wo2BKb_normal.jpg","profile_image_url_https":"https:\/\/pbs.twimg.com\/profile_images\/1248242645073145857\/w1wo2BKb_normal.jpg","profile_banner_url":"https:\/\/pbs.twimg.com\/profile_banners\/986522659214147586\/1583936199","default_profile":true,"default_profile_image":false,"following":null,"follow_request_sent":null,"notifications":null},"geo":null,"coordinates":null,"place":null,"contributors":null,"retweeted_status":{"created_at":"Fri Apr 10 16:08:56 +0000 2020","id":1248644141912735745,"id_str":"1248644141912735745","text":"\u0e0a\u0e2d\u0e1a\u0e40\u0e02\u0e32\u0e02\u0e19\u0e32\u0e14\u0e19\u0e31\u0e49\u0e19\u0e40\u0e25\u0e22\u0e40\u0e23\u0e2d\u0e30 , \u0e40\u0e2d\u0e2d","source":"\u003ca href=\"http:\/\/twitter.com\/download\/iphone\" rel=\"nofollow\"\u003eTwitter for iPhone\u003c\/a\u003e","truncated":false,"in_reply_to_status_id":null,"in_reply_to_status_id_str":null,"in_reply_to_user_id":null,"in_reply_to_user_id_str":null,"in_reply_to_screen_name":null,"user":{"id":1678061454,"id_str":"1678061454","name":"suti\u0e2f","screen_name":"sfkkfs_","location":"40 km\/hr\u2014\ud83e\ude90","url":"http:\/\/instagram.com\/suti.sky","description":"\u0e19\u0e31\u0e48\u0e07\u0e21\u0e2d\u0e07\u0e40\u0e18\u0e2d\u0e17\u0e35\u0e48\u0e19\u0e31\u0e48\u0e07\u0e21\u0e2d\u0e07\u0e04\u0e27\u0e32\u0e21\u0e2a\u0e27\u0e22\u0e07\u0e32\u0e21\u0e17\u0e35\u0e48\u0e04\u0e48\u0e2d\u0e22\u0e46\u0e1c\u0e48\u0e32\u0e19\u0e40\u0e23\u0e32\u0e44\u0e1b","translator_type":"none","protected":false,"verified":false,"followers_count":446552,"friends_count":229,"listed_count":196,"favourites_count":5749,"statuses_count":148294,"created_at":"Sat Aug 17 12:16:40 +0000 2013","utc_offset":null,"time_zone":null,"geo_enabled":true,"lang":null,"contributors_enabled":false,"is_translator":false,"profile_background_color":"C0DEED","profile_background_image_url":"http:\/\/abs.twimg.com\/images\/themes\/theme1\/bg.png","profile_background_image_url_https":"https:\/\/abs.twimg.com\/images\/themes\/theme1\/bg.png","profile_background_tile":false,"profile_link_color":"1DA1F2","profile_sidebar_border_color":"C0DEED","profile_sidebar_fill_color":"DDEEF6","profile_text_color":"333333","profile_use_background_image":true,"profile_image_url":"http:\/\/pbs.twimg.com\/profile_images\/1245210997867950080\/xjuwlmZE_normal.jpg","profile_image_url_https":"https:\/\/pbs.twimg.com\/profile_images\/1245210997867950080\/xjuwlmZE_normal.jpg","profile_banner_url":"https:\/\/pbs.twimg.com\/profile_banners\/1678061454\/1582267503","default_profile":true,"default_profile_image":false,"following":null,"follow_request_sent":null,"notifications":null},"geo":null,"coordinates":null,"place":null,"contributors":null,"is_quote_status":false,"quote_count":43,"reply_count":6,"retweet_count":2883,"favorite_count":944,"entities":{"hashtags":[],"urls":[],"user_mentions":[],"symbols":[]},"favorited":false,"retweeted":false,"filter_level":"low","lang":"th"},"is_quote_status":false,"quote_count":0,"reply_count":0,"retweet_count":0,"favorite_count":0,"entities":{"hashtags":[],"urls":[],"user_mentions":[{"screen_name":"sfkkfs_","name":"suti\u0e2f","id":1678061454,"id_str":"1678061454","indices":[3,11]}],"symbols":[]},"favorited":false,"retweeted":false,"filter_level":"low","lang":"th","timestamp_ms":"1586538230659"}
