{"created_at":"Fri Apr 10 17:03:51 +0000 2020","id":1248657961678966790,"id_str":"1248657961678966790","text":"RT @Mbar4jjryWgbO3F: #\u0633\u0627\u0639\u062f\u0648\u0627_\u0645\u0631\u064a\u0636\u0629_\u0627\u0644\u0633\u0631\u0637\u0627\u0646_\u0645\u0646\u064a\u0631\u0629_\u0627\u0644\u0628\u0642\u0645\u064a","source":"\u003ca href=\"http:\/\/twitter.com\/download\/iphone\" rel=\"nofollow\"\u003eTwitter for iPhone\u003c\/a\u003e","truncated":false,"in_reply_to_status_id":null,"in_reply_to_status_id_str":null,"in_reply_to_user_id":null,"in_reply_to_user_id_str":null,"in_reply_to_screen_name":null,"user":{"id":1170207286599532549,"id_str":"1170207286599532549","name":"k23 \u269b\ufe0e.","screen_name":"lp11q","location":null,"url":null,"description":"Soon I will be an engineer \ud83d\udc77\ud83c\udffb\u200d\u2642\ufe0f.","translator_type":"none","protected":false,"verified":false,"followers_count":7,"friends_count":104,"listed_count":0,"favourites_count":422,"statuses_count":253,"created_at":"Sat Sep 07 05:29:02 +0000 2019","utc_offset":null,"time_zone":null,"geo_enabled":false,"lang":null,"contributors_enabled":false,"is_translator":false,"profile_background_color":"F5F8FA","profile_background_image_url":"","profile_background_image_url_https":"","profile_background_tile":false,"profile_link_color":"1DA1F2","profile_sidebar_border_color":"C0DEED","profile_sidebar_fill_color":"DDEEF6","profile_text_color":"333333","profile_use_background_image":true,"profile_image_url":"http:\/\/pbs.twimg.com\/profile_images\/1244343088379813888\/p5r0MWGj_normal.jpg","profile_image_url_https":"https:\/\/pbs.twimg.com\/profile_images\/1244343088379813888\/p5r0MWGj_normal.jpg","profile_banner_url":"https:\/\/pbs.twimg.com\/profile_banners\/1170207286599532549\/1585243128","default_profile":true,"default_profile_image":false,"following":null,"follow_request_sent":null,"notifications":null},"geo":null,"coordinates":null,"place":null,"contributors":null,"retweeted_status":{"created_at":"Fri Apr 10 16:52:41 +0000 2020","id":1248655150979452929,"id_str":"1248655150979452929","text":"#\u0633\u0627\u0639\u062f\u0648\u0627_\u0645\u0631\u064a\u0636\u0629_\u0627\u0644\u0633\u0631\u0637\u0627\u0646_\u0645\u0646\u064a\u0631\u0629_\u0627\u0644\u0628\u0642\u0645\u064a","source":"\u003ca href=\"http:\/\/twitter.com\/download\/android\" rel=\"nofollow\"\u003eTwitter for Android\u003c\/a\u003e","truncated":false,"in_reply_to_status_id":null,"in_reply_to_status_id_str":null,"in_reply_to_user_id":null,"in_reply_to_user_id_str":null,"in_reply_to_screen_name":null,"user":{"id":1197746175086153729,"id_str":"1197746175086153729","name":"\u0632\u0645\u0631\u062f\u0647","screen_name":"Mbar4jjryWgbO3F","location":null,"url":null,"description":null,"translator_type":"none","protected":false,"verified":false,"followers_count":27,"friends_count":213,"listed_count":0,"favourites_count":47,"statuses_count":287,"created_at":"Fri Nov 22 05:19:10 +0000 2019","utc_offset":null,"time_zone":null,"geo_enabled":false,"lang":null,"contributors_enabled":false,"is_translator":false,"profile_background_color":"F5F8FA","profile_background_image_url":"","profile_background_image_url_https":"","profile_background_tile":false,"profile_link_color":"1DA1F2","profile_sidebar_border_color":"C0DEED","profile_sidebar_fill_color":"DDEEF6","profile_text_color":"333333","profile_use_background_image":true,"profile_image_url":"http:\/\/pbs.twimg.com\/profile_images\/1235026969613545472\/XWnAE-dz_normal.jpg","profile_image_url_https":"https:\/\/pbs.twimg.com\/profile_images\/1235026969613545472\/XWnAE-dz_normal.jpg","profile_banner_url":"https:\/\/pbs.twimg.com\/profile_banners\/1197746175086153729\/1574556653","default_profile":true,"default_profile_image":false,"following":null,"follow_request_sent":null,"notifications":null},"geo":null,"coordinates":null,"place":null,"contributors":null,"is_quote_status":false,"quote_count":0,"reply_count":0,"retweet_count":2,"favorite_count":1,"entities":{"hashtags":[{"text":"\u0633\u0627\u0639\u062f\u0648\u0627_\u0645\u0631\u064a\u0636\u0629_\u0627\u0644\u0633\u0631\u0637\u0627\u0646_\u0645\u0646\u064a\u0631\u0629_\u0627\u0644\u0628\u0642\u0645\u064a","indices":[0,34]}],"urls":[],"user_mentions":[],"symbols":[]},"favorited":false,"retweeted":false,"filter_level":"low","lang":"und"},"is_quote_status":false,"quote_count":0,"reply_count":0,"retweet_count":0,"favorite_count":0,"entities":{"hashtags":[{"text":"\u0633\u0627\u0639\u062f\u0648\u0627_\u0645\u0631\u064a\u0636\u0629_\u0627\u0644\u0633\u0631\u0637\u0627\u0646_\u0645\u0646\u064a\u0631\u0629_\u0627\u0644\u0628\u0642\u0645\u064a","indices":[21,55]}],"urls":[],"user_mentions":[{"screen_name":"Mbar4jjryWgbO3F","name":"\u0632\u0645\u0631\u062f\u0647","id":1197746175086153729,"id_str":"1197746175086153729","indices":[3,19]}],"symbols":[]},"favorited":false,"retweeted":false,"filter_level":"low","lang":"und","timestamp_ms":"1586538231664"}
