{"created_at":"Fri Apr 10 17:03:54 +0000 2020","id":1248657974253555715,"id_str":"1248657974253555715","text":"s\u00ed soy","source":"\u003ca href=\"https:\/\/mobile.twitter.com\" rel=\"nofollow\"\u003eTwitter Web App\u003c\/a\u003e","truncated":false,"in_reply_to_status_id":null,"in_reply_to_status_id_str":null,"in_reply_to_user_id":null,"in_reply_to_user_id_str":null,"in_reply_to_screen_name":null,"user":{"id":997889634305757185,"id_str":"997889634305757185","name":"Luis Garc\u00eda Tevenet","screen_name":"comeunofico","location":null,"url":null,"description":"fico, non il tuo amico. Catone sono qui vieni se ne hai le palle\n\npanarabismo cruyffista\n\nuno de @GangliaOriental","translator_type":"none","protected":false,"verified":false,"followers_count":65,"friends_count":69,"listed_count":0,"favourites_count":14821,"statuses_count":6705,"created_at":"Sat May 19 17:20:03 +0000 2018","utc_offset":null,"time_zone":null,"geo_enabled":false,"lang":null,"contributors_enabled":false,"is_translator":false,"profile_background_color":"F5F8FA","profile_background_image_url":"","profile_background_image_url_https":"","profile_background_tile":false,"profile_link_color":"1DA1F2","profile_sidebar_border_color":"C0DEED","profile_sidebar_fill_color":"DDEEF6","profile_text_color":"333333","profile_use_background_image":true,"profile_image_url":"http:\/\/pbs.twimg.com\/profile_images\/1244074887460855809\/hJeVKQFJ_normal.jpg","profile_image_url_https":"https:\/\/pbs.twimg.com\/profile_images\/1244074887460855809\/hJeVKQFJ_normal.jpg","profile_banner_url":"https:\/\/pbs.twimg.com\/profile_banners\/997889634305757185\/1579436810","default_profile":true,"default_profile_image":false,"following":null,"follow_request_sent":null,"notifications":null},"geo":null,"coordinates":null,"place":null,"contributors":null,"quoted_status_id":1248653658104958977,"quoted_status_id_str":"1248653658104958977","quoted_status":{"created_at":"Fri Apr 10 16:46:45 +0000 2020","id":1248653658104958977,"id_str":"1248653658104958977","text":"la calidad audiovisual es una mierda porque tiktok me troli\u00f3 pero espero que os guste mi recreaci\u00f3n de uno de mis t\u2026 https:\/\/t.co\/7Tbs0mJu83","display_text_range":[0,140],"source":"\u003ca href=\"http:\/\/twitter.com\/download\/android\" rel=\"nofollow\"\u003eTwitter for Android\u003c\/a\u003e","truncated":true,"in_reply_to_status_id":null,"in_reply_to_status_id_str":null,"in_reply_to_user_id":null,"in_reply_to_user_id_str":null,"in_reply_to_screen_name":null,"user":{"id":1117041967,"id_str":"1117041967","name":"\u611b","screen_name":"arlandisana11","location":"Calp \/ Sant Vicent del Raspeig","url":null,"description":"si la vida desafina \u00e9chale autotune por encima","translator_type":"regular","protected":false,"verified":false,"followers_count":747,"friends_count":303,"listed_count":12,"favourites_count":47834,"statuses_count":55594,"created_at":"Thu Jan 24 15:17:42 +0000 2013","utc_offset":null,"time_zone":null,"geo_enabled":true,"lang":null,"contributors_enabled":false,"is_translator":false,"profile_background_color":"9410E0","profile_background_image_url":"http:\/\/abs.twimg.com\/images\/themes\/theme1\/bg.png","profile_background_image_url_https":"https:\/\/abs.twimg.com\/images\/themes\/theme1\/bg.png","profile_background_tile":true,"profile_link_color":"DB09AA","profile_sidebar_border_color":"FFFFFF","profile_sidebar_fill_color":"DDEEF6","profile_text_color":"333333","profile_use_background_image":true,"profile_image_url":"http:\/\/pbs.twimg.com\/profile_images\/1248366827668942850\/8iTorZ-W_normal.jpg","profile_image_url_https":"https:\/\/pbs.twimg.com\/profile_images\/1248366827668942850\/8iTorZ-W_normal.jpg","profile_banner_url":"https:\/\/pbs.twimg.com\/profile_banners\/1117041967\/1585598518","default_profile":false,"default_profile_image":false,"following":null,"follow_request_sent":null,"notifications":null},"geo":null,"coordinates":null,"place":null,"contributors":null,"is_quote_status":false,"extended_tweet":{"full_text":"la calidad audiovisual es una mierda porque tiktok me troli\u00f3 pero espero que os guste mi recreaci\u00f3n de uno de mis tuiteros favoritos (warning: internal meme) https:\/\/t.co\/LyNE4dRacn","display_text_range":[0,157],"entities":{"hashtags":[],"urls":[],"user_mentions":[],"symbols":[],"media":[{"id":1248653635342356481,"id_str":"1248653635342356481","indices":[158,181],"additional_media_info":{"monetizable":false},"media_url":"http:\/\/pbs.twimg.com\/ext_tw_video_thumb\/1248653635342356481\/pu\/img\/ixdbgcvxOdTDXlju.jpg","media_url_https":"https:\/\/pbs.twimg.com\/ext_tw_video_thumb\/1248653635342356481\/pu\/img\/ixdbgcvxOdTDXlju.jpg","url":"https:\/\/t.co\/LyNE4dRacn","display_url":"pic.twitter.com\/LyNE4dRacn","expanded_url":"https:\/\/twitter.com\/arlandisana11\/status\/1248653658104958977\/video\/1","type":"video","video_info":{"aspect_ratio":[11,20],"duration_millis":10432,"variants":[{"content_type":"application\/x-mpegURL","url":"https:\/\/video.twimg.com\/ext_tw_video\/1248653635342356481\/pu\/pl\/w42VnXYy7ei7Y28E.m3u8?tag=10"},{"bitrate":832000,"content_type":"video\/mp4","url":"https:\/\/video.twimg.com\/ext_tw_video\/1248653635342356481\/pu\/vid\/352x640\/JhMn6ySG9MY0RzI1.mp4?tag=10"},{"bitrate":632000,"content_type":"video\/mp4","url":"https:\/\/video.twimg.com\/ext_tw_video\/1248653635342356481\/pu\/vid\/320x580\/XsCe-sGQmQGK7v7g.mp4?tag=10"}]},"sizes":{"large":{"w":352,"h":640,"resize":"fit"},"thumb":{"w":150,"h":150,"resize":"crop"},"small":{"w":352,"h":640,"resize":"fit"},"medium":{"w":352,"h":640,"resize":"fit"}}}]},"extended_entities":{"media":[{"id":1248653635342356481,"id_str":"1248653635342356481","indices":[158,181],"additional_media_info":{"monetizable":false},"media_url":"http:\/\/pbs.twimg.com\/ext_tw_video_thumb\/1248653635342356481\/pu\/img\/ixdbgcvxOdTDXlju.jpg","media_url_https":"https:\/\/pbs.twimg.com\/ext_tw_video_thumb\/1248653635342356481\/pu\/img\/ixdbgcvxOdTDXlju.jpg","url":"https:\/\/t.co\/LyNE4dRacn","display_url":"pic.twitter.com\/LyNE4dRacn","expanded_url":"https:\/\/twitter.com\/arlandisana11\/status\/1248653658104958977\/video\/1","type":"video","video_info":{"aspect_ratio":[11,20],"duration_millis":10432,"variants":[{"content_type":"application\/x-mpegURL","url":"https:\/\/video.twimg.com\/ext_tw_video\/1248653635342356481\/pu\/pl\/w42VnXYy7ei7Y28E.m3u8?tag=10"},{"bitrate":832000,"content_type":"video\/mp4","url":"https:\/\/video.twimg.com\/ext_tw_video\/1248653635342356481\/pu\/vid\/352x640\/JhMn6ySG9MY0RzI1.mp4?tag=10"},{"bitrate":632000,"content_type":"video\/mp4","url":"https:\/\/video.twimg.com\/ext_tw_video\/1248653635342356481\/pu\/vid\/320x580\/XsCe-sGQmQGK7v7g.mp4?tag=10"}]},"sizes":{"large":{"w":352,"h":640,"resize":"fit"},"thumb":{"w":150,"h":150,"resize":"crop"},"small":{"w":352,"h":640,"resize":"fit"},"medium":{"w":352,"h":640,"resize":"fit"}}}]}},"quote_count":1,"reply_count":2,"retweet_count":6,"favorite_count":12,"entities":{"hashtags":[],"urls":[{"url":"https:\/\/t.co\/7Tbs0mJu83","expanded_url":"https:\/\/twitter.com\/i\/web\/status\/1248653658104958977","display_url":"twitter.com\/i\/web\/status\/1\u2026","indices":[117,140]}],"user_mentions":[],"symbols":[]},"favorited":false,"retweeted":false,"possibly_sensitive":false,"filter_level":"low","lang":"es"},"quoted_status_permalink":{"url":"https:\/\/t.co\/XVkTQLeyeX","expanded":"https:\/\/twitter.com\/arlandisana11\/status\/1248653658104958977","display":"twitter.com\/arlandisana11\/\u2026"},"is_quote_status":true,"quote_count":0,"reply_count":0,"retweet_count":0,"favorite_count":0,"entities":{"hashtags":[],"urls":[],"user_mentions":[],"symbols":[]},"favorited":false,"retweeted":false,"filter_level":"low","lang":"es","timestamp_ms":"1586538234662"}
