{"created_at":"Fri Apr 10 17:03:58 +0000 2020","id":1248657991039168516,"id_str":"1248657991039168516","text":"@lugmus Vallahi \u00f6yle ya . Bu ortam\u0131 illa b\u00f6yle paraya pula ba\u011flamak isteyenler var","display_text_range":[8,82],"source":"\u003ca href=\"http:\/\/twitter.com\/download\/iphone\" rel=\"nofollow\"\u003eTwitter for iPhone\u003c\/a\u003e","truncated":false,"in_reply_to_status_id":1248657398853783553,"in_reply_to_status_id_str":"1248657398853783553","in_reply_to_user_id":440264596,"in_reply_to_user_id_str":"440264596","in_reply_to_screen_name":"lugmus","user":{"id":559705168,"id_str":"559705168","name":"UHGelen","screen_name":"UmitHamdi","location":null,"url":null,"description":"Electrical Engineer, Renewable Energy Consultant , Solar Systems","translator_type":"none","protected":false,"verified":false,"followers_count":127,"friends_count":497,"listed_count":1,"favourites_count":2855,"statuses_count":5006,"created_at":"Sat Apr 21 16:46:05 +0000 2012","utc_offset":null,"time_zone":null,"geo_enabled":true,"lang":null,"contributors_enabled":false,"is_translator":false,"profile_background_color":"C0DEED","profile_background_image_url":"http:\/\/abs.twimg.com\/images\/themes\/theme1\/bg.png","profile_background_image_url_https":"https:\/\/abs.twimg.com\/images\/themes\/theme1\/bg.png","profile_background_tile":false,"profile_link_color":"1DA1F2","profile_sidebar_border_color":"C0DEED","profile_sidebar_fill_color":"DDEEF6","profile_text_color":"333333","profile_use_background_image":true,"profile_image_url":"http:\/\/pbs.twimg.com\/profile_images\/1247063190506287106\/50LhYH_1_normal.jpg","profile_image_url_https":"https:\/\/pbs.twimg.com\/profile_images\/1247063190506287106\/50LhYH_1_normal.jpg","profile_banner_url":"https:\/\/pbs.twimg.com\/profile_banners\/559705168\/1581921826","default_profile":true,"default_profile_image":false,"following":null,"follow_request_sent":null,"notifications":null},"geo":null,"coordinates":null,"place":null,"contributors":null,"is_quote_status":false,"quote_count":0,"reply_count":0,"retweet_count":0,"favorite_count":0,"entities":{"hashtags":[],"urls":[],"user_mentions":[{"screen_name":"lugmus","name":"S\u00fcmg\u00fcl Alt\u0131nme\u015fe","id":440264596,"id_str":"440264596","indices":[0,7]}],"symbols":[]},"favorited":false,"retweeted":false,"filter_level":"low","lang":"tr","timestamp_ms":"1586538238664"}
