{"created_at":"Fri Apr 10 17:03:48 +0000 2020","id":1248657949079339008,"id_str":"1248657949079339008","text":"@guilhermewt Mano entendo muito kkkkk, as vezes eu to na piscina e tenho certeza absoluta que vai sair um tubar\u00e3o do filtro kkkkkkkkkkkk","display_text_range":[13,136],"source":"\u003ca href=\"http:\/\/twitter.com\/download\/iphone\" rel=\"nofollow\"\u003eTwitter for iPhone\u003c\/a\u003e","truncated":false,"in_reply_to_status_id":1248657214715330562,"in_reply_to_status_id_str":"1248657214715330562","in_reply_to_user_id":1127220807816622080,"in_reply_to_user_id_str":"1127220807816622080","in_reply_to_screen_name":"guilhermewt","user":{"id":1120508192973258753,"id_str":"1120508192973258753","name":"Temari Vegano do Makis Place","screen_name":"pApslazz","location":null,"url":null,"description":"\u2728Fodase seu bosta\u2728","translator_type":"none","protected":false,"verified":false,"followers_count":94,"friends_count":163,"listed_count":0,"favourites_count":4607,"statuses_count":3028,"created_at":"Tue Apr 23 02:02:26 +0000 2019","utc_offset":null,"time_zone":null,"geo_enabled":true,"lang":null,"contributors_enabled":false,"is_translator":false,"profile_background_color":"F5F8FA","profile_background_image_url":"","profile_background_image_url_https":"","profile_background_tile":false,"profile_link_color":"1DA1F2","profile_sidebar_border_color":"C0DEED","profile_sidebar_fill_color":"DDEEF6","profile_text_color":"333333","profile_use_background_image":true,"profile_image_url":"http:\/\/pbs.twimg.com\/profile_images\/1242544795987427328\/PWNuDRPJ_normal.jpg","profile_image_url_https":"https:\/\/pbs.twimg.com\/profile_images\/1242544795987427328\/PWNuDRPJ_normal.jpg","profile_banner_url":"https:\/\/pbs.twimg.com\/profile_banners\/1120508192973258753\/1574017646","default_profile":true,"default_profile_image":false,"following":null,"follow_request_sent":null,"notifications":null},"geo":null,"coordinates":null,"place":null,"contributors":null,"is_quote_status":false,"quote_count":0,"reply_count":0,"retweet_count":0,"favorite_count":0,"entities":{"hashtags":[],"urls":[],"user_mentions":[{"screen_name":"guilhermewt","name":"solidao ne minha fia","id":1127220807816622080,"id_str":"1127220807816622080","indices":[0,12]}],"symbols":[]},"favorited":false,"retweeted":false,"filter_level":"low","lang":"pt","timestamp_ms":"1586538228660"}
