{"created_at":"Fri Apr 10 17:03:53 +0000 2020","id":1248657970075824129,"id_str":"1248657970075824129","text":"https:\/\/t.co\/5jpFkahrgJ","display_text_range":[0,0],"source":"\u003ca href=\"https:\/\/mobile.twitter.com\" rel=\"nofollow\"\u003eTwitter Web App\u003c\/a\u003e","truncated":false,"in_reply_to_status_id":null,"in_reply_to_status_id_str":null,"in_reply_to_user_id":null,"in_reply_to_user_id_str":null,"in_reply_to_screen_name":null,"user":{"id":86217738,"id_str":"86217738","name":"\ud835\ude8d\ud835\ude98\ud835\ude97\ud835\ude8a\ud835\ude95\ud835\ude8d  \ud835\ude8b\ud835\ude8a\ud835\ude9b\ud835\ude97\ud835\ude8a\ud835\ude9d","screen_name":"50Lux14","location":"\ud835\ude95\ud835\ude8a \ud835\ude8c\ud835\ude8a\ud835\ude95\ud835\ude92\ud835\ude8f\ud835\ude9e\ud835\ude9c\ud835\ude8a","url":"http:\/\/50lux.com","description":"\u201cEvery woman who has ever been presented with a career\/sex quid pro in the entertainment industry should come forward and simply say, \u201cMe, too.\u201d - Donald Barnat","translator_type":"none","protected":false,"verified":false,"followers_count":140,"friends_count":189,"listed_count":3,"favourites_count":2768,"statuses_count":6068,"created_at":"Fri Oct 30 01:59:07 +0000 2009","utc_offset":null,"time_zone":null,"geo_enabled":false,"lang":null,"contributors_enabled":false,"is_translator":false,"profile_background_color":"000000","profile_background_image_url":"http:\/\/abs.twimg.com\/images\/themes\/theme1\/bg.png","profile_background_image_url_https":"https:\/\/abs.twimg.com\/images\/themes\/theme1\/bg.png","profile_background_tile":false,"profile_link_color":"1B95E0","profile_sidebar_border_color":"000000","profile_sidebar_fill_color":"000000","profile_text_color":"000000","profile_use_background_image":false,"profile_image_url":"http:\/\/pbs.twimg.com\/profile_images\/1210353082594234368\/RBJVHiNi_normal.jpg","profile_image_url_https":"https:\/\/pbs.twimg.com\/profile_images\/1210353082594234368\/RBJVHiNi_normal.jpg","profile_banner_url":"https:\/\/pbs.twimg.com\/profile_banners\/86217738\/1548154319","default_profile":false,"default_profile_image":false,"following":null,"follow_request_sent":null,"notifications":null},"geo":null,"coordinates":null,"place":null,"contributors":null,"is_quote_status":false,"quote_count":0,"reply_count":0,"retweet_count":0,"favorite_count":0,"entities":{"hashtags":[],"urls":[],"user_mentions":[],"symbols":[],"media":[{"id":1248657960563138565,"id_str":"1248657960563138565","indices":[0,23],"media_url":"http:\/\/pbs.twimg.com\/media\/EVQfzKlUYAUmiRA.jpg","media_url_https":"https:\/\/pbs.twimg.com\/media\/EVQfzKlUYAUmiRA.jpg","url":"https:\/\/t.co\/5jpFkahrgJ","display_url":"pic.twitter.com\/5jpFkahrgJ","expanded_url":"https:\/\/twitter.com\/50Lux14\/status\/1248657970075824129\/photo\/1","type":"photo","sizes":{"large":{"w":600,"h":400,"resize":"fit"},"thumb":{"w":150,"h":150,"resize":"crop"},"medium":{"w":600,"h":400,"resize":"fit"},"small":{"w":600,"h":400,"resize":"fit"}}}]},"extended_entities":{"media":[{"id":1248657960563138565,"id_str":"1248657960563138565","indices":[0,23],"media_url":"http:\/\/pbs.twimg.com\/media\/EVQfzKlUYAUmiRA.jpg","media_url_https":"https:\/\/pbs.twimg.com\/media\/EVQfzKlUYAUmiRA.jpg","url":"https:\/\/t.co\/5jpFkahrgJ","display_url":"pic.twitter.com\/5jpFkahrgJ","expanded_url":"https:\/\/twitter.com\/50Lux14\/status\/1248657970075824129\/photo\/1","type":"photo","sizes":{"large":{"w":600,"h":400,"resize":"fit"},"thumb":{"w":150,"h":150,"resize":"crop"},"medium":{"w":600,"h":400,"resize":"fit"},"small":{"w":600,"h":400,"resize":"fit"}}}]},"favorited":false,"retweeted":false,"possibly_sensitive":false,"filter_level":"low","lang":"und","timestamp_ms":"1586538233666"}
