{"created_at":"Fri Apr 10 17:03:55 +0000 2020","id":1248657978435264515,"id_str":"1248657978435264515","text":"RT @MongeDeArce: Hace a\u00f1os, un estudiante le pregunt\u00f3 a la antrop\u00f3loga Margaret Mead cu\u00e1l consideraba ella que era el primer signo de civil\u2026","source":"\u003ca href=\"http:\/\/twitter.com\/download\/android\" rel=\"nofollow\"\u003eTwitter for Android\u003c\/a\u003e","truncated":false,"in_reply_to_status_id":null,"in_reply_to_status_id_str":null,"in_reply_to_user_id":null,"in_reply_to_user_id_str":null,"in_reply_to_screen_name":null,"user":{"id":38928676,"id_str":"38928676","name":"Mafist\u00f3feles","screen_name":"mafistofela","location":"Lima\/Per\u00fa","url":"http:\/\/www.losperroshistericos.wordpress.com","description":"Pinchaglobos oficial del Mundial","translator_type":"none","protected":false,"verified":false,"followers_count":113,"friends_count":273,"listed_count":0,"favourites_count":350,"statuses_count":983,"created_at":"Sat May 09 21:10:37 +0000 2009","utc_offset":null,"time_zone":null,"geo_enabled":false,"lang":null,"contributors_enabled":false,"is_translator":false,"profile_background_color":"93A644","profile_background_image_url":"http:\/\/abs.twimg.com\/images\/themes\/theme1\/bg.png","profile_background_image_url_https":"https:\/\/abs.twimg.com\/images\/themes\/theme1\/bg.png","profile_background_tile":true,"profile_link_color":"93A644","profile_sidebar_border_color":"FFFFFF","profile_sidebar_fill_color":"141410","profile_text_color":"437B8E","profile_use_background_image":true,"profile_image_url":"http:\/\/pbs.twimg.com\/profile_images\/430490933465866240\/7-Q-ViMz_normal.jpeg","profile_image_url_https":"https:\/\/pbs.twimg.com\/profile_images\/430490933465866240\/7-Q-ViMz_normal.jpeg","profile_banner_url":"https:\/\/pbs.twimg.com\/profile_banners\/38928676\/1402277171","default_profile":false,"default_profile_image":false,"following":null,"follow_request_sent":null,"notifications":null},"geo":null,"coordinates":null,"place":null,"contributors":null,"retweeted_status":{"created_at":"Thu Apr 09 10:22:34 +0000 2020","id":1248194586503233537,"id_str":"1248194586503233537","text":"Hace a\u00f1os, un estudiante le pregunt\u00f3 a la antrop\u00f3loga Margaret Mead cu\u00e1l consideraba ella que era el primer signo d\u2026 https:\/\/t.co\/PFMVrewvQs","source":"\u003ca href=\"https:\/\/mobile.twitter.com\" rel=\"nofollow\"\u003eTwitter Web App\u003c\/a\u003e","truncated":true,"in_reply_to_status_id":null,"in_reply_to_status_id_str":null,"in_reply_to_user_id":null,"in_reply_to_user_id_str":null,"in_reply_to_screen_name":null,"user":{"id":709173164,"id_str":"709173164","name":"Luis Monge","screen_name":"MongeDeArce","location":"Valencia, Espa\u00f1a","url":null,"description":"Inter\u00e9s en: Educaci\u00f3n & Coeducaci\u00f3n | Justicia Social | Ecofeminismo","translator_type":"none","protected":false,"verified":false,"followers_count":1199,"friends_count":194,"listed_count":10,"favourites_count":294,"statuses_count":960,"created_at":"Sat Jul 21 15:48:48 +0000 2012","utc_offset":null,"time_zone":null,"geo_enabled":true,"lang":null,"contributors_enabled":false,"is_translator":false,"profile_background_color":"131516","profile_background_image_url":"http:\/\/abs.twimg.com\/images\/themes\/theme14\/bg.gif","profile_background_image_url_https":"https:\/\/abs.twimg.com\/images\/themes\/theme14\/bg.gif","profile_background_tile":true,"profile_link_color":"981CEB","profile_sidebar_border_color":"C0DEED","profile_sidebar_fill_color":"DDEEF6","profile_text_color":"333333","profile_use_background_image":true,"profile_image_url":"http:\/\/pbs.twimg.com\/profile_images\/1235567482393579525\/zSlwjUcp_normal.jpg","profile_image_url_https":"https:\/\/pbs.twimg.com\/profile_images\/1235567482393579525\/zSlwjUcp_normal.jpg","profile_banner_url":"https:\/\/pbs.twimg.com\/profile_banners\/709173164\/1577962582","default_profile":false,"default_profile_image":false,"following":null,"follow_request_sent":null,"notifications":null},"geo":null,"coordinates":null,"place":null,"contributors":null,"is_quote_status":false,"extended_tweet":{"full_text":"Hace a\u00f1os, un estudiante le pregunt\u00f3 a la antrop\u00f3loga Margaret Mead cu\u00e1l consideraba ella que era el primer signo de civilizaci\u00f3n en una cultura. El estudiante esperaba que Mead hablara de anzuelos, ollas de barro o piedras de moler...(sigue)","display_text_range":[0,242],"entities":{"hashtags":[],"urls":[],"user_mentions":[],"symbols":[]}},"quote_count":456,"reply_count":155,"retweet_count":9449,"favorite_count":18962,"entities":{"hashtags":[],"urls":[{"url":"https:\/\/t.co\/PFMVrewvQs","expanded_url":"https:\/\/twitter.com\/i\/web\/status\/1248194586503233537","display_url":"twitter.com\/i\/web\/status\/1\u2026","indices":[117,140]}],"user_mentions":[],"symbols":[]},"favorited":false,"retweeted":false,"filter_level":"low","lang":"es"},"is_quote_status":false,"quote_count":0,"reply_count":0,"retweet_count":0,"favorite_count":0,"entities":{"hashtags":[],"urls":[],"user_mentions":[{"screen_name":"MongeDeArce","name":"Luis Monge","id":709173164,"id_str":"709173164","indices":[3,15]}],"symbols":[]},"favorited":false,"retweeted":false,"filter_level":"low","lang":"es","timestamp_ms":"1586538235659"}
