{"created_at":"Fri Apr 10 17:03:51 +0000 2020","id":1248657961683206144,"id_str":"1248657961683206144","text":"@VyNguyennnnnn https:\/\/t.co\/nJpPnw2a0Y","display_text_range":[14,14],"source":"\u003ca href=\"https:\/\/mobile.twitter.com\" rel=\"nofollow\"\u003eTwitter Web App\u003c\/a\u003e","truncated":false,"in_reply_to_status_id":1248652566239555586,"in_reply_to_status_id_str":"1248652566239555586","in_reply_to_user_id":830209295958499329,"in_reply_to_user_id_str":"830209295958499329","in_reply_to_screen_name":"VyNguyennnnnn","user":{"id":1611102967,"id_str":"1611102967","name":"Ben Jacobson","screen_name":"bfjacobson","location":"Chicago, IL","url":null,"description":"Appellate litigator; dramaturg; analyst. Also: theatre, history, NatSec, sports, food, literature, parkour, poetry, \u201cthe law,\u201d general nerdosity. He\/Him.","translator_type":"none","protected":false,"verified":false,"followers_count":532,"friends_count":1465,"listed_count":23,"favourites_count":42495,"statuses_count":14777,"created_at":"Sun Jul 21 18:16:18 +0000 2013","utc_offset":null,"time_zone":null,"geo_enabled":true,"lang":null,"contributors_enabled":false,"is_translator":false,"profile_background_color":"022330","profile_background_image_url":"http:\/\/abs.twimg.com\/images\/themes\/theme15\/bg.png","profile_background_image_url_https":"https:\/\/abs.twimg.com\/images\/themes\/theme15\/bg.png","profile_background_tile":false,"profile_link_color":"0084B4","profile_sidebar_border_color":"A8C7F7","profile_sidebar_fill_color":"C0DFEC","profile_text_color":"333333","profile_use_background_image":true,"profile_image_url":"http:\/\/pbs.twimg.com\/profile_images\/1193305318903754754\/iSoqclJZ_normal.jpg","profile_image_url_https":"https:\/\/pbs.twimg.com\/profile_images\/1193305318903754754\/iSoqclJZ_normal.jpg","profile_banner_url":"https:\/\/pbs.twimg.com\/profile_banners\/1611102967\/1573341099","default_profile":false,"default_profile_image":false,"following":null,"follow_request_sent":null,"notifications":null},"geo":null,"coordinates":null,"place":null,"contributors":null,"is_quote_status":false,"quote_count":0,"reply_count":0,"retweet_count":0,"favorite_count":0,"entities":{"hashtags":[],"urls":[],"user_mentions":[{"screen_name":"VyNguyennnnnn","name":"Vy N.","id":830209295958499329,"id_str":"830209295958499329","indices":[0,14]}],"symbols":[],"media":[{"id":1248657955593035776,"id_str":"1248657955593035776","indices":[15,38],"media_url":"http:\/\/pbs.twimg.com\/tweet_video_thumb\/EVQfy4EWoAAGv-q.jpg","media_url_https":"https:\/\/pbs.twimg.com\/tweet_video_thumb\/EVQfy4EWoAAGv-q.jpg","url":"https:\/\/t.co\/nJpPnw2a0Y","display_url":"pic.twitter.com\/nJpPnw2a0Y","expanded_url":"https:\/\/twitter.com\/bfjacobson\/status\/1248657961683206144\/photo\/1","type":"photo","sizes":{"small":{"w":500,"h":276,"resize":"fit"},"large":{"w":500,"h":276,"resize":"fit"},"thumb":{"w":150,"h":150,"resize":"crop"},"medium":{"w":500,"h":276,"resize":"fit"}}}]},"extended_entities":{"media":[{"id":1248657955593035776,"id_str":"1248657955593035776","indices":[15,38],"media_url":"http:\/\/pbs.twimg.com\/tweet_video_thumb\/EVQfy4EWoAAGv-q.jpg","media_url_https":"https:\/\/pbs.twimg.com\/tweet_video_thumb\/EVQfy4EWoAAGv-q.jpg","url":"https:\/\/t.co\/nJpPnw2a0Y","display_url":"pic.twitter.com\/nJpPnw2a0Y","expanded_url":"https:\/\/twitter.com\/bfjacobson\/status\/1248657961683206144\/photo\/1","type":"animated_gif","video_info":{"aspect_ratio":[125,69],"variants":[{"bitrate":0,"content_type":"video\/mp4","url":"https:\/\/video.twimg.com\/tweet_video\/EVQfy4EWoAAGv-q.mp4"}]},"sizes":{"small":{"w":500,"h":276,"resize":"fit"},"large":{"w":500,"h":276,"resize":"fit"},"thumb":{"w":150,"h":150,"resize":"crop"},"medium":{"w":500,"h":276,"resize":"fit"}}}]},"favorited":false,"retweeted":false,"possibly_sensitive":false,"filter_level":"low","lang":"und","timestamp_ms":"1586538231665"}
