{"created_at":"Fri Apr 10 17:03:48 +0000 2020","id":1248657949095940096,"id_str":"1248657949095940096","text":"@taketon10 \u304b\u308f\u3044\u3044\uff01","display_text_range":[11,16],"source":"\u003ca href=\"http:\/\/chupacabrasmon.ddns.net\/KusoBotMakerWebApp\" rel=\"nofollow\"\u003e\u30af\u30bdBOT\u30e1\u30fc\u30ab\u30fcWEB\u7248\u003c\/a\u003e","truncated":false,"in_reply_to_status_id":1248657816568713220,"in_reply_to_status_id_str":"1248657816568713220","in_reply_to_user_id":1029570747528699904,"in_reply_to_user_id_str":"1029570747528699904","in_reply_to_screen_name":"taketon10","user":{"id":926964001396760576,"id_str":"926964001396760576","name":"JK4\u4eba\u7d44\u304c\u30ac\u30fc\u30ca\u8a9e\u3092\u5b66\u3076bot","screen_name":"onyankopon_jk4","location":null,"url":null,"description":"\u30d0\u30a4\u30d6\u30b9\u3076\u3061\u3042\u304c\u308a\uff01\uff08\u975e\u516c\u5f0f\uff09\u300c\u30d5\u30a9\u30ed\u30fc\u3057\u3066\u300d\u3067\u30d5\u30a9\u30ed\u30fc \u300c\u30d5\u30a9\u30ed\u30fc\u89e3\u9664\u3057\u3066\u300d\u3067\u30d5\u30a9\u30ed\u30fc\u89e3\u9664 \u300c\u300c\u25cb\u25cb\u300d\u3063\u3066\u547c\u3093\u3067\u300d\u3067\u540d\u524d\u3092\u899a\u3048\u307e\u3059\u3002","translator_type":"none","protected":false,"verified":false,"followers_count":1622,"friends_count":962,"listed_count":19,"favourites_count":0,"statuses_count":882903,"created_at":"Sun Nov 05 00:06:54 +0000 2017","utc_offset":null,"time_zone":null,"geo_enabled":false,"lang":null,"contributors_enabled":false,"is_translator":false,"profile_background_color":"F5F8FA","profile_background_image_url":"","profile_background_image_url_https":"","profile_background_tile":false,"profile_link_color":"1DA1F2","profile_sidebar_border_color":"C0DEED","profile_sidebar_fill_color":"DDEEF6","profile_text_color":"333333","profile_use_background_image":true,"profile_image_url":"http:\/\/pbs.twimg.com\/profile_images\/1235345688587833344\/M2FwNZob_normal.jpg","profile_image_url_https":"https:\/\/pbs.twimg.com\/profile_images\/1235345688587833344\/M2FwNZob_normal.jpg","profile_banner_url":"https:\/\/pbs.twimg.com\/profile_banners\/926964001396760576\/1509841030","default_profile":true,"default_profile_image":false,"following":null,"follow_request_sent":null,"notifications":null},"geo":null,"coordinates":null,"place":null,"contributors":null,"is_quote_status":false,"quote_count":0,"reply_count":0,"retweet_count":0,"favorite_count":0,"entities":{"hashtags":[],"urls":[],"user_mentions":[{"screen_name":"taketon10","name":"BP_\u305f\u3051\u3068\u3093","id":1029570747528699904,"id_str":"1029570747528699904","indices":[0,10]}],"symbols":[]},"favorited":false,"retweeted":false,"filter_level":"low","lang":"ja","timestamp_ms":"1586538228664"}
