{"created_at":"Fri Apr 10 17:03:54 +0000 2020","id":1248657974253572096,"id_str":"1248657974253572096","text":"\u201cmortaliteye ba\u011fl\u0131 verilerde \u015feffaf oldu\u011fumuz.. \u201d ? \u201cmortalite?\u201d Bu tip kelimeleri T\u00fcrk\u00e7e\u2019mize sokmasak daha iyi de\u2026 https:\/\/t.co\/LQnkkPJOwW","source":"\u003ca href=\"http:\/\/twitter.com\/download\/iphone\" rel=\"nofollow\"\u003eTwitter for iPhone\u003c\/a\u003e","truncated":true,"in_reply_to_status_id":null,"in_reply_to_status_id_str":null,"in_reply_to_user_id":null,"in_reply_to_user_id_str":null,"in_reply_to_screen_name":null,"user":{"id":1242245458682134532,"id_str":"1242245458682134532","name":"Ers Imparatorlu\u011fu","screen_name":"ersawtheday","location":null,"url":null,"description":"\ud83d\udcab","translator_type":"none","protected":false,"verified":false,"followers_count":22,"friends_count":136,"listed_count":0,"favourites_count":511,"statuses_count":138,"created_at":"Tue Mar 24 00:22:58 +0000 2020","utc_offset":null,"time_zone":null,"geo_enabled":false,"lang":null,"contributors_enabled":false,"is_translator":false,"profile_background_color":"F5F8FA","profile_background_image_url":"","profile_background_image_url_https":"","profile_background_tile":false,"profile_link_color":"1DA1F2","profile_sidebar_border_color":"C0DEED","profile_sidebar_fill_color":"DDEEF6","profile_text_color":"333333","profile_use_background_image":true,"profile_image_url":"http:\/\/pbs.twimg.com\/profile_images\/1245933910162366464\/e0982I-r_normal.jpg","profile_image_url_https":"https:\/\/pbs.twimg.com\/profile_images\/1245933910162366464\/e0982I-r_normal.jpg","profile_banner_url":"https:\/\/pbs.twimg.com\/profile_banners\/1242245458682134532\/1586495056","default_profile":true,"default_profile_image":false,"following":null,"follow_request_sent":null,"notifications":null},"geo":null,"coordinates":null,"place":null,"contributors":null,"is_quote_status":false,"extended_tweet":{"full_text":"\u201cmortaliteye ba\u011fl\u0131 verilerde \u015feffaf oldu\u011fumuz.. \u201d ? \u201cmortalite?\u201d Bu tip kelimeleri T\u00fcrk\u00e7e\u2019mize sokmasak daha iyi de\u011fil mi. mort; mortal; morte; muerto..  ?? kelimeler baz\u0131 anlamlara gelmiyor \u00e7\u00fcnk\u00fc... \n\n\u00d6l\u00fcm...\nEy \u00f6l\u00fcm...\nAnlat\u0131lacak m\u0131 sana \nSon nefesimde g\u00fcld\u00fc\u011f\u00fcm...","display_text_range":[0,267],"entities":{"hashtags":[],"urls":[],"user_mentions":[],"symbols":[]}},"quote_count":0,"reply_count":0,"retweet_count":0,"favorite_count":0,"entities":{"hashtags":[],"urls":[{"url":"https:\/\/t.co\/LQnkkPJOwW","expanded_url":"https:\/\/twitter.com\/i\/web\/status\/1248657974253572096","display_url":"twitter.com\/i\/web\/status\/1\u2026","indices":[117,140]}],"user_mentions":[],"symbols":[]},"favorited":false,"retweeted":false,"filter_level":"low","lang":"tr","timestamp_ms":"1586538234662"}
