{"created_at":"Fri Apr 10 17:03:55 +0000 2020","id":1248657978439249921,"id_str":"1248657978439249921","text":"RT @worldclassIisa: Remember when INSTAGRAM KOREA Awarded @.lalalalisa_m as \"The Most Beloved Account of 2019\" \ud83d\ude0e\n\nThe winner of this catego\u2026","source":"\u003ca href=\"https:\/\/mobile.twitter.com\" rel=\"nofollow\"\u003eTwitter Web App\u003c\/a\u003e","truncated":false,"in_reply_to_status_id":null,"in_reply_to_status_id_str":null,"in_reply_to_user_id":null,"in_reply_to_user_id_str":null,"in_reply_to_screen_name":null,"user":{"id":938729772779126785,"id_str":"938729772779126785","name":"Lisaivyds","screen_name":"SanchoIvy","location":null,"url":null,"description":"Lisa my 2nd baby","translator_type":"none","protected":false,"verified":false,"followers_count":16,"friends_count":196,"listed_count":0,"favourites_count":10876,"statuses_count":9033,"created_at":"Thu Dec 07 11:19:53 +0000 2017","utc_offset":null,"time_zone":null,"geo_enabled":false,"lang":null,"contributors_enabled":false,"is_translator":false,"profile_background_color":"F5F8FA","profile_background_image_url":"","profile_background_image_url_https":"","profile_background_tile":false,"profile_link_color":"1DA1F2","profile_sidebar_border_color":"C0DEED","profile_sidebar_fill_color":"DDEEF6","profile_text_color":"333333","profile_use_background_image":true,"profile_image_url":"http:\/\/pbs.twimg.com\/profile_images\/1243171715120652291\/W2FOZpXZ_normal.jpg","profile_image_url_https":"https:\/\/pbs.twimg.com\/profile_images\/1243171715120652291\/W2FOZpXZ_normal.jpg","profile_banner_url":"https:\/\/pbs.twimg.com\/profile_banners\/938729772779126785\/1583683729","default_profile":true,"default_profile_image":false,"following":null,"follow_request_sent":null,"notifications":null},"geo":null,"coordinates":null,"place":null,"contributors":null,"retweeted_status":{"created_at":"Fri Apr 10 13:08:23 +0000 2020","id":1248598704371552256,"id_str":"1248598704371552256","text":"Remember when INSTAGRAM KOREA Awarded @.lalalalisa_m as \"The Most Beloved Account of 2019\" \ud83d\ude0e\n\nThe winner of this ca\u2026 https:\/\/t.co\/Y7UKTHyKUu","display_text_range":[0,140],"source":"\u003ca href=\"http:\/\/twitter.com\/download\/android\" rel=\"nofollow\"\u003eTwitter for Android\u003c\/a\u003e","truncated":true,"in_reply_to_status_id":null,"in_reply_to_status_id_str":null,"in_reply_to_user_id":null,"in_reply_to_user_id_str":null,"in_reply_to_screen_name":null,"user":{"id":1245248448506384384,"id_str":"1245248448506384384","name":"\ud83d\udcab","screen_name":"worldclassIisa","location":"lalisa's butt","url":"http:\/\/LalisaGoSolo.com","description":"PURE LISA SOLO STAN","translator_type":"none","protected":false,"verified":false,"followers_count":457,"friends_count":202,"listed_count":0,"favourites_count":1343,"statuses_count":1026,"created_at":"Wed Apr 01 07:16:06 +0000 2020","utc_offset":null,"time_zone":null,"geo_enabled":false,"lang":null,"contributors_enabled":false,"is_translator":false,"profile_background_color":"F5F8FA","profile_background_image_url":"","profile_background_image_url_https":"","profile_background_tile":false,"profile_link_color":"1DA1F2","profile_sidebar_border_color":"C0DEED","profile_sidebar_fill_color":"DDEEF6","profile_text_color":"333333","profile_use_background_image":true,"profile_image_url":"http:\/\/pbs.twimg.com\/profile_images\/1246398194201677824\/jK1fOM2U_normal.jpg","profile_image_url_https":"https:\/\/pbs.twimg.com\/profile_images\/1246398194201677824\/jK1fOM2U_normal.jpg","profile_banner_url":"https:\/\/pbs.twimg.com\/profile_banners\/1245248448506384384\/1585727900","default_profile":true,"default_profile_image":false,"following":null,"follow_request_sent":null,"notifications":null},"geo":null,"coordinates":null,"place":null,"contributors":null,"is_quote_status":false,"extended_tweet":{"full_text":"Remember when INSTAGRAM KOREA Awarded @.lalalalisa_m as \"The Most Beloved Account of 2019\" \ud83d\ude0e\n\nThe winner of this category is decided based on\u00a0da number of\u00a0views\u00a0on Stories,\u00a0comments,\u00a0&amp; likes\u00a0on posts throughout the year\n\n#LALISA said she is \"honored\" and \"thankful\" \u263a https:\/\/t.co\/N6JjENQmq9","display_text_range":[0,271],"entities":{"hashtags":[{"text":"LALISA","indices":[225,232]}],"urls":[],"user_mentions":[],"symbols":[],"media":[{"id":1248598683404226565,"id_str":"1248598683404226565","indices":[272,295],"media_url":"http:\/\/pbs.twimg.com\/media\/EVPp4x9UUAUI8I6.jpg","media_url_https":"https:\/\/pbs.twimg.com\/media\/EVPp4x9UUAUI8I6.jpg","url":"https:\/\/t.co\/N6JjENQmq9","display_url":"pic.twitter.com\/N6JjENQmq9","expanded_url":"https:\/\/twitter.com\/worldclassIisa\/status\/1248598704371552256\/photo\/1","type":"photo","sizes":{"thumb":{"w":150,"h":150,"resize":"crop"},"large":{"w":1080,"h":1837,"resize":"fit"},"medium":{"w":705,"h":1200,"resize":"fit"},"small":{"w":400,"h":680,"resize":"fit"}}},{"id":1248598695399944199,"id_str":"1248598695399944199","indices":[272,295],"media_url":"http:\/\/pbs.twimg.com\/media\/EVPp5epUcAc3cnR.png","media_url_https":"https:\/\/pbs.twimg.com\/media\/EVPp5epUcAc3cnR.png","url":"https:\/\/t.co\/N6JjENQmq9","display_url":"pic.twitter.com\/N6JjENQmq9","expanded_url":"https:\/\/twitter.com\/worldclassIisa\/status\/1248598704371552256\/photo\/1","type":"photo","sizes":{"small":{"w":680,"h":461,"resize":"fit"},"medium":{"w":694,"h":471,"resize":"fit"},"thumb":{"w":150,"h":150,"resize":"crop"},"large":{"w":694,"h":471,"resize":"fit"}}}]},"extended_entities":{"media":[{"id":1248598683404226565,"id_str":"1248598683404226565","indices":[272,295],"media_url":"http:\/\/pbs.twimg.com\/media\/EVPp4x9UUAUI8I6.jpg","media_url_https":"https:\/\/pbs.twimg.com\/media\/EVPp4x9UUAUI8I6.jpg","url":"https:\/\/t.co\/N6JjENQmq9","display_url":"pic.twitter.com\/N6JjENQmq9","expanded_url":"https:\/\/twitter.com\/worldclassIisa\/status\/1248598704371552256\/photo\/1","type":"photo","sizes":{"thumb":{"w":150,"h":150,"resize":"crop"},"large":{"w":1080,"h":1837,"resize":"fit"},"medium":{"w":705,"h":1200,"resize":"fit"},"small":{"w":400,"h":680,"resize":"fit"}}},{"id":1248598695399944199,"id_str":"1248598695399944199","indices":[272,295],"media_url":"http:\/\/pbs.twimg.com\/media\/EVPp5epUcAc3cnR.png","media_url_https":"https:\/\/pbs.twimg.com\/media\/EVPp5epUcAc3cnR.png","url":"https:\/\/t.co\/N6JjENQmq9","display_url":"pic.twitter.com\/N6JjENQmq9","expanded_url":"https:\/\/twitter.com\/worldclassIisa\/status\/1248598704371552256\/photo\/1","type":"photo","sizes":{"small":{"w":680,"h":461,"resize":"fit"},"medium":{"w":694,"h":471,"resize":"fit"},"thumb":{"w":150,"h":150,"resize":"crop"},"large":{"w":694,"h":471,"resize":"fit"}}}]}},"quote_count":1,"reply_count":0,"retweet_count":51,"favorite_count":119,"entities":{"hashtags":[],"urls":[{"url":"https:\/\/t.co\/Y7UKTHyKUu","expanded_url":"https:\/\/twitter.com\/i\/web\/status\/1248598704371552256","display_url":"twitter.com\/i\/web\/status\/1\u2026","indices":[117,140]}],"user_mentions":[],"symbols":[]},"favorited":false,"retweeted":false,"possibly_sensitive":false,"filter_level":"low","lang":"en"},"is_quote_status":false,"quote_count":0,"reply_count":0,"retweet_count":0,"favorite_count":0,"entities":{"hashtags":[],"urls":[],"user_mentions":[{"screen_name":"worldclassIisa","name":"\ud83d\udcab","id":1245248448506384384,"id_str":"1245248448506384384","indices":[3,18]}],"symbols":[]},"favorited":false,"retweeted":false,"filter_level":"low","lang":"en","timestamp_ms":"1586538235660"}
