{"created_at":"Fri Apr 10 17:03:53 +0000 2020","id":1248657970076037120,"id_str":"1248657970076037120","text":"RT @Mzbabybytch011: When Weezy took niggas instrumentals we forgot how the real song went... stop playin","source":"\u003ca href=\"http:\/\/twitter.com\/download\/iphone\" rel=\"nofollow\"\u003eTwitter for iPhone\u003c\/a\u003e","truncated":false,"in_reply_to_status_id":null,"in_reply_to_status_id_str":null,"in_reply_to_user_id":null,"in_reply_to_user_id_str":null,"in_reply_to_screen_name":null,"user":{"id":4278518902,"id_str":"4278518902","name":"\ud83e\udd9a","screen_name":"quzyqtrze","location":"Jama\u00efque","url":"http:\/\/comingsoon.com","description":"thuggin","translator_type":"none","protected":false,"verified":false,"followers_count":233,"friends_count":284,"listed_count":2,"favourites_count":27856,"statuses_count":9910,"created_at":"Wed Nov 25 21:28:52 +0000 2015","utc_offset":null,"time_zone":null,"geo_enabled":true,"lang":null,"contributors_enabled":false,"is_translator":false,"profile_background_color":"C0DEED","profile_background_image_url":"http:\/\/abs.twimg.com\/images\/themes\/theme1\/bg.png","profile_background_image_url_https":"https:\/\/abs.twimg.com\/images\/themes\/theme1\/bg.png","profile_background_tile":false,"profile_link_color":"1DA1F2","profile_sidebar_border_color":"C0DEED","profile_sidebar_fill_color":"DDEEF6","profile_text_color":"333333","profile_use_background_image":true,"profile_image_url":"http:\/\/pbs.twimg.com\/profile_images\/1248613086195400708\/pA1nYldz_normal.jpg","profile_image_url_https":"https:\/\/pbs.twimg.com\/profile_images\/1248613086195400708\/pA1nYldz_normal.jpg","profile_banner_url":"https:\/\/pbs.twimg.com\/profile_banners\/4278518902\/1586461967","default_profile":true,"default_profile_image":false,"following":null,"follow_request_sent":null,"notifications":null},"geo":null,"coordinates":null,"place":null,"contributors":null,"retweeted_status":{"created_at":"Thu Apr 09 10:44:04 +0000 2020","id":1248199996316549120,"id_str":"1248199996316549120","text":"When Weezy took niggas instrumentals we forgot how the real song went... stop playin","source":"\u003ca href=\"http:\/\/twitter.com\/download\/iphone\" rel=\"nofollow\"\u003eTwitter for iPhone\u003c\/a\u003e","truncated":false,"in_reply_to_status_id":null,"in_reply_to_status_id_str":null,"in_reply_to_user_id":null,"in_reply_to_user_id_str":null,"in_reply_to_screen_name":null,"user":{"id":197611120,"id_str":"197611120","name":"HisFavOriteDrug\ud83d\udc95\ud83d\udc95\ud83d\udc95","screen_name":"Mzbabybytch011","location":"New York, NY","url":"https:\/\/m.youtube.com\/channel\/UCElFWHem1WFdZmrQL9kFR4g","description":"TWEET WHAT I WANT WHEN I WANT \ud83e\udd2cMSPETTYLABELLE\ud83e\udd2d \u264d\u264d\u264d I Love \u2764\ufe0f Those\u2019s That Love Me \ud83d\udc99\ud83d\udc95\ud83c\udf08 \ud83c\udf8aBBWTINGZ\ud83c\udf8a Married To @Myswavvylife","translator_type":"none","protected":false,"verified":false,"followers_count":3503,"friends_count":3482,"listed_count":16,"favourites_count":13934,"statuses_count":38194,"created_at":"Fri Oct 01 23:53:44 +0000 2010","utc_offset":null,"time_zone":null,"geo_enabled":true,"lang":null,"contributors_enabled":false,"is_translator":false,"profile_background_color":"C0DEED","profile_background_image_url":"http:\/\/abs.twimg.com\/images\/themes\/theme1\/bg.png","profile_background_image_url_https":"https:\/\/abs.twimg.com\/images\/themes\/theme1\/bg.png","profile_background_tile":false,"profile_link_color":"0084B4","profile_sidebar_border_color":"C0DEED","profile_sidebar_fill_color":"DDEEF6","profile_text_color":"333333","profile_use_background_image":true,"profile_image_url":"http:\/\/pbs.twimg.com\/profile_images\/1200670778712350720\/6TFjuzNs_normal.jpg","profile_image_url_https":"https:\/\/pbs.twimg.com\/profile_images\/1200670778712350720\/6TFjuzNs_normal.jpg","profile_banner_url":"https:\/\/pbs.twimg.com\/profile_banners\/197611120\/1557888057","default_profile":false,"default_profile_image":false,"following":null,"follow_request_sent":null,"notifications":null},"geo":null,"coordinates":null,"place":null,"contributors":null,"is_quote_status":false,"quote_count":1546,"reply_count":181,"retweet_count":15275,"favorite_count":38195,"entities":{"hashtags":[],"urls":[],"user_mentions":[],"symbols":[]},"favorited":false,"retweeted":false,"filter_level":"low","lang":"en"},"is_quote_status":false,"quote_count":0,"reply_count":0,"retweet_count":0,"favorite_count":0,"entities":{"hashtags":[],"urls":[],"user_mentions":[{"screen_name":"Mzbabybytch011","name":"HisFavOriteDrug\ud83d\udc95\ud83d\udc95\ud83d\udc95","id":197611120,"id_str":"197611120","indices":[3,18]}],"symbols":[]},"favorited":false,"retweeted":false,"filter_level":"low","lang":"en","timestamp_ms":"1586538233666"}
