{"created_at":"Fri Apr 10 17:03:48 +0000 2020","id":1248657949096017923,"id_str":"1248657949096017923","text":"@ny19831218 \u3054\u5fdc\u52df\u3042\u308a\u304c\u3068\u3046\u3054\u3056\u3044\u307e\u3057\u305f\uff01 \n\u62bd\u9078\u7d50\u679c\u306f\u52d5\u753b\u3092\u30c1\u30a7\u30c3\u30af\uff01\n\n\u4eca\u306a\u3089\u5e97\u982d\u3067\u30dd\u30b1\u30c1\u30ad\uff11\u500b\u5897\u91cf\u4e2d\uff01\nhttps:\/\/t.co\/IVLEVHqMVu https:\/\/t.co\/wiH171pmCm","display_text_range":[12,84],"source":"\u003ca href=\"http:\/\/bc.uniquevision.co.jp\/\" rel=\"nofollow\"\u003eBelugaCampaignSEA\u003c\/a\u003e","truncated":false,"in_reply_to_status_id":1248657945375592449,"in_reply_to_status_id_str":"1248657945375592449","in_reply_to_user_id":978174014655877120,"in_reply_to_user_id_str":"978174014655877120","in_reply_to_screen_name":"ny19831218","user":{"id":1235390933228609538,"id_str":"1235390933228609538","name":"\u30d5\u30a1\u30df\u30ea\u30fc\u30de\u30fc\u30c8\u516c\u5f0f\u8fd4\u4fe1\u7528\u30a2\u30ab\u30a6\u30f3\u30c8","screen_name":"famima_reply","location":null,"url":"https:\/\/twitter.com\/FamimaReply","description":"\u30b3\u30f3\u30d3\u30cb\u30a8\u30f3\u30b9\u30b9\u30c8\u30a2\u3000\u30d5\u30a1\u30df\u30ea\u30fc\u30de\u30fc\u30c8\u516c\u5f0f\u30c4\u30a4\u30c3\u30bf\u30fc\u30ad\u30e3\u30f3\u30da\u30fc\u30f3\u8fd4\u4fe1\u7528\u30a2\u30ab\u30a6\u30f3\u30c8\u3067\u3059\u3002\n\u3053\u3061\u3089\u306e\u30a2\u30ab\u30a6\u30f3\u30c8\u3067\u306f\u304a\u554f\u5408\u305b\u7b49\u8fd4\u4fe1\u306e\u5bfe\u5fdc\u3092\u3057\u3066\u304a\u308a\u307e\u305b\u3093\u3002\n\u2606\u5e97\u8217\u3001\u5546\u54c1\u306b\u95a2\u3059\u308b\u304a\u554f\u3044\u5408\u308f\u305b\u306f\u4e0b\u8a18\u306e\u7a93\u53e3\u3078\u304a\u9858\u3044\u3057\u307e\u3059\u3002https:\/\/www.family.co.jp\/other\/faq.html","translator_type":"none","protected":false,"verified":true,"followers_count":8368,"friends_count":0,"listed_count":3,"favourites_count":0,"statuses_count":2042039,"created_at":"Thu Mar 05 02:27:28 +0000 2020","utc_offset":null,"time_zone":null,"geo_enabled":false,"lang":null,"contributors_enabled":false,"is_translator":false,"profile_background_color":"F5F8FA","profile_background_image_url":"","profile_background_image_url_https":"","profile_background_tile":false,"profile_link_color":"1DA1F2","profile_sidebar_border_color":"C0DEED","profile_sidebar_fill_color":"DDEEF6","profile_text_color":"333333","profile_use_background_image":true,"profile_image_url":"http:\/\/pbs.twimg.com\/profile_images\/1236953251200696320\/s9L9VwwX_normal.jpg","profile_image_url_https":"https:\/\/pbs.twimg.com\/profile_images\/1236953251200696320\/s9L9VwwX_normal.jpg","profile_banner_url":"https:\/\/pbs.twimg.com\/profile_banners\/1235390933228609538\/1583748013","default_profile":true,"default_profile_image":false,"following":null,"follow_request_sent":null,"notifications":null},"geo":null,"coordinates":null,"place":null,"contributors":null,"is_quote_status":false,"quote_count":0,"reply_count":0,"retweet_count":0,"favorite_count":0,"entities":{"hashtags":[],"urls":[{"url":"https:\/\/t.co\/IVLEVHqMVu","expanded_url":"https:\/\/www.family.co.jp\/campaign\/spot\/2004_pokechiki_twcp.html?utm_source=twitter&utm_medium=promotweet&utm_campaign=20200408_pokechiki_hazure_reply&ts=20200411020348","display_url":"family.co.jp\/campaign\/spot\/\u2026","indices":[61,84]}],"user_mentions":[{"screen_name":"ny19831218","name":"\u4f38\u9686","id":978174014655877120,"id_str":"978174014655877120","indices":[0,11]}],"symbols":[],"media":[{"id":1245158996807475202,"id_str":"1245158996807475202","indices":[85,108],"additional_media_info":{"monetizable":false},"media_url":"http:\/\/pbs.twimg.com\/ext_tw_video_thumb\/1245158996807475202\/pu\/img\/ma3dXVzakPvd-Uai.jpg","media_url_https":"https:\/\/pbs.twimg.com\/ext_tw_video_thumb\/1245158996807475202\/pu\/img\/ma3dXVzakPvd-Uai.jpg","url":"https:\/\/t.co\/wiH171pmCm","display_url":"pic.twitter.com\/wiH171pmCm","expanded_url":"https:\/\/twitter.com\/famima_reply\/status\/1248657949096017923\/video\/1","type":"photo","sizes":{"thumb":{"w":150,"h":150,"resize":"crop"},"small":{"w":680,"h":355,"resize":"fit"},"medium":{"w":800,"h":418,"resize":"fit"},"large":{"w":800,"h":418,"resize":"fit"}}}]},"extended_entities":{"media":[{"id":1245158996807475202,"id_str":"1245158996807475202","indices":[85,108],"additional_media_info":{"monetizable":false},"media_url":"http:\/\/pbs.twimg.com\/ext_tw_video_thumb\/1245158996807475202\/pu\/img\/ma3dXVzakPvd-Uai.jpg","media_url_https":"https:\/\/pbs.twimg.com\/ext_tw_video_thumb\/1245158996807475202\/pu\/img\/ma3dXVzakPvd-Uai.jpg","url":"https:\/\/t.co\/wiH171pmCm","display_url":"pic.twitter.com\/wiH171pmCm","expanded_url":"https:\/\/twitter.com\/famima_reply\/status\/1248657949096017923\/video\/1","type":"video","video_info":{"aspect_ratio":[400,209],"duration_millis":11000,"variants":[{"bitrate":832000,"content_type":"video\/mp4","url":"https:\/\/video.twimg.com\/ext_tw_video\/1245158996807475202\/pu\/vid\/800x418\/_t8p8t3zDfzXZ6Br.mp4?tag=10"},{"content_type":"application\/x-mpegURL","url":"https:\/\/video.twimg.com\/ext_tw_video\/1245158996807475202\/pu\/pl\/ge9qQIph2QkywI7b.m3u8?tag=10"},{"bitrate":256000,"content_type":"video\/mp4","url":"https:\/\/video.twimg.com\/ext_tw_video\/1245158996807475202\/pu\/vid\/516x270\/kBBFTirJQYNZtT_V.mp4?tag=10"}]},"sizes":{"thumb":{"w":150,"h":150,"resize":"crop"},"small":{"w":680,"h":355,"resize":"fit"},"medium":{"w":800,"h":418,"resize":"fit"},"large":{"w":800,"h":418,"resize":"fit"}}}]},"favorited":false,"retweeted":false,"possibly_sensitive":false,"filter_level":"low","lang":"ja","timestamp_ms":"1586538228664"}
