{"created_at":"Fri Apr 10 17:03:54 +0000 2020","id":1248657974232526850,"id_str":"1248657974232526850","text":"RT @LANACION: Jonatan Viale: \"La Argentina castiga a los emprendedores y premia a los delincuentes\" https:\/\/t.co\/D3OXSmlr13 https:\/\/t.co\/z3\u2026","source":"\u003ca href=\"http:\/\/twitter.com\/download\/iphone\" rel=\"nofollow\"\u003eTwitter for iPhone\u003c\/a\u003e","truncated":false,"in_reply_to_status_id":null,"in_reply_to_status_id_str":null,"in_reply_to_user_id":null,"in_reply_to_user_id_str":null,"in_reply_to_screen_name":null,"user":{"id":4351468756,"id_str":"4351468756","name":"Susan Su","screen_name":"SusanBarb29","location":"Argentina","url":null,"description":"\ud83c\udde6\ud83c\uddf7","translator_type":"none","protected":false,"verified":false,"followers_count":446,"friends_count":1076,"listed_count":0,"favourites_count":22257,"statuses_count":7436,"created_at":"Wed Dec 02 14:31:57 +0000 2015","utc_offset":null,"time_zone":null,"geo_enabled":false,"lang":null,"contributors_enabled":false,"is_translator":false,"profile_background_color":"000000","profile_background_image_url":"http:\/\/abs.twimg.com\/images\/themes\/theme1\/bg.png","profile_background_image_url_https":"https:\/\/abs.twimg.com\/images\/themes\/theme1\/bg.png","profile_background_tile":false,"profile_link_color":"3B94D9","profile_sidebar_border_color":"000000","profile_sidebar_fill_color":"000000","profile_text_color":"000000","profile_use_background_image":false,"profile_image_url":"http:\/\/pbs.twimg.com\/profile_images\/1173653662419378178\/-YOAmcaV_normal.jpg","profile_image_url_https":"https:\/\/pbs.twimg.com\/profile_images\/1173653662419378178\/-YOAmcaV_normal.jpg","profile_banner_url":"https:\/\/pbs.twimg.com\/profile_banners\/4351468756\/1492835208","default_profile":false,"default_profile_image":false,"following":null,"follow_request_sent":null,"notifications":null},"geo":null,"coordinates":null,"place":null,"contributors":null,"retweeted_status":{"created_at":"Thu Apr 09 21:38:02 +0000 2020","id":1248364574710980608,"id_str":"1248364574710980608","text":"Jonatan Viale: \"La Argentina castiga a los emprendedores y premia a los delincuentes\" https:\/\/t.co\/D3OXSmlr13 https:\/\/t.co\/z33owjNmw6","display_text_range":[0,109],"source":"\u003ca href=\"https:\/\/dlvrit.com\/\" rel=\"nofollow\"\u003edlvr.it\u003c\/a\u003e","truncated":false,"in_reply_to_status_id":null,"in_reply_to_status_id_str":null,"in_reply_to_user_id":null,"in_reply_to_user_id_str":null,"in_reply_to_screen_name":null,"user":{"id":33989170,"id_str":"33989170","name":"LA NACION","screen_name":"LANACION","location":"Argentina","url":"http:\/\/www.lanacion.com.ar","description":"Noticias de LA NACION. Informaci\u00f3n confiable y los mejores an\u00e1lisis de la realidad.","translator_type":"none","protected":false,"verified":true,"followers_count":3386601,"friends_count":229,"listed_count":10702,"favourites_count":23,"statuses_count":341546,"created_at":"Tue Apr 21 18:21:44 +0000 2009","utc_offset":null,"time_zone":null,"geo_enabled":false,"lang":null,"contributors_enabled":false,"is_translator":false,"profile_background_color":"E8E8E8","profile_background_image_url":"http:\/\/abs.twimg.com\/images\/themes\/theme1\/bg.png","profile_background_image_url_https":"https:\/\/abs.twimg.com\/images\/themes\/theme1\/bg.png","profile_background_tile":true,"profile_link_color":"0084B4","profile_sidebar_border_color":"FFFFFF","profile_sidebar_fill_color":"D7D7D7","profile_text_color":"000000","profile_use_background_image":true,"profile_image_url":"http:\/\/pbs.twimg.com\/profile_images\/1156955281588461569\/3KWGS39P_normal.png","profile_image_url_https":"https:\/\/pbs.twimg.com\/profile_images\/1156955281588461569\/3KWGS39P_normal.png","profile_banner_url":"https:\/\/pbs.twimg.com\/profile_banners\/33989170\/1564780163","default_profile":false,"default_profile_image":false,"following":null,"follow_request_sent":null,"notifications":null},"geo":null,"coordinates":null,"place":null,"contributors":null,"is_quote_status":false,"quote_count":295,"reply_count":936,"retweet_count":3224,"favorite_count":10569,"entities":{"hashtags":[],"urls":[{"url":"https:\/\/t.co\/D3OXSmlr13","expanded_url":"http:\/\/dlvr.it\/RTVT1z","display_url":"dlvr.it\/RTVT1z","indices":[86,109]}],"user_mentions":[],"symbols":[],"media":[{"id":1248364573050064896,"id_str":"1248364573050064896","indices":[110,133],"media_url":"http:\/\/pbs.twimg.com\/media\/EVMU9w7U0AAzO7h.jpg","media_url_https":"https:\/\/pbs.twimg.com\/media\/EVMU9w7U0AAzO7h.jpg","url":"https:\/\/t.co\/z33owjNmw6","display_url":"pic.twitter.com\/z33owjNmw6","expanded_url":"https:\/\/twitter.com\/LANACION\/status\/1248364574710980608\/photo\/1","type":"photo","sizes":{"large":{"w":1033,"h":688,"resize":"fit"},"thumb":{"w":150,"h":150,"resize":"crop"},"medium":{"w":1033,"h":688,"resize":"fit"},"small":{"w":680,"h":453,"resize":"fit"}}}]},"extended_entities":{"media":[{"id":1248364573050064896,"id_str":"1248364573050064896","indices":[110,133],"media_url":"http:\/\/pbs.twimg.com\/media\/EVMU9w7U0AAzO7h.jpg","media_url_https":"https:\/\/pbs.twimg.com\/media\/EVMU9w7U0AAzO7h.jpg","url":"https:\/\/t.co\/z33owjNmw6","display_url":"pic.twitter.com\/z33owjNmw6","expanded_url":"https:\/\/twitter.com\/LANACION\/status\/1248364574710980608\/photo\/1","type":"photo","sizes":{"large":{"w":1033,"h":688,"resize":"fit"},"thumb":{"w":150,"h":150,"resize":"crop"},"medium":{"w":1033,"h":688,"resize":"fit"},"small":{"w":680,"h":453,"resize":"fit"}}}]},"favorited":false,"retweeted":false,"possibly_sensitive":false,"filter_level":"low","lang":"es"},"is_quote_status":false,"quote_count":0,"reply_count":0,"retweet_count":0,"favorite_count":0,"entities":{"hashtags":[],"urls":[{"url":"https:\/\/t.co\/D3OXSmlr13","expanded_url":"http:\/\/dlvr.it\/RTVT1z","display_url":"dlvr.it\/RTVT1z","indices":[100,123]}],"user_mentions":[{"screen_name":"LANACION","name":"LA NACION","id":33989170,"id_str":"33989170","indices":[3,12]}],"symbols":[]},"favorited":false,"retweeted":false,"possibly_sensitive":false,"filter_level":"low","lang":"es","timestamp_ms":"1586538234657"}
