{"created_at":"Fri Apr 10 17:03:53 +0000 2020","id":1248657970067456001,"id_str":"1248657970067456001","text":"RT @dagdigdugahah: Fresh From The Room\nLiat Expressinya yg udah lama banget katanya rindu di masukin meriam gw..\nCoba tebak dia siapa ??\nKa\u2026","source":"\u003ca href=\"http:\/\/twitter.com\/download\/android\" rel=\"nofollow\"\u003eTwitter for Android\u003c\/a\u003e","truncated":false,"in_reply_to_status_id":null,"in_reply_to_status_id_str":null,"in_reply_to_user_id":null,"in_reply_to_user_id_str":null,"in_reply_to_screen_name":null,"user":{"id":1191717827595493379,"id_str":"1191717827595493379","name":"Siriphong","screen_name":"Siripho44568522","location":null,"url":null,"description":"\u0e0a\u0e2d\u0e1a\u0e2a\u0e32\u0e27\u0e41\u0e01\u0e48\u0e23\u0e38\u0e48\u0e19\u0e43\u0e2b\u0e0d\u0e48\u0e23\u0e38\u0e48\u0e19\u0e41\u0e21\u0e48","translator_type":"none","protected":false,"verified":false,"followers_count":92,"friends_count":627,"listed_count":0,"favourites_count":8556,"statuses_count":5488,"created_at":"Tue Nov 05 14:04:28 +0000 2019","utc_offset":null,"time_zone":null,"geo_enabled":false,"lang":null,"contributors_enabled":false,"is_translator":false,"profile_background_color":"F5F8FA","profile_background_image_url":"","profile_background_image_url_https":"","profile_background_tile":false,"profile_link_color":"1DA1F2","profile_sidebar_border_color":"C0DEED","profile_sidebar_fill_color":"DDEEF6","profile_text_color":"333333","profile_use_background_image":true,"profile_image_url":"http:\/\/pbs.twimg.com\/profile_images\/1243410831582171140\/3AeHF24v_normal.jpg","profile_image_url_https":"https:\/\/pbs.twimg.com\/profile_images\/1243410831582171140\/3AeHF24v_normal.jpg","default_profile":true,"default_profile_image":false,"following":null,"follow_request_sent":null,"notifications":null},"geo":null,"coordinates":null,"place":null,"contributors":null,"retweeted_status":{"created_at":"Wed Jun 12 10:16:03 +0000 2019","id":1138751809764204544,"id_str":"1138751809764204544","text":"Fresh From The Room\nLiat Expressinya yg udah lama banget katanya rindu di masukin meriam gw..\nCoba tebak dia siapa\u2026 https:\/\/t.co\/zdqgLkrwUm","display_text_range":[0,140],"source":"\u003ca href=\"http:\/\/twitter.com\/download\/iphone\" rel=\"nofollow\"\u003eTwitter for iPhone\u003c\/a\u003e","truncated":true,"in_reply_to_status_id":null,"in_reply_to_status_id_str":null,"in_reply_to_user_id":null,"in_reply_to_user_id_str":null,"in_reply_to_screen_name":null,"user":{"id":975015012099022848,"id_str":"975015012099022848","name":"No Name","screen_name":"dagdigdugahah","location":"Indonesia","url":null,"description":"Saya LAKI-LAKI (I Am Man), Gak Usah Banyak Bacot Penikmat Gratisan (Enjoy My Short Video)","translator_type":"none","protected":false,"verified":false,"followers_count":118857,"friends_count":355,"listed_count":306,"favourites_count":2,"statuses_count":203,"created_at":"Sat Mar 17 14:24:28 +0000 2018","utc_offset":null,"time_zone":null,"geo_enabled":true,"lang":null,"contributors_enabled":false,"is_translator":false,"profile_background_color":"F5F8FA","profile_background_image_url":"","profile_background_image_url_https":"","profile_background_tile":false,"profile_link_color":"1DA1F2","profile_sidebar_border_color":"C0DEED","profile_sidebar_fill_color":"DDEEF6","profile_text_color":"333333","profile_use_background_image":true,"profile_image_url":"http:\/\/pbs.twimg.com\/profile_images\/988380142685765633\/y5G6qEPi_normal.jpg","profile_image_url_https":"https:\/\/pbs.twimg.com\/profile_images\/988380142685765633\/y5G6qEPi_normal.jpg","default_profile":true,"default_profile_image":false,"following":null,"follow_request_sent":null,"notifications":null},"geo":null,"coordinates":null,"place":null,"contributors":null,"is_quote_status":false,"extended_tweet":{"full_text":"Fresh From The Room\nLiat Expressinya yg udah lama banget katanya rindu di masukin meriam gw..\nCoba tebak dia siapa ??\nKarena udah pernah gw upload dulu.. https:\/\/t.co\/xhmh5wfmUi","display_text_range":[0,153],"entities":{"hashtags":[],"urls":[],"user_mentions":[],"symbols":[],"media":[{"id":1138751682643316738,"id_str":"1138751682643316738","indices":[154,177],"additional_media_info":{"monetizable":false},"media_url":"http:\/\/pbs.twimg.com\/ext_tw_video_thumb\/1138751682643316738\/pu\/img\/9LNEdkx-uctsoknn.jpg","media_url_https":"https:\/\/pbs.twimg.com\/ext_tw_video_thumb\/1138751682643316738\/pu\/img\/9LNEdkx-uctsoknn.jpg","url":"https:\/\/t.co\/xhmh5wfmUi","display_url":"pic.twitter.com\/xhmh5wfmUi","expanded_url":"https:\/\/twitter.com\/dagdigdugahah\/status\/1138751809764204544\/video\/1","type":"video","video_info":{"aspect_ratio":[9,16],"duration_millis":42500,"variants":[{"bitrate":832000,"content_type":"video\/mp4","url":"https:\/\/video.twimg.com\/ext_tw_video\/1138751682643316738\/pu\/vid\/360x640\/P7hQqo1Zpra1D8yO.mp4?tag=10"},{"content_type":"application\/x-mpegURL","url":"https:\/\/video.twimg.com\/ext_tw_video\/1138751682643316738\/pu\/pl\/hPbKILX06A_6m3VI.m3u8?tag=10"},{"bitrate":632000,"content_type":"video\/mp4","url":"https:\/\/video.twimg.com\/ext_tw_video\/1138751682643316738\/pu\/vid\/320x568\/sowkqLU-bl1_F5t-.mp4?tag=10"},{"bitrate":2176000,"content_type":"video\/mp4","url":"https:\/\/video.twimg.com\/ext_tw_video\/1138751682643316738\/pu\/vid\/720x1280\/qDNZVpZWiSmoPDYc.mp4?tag=10"}]},"sizes":{"thumb":{"w":150,"h":150,"resize":"crop"},"small":{"w":383,"h":680,"resize":"fit"},"large":{"w":720,"h":1280,"resize":"fit"},"medium":{"w":675,"h":1200,"resize":"fit"}}}]},"extended_entities":{"media":[{"id":1138751682643316738,"id_str":"1138751682643316738","indices":[154,177],"additional_media_info":{"monetizable":false},"media_url":"http:\/\/pbs.twimg.com\/ext_tw_video_thumb\/1138751682643316738\/pu\/img\/9LNEdkx-uctsoknn.jpg","media_url_https":"https:\/\/pbs.twimg.com\/ext_tw_video_thumb\/1138751682643316738\/pu\/img\/9LNEdkx-uctsoknn.jpg","url":"https:\/\/t.co\/xhmh5wfmUi","display_url":"pic.twitter.com\/xhmh5wfmUi","expanded_url":"https:\/\/twitter.com\/dagdigdugahah\/status\/1138751809764204544\/video\/1","type":"video","video_info":{"aspect_ratio":[9,16],"duration_millis":42500,"variants":[{"bitrate":832000,"content_type":"video\/mp4","url":"https:\/\/video.twimg.com\/ext_tw_video\/1138751682643316738\/pu\/vid\/360x640\/P7hQqo1Zpra1D8yO.mp4?tag=10"},{"content_type":"application\/x-mpegURL","url":"https:\/\/video.twimg.com\/ext_tw_video\/1138751682643316738\/pu\/pl\/hPbKILX06A_6m3VI.m3u8?tag=10"},{"bitrate":632000,"content_type":"video\/mp4","url":"https:\/\/video.twimg.com\/ext_tw_video\/1138751682643316738\/pu\/vid\/320x568\/sowkqLU-bl1_F5t-.mp4?tag=10"},{"bitrate":2176000,"content_type":"video\/mp4","url":"https:\/\/video.twimg.com\/ext_tw_video\/1138751682643316738\/pu\/vid\/720x1280\/qDNZVpZWiSmoPDYc.mp4?tag=10"}]},"sizes":{"thumb":{"w":150,"h":150,"resize":"crop"},"small":{"w":383,"h":680,"resize":"fit"},"large":{"w":720,"h":1280,"resize":"fit"},"medium":{"w":675,"h":1200,"resize":"fit"}}}]}},"quote_count":19,"reply_count":67,"retweet_count":2846,"favorite_count":4710,"entities":{"hashtags":[],"urls":[{"url":"https:\/\/t.co\/zdqgLkrwUm","expanded_url":"https:\/\/twitter.com\/i\/web\/status\/1138751809764204544","display_url":"twitter.com\/i\/web\/status\/1\u2026","indices":[116,139]}],"user_mentions":[],"symbols":[]},"favorited":false,"retweeted":false,"possibly_sensitive":true,"filter_level":"low","lang":"in"},"is_quote_status":false,"quote_count":0,"reply_count":0,"retweet_count":0,"favorite_count":0,"entities":{"hashtags":[],"urls":[],"user_mentions":[{"screen_name":"dagdigdugahah","name":"No Name","id":975015012099022848,"id_str":"975015012099022848","indices":[3,17]}],"symbols":[]},"favorited":false,"retweeted":false,"filter_level":"low","lang":"in","timestamp_ms":"1586538233664"}
