{"created_at":"Fri Apr 10 17:03:49 +0000 2020","id":1248657953269387267,"id_str":"1248657953269387267","text":"( \u0647\u0630\u0627 \u0627\u0644\u0645\u0633\u062a\u062e\u062f\u0645 \u0635\u0627\u0641\u0639\u062a\u0647 \u0627\u0644\u062d\u064a\u0627\u0647 \u0635\u062d )","source":"\u003ca href=\"https:\/\/mobile.twitter.com\" rel=\"nofollow\"\u003eTwitter Web App\u003c\/a\u003e","truncated":false,"in_reply_to_status_id":null,"in_reply_to_status_id_str":null,"in_reply_to_user_id":null,"in_reply_to_user_id_str":null,"in_reply_to_screen_name":null,"user":{"id":1246076868341555200,"id_str":"1246076868341555200","name":"\u27b0","screen_name":"hvv21","location":null,"url":null,"description":null,"translator_type":"none","protected":false,"verified":false,"followers_count":337,"friends_count":308,"listed_count":0,"favourites_count":1127,"statuses_count":270,"created_at":"Fri Apr 03 14:07:42 +0000 2020","utc_offset":null,"time_zone":null,"geo_enabled":false,"lang":null,"contributors_enabled":false,"is_translator":false,"profile_background_color":"F5F8FA","profile_background_image_url":"","profile_background_image_url_https":"","profile_background_tile":false,"profile_link_color":"1DA1F2","profile_sidebar_border_color":"C0DEED","profile_sidebar_fill_color":"DDEEF6","profile_text_color":"333333","profile_use_background_image":true,"profile_image_url":"http:\/\/pbs.twimg.com\/profile_images\/1248530302504321024\/Dktf77kw_normal.jpg","profile_image_url_https":"https:\/\/pbs.twimg.com\/profile_images\/1248530302504321024\/Dktf77kw_normal.jpg","profile_banner_url":"https:\/\/pbs.twimg.com\/profile_banners\/1246076868341555200\/1586418093","default_profile":true,"default_profile_image":false,"following":null,"follow_request_sent":null,"notifications":null},"geo":null,"coordinates":null,"place":null,"contributors":null,"is_quote_status":false,"quote_count":0,"reply_count":0,"retweet_count":0,"favorite_count":0,"entities":{"hashtags":[],"urls":[],"user_mentions":[],"symbols":[]},"favorited":false,"retweeted":false,"filter_level":"low","lang":"ar","timestamp_ms":"1586538229659"}
