{"created_at":"Fri Apr 10 17:03:51 +0000 2020","id":1248657961687400449,"id_str":"1248657961687400449","text":"RT @frhnhsin: Day 2: Worked on authentication, basic flow done powered by @Firebase. Need to do some UI tweaks and make some new components\u2026","source":"\u003ca href=\"https:\/\/twitter.com\/@100DaysOfCode_\" rel=\"nofollow\"\u003e@100DaysOfCode_\u003c\/a\u003e","truncated":false,"in_reply_to_status_id":null,"in_reply_to_status_id_str":null,"in_reply_to_user_id":null,"in_reply_to_user_id_str":null,"in_reply_to_screen_name":null,"user":{"id":1000814755664150528,"id_str":"1000814755664150528","name":"\ud83e\udd16 #100DaysOfCode \ud83c\udf89","screen_name":"100xcode","location":"Hosted on GCP","url":"https:\/\/git.io\/Jvb24","description":"I retweet your progress as you are learning how to code \ud83d\ude0e\n\nCheck out https:\/\/t.co\/quTEhK1vY8 for open source icons!\n\nFollow @username_ZAYDEK (maker) for more web dev \u2728","translator_type":"none","protected":false,"verified":false,"followers_count":10303,"friends_count":10906,"listed_count":78,"favourites_count":246411,"statuses_count":319353,"created_at":"Sun May 27 19:03:26 +0000 2018","utc_offset":null,"time_zone":null,"geo_enabled":false,"lang":null,"contributors_enabled":false,"is_translator":false,"profile_background_color":"000000","profile_background_image_url":"http:\/\/abs.twimg.com\/images\/themes\/theme1\/bg.png","profile_background_image_url_https":"https:\/\/abs.twimg.com\/images\/themes\/theme1\/bg.png","profile_background_tile":false,"profile_link_color":"19CF86","profile_sidebar_border_color":"000000","profile_sidebar_fill_color":"000000","profile_text_color":"000000","profile_use_background_image":false,"profile_image_url":"http:\/\/pbs.twimg.com\/profile_images\/1243649090048663552\/HVlhkgCM_normal.jpg","profile_image_url_https":"https:\/\/pbs.twimg.com\/profile_images\/1243649090048663552\/HVlhkgCM_normal.jpg","profile_banner_url":"https:\/\/pbs.twimg.com\/profile_banners\/1000814755664150528\/1585158484","default_profile":false,"default_profile_image":false,"following":null,"follow_request_sent":null,"notifications":null},"geo":null,"coordinates":null,"place":null,"contributors":null,"retweeted_status":{"created_at":"Fri Apr 10 17:03:46 +0000 2020","id":1248657939558096896,"id_str":"1248657939558096896","text":"Day 2: Worked on authentication, basic flow done powered by @Firebase. Need to do some UI tweaks and make some new\u2026 https:\/\/t.co\/iKj4q7eYTN","source":"\u003ca href=\"http:\/\/twitter.com\/download\/android\" rel=\"nofollow\"\u003eTwitter for Android\u003c\/a\u003e","truncated":true,"in_reply_to_status_id":null,"in_reply_to_status_id_str":null,"in_reply_to_user_id":null,"in_reply_to_user_id_str":null,"in_reply_to_screen_name":null,"user":{"id":1245973206982258692,"id_str":"1245973206982258692","name":"Farhan Hasin Chowdhury","screen_name":"frhnhsin","location":"Dhaka, Bangladesh","url":"https:\/\/www.farhan.info\/","description":"Transpiling dreams, one statement at a time \ud83d\udc68\ud83c\udffb\u200d\ud83d\udcbb","translator_type":"none","protected":false,"verified":false,"followers_count":5,"friends_count":28,"listed_count":0,"favourites_count":52,"statuses_count":17,"created_at":"Fri Apr 03 07:15:49 +0000 2020","utc_offset":null,"time_zone":null,"geo_enabled":false,"lang":null,"contributors_enabled":false,"is_translator":false,"profile_background_color":"F5F8FA","profile_background_image_url":"","profile_background_image_url_https":"","profile_background_tile":false,"profile_link_color":"1DA1F2","profile_sidebar_border_color":"C0DEED","profile_sidebar_fill_color":"DDEEF6","profile_text_color":"333333","profile_use_background_image":true,"profile_image_url":"http:\/\/pbs.twimg.com\/profile_images\/1245975065960648704\/JDOd-uwI_normal.jpg","profile_image_url_https":"https:\/\/pbs.twimg.com\/profile_images\/1245975065960648704\/JDOd-uwI_normal.jpg","profile_banner_url":"https:\/\/pbs.twimg.com\/profile_banners\/1245973206982258692\/1585898791","default_profile":true,"default_profile_image":false,"following":null,"follow_request_sent":null,"notifications":null},"geo":null,"coordinates":null,"place":null,"contributors":null,"is_quote_status":false,"extended_tweet":{"full_text":"Day 2: Worked on authentication, basic flow done powered by @Firebase. Need to do some UI tweaks and make some new components for making the process smoother. Code lives in the \"devel\" branch. Hoping to do a deployment tomorrow. #100DaysOfCode\nhttps:\/\/t.co\/jMrZpfxu66","display_text_range":[0,267],"entities":{"hashtags":[{"text":"100DaysOfCode","indices":[229,243]}],"urls":[{"url":"https:\/\/t.co\/jMrZpfxu66","expanded_url":"https:\/\/github.com\/fhsinchy\/pubmarks","display_url":"github.com\/fhsinchy\/pubma\u2026","indices":[244,267]}],"user_mentions":[{"screen_name":"Firebase","name":"Firebase","id":447644824,"id_str":"447644824","indices":[60,69]}],"symbols":[]}},"quote_count":0,"reply_count":0,"retweet_count":1,"favorite_count":0,"entities":{"hashtags":[],"urls":[{"url":"https:\/\/t.co\/iKj4q7eYTN","expanded_url":"https:\/\/twitter.com\/i\/web\/status\/1248657939558096896","display_url":"twitter.com\/i\/web\/status\/1\u2026","indices":[116,139]}],"user_mentions":[{"screen_name":"Firebase","name":"Firebase","id":447644824,"id_str":"447644824","indices":[60,69]}],"symbols":[]},"favorited":false,"retweeted":false,"possibly_sensitive":false,"filter_level":"low","lang":"en"},"is_quote_status":false,"quote_count":0,"reply_count":0,"retweet_count":0,"favorite_count":0,"entities":{"hashtags":[],"urls":[],"user_mentions":[{"screen_name":"frhnhsin","name":"Farhan Hasin Chowdhury","id":1245973206982258692,"id_str":"1245973206982258692","indices":[3,12]},{"screen_name":"Firebase","name":"Firebase","id":447644824,"id_str":"447644824","indices":[74,83]}],"symbols":[]},"favorited":false,"retweeted":false,"filter_level":"low","lang":"en","timestamp_ms":"1586538231666"}
