{"created_at":"Fri Apr 10 17:03:52 +0000 2020","id":1248657965881667585,"id_str":"1248657965881667585","text":"Matchup #2. Who will it be \ud83d\udc40","source":"\u003ca href=\"http:\/\/twitter.com\/download\/iphone\" rel=\"nofollow\"\u003eTwitter for iPhone\u003c\/a\u003e","truncated":false,"in_reply_to_status_id":1248657251012939776,"in_reply_to_status_id_str":"1248657251012939776","in_reply_to_user_id":290145830,"in_reply_to_user_id_str":"290145830","in_reply_to_screen_name":"Max_B_Shepherd","user":{"id":290145830,"id_str":"290145830","name":"Maximillion","screen_name":"Max_B_Shepherd","location":"Essex","url":null,"description":"24. Casual gamer. Miami Heat fan. IG: https:\/\/www.instagram.com\/_maximus95_\/","translator_type":"none","protected":false,"verified":false,"followers_count":650,"friends_count":152,"listed_count":3,"favourites_count":3920,"statuses_count":31302,"created_at":"Fri Apr 29 20:11:35 +0000 2011","utc_offset":null,"time_zone":null,"geo_enabled":true,"lang":null,"contributors_enabled":false,"is_translator":false,"profile_background_color":"96715B","profile_background_image_url":"http:\/\/abs.twimg.com\/images\/themes\/theme1\/bg.png","profile_background_image_url_https":"https:\/\/abs.twimg.com\/images\/themes\/theme1\/bg.png","profile_background_tile":false,"profile_link_color":"DA100C","profile_sidebar_border_color":"B0D4CE","profile_sidebar_fill_color":"F0E1B2","profile_text_color":"FC6366","profile_use_background_image":true,"profile_image_url":"http:\/\/pbs.twimg.com\/profile_images\/1239644150443773952\/uC_3E6tF_normal.jpg","profile_image_url_https":"https:\/\/pbs.twimg.com\/profile_images\/1239644150443773952\/uC_3E6tF_normal.jpg","profile_banner_url":"https:\/\/pbs.twimg.com\/profile_banners\/290145830\/1569504757","default_profile":false,"default_profile_image":false,"following":null,"follow_request_sent":null,"notifications":null},"geo":null,"coordinates":null,"place":null,"contributors":null,"is_quote_status":false,"quote_count":0,"reply_count":0,"retweet_count":0,"favorite_count":0,"entities":{"hashtags":[],"urls":[],"user_mentions":[],"symbols":[]},"favorited":false,"retweeted":false,"filter_level":"low","lang":"en","timestamp_ms":"1586538232666"}
