{"created_at":"Fri Apr 10 17:03:53 +0000 2020","id":1248657970059194370,"id_str":"1248657970059194370","text":"RT @aDilipak: \u015earap rak\u0131 serbest, sigara serbest, kenevirin bin faydas\u0131 var, bir kusuru, biri g\u00f6z\u00fcne o k\u00f6t\u00fc kullan\u0131m\u0131 yakla\u015ft\u0131r\u0131p, o 1000 g\u2026","source":"\u003ca href=\"http:\/\/twitter.com\/download\/android\" rel=\"nofollow\"\u003eTwitter for Android\u003c\/a\u003e","truncated":false,"in_reply_to_status_id":null,"in_reply_to_status_id_str":null,"in_reply_to_user_id":null,"in_reply_to_user_id_str":null,"in_reply_to_screen_name":null,"user":{"id":768028410,"id_str":"768028410","name":"Boriss","screen_name":"ubakyuz","location":null,"url":null,"description":"\u0130lgin\u00e7 olan her\u015fey i\u00e7in.","translator_type":"regular","protected":false,"verified":false,"followers_count":201,"friends_count":456,"listed_count":0,"favourites_count":5677,"statuses_count":6098,"created_at":"Sun Aug 19 18:44:14 +0000 2012","utc_offset":null,"time_zone":null,"geo_enabled":true,"lang":null,"contributors_enabled":false,"is_translator":false,"profile_background_color":"709397","profile_background_image_url":"http:\/\/abs.twimg.com\/images\/themes\/theme1\/bg.png","profile_background_image_url_https":"https:\/\/abs.twimg.com\/images\/themes\/theme1\/bg.png","profile_background_tile":true,"profile_link_color":"FF3300","profile_sidebar_border_color":"000000","profile_sidebar_fill_color":"DDEEF6","profile_text_color":"333333","profile_use_background_image":true,"profile_image_url":"http:\/\/pbs.twimg.com\/profile_images\/950378671507935232\/4vHgOSWV_normal.jpg","profile_image_url_https":"https:\/\/pbs.twimg.com\/profile_images\/950378671507935232\/4vHgOSWV_normal.jpg","profile_banner_url":"https:\/\/pbs.twimg.com\/profile_banners\/768028410\/1403102244","default_profile":false,"default_profile_image":false,"following":null,"follow_request_sent":null,"notifications":null},"geo":null,"coordinates":null,"place":null,"contributors":null,"retweeted_status":{"created_at":"Fri Apr 10 06:39:25 +0000 2020","id":1248500815624433668,"id_str":"1248500815624433668","text":"\u015earap rak\u0131 serbest, sigara serbest, kenevirin bin faydas\u0131 var, bir kusuru, biri g\u00f6z\u00fcne o k\u00f6t\u00fc kullan\u0131m\u0131 yakla\u015ft\u0131r\u0131p\u2026 https:\/\/t.co\/M7dbkzeeIW","source":"\u003ca href=\"https:\/\/mobile.twitter.com\" rel=\"nofollow\"\u003eTwitter Web App\u003c\/a\u003e","truncated":true,"in_reply_to_status_id":null,"in_reply_to_status_id_str":null,"in_reply_to_user_id":null,"in_reply_to_user_id_str":null,"in_reply_to_screen_name":null,"user":{"id":282510651,"id_str":"282510651","name":"Abdurrahman Dilipak","screen_name":"aDilipak","location":null,"url":"http:\/\/www.dilipak.com","description":"Gazeteci Yazar. YouTube https:\/\/www.youtube.com\/channel\/UCX-btVh09nediCvJ1Fw16QA Facebook http:\/\/Facebook.com\/dilipakabdurrahman","translator_type":"regular","protected":false,"verified":true,"followers_count":712709,"friends_count":1303,"listed_count":1142,"favourites_count":195,"statuses_count":57425,"created_at":"Fri Apr 15 10:30:22 +0000 2011","utc_offset":null,"time_zone":null,"geo_enabled":true,"lang":null,"contributors_enabled":false,"is_translator":false,"profile_background_color":"BADFCD","profile_background_image_url":"http:\/\/abs.twimg.com\/images\/themes\/theme12\/bg.gif","profile_background_image_url_https":"https:\/\/abs.twimg.com\/images\/themes\/theme12\/bg.gif","profile_background_tile":false,"profile_link_color":"FF0000","profile_sidebar_border_color":"F2E195","profile_sidebar_fill_color":"FFF7CC","profile_text_color":"0C3E53","profile_use_background_image":true,"profile_image_url":"http:\/\/pbs.twimg.com\/profile_images\/652509434007019520\/JLN9Fmv7_normal.jpg","profile_image_url_https":"https:\/\/pbs.twimg.com\/profile_images\/652509434007019520\/JLN9Fmv7_normal.jpg","profile_banner_url":"https:\/\/pbs.twimg.com\/profile_banners\/282510651\/1499346828","default_profile":false,"default_profile_image":false,"following":null,"follow_request_sent":null,"notifications":null},"geo":null,"coordinates":null,"place":null,"contributors":null,"is_quote_status":false,"extended_tweet":{"full_text":"\u015earap rak\u0131 serbest, sigara serbest, kenevirin bin faydas\u0131 var, bir kusuru, biri g\u00f6z\u00fcne o k\u00f6t\u00fc kullan\u0131m\u0131 yakla\u015ft\u0131r\u0131p, o 1000 g\u00fczelli\u011fi yok say\u0131yor.","display_text_range":[0,146],"entities":{"hashtags":[],"urls":[],"user_mentions":[],"symbols":[]}},"quote_count":1937,"reply_count":1551,"retweet_count":2292,"favorite_count":14150,"entities":{"hashtags":[],"urls":[{"url":"https:\/\/t.co\/M7dbkzeeIW","expanded_url":"https:\/\/twitter.com\/i\/web\/status\/1248500815624433668","display_url":"twitter.com\/i\/web\/status\/1\u2026","indices":[117,140]}],"user_mentions":[],"symbols":[]},"favorited":false,"retweeted":false,"filter_level":"low","lang":"tr"},"is_quote_status":false,"quote_count":0,"reply_count":0,"retweet_count":0,"favorite_count":0,"entities":{"hashtags":[],"urls":[],"user_mentions":[{"screen_name":"aDilipak","name":"Abdurrahman Dilipak","id":282510651,"id_str":"282510651","indices":[3,12]}],"symbols":[]},"favorited":false,"retweeted":false,"filter_level":"low","lang":"tr","timestamp_ms":"1586538233662"}
