{"created_at":"Fri Apr 10 17:03:55 +0000 2020","id":1248657978447876099,"id_str":"1248657978447876099","text":"@iilo2o \u0627\u064a .","display_text_range":[8,12],"source":"\u003ca href=\"http:\/\/twitter.com\/download\/iphone\" rel=\"nofollow\"\u003eTwitter for iPhone\u003c\/a\u003e","truncated":false,"in_reply_to_status_id":1248594780696776704,"in_reply_to_status_id_str":"1248594780696776704","in_reply_to_user_id":739247905169657857,"in_reply_to_user_id_str":"739247905169657857","in_reply_to_screen_name":"iilo2o","user":{"id":1164451738163830784,"id_str":"1164451738163830784","name":"Nada\ud83c\udf3f","screen_name":"hlxr33","location":"\u062c\u062f\u0629, \u0627\u0644\u0645\u0645\u0644\u0643\u0629 \u0627\u0644\u0639\u0631\u0628\u064a\u0629 \u0627\u0644\u0633\u0639\u0648\u062f\u064a\u0629","url":null,"description":"\"\u0627\u0628\u0646\u0647 \u0644\u0627\u0641\u0636\u0644 \u0627\u0628 \u0641\u064a \u0627\u0644\u0639\u0627\u0644\u0645\"","translator_type":"none","protected":false,"verified":false,"followers_count":3344,"friends_count":2193,"listed_count":3,"favourites_count":53846,"statuses_count":5116,"created_at":"Thu Aug 22 08:19:45 +0000 2019","utc_offset":null,"time_zone":null,"geo_enabled":true,"lang":null,"contributors_enabled":false,"is_translator":false,"profile_background_color":"F5F8FA","profile_background_image_url":"","profile_background_image_url_https":"","profile_background_tile":false,"profile_link_color":"1DA1F2","profile_sidebar_border_color":"C0DEED","profile_sidebar_fill_color":"DDEEF6","profile_text_color":"333333","profile_use_background_image":true,"profile_image_url":"http:\/\/pbs.twimg.com\/profile_images\/1247360836345176066\/i38UIxat_normal.jpg","profile_image_url_https":"https:\/\/pbs.twimg.com\/profile_images\/1247360836345176066\/i38UIxat_normal.jpg","profile_banner_url":"https:\/\/pbs.twimg.com\/profile_banners\/1164451738163830784\/1585509868","default_profile":true,"default_profile_image":false,"following":null,"follow_request_sent":null,"notifications":null},"geo":null,"coordinates":null,"place":null,"contributors":null,"is_quote_status":false,"quote_count":0,"reply_count":0,"retweet_count":0,"favorite_count":0,"entities":{"hashtags":[],"urls":[],"user_mentions":[{"screen_name":"iilo2o","name":"\u064a\u0627\u062e\u064a \u0627\u0646\u0627 \u0648\u0627\u0626\u0644","id":739247905169657857,"id_str":"739247905169657857","indices":[0,7]}],"symbols":[]},"favorited":false,"retweeted":false,"filter_level":"low","lang":"ar","timestamp_ms":"1586538235662"}
