{"created_at":"Fri Apr 10 17:03:57 +0000 2020","id":1248657986832252928,"id_str":"1248657986832252928","text":"@niggameryem Hat\u0131rlam\u0131yorum \u00e7ok oldu okumayali","display_text_range":[13,46],"source":"\u003ca href=\"http:\/\/twitter.com\/download\/android\" rel=\"nofollow\"\u003eTwitter for Android\u003c\/a\u003e","truncated":false,"in_reply_to_status_id":1248644619052765184,"in_reply_to_status_id_str":"1248644619052765184","in_reply_to_user_id":1195110120084135937,"in_reply_to_user_id_str":"1195110120084135937","in_reply_to_screen_name":"niggameryem","user":{"id":1199018204452073474,"id_str":"1199018204452073474","name":"Melisa","screen_name":"Melisaaaaaaaaas","location":"Zirvede","url":"https:\/\/www.instagram.com\/melisaaaaaaaaas\/","description":"Buras\u0131 yak\u0131nda de\u011ferlenecek...\n\nREKLAM VE \u0130LET\u0130\u015e\u0130M \u0130\u00c7\u0130N DM\ud83d\udce8\n\nMENT VEYA RT GRUBU OLAN SORMADAN EKLEYEB\u0130L\u0130R\n\nYEDEK HESAP\ud83d\udd1c@Melisssaaasss","translator_type":"none","protected":false,"verified":false,"followers_count":14506,"friends_count":11380,"listed_count":16,"favourites_count":12207,"statuses_count":12186,"created_at":"Mon Nov 25 17:33:17 +0000 2019","utc_offset":null,"time_zone":null,"geo_enabled":false,"lang":null,"contributors_enabled":false,"is_translator":false,"profile_background_color":"F5F8FA","profile_background_image_url":"","profile_background_image_url_https":"","profile_background_tile":false,"profile_link_color":"1DA1F2","profile_sidebar_border_color":"C0DEED","profile_sidebar_fill_color":"DDEEF6","profile_text_color":"333333","profile_use_background_image":true,"profile_image_url":"http:\/\/pbs.twimg.com\/profile_images\/1212773183163682816\/fEkuyCMm_normal.jpg","profile_image_url_https":"https:\/\/pbs.twimg.com\/profile_images\/1212773183163682816\/fEkuyCMm_normal.jpg","profile_banner_url":"https:\/\/pbs.twimg.com\/profile_banners\/1199018204452073474\/1585590830","default_profile":true,"default_profile_image":false,"following":null,"follow_request_sent":null,"notifications":null},"geo":null,"coordinates":null,"place":null,"contributors":null,"is_quote_status":false,"quote_count":0,"reply_count":0,"retweet_count":0,"favorite_count":0,"entities":{"hashtags":[],"urls":[],"user_mentions":[{"screen_name":"niggameryem","name":"Meryems","id":1195110120084135937,"id_str":"1195110120084135937","indices":[0,12]}],"symbols":[]},"favorited":false,"retweeted":false,"filter_level":"low","lang":"tr","timestamp_ms":"1586538237661"}
