{"created_at":"Fri Apr 10 17:03:55 +0000 2020","id":1248657978451849217,"id_str":"1248657978451849217","text":"LIVE IN FIVE: @TDavenport_NFL\njoins @SteveRussell850 to talk about how the #TitanUp builds on their post-season suc\u2026 https:\/\/t.co\/b8t3XHQEMl","display_text_range":[0,140],"source":"\u003ca href=\"https:\/\/mobile.twitter.com\" rel=\"nofollow\"\u003eTwitter Web App\u003c\/a\u003e","truncated":true,"in_reply_to_status_id":null,"in_reply_to_status_id_str":null,"in_reply_to_user_id":null,"in_reply_to_user_id_str":null,"in_reply_to_screen_name":null,"user":{"id":22845177,"id_str":"22845177","name":"ESPN 98.1\/ 850 WRUF","screen_name":"ESPNGainesville","location":"Gainesville, FL","url":"http:\/\/www.wruf.com","description":"The Flagship for the Florida Gators \ud83d\udc0a Also the Home of the Tampa Bay Lightning,Tampa Bay Rays and the Jacksonville Jaguars #gogators #chompchomp","translator_type":"none","protected":false,"verified":false,"followers_count":5313,"friends_count":301,"listed_count":103,"favourites_count":364,"statuses_count":28870,"created_at":"Wed Mar 04 22:22:14 +0000 2009","utc_offset":null,"time_zone":null,"geo_enabled":true,"lang":null,"contributors_enabled":false,"is_translator":false,"profile_background_color":"9AE4E8","profile_background_image_url":"http:\/\/abs.twimg.com\/images\/themes\/theme1\/bg.png","profile_background_image_url_https":"https:\/\/abs.twimg.com\/images\/themes\/theme1\/bg.png","profile_background_tile":false,"profile_link_color":"3B94D9","profile_sidebar_border_color":"BDDCAD","profile_sidebar_fill_color":"DDFFCC","profile_text_color":"333333","profile_use_background_image":true,"profile_image_url":"http:\/\/pbs.twimg.com\/profile_images\/804033750304751616\/Hxve2-zr_normal.jpg","profile_image_url_https":"https:\/\/pbs.twimg.com\/profile_images\/804033750304751616\/Hxve2-zr_normal.jpg","profile_banner_url":"https:\/\/pbs.twimg.com\/profile_banners\/22845177\/1492112456","default_profile":false,"default_profile_image":false,"following":null,"follow_request_sent":null,"notifications":null},"geo":null,"coordinates":null,"place":null,"contributors":null,"is_quote_status":false,"extended_tweet":{"full_text":"LIVE IN FIVE: @TDavenport_NFL\njoins @SteveRussell850 to talk about how the #TitanUp builds on their post-season success. #NFLDraft https:\/\/t.co\/OqRuMOYsEX","display_text_range":[0,130],"entities":{"hashtags":[{"text":"TitanUp","indices":[75,83]},{"text":"NFLDraft","indices":[121,130]}],"urls":[],"user_mentions":[{"screen_name":"TDavenport_NFL","name":"TURRON DAVENPORT","id":41814795,"id_str":"41814795","indices":[14,29]},{"screen_name":"SteveRussell850","name":"Steve Russell","id":573620712,"id_str":"573620712","indices":[36,52]}],"symbols":[],"media":[{"id":1248657972512714752,"id_str":"1248657972512714752","indices":[131,154],"media_url":"http:\/\/pbs.twimg.com\/tweet_video_thumb\/EVQfz3GUcAAIUCN.jpg","media_url_https":"https:\/\/pbs.twimg.com\/tweet_video_thumb\/EVQfz3GUcAAIUCN.jpg","url":"https:\/\/t.co\/OqRuMOYsEX","display_url":"pic.twitter.com\/OqRuMOYsEX","expanded_url":"https:\/\/twitter.com\/ESPNGainesville\/status\/1248657978451849217\/photo\/1","type":"animated_gif","video_info":{"aspect_ratio":[139,91],"variants":[{"bitrate":0,"content_type":"video\/mp4","url":"https:\/\/video.twimg.com\/tweet_video\/EVQfz3GUcAAIUCN.mp4"}]},"sizes":{"thumb":{"w":150,"h":150,"resize":"crop"},"medium":{"w":278,"h":182,"resize":"fit"},"small":{"w":278,"h":182,"resize":"fit"},"large":{"w":278,"h":182,"resize":"fit"}}}]},"extended_entities":{"media":[{"id":1248657972512714752,"id_str":"1248657972512714752","indices":[131,154],"media_url":"http:\/\/pbs.twimg.com\/tweet_video_thumb\/EVQfz3GUcAAIUCN.jpg","media_url_https":"https:\/\/pbs.twimg.com\/tweet_video_thumb\/EVQfz3GUcAAIUCN.jpg","url":"https:\/\/t.co\/OqRuMOYsEX","display_url":"pic.twitter.com\/OqRuMOYsEX","expanded_url":"https:\/\/twitter.com\/ESPNGainesville\/status\/1248657978451849217\/photo\/1","type":"animated_gif","video_info":{"aspect_ratio":[139,91],"variants":[{"bitrate":0,"content_type":"video\/mp4","url":"https:\/\/video.twimg.com\/tweet_video\/EVQfz3GUcAAIUCN.mp4"}]},"sizes":{"thumb":{"w":150,"h":150,"resize":"crop"},"medium":{"w":278,"h":182,"resize":"fit"},"small":{"w":278,"h":182,"resize":"fit"},"large":{"w":278,"h":182,"resize":"fit"}}}]}},"quote_count":0,"reply_count":0,"retweet_count":0,"favorite_count":0,"entities":{"hashtags":[{"text":"TitanUp","indices":[75,83]}],"urls":[{"url":"https:\/\/t.co\/b8t3XHQEMl","expanded_url":"https:\/\/twitter.com\/i\/web\/status\/1248657978451849217","display_url":"twitter.com\/i\/web\/status\/1\u2026","indices":[117,140]}],"user_mentions":[{"screen_name":"TDavenport_NFL","name":"TURRON DAVENPORT","id":41814795,"id_str":"41814795","indices":[14,29]},{"screen_name":"SteveRussell850","name":"Steve Russell","id":573620712,"id_str":"573620712","indices":[36,52]}],"symbols":[]},"favorited":false,"retweeted":false,"possibly_sensitive":false,"filter_level":"low","lang":"en","timestamp_ms":"1586538235663"}
