{"created_at":"Fri Apr 10 17:03:49 +0000 2020","id":1248657953294389248,"id_str":"1248657953294389248","text":"RT @Sunil_DilSe: @idesibanda @bankofbaroda @DGP_MP Shame on such incidents, which are being against Bankers at different places in country.\u2026","source":"\u003ca href=\"http:\/\/twitter.com\/download\/android\" rel=\"nofollow\"\u003eTwitter for Android\u003c\/a\u003e","truncated":false,"in_reply_to_status_id":null,"in_reply_to_status_id_str":null,"in_reply_to_user_id":null,"in_reply_to_user_id_str":null,"in_reply_to_screen_name":null,"user":{"id":2291799694,"id_str":"2291799694","name":"Banker Kish-han","screen_name":"Kishan3492","location":"India","url":null,"description":"Banker by profession..\nengineer through education..\nsoldier by skills..","translator_type":"none","protected":false,"verified":false,"followers_count":326,"friends_count":407,"listed_count":0,"favourites_count":470,"statuses_count":21103,"created_at":"Sun Jan 19 14:52:57 +0000 2014","utc_offset":null,"time_zone":null,"geo_enabled":false,"lang":null,"contributors_enabled":false,"is_translator":false,"profile_background_color":"C0DEED","profile_background_image_url":"http:\/\/abs.twimg.com\/images\/themes\/theme1\/bg.png","profile_background_image_url_https":"https:\/\/abs.twimg.com\/images\/themes\/theme1\/bg.png","profile_background_tile":false,"profile_link_color":"1DA1F2","profile_sidebar_border_color":"C0DEED","profile_sidebar_fill_color":"DDEEF6","profile_text_color":"333333","profile_use_background_image":true,"profile_image_url":"http:\/\/pbs.twimg.com\/profile_images\/1246587550971490304\/XEVNHzgM_normal.jpg","profile_image_url_https":"https:\/\/pbs.twimg.com\/profile_images\/1246587550971490304\/XEVNHzgM_normal.jpg","profile_banner_url":"https:\/\/pbs.twimg.com\/profile_banners\/2291799694\/1586046785","default_profile":true,"default_profile_image":false,"following":null,"follow_request_sent":null,"notifications":null},"geo":null,"coordinates":null,"place":null,"contributors":null,"retweeted_status":{"created_at":"Fri Apr 10 06:07:43 +0000 2020","id":1248492840558006272,"id_str":"1248492840558006272","text":"@idesibanda @bankofbaroda @DGP_MP Shame on such incidents, which are being against Bankers at different places in c\u2026 https:\/\/t.co\/asPoni91Fn","display_text_range":[34,140],"source":"\u003ca href=\"http:\/\/twitter.com\/download\/android\" rel=\"nofollow\"\u003eTwitter for Android\u003c\/a\u003e","truncated":true,"in_reply_to_status_id":1248332298417655808,"in_reply_to_status_id_str":"1248332298417655808","in_reply_to_user_id":1609823102,"in_reply_to_user_id_str":"1609823102","in_reply_to_screen_name":"idesibanda","user":{"id":914539145376055297,"id_str":"914539145376055297","name":"Bhardwaj Sunil (\u092a\u094d\u0930\u0947\u092e \u091a\u0948\u0924\u0928\u094d\u092f)","screen_name":"Sunil_DilSe","location":null,"url":null,"description":"Investor I Enterpreneur I Financial Education l Mystic l  and A Human","translator_type":"none","protected":false,"verified":false,"followers_count":146,"friends_count":207,"listed_count":0,"favourites_count":4329,"statuses_count":596,"created_at":"Sun Oct 01 17:14:58 +0000 2017","utc_offset":null,"time_zone":null,"geo_enabled":true,"lang":null,"contributors_enabled":false,"is_translator":false,"profile_background_color":"F5F8FA","profile_background_image_url":"","profile_background_image_url_https":"","profile_background_tile":false,"profile_link_color":"1DA1F2","profile_sidebar_border_color":"C0DEED","profile_sidebar_fill_color":"DDEEF6","profile_text_color":"333333","profile_use_background_image":true,"profile_image_url":"http:\/\/pbs.twimg.com\/profile_images\/1110342625872080897\/O5S4tMmr_normal.jpg","profile_image_url_https":"https:\/\/pbs.twimg.com\/profile_images\/1110342625872080897\/O5S4tMmr_normal.jpg","default_profile":true,"default_profile_image":false,"following":null,"follow_request_sent":null,"notifications":null},"geo":null,"coordinates":null,"place":null,"contributors":null,"is_quote_status":false,"extended_tweet":{"full_text":"@idesibanda @bankofbaroda @DGP_MP Shame on such incidents, which are being against Bankers at different places in country. Like other essential services, Banking is the one of Most essential service, without whom everything will be blocked. But such misbehaviour of administration is totally intolerable.","display_text_range":[34,304],"entities":{"hashtags":[],"urls":[],"user_mentions":[{"screen_name":"idesibanda","name":"Newton Bank Kumar","id":1609823102,"id_str":"1609823102","indices":[0,11]},{"screen_name":"bankofbaroda","name":"Bank of Baroda","id":4650859756,"id_str":"4650859756","indices":[12,25]},{"screen_name":"DGP_MP","name":"DGP MP","id":764050691723714565,"id_str":"764050691723714565","indices":[26,33]}],"symbols":[]}},"quote_count":0,"reply_count":0,"retweet_count":2,"favorite_count":0,"entities":{"hashtags":[],"urls":[{"url":"https:\/\/t.co\/asPoni91Fn","expanded_url":"https:\/\/twitter.com\/i\/web\/status\/1248492840558006272","display_url":"twitter.com\/i\/web\/status\/1\u2026","indices":[117,140]}],"user_mentions":[{"screen_name":"idesibanda","name":"Newton Bank Kumar","id":1609823102,"id_str":"1609823102","indices":[0,11]},{"screen_name":"bankofbaroda","name":"Bank of Baroda","id":4650859756,"id_str":"4650859756","indices":[12,25]},{"screen_name":"DGP_MP","name":"DGP MP","id":764050691723714565,"id_str":"764050691723714565","indices":[26,33]}],"symbols":[]},"favorited":false,"retweeted":false,"filter_level":"low","lang":"en"},"is_quote_status":false,"quote_count":0,"reply_count":0,"retweet_count":0,"favorite_count":0,"entities":{"hashtags":[],"urls":[],"user_mentions":[{"screen_name":"Sunil_DilSe","name":"Bhardwaj Sunil (\u092a\u094d\u0930\u0947\u092e \u091a\u0948\u0924\u0928\u094d\u092f)","id":914539145376055297,"id_str":"914539145376055297","indices":[3,15]},{"screen_name":"idesibanda","name":"Newton Bank Kumar","id":1609823102,"id_str":"1609823102","indices":[17,28]},{"screen_name":"bankofbaroda","name":"Bank of Baroda","id":4650859756,"id_str":"4650859756","indices":[29,42]},{"screen_name":"DGP_MP","name":"DGP MP","id":764050691723714565,"id_str":"764050691723714565","indices":[43,50]}],"symbols":[]},"favorited":false,"retweeted":false,"filter_level":"low","lang":"en","timestamp_ms":"1586538229665"}
