{"created_at":"Fri Apr 10 17:03:52 +0000 2020","id":1248657965847998464,"id_str":"1248657965847998464","text":"RT @NCTsmtown_127: \ud225\uacfc\ub3c4\ub9ac \ud53c\ud06c\ub2c9\ud83e\udd56\n\n#Staywith127\nRelay V LIVE !!\u270c\ufe0f\n4\/1 ~ 4\/7 3PM (KST)\n#NCT127 #NCT #Vlive https:\/\/t.co\/KIhoQPKDtn","source":"\u003ca href=\"http:\/\/twitter.com\/download\/android\" rel=\"nofollow\"\u003eTwitter for Android\u003c\/a\u003e","truncated":false,"in_reply_to_status_id":null,"in_reply_to_status_id_str":null,"in_reply_to_user_id":null,"in_reply_to_user_id_str":null,"in_reply_to_screen_name":null,"user":{"id":1182918164327231493,"id_str":"1182918164327231493","name":"Gdday","screen_name":"onslept00","location":null,"url":null,"description":"FAN ACCOUNT ! \u301c(\ua4aa\ua4b3\ua4aa)\u301c","translator_type":"none","protected":false,"verified":false,"followers_count":374,"friends_count":738,"listed_count":0,"favourites_count":1847,"statuses_count":3064,"created_at":"Sat Oct 12 07:17:37 +0000 2019","utc_offset":null,"time_zone":null,"geo_enabled":false,"lang":null,"contributors_enabled":false,"is_translator":false,"profile_background_color":"F5F8FA","profile_background_image_url":"","profile_background_image_url_https":"","profile_background_tile":false,"profile_link_color":"1DA1F2","profile_sidebar_border_color":"C0DEED","profile_sidebar_fill_color":"DDEEF6","profile_text_color":"333333","profile_use_background_image":true,"profile_image_url":"http:\/\/pbs.twimg.com\/profile_images\/1247586832507736064\/Gm9dX8zX_normal.jpg","profile_image_url_https":"https:\/\/pbs.twimg.com\/profile_images\/1247586832507736064\/Gm9dX8zX_normal.jpg","profile_banner_url":"https:\/\/pbs.twimg.com\/profile_banners\/1182918164327231493\/1586282855","default_profile":true,"default_profile_image":false,"following":null,"follow_request_sent":null,"notifications":null},"geo":null,"coordinates":null,"place":null,"contributors":null,"retweeted_status":{"created_at":"Thu Apr 02 08:38:21 +0000 2020","id":1245631644830072832,"id_str":"1245631644830072832","text":"\ud225\uacfc\ub3c4\ub9ac \ud53c\ud06c\ub2c9\ud83e\udd56\n\n#Staywith127\nRelay V LIVE !!\u270c\ufe0f\n4\/1 ~ 4\/7 3PM (KST)\n#NCT127 #NCT #Vlive https:\/\/t.co\/KIhoQPKDtn","display_text_range":[0,81],"source":"\u003ca href=\"http:\/\/twitter.com\/download\/iphone\" rel=\"nofollow\"\u003eTwitter for iPhone\u003c\/a\u003e","truncated":false,"in_reply_to_status_id":null,"in_reply_to_status_id_str":null,"in_reply_to_user_id":null,"in_reply_to_user_id_str":null,"in_reply_to_screen_name":null,"user":{"id":869875390465982465,"id_str":"869875390465982465","name":"NCT 127","screen_name":"NCTsmtown_127","location":null,"url":"http:\/\/nct127.lnk.to\/neozoneTB","description":"\ud83d\udd0a NCT 127\u2019s 2nd Album \u2018NCT #127 Neo Zone\u2019 is finally out!! Listen to the full album from the link below\ud83d\udc9a\ud83d\udc47\ud83c\udffb\ud83d\udc47\ud83c\udffb","translator_type":"none","protected":false,"verified":true,"followers_count":2838336,"friends_count":4,"listed_count":10814,"favourites_count":118,"statuses_count":3303,"created_at":"Wed May 31 11:17:09 +0000 2017","utc_offset":null,"time_zone":null,"geo_enabled":true,"lang":null,"contributors_enabled":false,"is_translator":false,"profile_background_color":"000000","profile_background_image_url":"http:\/\/abs.twimg.com\/images\/themes\/theme1\/bg.png","profile_background_image_url_https":"https:\/\/abs.twimg.com\/images\/themes\/theme1\/bg.png","profile_background_tile":false,"profile_link_color":"19CF86","profile_sidebar_border_color":"000000","profile_sidebar_fill_color":"000000","profile_text_color":"000000","profile_use_background_image":false,"profile_image_url":"http:\/\/pbs.twimg.com\/profile_images\/1227245947169562625\/lIBLBD9-_normal.jpg","profile_image_url_https":"https:\/\/pbs.twimg.com\/profile_images\/1227245947169562625\/lIBLBD9-_normal.jpg","profile_banner_url":"https:\/\/pbs.twimg.com\/profile_banners\/869875390465982465\/1582729215","default_profile":false,"default_profile_image":false,"following":null,"follow_request_sent":null,"notifications":null},"geo":null,"coordinates":null,"place":null,"contributors":null,"is_quote_status":false,"quote_count":2133,"reply_count":4445,"retweet_count":51397,"favorite_count":134465,"entities":{"hashtags":[{"text":"Staywith127","indices":[11,23]},{"text":"NCT127","indices":[62,69]},{"text":"NCT","indices":[70,74]},{"text":"Vlive","indices":[75,81]}],"urls":[],"user_mentions":[],"symbols":[],"media":[{"id":1245631629403361281,"id_str":"1245631629403361281","indices":[82,105],"media_url":"http:\/\/pbs.twimg.com\/media\/EUlfXgeUEAEHkoh.jpg","media_url_https":"https:\/\/pbs.twimg.com\/media\/EUlfXgeUEAEHkoh.jpg","url":"https:\/\/t.co\/KIhoQPKDtn","display_url":"pic.twitter.com\/KIhoQPKDtn","expanded_url":"https:\/\/twitter.com\/NCTsmtown_127\/status\/1245631644830072832\/photo\/1","type":"photo","sizes":{"small":{"w":510,"h":680,"resize":"fit"},"thumb":{"w":150,"h":150,"resize":"crop"},"medium":{"w":900,"h":1200,"resize":"fit"},"large":{"w":1536,"h":2048,"resize":"fit"}}}]},"extended_entities":{"media":[{"id":1245631629403361281,"id_str":"1245631629403361281","indices":[82,105],"media_url":"http:\/\/pbs.twimg.com\/media\/EUlfXgeUEAEHkoh.jpg","media_url_https":"https:\/\/pbs.twimg.com\/media\/EUlfXgeUEAEHkoh.jpg","url":"https:\/\/t.co\/KIhoQPKDtn","display_url":"pic.twitter.com\/KIhoQPKDtn","expanded_url":"https:\/\/twitter.com\/NCTsmtown_127\/status\/1245631644830072832\/photo\/1","type":"photo","sizes":{"small":{"w":510,"h":680,"resize":"fit"},"thumb":{"w":150,"h":150,"resize":"crop"},"medium":{"w":900,"h":1200,"resize":"fit"},"large":{"w":1536,"h":2048,"resize":"fit"}}}]},"favorited":false,"retweeted":false,"possibly_sensitive":false,"filter_level":"low","lang":"ko"},"is_quote_status":false,"quote_count":0,"reply_count":0,"retweet_count":0,"favorite_count":0,"entities":{"hashtags":[{"text":"Staywith127","indices":[30,42]},{"text":"NCT127","indices":[81,88]},{"text":"NCT","indices":[89,93]},{"text":"Vlive","indices":[94,100]}],"urls":[],"user_mentions":[{"screen_name":"NCTsmtown_127","name":"NCT 127","id":869875390465982465,"id_str":"869875390465982465","indices":[3,17]}],"symbols":[],"media":[{"id":1245631629403361281,"id_str":"1245631629403361281","indices":[101,124],"media_url":"http:\/\/pbs.twimg.com\/media\/EUlfXgeUEAEHkoh.jpg","media_url_https":"https:\/\/pbs.twimg.com\/media\/EUlfXgeUEAEHkoh.jpg","url":"https:\/\/t.co\/KIhoQPKDtn","display_url":"pic.twitter.com\/KIhoQPKDtn","expanded_url":"https:\/\/twitter.com\/NCTsmtown_127\/status\/1245631644830072832\/photo\/1","type":"photo","sizes":{"small":{"w":510,"h":680,"resize":"fit"},"thumb":{"w":150,"h":150,"resize":"crop"},"medium":{"w":900,"h":1200,"resize":"fit"},"large":{"w":1536,"h":2048,"resize":"fit"}},"source_status_id":1245631644830072832,"source_status_id_str":"1245631644830072832","source_user_id":869875390465982465,"source_user_id_str":"869875390465982465"}]},"extended_entities":{"media":[{"id":1245631629403361281,"id_str":"1245631629403361281","indices":[101,124],"media_url":"http:\/\/pbs.twimg.com\/media\/EUlfXgeUEAEHkoh.jpg","media_url_https":"https:\/\/pbs.twimg.com\/media\/EUlfXgeUEAEHkoh.jpg","url":"https:\/\/t.co\/KIhoQPKDtn","display_url":"pic.twitter.com\/KIhoQPKDtn","expanded_url":"https:\/\/twitter.com\/NCTsmtown_127\/status\/1245631644830072832\/photo\/1","type":"photo","sizes":{"small":{"w":510,"h":680,"resize":"fit"},"thumb":{"w":150,"h":150,"resize":"crop"},"medium":{"w":900,"h":1200,"resize":"fit"},"large":{"w":1536,"h":2048,"resize":"fit"}},"source_status_id":1245631644830072832,"source_status_id_str":"1245631644830072832","source_user_id":869875390465982465,"source_user_id_str":"869875390465982465"}]},"favorited":false,"retweeted":false,"possibly_sensitive":false,"filter_level":"low","lang":"ko","timestamp_ms":"1586538232658"}
