{"created_at":"Fri Apr 10 17:03:51 +0000 2020","id":1248657961666240512,"id_str":"1248657961666240512","text":"Showered before noon!  I will declare today a victory! #COVID19","source":"\u003ca href=\"https:\/\/mobile.twitter.com\" rel=\"nofollow\"\u003eTwitter Web App\u003c\/a\u003e","truncated":false,"in_reply_to_status_id":null,"in_reply_to_status_id_str":null,"in_reply_to_user_id":null,"in_reply_to_user_id_str":null,"in_reply_to_screen_name":null,"user":{"id":42227641,"id_str":"42227641","name":"zoggins","screen_name":"zoggins","location":"Redmond, WA","url":"http:\/\/twitch.tv\/zoggins","description":"Something witty! I'm a full-time software engineer, part-time streamer, PhD, RetroSpy developer, bipolar, Ultima fanboy and a video game hardware collector.","translator_type":"none","protected":false,"verified":false,"followers_count":417,"friends_count":306,"listed_count":0,"favourites_count":14957,"statuses_count":5334,"created_at":"Sun May 24 15:28:25 +0000 2009","utc_offset":null,"time_zone":null,"geo_enabled":false,"lang":null,"contributors_enabled":false,"is_translator":false,"profile_background_color":"C0DEED","profile_background_image_url":"http:\/\/abs.twimg.com\/images\/themes\/theme1\/bg.png","profile_background_image_url_https":"https:\/\/abs.twimg.com\/images\/themes\/theme1\/bg.png","profile_background_tile":false,"profile_link_color":"1DA1F2","profile_sidebar_border_color":"C0DEED","profile_sidebar_fill_color":"DDEEF6","profile_text_color":"333333","profile_use_background_image":true,"profile_image_url":"http:\/\/pbs.twimg.com\/profile_images\/995524264429158400\/Qlal-bi__normal.jpg","profile_image_url_https":"https:\/\/pbs.twimg.com\/profile_images\/995524264429158400\/Qlal-bi__normal.jpg","profile_banner_url":"https:\/\/pbs.twimg.com\/profile_banners\/42227641\/1506448801","default_profile":true,"default_profile_image":false,"following":null,"follow_request_sent":null,"notifications":null},"geo":null,"coordinates":null,"place":null,"contributors":null,"is_quote_status":false,"quote_count":0,"reply_count":0,"retweet_count":0,"favorite_count":0,"entities":{"hashtags":[{"text":"COVID19","indices":[55,63]}],"urls":[],"user_mentions":[],"symbols":[]},"favorited":false,"retweeted":false,"filter_level":"low","lang":"en","timestamp_ms":"1586538231661"}
