{"created_at":"Fri Apr 10 17:03:55 +0000 2020","id":1248657978460340227,"id_str":"1248657978460340227","text":"@sapirdatmaoc \u00d6dls\u00f6xldlckc","display_text_range":[14,26],"source":"\u003ca href=\"http:\/\/twitter.com\/download\/iphone\" rel=\"nofollow\"\u003eTwitter for iPhone\u003c\/a\u003e","truncated":false,"in_reply_to_status_id":1248562396714741767,"in_reply_to_status_id_str":"1248562396714741767","in_reply_to_user_id":2440101356,"in_reply_to_user_id_str":"2440101356","in_reply_to_screen_name":"sapirdatmaoc","user":{"id":1084831407652945920,"id_str":"1084831407652945920","name":"\u200f\u064b","screen_name":"efekaanozdmr","location":"\u0130zmir, T\u00fcrkiye","url":"https:\/\/curiouscat.me\/efekaanozdmr","description":"\ud83c\udf08","translator_type":"none","protected":false,"verified":false,"followers_count":1020,"friends_count":449,"listed_count":1,"favourites_count":21971,"statuses_count":4284,"created_at":"Mon Jan 14 15:15:37 +0000 2019","utc_offset":null,"time_zone":null,"geo_enabled":false,"lang":null,"contributors_enabled":false,"is_translator":false,"profile_background_color":"F5F8FA","profile_background_image_url":"","profile_background_image_url_https":"","profile_background_tile":false,"profile_link_color":"1DA1F2","profile_sidebar_border_color":"C0DEED","profile_sidebar_fill_color":"DDEEF6","profile_text_color":"333333","profile_use_background_image":true,"profile_image_url":"http:\/\/pbs.twimg.com\/profile_images\/1244627722808233984\/5jAsOO0s_normal.jpg","profile_image_url_https":"https:\/\/pbs.twimg.com\/profile_images\/1244627722808233984\/5jAsOO0s_normal.jpg","profile_banner_url":"https:\/\/pbs.twimg.com\/profile_banners\/1084831407652945920\/1586284063","default_profile":true,"default_profile_image":false,"following":null,"follow_request_sent":null,"notifications":null},"geo":null,"coordinates":null,"place":null,"contributors":null,"is_quote_status":false,"quote_count":0,"reply_count":0,"retweet_count":0,"favorite_count":0,"entities":{"hashtags":[],"urls":[],"user_mentions":[{"screen_name":"sapirdatmaoc","name":"m*co","id":2440101356,"id_str":"2440101356","indices":[0,13]}],"symbols":[]},"favorited":false,"retweeted":false,"filter_level":"low","lang":"de","timestamp_ms":"1586538235665"}
