{"created_at":"Fri Apr 10 17:03:55 +0000 2020","id":1248657978443603977,"id_str":"1248657978443603977","text":"im super dead\ud83d\ude02","source":"\u003ca href=\"http:\/\/twitter.com\/download\/iphone\" rel=\"nofollow\"\u003eTwitter for iPhone\u003c\/a\u003e","truncated":false,"in_reply_to_status_id":null,"in_reply_to_status_id_str":null,"in_reply_to_user_id":null,"in_reply_to_user_id_str":null,"in_reply_to_screen_name":null,"user":{"id":3066055562,"id_str":"3066055562","name":"\ud83e\udd40.","screen_name":"chelseysinclair","location":"minding my business. ","url":null,"description":"\ud83d\udc7b: simplyxchelsey #LSU\ud83d\udc2f","translator_type":"none","protected":false,"verified":false,"followers_count":406,"friends_count":327,"listed_count":3,"favourites_count":41697,"statuses_count":28642,"created_at":"Sat Mar 07 06:49:55 +0000 2015","utc_offset":null,"time_zone":null,"geo_enabled":true,"lang":null,"contributors_enabled":false,"is_translator":false,"profile_background_color":"000000","profile_background_image_url":"http:\/\/abs.twimg.com\/images\/themes\/theme1\/bg.png","profile_background_image_url_https":"https:\/\/abs.twimg.com\/images\/themes\/theme1\/bg.png","profile_background_tile":false,"profile_link_color":"9266CC","profile_sidebar_border_color":"000000","profile_sidebar_fill_color":"000000","profile_text_color":"000000","profile_use_background_image":false,"profile_image_url":"http:\/\/pbs.twimg.com\/profile_images\/1210094451533725696\/4tXT4Gws_normal.jpg","profile_image_url_https":"https:\/\/pbs.twimg.com\/profile_images\/1210094451533725696\/4tXT4Gws_normal.jpg","profile_banner_url":"https:\/\/pbs.twimg.com\/profile_banners\/3066055562\/1547668807","default_profile":false,"default_profile_image":false,"following":null,"follow_request_sent":null,"notifications":null},"geo":null,"coordinates":null,"place":null,"contributors":null,"is_quote_status":false,"quote_count":0,"reply_count":0,"retweet_count":0,"favorite_count":0,"entities":{"hashtags":[],"urls":[],"user_mentions":[],"symbols":[]},"favorited":false,"retweeted":false,"filter_level":"low","lang":"en","timestamp_ms":"1586538235661"}
