{"created_at":"Fri Apr 10 17:03:54 +0000 2020","id":1248657974240915467,"id_str":"1248657974240915467","text":"Bruuh","source":"\u003ca href=\"http:\/\/twitter.com\/download\/android\" rel=\"nofollow\"\u003eTwitter for Android\u003c\/a\u003e","truncated":false,"in_reply_to_status_id":null,"in_reply_to_status_id_str":null,"in_reply_to_user_id":null,"in_reply_to_user_id_str":null,"in_reply_to_screen_name":null,"user":{"id":940587185605971968,"id_str":"940587185605971968","name":"\ud835\udc6a\ud835\udc8d\ud835\udc82\ud835\udc93\ud835\udc8a\ud835\udc8f","screen_name":"wonderclarin","location":"SPC","url":null,"description":"\ud835\udce2\ud835\udcf8\ud835\udcf8\ud835\udcf7 \ud835\udcfd\ud835\udcf8 \ud835\udceb\ud835\udcee \ud835\udc79\ud835\udc6c\ud835\udc80\ud835\udc6c\ud835\udc7a, \ud835\udc79\ud835\udc75, \ud835\udc74\ud835\udc6b, \ud835\udc74\ud835\udc7a","translator_type":"none","protected":false,"verified":false,"followers_count":225,"friends_count":112,"listed_count":0,"favourites_count":13963,"statuses_count":10760,"created_at":"Tue Dec 12 14:20:35 +0000 2017","utc_offset":null,"time_zone":null,"geo_enabled":true,"lang":null,"contributors_enabled":false,"is_translator":false,"profile_background_color":"F5F8FA","profile_background_image_url":"","profile_background_image_url_https":"","profile_background_tile":false,"profile_link_color":"1DA1F2","profile_sidebar_border_color":"C0DEED","profile_sidebar_fill_color":"DDEEF6","profile_text_color":"333333","profile_use_background_image":true,"profile_image_url":"http:\/\/pbs.twimg.com\/profile_images\/1239477901222768640\/0heystEO_normal.jpg","profile_image_url_https":"https:\/\/pbs.twimg.com\/profile_images\/1239477901222768640\/0heystEO_normal.jpg","profile_banner_url":"https:\/\/pbs.twimg.com\/profile_banners\/940587185605971968\/1586070303","default_profile":true,"default_profile_image":false,"following":null,"follow_request_sent":null,"notifications":null},"geo":null,"coordinates":null,"place":{"id":"01b763b150004405","url":"https:\/\/api.twitter.com\/1.1\/geo\/id\/01b763b150004405.json","place_type":"city","name":"Davao City","full_name":"Davao City, Davao Region","country_code":"PH","country":"Republic of the Philippines","bounding_box":{"type":"Polygon","coordinates":[[[125.214820,6.959006],[125.214820,7.676159],[125.671703,7.676159],[125.671703,6.959006]]]},"attributes":{}},"contributors":null,"quoted_status_id":1247632114402689025,"quoted_status_id_str":"1247632114402689025","quoted_status":{"created_at":"Tue Apr 07 21:07:30 +0000 2020","id":1247632114402689025,"id_str":"1247632114402689025","text":"https:\/\/t.co\/BiRvcg57cR","display_text_range":[0,0],"source":"\u003ca href=\"http:\/\/twitter.com\/download\/android\" rel=\"nofollow\"\u003eTwitter for Android\u003c\/a\u003e","truncated":false,"in_reply_to_status_id":null,"in_reply_to_status_id_str":null,"in_reply_to_user_id":null,"in_reply_to_user_id_str":null,"in_reply_to_screen_name":null,"user":{"id":781648712447778816,"id_str":"781648712447778816","name":"virgo","screen_name":"itiwster","location":"Lost","url":"https:\/\/www.instagram.com\/itwster\/","description":"I'm Canon\nArt is a way of survival","translator_type":"none","protected":false,"verified":false,"followers_count":46430,"friends_count":392,"listed_count":243,"favourites_count":13502,"statuses_count":25084,"created_at":"Fri Sep 30 00:15:50 +0000 2016","utc_offset":null,"time_zone":null,"geo_enabled":false,"lang":null,"contributors_enabled":false,"is_translator":false,"profile_background_color":"F5F8FA","profile_background_image_url":"","profile_background_image_url_https":"","profile_background_tile":false,"profile_link_color":"1DA1F2","profile_sidebar_border_color":"C0DEED","profile_sidebar_fill_color":"DDEEF6","profile_text_color":"333333","profile_use_background_image":true,"profile_image_url":"http:\/\/pbs.twimg.com\/profile_images\/1248615408581525506\/UbIeXgdp_normal.jpg","profile_image_url_https":"https:\/\/pbs.twimg.com\/profile_images\/1248615408581525506\/UbIeXgdp_normal.jpg","profile_banner_url":"https:\/\/pbs.twimg.com\/profile_banners\/781648712447778816\/1559260022","default_profile":true,"default_profile_image":false,"following":null,"follow_request_sent":null,"notifications":null},"geo":null,"coordinates":null,"place":null,"contributors":null,"is_quote_status":false,"quote_count":180,"reply_count":8,"retweet_count":563,"favorite_count":2559,"entities":{"hashtags":[],"urls":[],"user_mentions":[],"symbols":[],"media":[{"id":1247631852812283907,"id_str":"1247631852812283907","indices":[0,23],"additional_media_info":{"monetizable":false},"media_url":"http:\/\/pbs.twimg.com\/ext_tw_video_thumb\/1247631852812283907\/pu\/img\/Tx8IebnWbWCC-c2R.jpg","media_url_https":"https:\/\/pbs.twimg.com\/ext_tw_video_thumb\/1247631852812283907\/pu\/img\/Tx8IebnWbWCC-c2R.jpg","url":"https:\/\/t.co\/BiRvcg57cR","display_url":"pic.twitter.com\/BiRvcg57cR","expanded_url":"https:\/\/twitter.com\/itiwster\/status\/1247632114402689025\/video\/1","type":"photo","sizes":{"thumb":{"w":150,"h":150,"resize":"crop"},"medium":{"w":1200,"h":675,"resize":"fit"},"small":{"w":680,"h":383,"resize":"fit"},"large":{"w":1280,"h":720,"resize":"fit"}}}]},"extended_entities":{"media":[{"id":1247631852812283907,"id_str":"1247631852812283907","indices":[0,23],"additional_media_info":{"monetizable":false},"media_url":"http:\/\/pbs.twimg.com\/ext_tw_video_thumb\/1247631852812283907\/pu\/img\/Tx8IebnWbWCC-c2R.jpg","media_url_https":"https:\/\/pbs.twimg.com\/ext_tw_video_thumb\/1247631852812283907\/pu\/img\/Tx8IebnWbWCC-c2R.jpg","url":"https:\/\/t.co\/BiRvcg57cR","display_url":"pic.twitter.com\/BiRvcg57cR","expanded_url":"https:\/\/twitter.com\/itiwster\/status\/1247632114402689025\/video\/1","type":"video","video_info":{"aspect_ratio":[16,9],"duration_millis":36119,"variants":[{"bitrate":832000,"content_type":"video\/mp4","url":"https:\/\/video.twimg.com\/ext_tw_video\/1247631852812283907\/pu\/vid\/640x360\/BVNyH3s7JRX-S6P0.mp4?tag=10"},{"bitrate":256000,"content_type":"video\/mp4","url":"https:\/\/video.twimg.com\/ext_tw_video\/1247631852812283907\/pu\/vid\/480x270\/3w0fv_8-Y2zFZIyu.mp4?tag=10"},{"bitrate":2176000,"content_type":"video\/mp4","url":"https:\/\/video.twimg.com\/ext_tw_video\/1247631852812283907\/pu\/vid\/1280x720\/9U3fwKGyUoB12C6A.mp4?tag=10"},{"content_type":"application\/x-mpegURL","url":"https:\/\/video.twimg.com\/ext_tw_video\/1247631852812283907\/pu\/pl\/21BCSO1FNy8M80Cs.m3u8?tag=10"}]},"sizes":{"thumb":{"w":150,"h":150,"resize":"crop"},"medium":{"w":1200,"h":675,"resize":"fit"},"small":{"w":680,"h":383,"resize":"fit"},"large":{"w":1280,"h":720,"resize":"fit"}}}]},"favorited":false,"retweeted":false,"possibly_sensitive":false,"filter_level":"low","lang":"und"},"quoted_status_permalink":{"url":"https:\/\/t.co\/R4jNHlsav5","expanded":"https:\/\/twitter.com\/itiwster\/status\/1247632114402689025","display":"twitter.com\/itiwster\/statu\u2026"},"is_quote_status":true,"quote_count":0,"reply_count":0,"retweet_count":0,"favorite_count":0,"entities":{"hashtags":[],"urls":[],"user_mentions":[],"symbols":[]},"favorited":false,"retweeted":false,"filter_level":"low","lang":"in","timestamp_ms":"1586538234659"}
