{"created_at":"Fri Apr 10 17:03:57 +0000 2020","id":1248657986840600579,"id_str":"1248657986840600579","text":"RT @israeljenn12: Anyone else been sleeping extremely terrible lately?","source":"\u003ca href=\"https:\/\/mobile.twitter.com\" rel=\"nofollow\"\u003eMobile Web (M2)\u003c\/a\u003e","truncated":false,"in_reply_to_status_id":null,"in_reply_to_status_id_str":null,"in_reply_to_user_id":null,"in_reply_to_user_id_str":null,"in_reply_to_screen_name":null,"user":{"id":958460098988396545,"id_str":"958460098988396545","name":"pimpiniis.","screen_name":"maineforeign","location":"somewhere","url":null,"description":"bitches enemy. loner.","translator_type":"none","protected":false,"verified":false,"followers_count":3000,"friends_count":687,"listed_count":5,"favourites_count":268377,"statuses_count":33732,"created_at":"Tue Jan 30 22:01:09 +0000 2018","utc_offset":null,"time_zone":null,"geo_enabled":false,"lang":null,"contributors_enabled":false,"is_translator":false,"profile_background_color":"F5F8FA","profile_background_image_url":"","profile_background_image_url_https":"","profile_background_tile":false,"profile_link_color":"1DA1F2","profile_sidebar_border_color":"C0DEED","profile_sidebar_fill_color":"DDEEF6","profile_text_color":"333333","profile_use_background_image":true,"profile_image_url":"http:\/\/pbs.twimg.com\/profile_images\/1246980400532119552\/dQTstJ89_normal.jpg","profile_image_url_https":"https:\/\/pbs.twimg.com\/profile_images\/1246980400532119552\/dQTstJ89_normal.jpg","profile_banner_url":"https:\/\/pbs.twimg.com\/profile_banners\/958460098988396545\/1571036886","default_profile":true,"default_profile_image":false,"following":null,"follow_request_sent":null,"notifications":null},"geo":null,"coordinates":null,"place":null,"contributors":null,"retweeted_status":{"created_at":"Fri Apr 10 13:18:22 +0000 2020","id":1248601216097161216,"id_str":"1248601216097161216","text":"Anyone else been sleeping extremely terrible lately?","source":"\u003ca href=\"http:\/\/twitter.com\/download\/iphone\" rel=\"nofollow\"\u003eTwitter for iPhone\u003c\/a\u003e","truncated":false,"in_reply_to_status_id":null,"in_reply_to_status_id_str":null,"in_reply_to_user_id":null,"in_reply_to_user_id_str":null,"in_reply_to_screen_name":null,"user":{"id":175621206,"id_str":"175621206","name":"Izzy","screen_name":"israeljenn12","location":"Trinidad and Tobago","url":"https:\/\/www.instagram.com\/israel.jennings\/","description":"Always strive for greatness","translator_type":"none","protected":false,"verified":false,"followers_count":2132,"friends_count":1864,"listed_count":1,"favourites_count":53902,"statuses_count":11818,"created_at":"Sat Aug 07 03:27:31 +0000 2010","utc_offset":null,"time_zone":null,"geo_enabled":true,"lang":null,"contributors_enabled":false,"is_translator":false,"profile_background_color":"ACDED6","profile_background_image_url":"http:\/\/abs.twimg.com\/images\/themes\/theme18\/bg.gif","profile_background_image_url_https":"https:\/\/abs.twimg.com\/images\/themes\/theme18\/bg.gif","profile_background_tile":true,"profile_link_color":"1B95E0","profile_sidebar_border_color":"000000","profile_sidebar_fill_color":"F6F6F6","profile_text_color":"333333","profile_use_background_image":true,"profile_image_url":"http:\/\/pbs.twimg.com\/profile_images\/1237101358718881792\/9lQ0EyM4_normal.jpg","profile_image_url_https":"https:\/\/pbs.twimg.com\/profile_images\/1237101358718881792\/9lQ0EyM4_normal.jpg","profile_banner_url":"https:\/\/pbs.twimg.com\/profile_banners\/175621206\/1564174133","default_profile":false,"default_profile_image":false,"following":null,"follow_request_sent":null,"notifications":null},"geo":null,"coordinates":null,"place":null,"contributors":null,"is_quote_status":false,"quote_count":5,"reply_count":5,"retweet_count":21,"favorite_count":206,"entities":{"hashtags":[],"urls":[],"user_mentions":[],"symbols":[]},"favorited":false,"retweeted":false,"filter_level":"low","lang":"en"},"is_quote_status":false,"quote_count":0,"reply_count":0,"retweet_count":0,"favorite_count":0,"entities":{"hashtags":[],"urls":[],"user_mentions":[{"screen_name":"israeljenn12","name":"Izzy","id":175621206,"id_str":"175621206","indices":[3,16]}],"symbols":[]},"favorited":false,"retweeted":false,"filter_level":"low","lang":"en","timestamp_ms":"1586538237663"}
