{"created_at":"Fri Apr 10 17:03:48 +0000 2020","id":1248657949070934018,"id_str":"1248657949070934018","text":"RT @Adaber12: \u00f6zledik hemde \n\u00c7ok\u00d6zledik ReyMir","source":"\u003ca href=\"http:\/\/twitter.com\/download\/android\" rel=\"nofollow\"\u003eTwitter for Android\u003c\/a\u003e","truncated":false,"in_reply_to_status_id":null,"in_reply_to_status_id_str":null,"in_reply_to_user_id":null,"in_reply_to_user_id_str":null,"in_reply_to_screen_name":null,"user":{"id":1213229783888187392,"id_str":"1213229783888187392","name":"Melek (Lola)","screen_name":"Lola22060282","location":"Turchia","url":null,"description":"#ReyMir\ud83e\udd8b\u2764 #Hercai\u2764\n#Ebru\u015eahin \ud83c\udf39 #Ak\u0131nAk\u0131n\u00f6z\u00fc \u2763\n  Citizen of the world","translator_type":"none","protected":false,"verified":false,"followers_count":489,"friends_count":491,"listed_count":0,"favourites_count":38784,"statuses_count":41421,"created_at":"Fri Jan 03 22:45:15 +0000 2020","utc_offset":null,"time_zone":null,"geo_enabled":false,"lang":null,"contributors_enabled":false,"is_translator":false,"profile_background_color":"F5F8FA","profile_background_image_url":"","profile_background_image_url_https":"","profile_background_tile":false,"profile_link_color":"1DA1F2","profile_sidebar_border_color":"C0DEED","profile_sidebar_fill_color":"DDEEF6","profile_text_color":"333333","profile_use_background_image":true,"profile_image_url":"http:\/\/pbs.twimg.com\/profile_images\/1230273744511303680\/auxFVoQ9_normal.jpg","profile_image_url_https":"https:\/\/pbs.twimg.com\/profile_images\/1230273744511303680\/auxFVoQ9_normal.jpg","profile_banner_url":"https:\/\/pbs.twimg.com\/profile_banners\/1213229783888187392\/1581765329","default_profile":true,"default_profile_image":false,"following":null,"follow_request_sent":null,"notifications":null},"geo":null,"coordinates":null,"place":null,"contributors":null,"retweeted_status":{"created_at":"Fri Apr 10 16:53:34 +0000 2020","id":1248655372828782593,"id_str":"1248655372828782593","text":"\u00f6zledik hemde \n\u00c7ok\u00d6zledik ReyMir","source":"\u003ca href=\"http:\/\/twitter.com\/download\/android\" rel=\"nofollow\"\u003eTwitter for Android\u003c\/a\u003e","truncated":false,"in_reply_to_status_id":null,"in_reply_to_status_id_str":null,"in_reply_to_user_id":null,"in_reply_to_user_id_str":null,"in_reply_to_screen_name":null,"user":{"id":1241818855472758784,"id_str":"1241818855472758784","name":"lavinia\ud83c\udf38","screen_name":"Adaber12","location":null,"url":null,"description":"gt  yapmayanlar \u00f6zenle silinir!!!\n\n\n\n\n\n\n\n\n\n\n\n\n\n\n\n\n\n\n\n\n\n\n\n\n\n\n\n\n\n\n\n\n\n\n\n\n\n\n\n\n\n\n\nAkRu\ud83d\udc9b","translator_type":"none","protected":false,"verified":false,"followers_count":192,"friends_count":304,"listed_count":0,"favourites_count":574,"statuses_count":156,"created_at":"Sun Mar 22 20:07:51 +0000 2020","utc_offset":null,"time_zone":null,"geo_enabled":false,"lang":null,"contributors_enabled":false,"is_translator":false,"profile_background_color":"F5F8FA","profile_background_image_url":"","profile_background_image_url_https":"","profile_background_tile":false,"profile_link_color":"1DA1F2","profile_sidebar_border_color":"C0DEED","profile_sidebar_fill_color":"DDEEF6","profile_text_color":"333333","profile_use_background_image":true,"profile_image_url":"http:\/\/pbs.twimg.com\/profile_images\/1244009006500380673\/UMzOPmn9_normal.jpg","profile_image_url_https":"https:\/\/pbs.twimg.com\/profile_images\/1244009006500380673\/UMzOPmn9_normal.jpg","profile_banner_url":"https:\/\/pbs.twimg.com\/profile_banners\/1241818855472758784\/1585765769","default_profile":true,"default_profile_image":false,"following":null,"follow_request_sent":null,"notifications":null},"geo":null,"coordinates":null,"place":null,"contributors":null,"is_quote_status":false,"quote_count":0,"reply_count":0,"retweet_count":7,"favorite_count":9,"entities":{"hashtags":[],"urls":[],"user_mentions":[],"symbols":[]},"favorited":false,"retweeted":false,"filter_level":"low","lang":"tr"},"is_quote_status":false,"quote_count":0,"reply_count":0,"retweet_count":0,"favorite_count":0,"entities":{"hashtags":[],"urls":[],"user_mentions":[{"screen_name":"Adaber12","name":"lavinia\ud83c\udf38","id":1241818855472758784,"id_str":"1241818855472758784","indices":[3,12]}],"symbols":[]},"favorited":false,"retweeted":false,"filter_level":"low","lang":"tr","timestamp_ms":"1586538228658"}
