{"created_at":"Fri Apr 10 17:03:58 +0000 2020","id":1248657991022362627,"id_str":"1248657991022362627","text":"RT @NJGov: REMINDER: Keep AT LEAST 1.09 Streeps of space between yourself and others https:\/\/t.co\/xiOLEghtad","source":"\u003ca href=\"http:\/\/twitter.com\/download\/iphone\" rel=\"nofollow\"\u003eTwitter for iPhone\u003c\/a\u003e","truncated":false,"in_reply_to_status_id":null,"in_reply_to_status_id_str":null,"in_reply_to_user_id":null,"in_reply_to_user_id_str":null,"in_reply_to_screen_name":null,"user":{"id":943685708857921536,"id_str":"943685708857921536","name":"\ud835\udcbb\ud835\udcbe\ud835\udcc1\ud835\udcc1\ud835\udc52 \ud835\udcb8\ud835\udc52\ud835\udcc7\ud835\udcbe\ud835\udcc8\ud835\udc52 \ud83c\udf52\ud83e\udd87\u260e\ufe0f","screen_name":"BAD_DEClSlON","location":"in my flying shoes","url":"https:\/\/open.spotify.com\/user\/dfho18\/playlist\/2xYr6EsRegqjaIPWLeAP1i?si=chvzeHBYRpyE0tMxKt03LQ","description":"she\/her \/\/ vehicles will pass, by but i know when it\u2019s you","translator_type":"none","protected":false,"verified":false,"followers_count":836,"friends_count":337,"listed_count":14,"favourites_count":110422,"statuses_count":72908,"created_at":"Thu Dec 21 03:33:00 +0000 2017","utc_offset":null,"time_zone":null,"geo_enabled":true,"lang":null,"contributors_enabled":false,"is_translator":false,"profile_background_color":"F5F8FA","profile_background_image_url":"","profile_background_image_url_https":"","profile_background_tile":false,"profile_link_color":"1DA1F2","profile_sidebar_border_color":"C0DEED","profile_sidebar_fill_color":"DDEEF6","profile_text_color":"333333","profile_use_background_image":true,"profile_image_url":"http:\/\/pbs.twimg.com\/profile_images\/1245404495166820364\/tcgaFXun_normal.jpg","profile_image_url_https":"https:\/\/pbs.twimg.com\/profile_images\/1245404495166820364\/tcgaFXun_normal.jpg","profile_banner_url":"https:\/\/pbs.twimg.com\/profile_banners\/943685708857921536\/1585762545","default_profile":true,"default_profile_image":false,"following":null,"follow_request_sent":null,"notifications":null},"geo":null,"coordinates":null,"place":null,"contributors":null,"retweeted_status":{"created_at":"Fri Apr 10 17:00:35 +0000 2020","id":1248657138395815936,"id_str":"1248657138395815936","text":"REMINDER: Keep AT LEAST 1.09 Streeps of space between yourself and others https:\/\/t.co\/xiOLEghtad","display_text_range":[0,73],"source":"\u003ca href=\"https:\/\/mobile.twitter.com\" rel=\"nofollow\"\u003eTwitter Web App\u003c\/a\u003e","truncated":false,"in_reply_to_status_id":null,"in_reply_to_status_id_str":null,"in_reply_to_user_id":null,"in_reply_to_user_id_str":null,"in_reply_to_screen_name":null,"user":{"id":984819646082797568,"id_str":"984819646082797568","name":"New Jersey","screen_name":"NJGov","location":"New Jersey, USA","url":"http:\/\/NJ.gov","description":"Official twitter of the Garden State. For info and resources about #COVID19 in New Jersey, visit https:\/\/t.co\/OOJLjRpcyq and follow @GovMurphy and @NJDeptofHealth.","translator_type":"none","protected":false,"verified":true,"followers_count":255894,"friends_count":629,"listed_count":371,"favourites_count":13868,"statuses_count":5800,"created_at":"Fri Apr 13 15:44:35 +0000 2018","utc_offset":null,"time_zone":null,"geo_enabled":false,"lang":null,"contributors_enabled":false,"is_translator":false,"profile_background_color":"F5F8FA","profile_background_image_url":"","profile_background_image_url_https":"","profile_background_tile":false,"profile_link_color":"1DA1F2","profile_sidebar_border_color":"C0DEED","profile_sidebar_fill_color":"DDEEF6","profile_text_color":"333333","profile_use_background_image":true,"profile_image_url":"http:\/\/pbs.twimg.com\/profile_images\/1207050460831584256\/Ge5wTz2I_normal.jpg","profile_image_url_https":"https:\/\/pbs.twimg.com\/profile_images\/1207050460831584256\/Ge5wTz2I_normal.jpg","profile_banner_url":"https:\/\/pbs.twimg.com\/profile_banners\/984819646082797568\/1584907874","default_profile":true,"default_profile_image":false,"following":null,"follow_request_sent":null,"notifications":null},"geo":null,"coordinates":null,"place":null,"contributors":null,"is_quote_status":false,"quote_count":2,"reply_count":6,"retweet_count":28,"favorite_count":126,"entities":{"hashtags":[],"urls":[],"user_mentions":[],"symbols":[],"media":[{"id":1248657062969647111,"id_str":"1248657062969647111","indices":[74,97],"media_url":"http:\/\/pbs.twimg.com\/media\/EVQe-6yWoAc4R63.jpg","media_url_https":"https:\/\/pbs.twimg.com\/media\/EVQe-6yWoAc4R63.jpg","url":"https:\/\/t.co\/xiOLEghtad","display_url":"pic.twitter.com\/xiOLEghtad","expanded_url":"https:\/\/twitter.com\/NJGov\/status\/1248657138395815936\/photo\/1","type":"photo","sizes":{"medium":{"w":1200,"h":600,"resize":"fit"},"large":{"w":2000,"h":1000,"resize":"fit"},"thumb":{"w":150,"h":150,"resize":"crop"},"small":{"w":680,"h":340,"resize":"fit"}}}]},"extended_entities":{"media":[{"id":1248657062969647111,"id_str":"1248657062969647111","indices":[74,97],"media_url":"http:\/\/pbs.twimg.com\/media\/EVQe-6yWoAc4R63.jpg","media_url_https":"https:\/\/pbs.twimg.com\/media\/EVQe-6yWoAc4R63.jpg","url":"https:\/\/t.co\/xiOLEghtad","display_url":"pic.twitter.com\/xiOLEghtad","expanded_url":"https:\/\/twitter.com\/NJGov\/status\/1248657138395815936\/photo\/1","type":"photo","sizes":{"medium":{"w":1200,"h":600,"resize":"fit"},"large":{"w":2000,"h":1000,"resize":"fit"},"thumb":{"w":150,"h":150,"resize":"crop"},"small":{"w":680,"h":340,"resize":"fit"}}}]},"favorited":false,"retweeted":false,"possibly_sensitive":false,"filter_level":"low","lang":"en"},"is_quote_status":false,"quote_count":0,"reply_count":0,"retweet_count":0,"favorite_count":0,"entities":{"hashtags":[],"urls":[],"user_mentions":[{"screen_name":"NJGov","name":"New Jersey","id":984819646082797568,"id_str":"984819646082797568","indices":[3,9]}],"symbols":[],"media":[{"id":1248657062969647111,"id_str":"1248657062969647111","indices":[85,108],"media_url":"http:\/\/pbs.twimg.com\/media\/EVQe-6yWoAc4R63.jpg","media_url_https":"https:\/\/pbs.twimg.com\/media\/EVQe-6yWoAc4R63.jpg","url":"https:\/\/t.co\/xiOLEghtad","display_url":"pic.twitter.com\/xiOLEghtad","expanded_url":"https:\/\/twitter.com\/NJGov\/status\/1248657138395815936\/photo\/1","type":"photo","sizes":{"medium":{"w":1200,"h":600,"resize":"fit"},"large":{"w":2000,"h":1000,"resize":"fit"},"thumb":{"w":150,"h":150,"resize":"crop"},"small":{"w":680,"h":340,"resize":"fit"}},"source_status_id":1248657138395815936,"source_status_id_str":"1248657138395815936","source_user_id":984819646082797568,"source_user_id_str":"984819646082797568"}]},"extended_entities":{"media":[{"id":1248657062969647111,"id_str":"1248657062969647111","indices":[85,108],"media_url":"http:\/\/pbs.twimg.com\/media\/EVQe-6yWoAc4R63.jpg","media_url_https":"https:\/\/pbs.twimg.com\/media\/EVQe-6yWoAc4R63.jpg","url":"https:\/\/t.co\/xiOLEghtad","display_url":"pic.twitter.com\/xiOLEghtad","expanded_url":"https:\/\/twitter.com\/NJGov\/status\/1248657138395815936\/photo\/1","type":"photo","sizes":{"medium":{"w":1200,"h":600,"resize":"fit"},"large":{"w":2000,"h":1000,"resize":"fit"},"thumb":{"w":150,"h":150,"resize":"crop"},"small":{"w":680,"h":340,"resize":"fit"}},"source_status_id":1248657138395815936,"source_status_id_str":"1248657138395815936","source_user_id":984819646082797568,"source_user_id_str":"984819646082797568"}]},"favorited":false,"retweeted":false,"possibly_sensitive":false,"filter_level":"low","lang":"en","timestamp_ms":"1586538238660"}
