{"created_at":"Fri Apr 10 17:03:56 +0000 2020","id":1248657982633553921,"id_str":"1248657982633553921","text":"RT @y_m_a_d_rin: \u306a\u306bwww\n\n\u30ab\u30e1\u30e9\u72ec\u5360\u3057\u3059\u304e\u3084\u3093www https:\/\/t.co\/kTa9nSxDPd","source":"\u003ca href=\"http:\/\/twitter.com\/download\/iphone\" rel=\"nofollow\"\u003eTwitter for iPhone\u003c\/a\u003e","truncated":false,"in_reply_to_status_id":null,"in_reply_to_status_id_str":null,"in_reply_to_user_id":null,"in_reply_to_user_id_str":null,"in_reply_to_screen_name":null,"user":{"id":968005593771384832,"id_str":"968005593771384832","name":"\u3084\u307e\u3061\u3083\u3093","screen_name":"3SBXuVDi8ErQfmz","location":"\u65e5\u672c ","url":null,"description":null,"translator_type":"none","protected":false,"verified":false,"followers_count":53,"friends_count":116,"listed_count":0,"favourites_count":9885,"statuses_count":393,"created_at":"Mon Feb 26 06:11:33 +0000 2018","utc_offset":null,"time_zone":null,"geo_enabled":false,"lang":null,"contributors_enabled":false,"is_translator":false,"profile_background_color":"F5F8FA","profile_background_image_url":"","profile_background_image_url_https":"","profile_background_tile":false,"profile_link_color":"1DA1F2","profile_sidebar_border_color":"C0DEED","profile_sidebar_fill_color":"DDEEF6","profile_text_color":"333333","profile_use_background_image":true,"profile_image_url":"http:\/\/pbs.twimg.com\/profile_images\/1211994598496595968\/UHicC54y_normal.jpg","profile_image_url_https":"https:\/\/pbs.twimg.com\/profile_images\/1211994598496595968\/UHicC54y_normal.jpg","profile_banner_url":"https:\/\/pbs.twimg.com\/profile_banners\/968005593771384832\/1582692418","default_profile":true,"default_profile_image":false,"following":null,"follow_request_sent":null,"notifications":null},"geo":null,"coordinates":null,"place":null,"contributors":null,"retweeted_status":{"created_at":"Fri Apr 10 08:10:42 +0000 2020","id":1248523790985789442,"id_str":"1248523790985789442","text":"\u306a\u306bwww\n\n\u30ab\u30e1\u30e9\u72ec\u5360\u3057\u3059\u304e\u3084\u3093www https:\/\/t.co\/kTa9nSxDPd","display_text_range":[0,20],"source":"\u003ca href=\"http:\/\/twitter.com\/download\/iphone\" rel=\"nofollow\"\u003eTwitter for iPhone\u003c\/a\u003e","truncated":false,"in_reply_to_status_id":null,"in_reply_to_status_id_str":null,"in_reply_to_user_id":null,"in_reply_to_user_id_str":null,"in_reply_to_screen_name":null,"user":{"id":4421957834,"id_str":"4421957834","name":"\u30a4\u30c1\u30b4\u307e\u308a\u3093\u3002","screen_name":"y_m_a_d_rin","location":"\u3042\u3001JUMP\u3061\u3083\u3093\u3068\u540c\u3058\u5730\u7403\u3067\u3059\ud83d\ude4b\u200d\u2640\ufe0f","url":"http:\/\/twpf.jp\/y_m_a_d_rin","description":"\u5c71\u7530\u3055\u3093\u3063\u3066\u4f55\u3067\u3042\u3093\u306a\u306b\u53ef\u611b\u3044\u306e\uff1f\uff1f @y__m_rin","translator_type":"none","protected":false,"verified":false,"followers_count":7946,"friends_count":373,"listed_count":50,"favourites_count":36747,"statuses_count":87922,"created_at":"Tue Dec 01 15:59:21 +0000 2015","utc_offset":null,"time_zone":null,"geo_enabled":true,"lang":null,"contributors_enabled":false,"is_translator":false,"profile_background_color":"000000","profile_background_image_url":"http:\/\/abs.twimg.com\/images\/themes\/theme1\/bg.png","profile_background_image_url_https":"https:\/\/abs.twimg.com\/images\/themes\/theme1\/bg.png","profile_background_tile":false,"profile_link_color":"ED0000","profile_sidebar_border_color":"000000","profile_sidebar_fill_color":"000000","profile_text_color":"000000","profile_use_background_image":false,"profile_image_url":"http:\/\/pbs.twimg.com\/profile_images\/1245007897697718273\/tEVgLJ4b_normal.jpg","profile_image_url_https":"https:\/\/pbs.twimg.com\/profile_images\/1245007897697718273\/tEVgLJ4b_normal.jpg","profile_banner_url":"https:\/\/pbs.twimg.com\/profile_banners\/4421957834\/1585669629","default_profile":false,"default_profile_image":false,"following":null,"follow_request_sent":null,"notifications":null},"geo":null,"coordinates":null,"place":null,"contributors":null,"is_quote_status":false,"quote_count":2,"reply_count":1,"retweet_count":28,"favorite_count":298,"entities":{"hashtags":[],"urls":[],"user_mentions":[],"symbols":[],"media":[{"id":1248523766755282944,"id_str":"1248523766755282944","indices":[21,44],"additional_media_info":{"monetizable":false},"media_url":"http:\/\/pbs.twimg.com\/ext_tw_video_thumb\/1248523766755282944\/pu\/img\/dkFGUw6VCkZKcY80.jpg","media_url_https":"https:\/\/pbs.twimg.com\/ext_tw_video_thumb\/1248523766755282944\/pu\/img\/dkFGUw6VCkZKcY80.jpg","url":"https:\/\/t.co\/kTa9nSxDPd","display_url":"pic.twitter.com\/kTa9nSxDPd","expanded_url":"https:\/\/twitter.com\/y_m_a_d_rin\/status\/1248523790985789442\/video\/1","type":"photo","sizes":{"thumb":{"w":150,"h":150,"resize":"crop"},"medium":{"w":1200,"h":675,"resize":"fit"},"small":{"w":680,"h":383,"resize":"fit"},"large":{"w":1280,"h":720,"resize":"fit"}}}]},"extended_entities":{"media":[{"id":1248523766755282944,"id_str":"1248523766755282944","indices":[21,44],"additional_media_info":{"monetizable":false},"media_url":"http:\/\/pbs.twimg.com\/ext_tw_video_thumb\/1248523766755282944\/pu\/img\/dkFGUw6VCkZKcY80.jpg","media_url_https":"https:\/\/pbs.twimg.com\/ext_tw_video_thumb\/1248523766755282944\/pu\/img\/dkFGUw6VCkZKcY80.jpg","url":"https:\/\/t.co\/kTa9nSxDPd","display_url":"pic.twitter.com\/kTa9nSxDPd","expanded_url":"https:\/\/twitter.com\/y_m_a_d_rin\/status\/1248523790985789442\/video\/1","type":"video","video_info":{"aspect_ratio":[16,9],"duration_millis":12157,"variants":[{"bitrate":256000,"content_type":"video\/mp4","url":"https:\/\/video.twimg.com\/ext_tw_video\/1248523766755282944\/pu\/vid\/480x270\/2-VB7geEj4V6W05K.mp4?tag=10"},{"bitrate":2176000,"content_type":"video\/mp4","url":"https:\/\/video.twimg.com\/ext_tw_video\/1248523766755282944\/pu\/vid\/1280x720\/VxPLC-MEfBdhDbg2.mp4?tag=10"},{"bitrate":832000,"content_type":"video\/mp4","url":"https:\/\/video.twimg.com\/ext_tw_video\/1248523766755282944\/pu\/vid\/640x360\/gAyt5MRENXrLqDey.mp4?tag=10"},{"content_type":"application\/x-mpegURL","url":"https:\/\/video.twimg.com\/ext_tw_video\/1248523766755282944\/pu\/pl\/ViJEX14wNgy0SOpV.m3u8?tag=10"}]},"sizes":{"thumb":{"w":150,"h":150,"resize":"crop"},"medium":{"w":1200,"h":675,"resize":"fit"},"small":{"w":680,"h":383,"resize":"fit"},"large":{"w":1280,"h":720,"resize":"fit"}}}]},"favorited":false,"retweeted":false,"possibly_sensitive":false,"filter_level":"low","lang":"ja"},"is_quote_status":false,"quote_count":0,"reply_count":0,"retweet_count":0,"favorite_count":0,"entities":{"hashtags":[],"urls":[],"user_mentions":[{"screen_name":"y_m_a_d_rin","name":"\u30a4\u30c1\u30b4\u307e\u308a\u3093\u3002","id":4421957834,"id_str":"4421957834","indices":[3,15]}],"symbols":[],"media":[{"id":1248523766755282944,"id_str":"1248523766755282944","indices":[38,61],"additional_media_info":{"monetizable":false},"media_url":"http:\/\/pbs.twimg.com\/ext_tw_video_thumb\/1248523766755282944\/pu\/img\/dkFGUw6VCkZKcY80.jpg","media_url_https":"https:\/\/pbs.twimg.com\/ext_tw_video_thumb\/1248523766755282944\/pu\/img\/dkFGUw6VCkZKcY80.jpg","url":"https:\/\/t.co\/kTa9nSxDPd","display_url":"pic.twitter.com\/kTa9nSxDPd","expanded_url":"https:\/\/twitter.com\/y_m_a_d_rin\/status\/1248523790985789442\/video\/1","type":"photo","sizes":{"thumb":{"w":150,"h":150,"resize":"crop"},"medium":{"w":1200,"h":675,"resize":"fit"},"small":{"w":680,"h":383,"resize":"fit"},"large":{"w":1280,"h":720,"resize":"fit"}},"source_status_id":1248523790985789442,"source_status_id_str":"1248523790985789442","source_user_id":4421957834,"source_user_id_str":"4421957834"}]},"extended_entities":{"media":[{"id":1248523766755282944,"id_str":"1248523766755282944","indices":[38,61],"additional_media_info":{"monetizable":false},"media_url":"http:\/\/pbs.twimg.com\/ext_tw_video_thumb\/1248523766755282944\/pu\/img\/dkFGUw6VCkZKcY80.jpg","media_url_https":"https:\/\/pbs.twimg.com\/ext_tw_video_thumb\/1248523766755282944\/pu\/img\/dkFGUw6VCkZKcY80.jpg","url":"https:\/\/t.co\/kTa9nSxDPd","display_url":"pic.twitter.com\/kTa9nSxDPd","expanded_url":"https:\/\/twitter.com\/y_m_a_d_rin\/status\/1248523790985789442\/video\/1","type":"video","video_info":{"aspect_ratio":[16,9],"duration_millis":12157,"variants":[{"bitrate":256000,"content_type":"video\/mp4","url":"https:\/\/video.twimg.com\/ext_tw_video\/1248523766755282944\/pu\/vid\/480x270\/2-VB7geEj4V6W05K.mp4?tag=10"},{"bitrate":2176000,"content_type":"video\/mp4","url":"https:\/\/video.twimg.com\/ext_tw_video\/1248523766755282944\/pu\/vid\/1280x720\/VxPLC-MEfBdhDbg2.mp4?tag=10"},{"bitrate":832000,"content_type":"video\/mp4","url":"https:\/\/video.twimg.com\/ext_tw_video\/1248523766755282944\/pu\/vid\/640x360\/gAyt5MRENXrLqDey.mp4?tag=10"},{"content_type":"application\/x-mpegURL","url":"https:\/\/video.twimg.com\/ext_tw_video\/1248523766755282944\/pu\/pl\/ViJEX14wNgy0SOpV.m3u8?tag=10"}]},"sizes":{"thumb":{"w":150,"h":150,"resize":"crop"},"medium":{"w":1200,"h":675,"resize":"fit"},"small":{"w":680,"h":383,"resize":"fit"},"large":{"w":1280,"h":720,"resize":"fit"}},"source_status_id":1248523790985789442,"source_status_id_str":"1248523790985789442","source_user_id":4421957834,"source_user_id_str":"4421957834"}]},"favorited":false,"retweeted":false,"possibly_sensitive":false,"filter_level":"low","lang":"ja","timestamp_ms":"1586538236660"}
