{"created_at":"Fri Apr 10 17:03:55 +0000 2020","id":1248657978460385280,"id_str":"1248657978460385280","text":"RT @lunar7boy2: \u00ab\u00a0Attention ! Des pickpockets peuvent \u00eatre pr\u00e9sents \u00e0 bord de votre train.\u00a0\u00bb","source":"\u003ca href=\"http:\/\/twitter.com\/download\/iphone\" rel=\"nofollow\"\u003eTwitter for iPhone\u003c\/a\u003e","truncated":false,"in_reply_to_status_id":null,"in_reply_to_status_id_str":null,"in_reply_to_user_id":null,"in_reply_to_user_id_str":null,"in_reply_to_screen_name":null,"user":{"id":1151906057251426307,"id_str":"1151906057251426307","name":"Miss","screen_name":"fooziiaa","location":"Sint-Pieters-Leeuw, Belgique ","url":null,"description":"1738\ud83e\udd40","translator_type":"none","protected":false,"verified":false,"followers_count":725,"friends_count":461,"listed_count":0,"favourites_count":20655,"statuses_count":14217,"created_at":"Thu Jul 18 17:26:20 +0000 2019","utc_offset":null,"time_zone":null,"geo_enabled":false,"lang":null,"contributors_enabled":false,"is_translator":false,"profile_background_color":"F5F8FA","profile_background_image_url":"","profile_background_image_url_https":"","profile_background_tile":false,"profile_link_color":"1DA1F2","profile_sidebar_border_color":"C0DEED","profile_sidebar_fill_color":"DDEEF6","profile_text_color":"333333","profile_use_background_image":true,"profile_image_url":"http:\/\/pbs.twimg.com\/profile_images\/1247625968237318146\/0FXxv9b1_normal.jpg","profile_image_url_https":"https:\/\/pbs.twimg.com\/profile_images\/1247625968237318146\/0FXxv9b1_normal.jpg","profile_banner_url":"https:\/\/pbs.twimg.com\/profile_banners\/1151906057251426307\/1583443790","default_profile":true,"default_profile_image":false,"following":null,"follow_request_sent":null,"notifications":null},"geo":null,"coordinates":null,"place":null,"contributors":null,"retweeted_status":{"created_at":"Fri Apr 10 04:24:44 +0000 2020","id":1248466921156042762,"id_str":"1248466921156042762","text":"\u00ab\u00a0Attention ! Des pickpockets peuvent \u00eatre pr\u00e9sents \u00e0 bord de votre train.\u00a0\u00bb","source":"\u003ca href=\"http:\/\/twitter.com\/download\/iphone\" rel=\"nofollow\"\u003eTwitter for iPhone\u003c\/a\u003e","truncated":false,"in_reply_to_status_id":null,"in_reply_to_status_id_str":null,"in_reply_to_user_id":null,"in_reply_to_user_id_str":null,"in_reply_to_screen_name":null,"user":{"id":1224807523527643137,"id_str":"1224807523527643137","name":"MAGMA \ud83c\udf0b","screen_name":"lunar7boy2","location":"Kumogakure no Sato","url":"http:\/\/brazza.fr","description":"me dm pas je pr\u00e9f\u00e8re Dieu","translator_type":"none","protected":false,"verified":false,"followers_count":803,"friends_count":251,"listed_count":0,"favourites_count":5539,"statuses_count":4605,"created_at":"Tue Feb 04 21:30:53 +0000 2020","utc_offset":null,"time_zone":null,"geo_enabled":false,"lang":null,"contributors_enabled":false,"is_translator":false,"profile_background_color":"F5F8FA","profile_background_image_url":"","profile_background_image_url_https":"","profile_background_tile":false,"profile_link_color":"1DA1F2","profile_sidebar_border_color":"C0DEED","profile_sidebar_fill_color":"DDEEF6","profile_text_color":"333333","profile_use_background_image":true,"profile_image_url":"http:\/\/pbs.twimg.com\/profile_images\/1248619508832428035\/TJ9x9VVI_normal.jpg","profile_image_url_https":"https:\/\/pbs.twimg.com\/profile_images\/1248619508832428035\/TJ9x9VVI_normal.jpg","profile_banner_url":"https:\/\/pbs.twimg.com\/profile_banners\/1224807523527643137\/1586528669","default_profile":true,"default_profile_image":false,"following":null,"follow_request_sent":null,"notifications":null},"geo":null,"coordinates":null,"place":null,"contributors":null,"quoted_status_id":1247608507718868992,"quoted_status_id_str":"1247608507718868992","quoted_status":{"created_at":"Tue Apr 07 19:33:42 +0000 2020","id":1247608507718868992,"id_str":"1247608507718868992","text":"Bomboclaat https:\/\/t.co\/lTnTAemtYO","display_text_range":[0,10],"source":"\u003ca href=\"http:\/\/twitter.com\/download\/iphone\" rel=\"nofollow\"\u003eTwitter for iPhone\u003c\/a\u003e","truncated":false,"in_reply_to_status_id":null,"in_reply_to_status_id_str":null,"in_reply_to_user_id":null,"in_reply_to_user_id_str":null,"in_reply_to_screen_name":null,"user":{"id":1049697443485556736,"id_str":"1049697443485556736","name":"OUMOU","screen_name":"aissatatll","location":null,"url":"https:\/\/www.instagram.com\/aissataatll\/","description":"R\u00e9publique Islamique de Mauritanie","translator_type":"none","protected":false,"verified":false,"followers_count":621,"friends_count":354,"listed_count":0,"favourites_count":41700,"statuses_count":15893,"created_at":"Tue Oct 09 16:25:47 +0000 2018","utc_offset":null,"time_zone":null,"geo_enabled":true,"lang":null,"contributors_enabled":false,"is_translator":false,"profile_background_color":"000000","profile_background_image_url":"http:\/\/abs.twimg.com\/images\/themes\/theme1\/bg.png","profile_background_image_url_https":"https:\/\/abs.twimg.com\/images\/themes\/theme1\/bg.png","profile_background_tile":false,"profile_link_color":"1B95E0","profile_sidebar_border_color":"000000","profile_sidebar_fill_color":"000000","profile_text_color":"000000","profile_use_background_image":false,"profile_image_url":"http:\/\/pbs.twimg.com\/profile_images\/1248418016661921793\/9uwmSzSU_normal.jpg","profile_image_url_https":"https:\/\/pbs.twimg.com\/profile_images\/1248418016661921793\/9uwmSzSU_normal.jpg","profile_banner_url":"https:\/\/pbs.twimg.com\/profile_banners\/1049697443485556736\/1586465145","default_profile":false,"default_profile_image":false,"following":null,"follow_request_sent":null,"notifications":null},"geo":null,"coordinates":null,"place":null,"contributors":null,"is_quote_status":false,"quote_count":710,"reply_count":26,"retweet_count":279,"favorite_count":841,"entities":{"hashtags":[],"urls":[],"user_mentions":[],"symbols":[],"media":[{"id":1247608483953901570,"id_str":"1247608483953901570","indices":[11,34],"additional_media_info":{"monetizable":false},"media_url":"http:\/\/pbs.twimg.com\/ext_tw_video_thumb\/1247608483953901570\/pu\/img\/yQ0pQ24Qu0brSR9k.jpg","media_url_https":"https:\/\/pbs.twimg.com\/ext_tw_video_thumb\/1247608483953901570\/pu\/img\/yQ0pQ24Qu0brSR9k.jpg","url":"https:\/\/t.co\/lTnTAemtYO","display_url":"pic.twitter.com\/lTnTAemtYO","expanded_url":"https:\/\/twitter.com\/aissatatll\/status\/1247608507718868992\/video\/1","type":"photo","sizes":{"thumb":{"w":150,"h":150,"resize":"crop"},"medium":{"w":1200,"h":675,"resize":"fit"},"small":{"w":680,"h":383,"resize":"fit"},"large":{"w":1280,"h":720,"resize":"fit"}}}]},"extended_entities":{"media":[{"id":1247608483953901570,"id_str":"1247608483953901570","indices":[11,34],"additional_media_info":{"monetizable":false},"media_url":"http:\/\/pbs.twimg.com\/ext_tw_video_thumb\/1247608483953901570\/pu\/img\/yQ0pQ24Qu0brSR9k.jpg","media_url_https":"https:\/\/pbs.twimg.com\/ext_tw_video_thumb\/1247608483953901570\/pu\/img\/yQ0pQ24Qu0brSR9k.jpg","url":"https:\/\/t.co\/lTnTAemtYO","display_url":"pic.twitter.com\/lTnTAemtYO","expanded_url":"https:\/\/twitter.com\/aissatatll\/status\/1247608507718868992\/video\/1","type":"video","video_info":{"aspect_ratio":[16,9],"duration_millis":2553,"variants":[{"bitrate":832000,"content_type":"video\/mp4","url":"https:\/\/video.twimg.com\/ext_tw_video\/1247608483953901570\/pu\/vid\/640x360\/l2hH7TEQ1m5qNn9s.mp4?tag=10"},{"bitrate":256000,"content_type":"video\/mp4","url":"https:\/\/video.twimg.com\/ext_tw_video\/1247608483953901570\/pu\/vid\/480x270\/UtaUaeJLbQ434uv6.mp4?tag=10"},{"bitrate":2176000,"content_type":"video\/mp4","url":"https:\/\/video.twimg.com\/ext_tw_video\/1247608483953901570\/pu\/vid\/1280x720\/kJgPKzSJfLC7hPtn.mp4?tag=10"},{"content_type":"application\/x-mpegURL","url":"https:\/\/video.twimg.com\/ext_tw_video\/1247608483953901570\/pu\/pl\/wCVWbMYCgkDqXydb.m3u8?tag=10"}]},"sizes":{"thumb":{"w":150,"h":150,"resize":"crop"},"medium":{"w":1200,"h":675,"resize":"fit"},"small":{"w":680,"h":383,"resize":"fit"},"large":{"w":1280,"h":720,"resize":"fit"}}}]},"favorited":false,"retweeted":false,"possibly_sensitive":false,"filter_level":"low","lang":"in"},"quoted_status_permalink":{"url":"https:\/\/t.co\/jL08MyFWMX","expanded":"https:\/\/twitter.com\/aissatatll\/status\/1247608507718868992","display":"twitter.com\/aissatatll\/sta\u2026"},"is_quote_status":true,"quote_count":8,"reply_count":5,"retweet_count":1056,"favorite_count":1659,"entities":{"hashtags":[],"urls":[],"user_mentions":[],"symbols":[]},"favorited":false,"retweeted":false,"filter_level":"low","lang":"fr"},"quoted_status_id":1247608507718868992,"quoted_status_id_str":"1247608507718868992","quoted_status":{"created_at":"Tue Apr 07 19:33:42 +0000 2020","id":1247608507718868992,"id_str":"1247608507718868992","text":"Bomboclaat https:\/\/t.co\/lTnTAemtYO","display_text_range":[0,10],"source":"\u003ca href=\"http:\/\/twitter.com\/download\/iphone\" rel=\"nofollow\"\u003eTwitter for iPhone\u003c\/a\u003e","truncated":false,"in_reply_to_status_id":null,"in_reply_to_status_id_str":null,"in_reply_to_user_id":null,"in_reply_to_user_id_str":null,"in_reply_to_screen_name":null,"user":{"id":1049697443485556736,"id_str":"1049697443485556736","name":"OUMOU","screen_name":"aissatatll","location":null,"url":"https:\/\/www.instagram.com\/aissataatll\/","description":"R\u00e9publique Islamique de Mauritanie","translator_type":"none","protected":false,"verified":false,"followers_count":621,"friends_count":354,"listed_count":0,"favourites_count":41700,"statuses_count":15893,"created_at":"Tue Oct 09 16:25:47 +0000 2018","utc_offset":null,"time_zone":null,"geo_enabled":true,"lang":null,"contributors_enabled":false,"is_translator":false,"profile_background_color":"000000","profile_background_image_url":"http:\/\/abs.twimg.com\/images\/themes\/theme1\/bg.png","profile_background_image_url_https":"https:\/\/abs.twimg.com\/images\/themes\/theme1\/bg.png","profile_background_tile":false,"profile_link_color":"1B95E0","profile_sidebar_border_color":"000000","profile_sidebar_fill_color":"000000","profile_text_color":"000000","profile_use_background_image":false,"profile_image_url":"http:\/\/pbs.twimg.com\/profile_images\/1248418016661921793\/9uwmSzSU_normal.jpg","profile_image_url_https":"https:\/\/pbs.twimg.com\/profile_images\/1248418016661921793\/9uwmSzSU_normal.jpg","profile_banner_url":"https:\/\/pbs.twimg.com\/profile_banners\/1049697443485556736\/1586465145","default_profile":false,"default_profile_image":false,"following":null,"follow_request_sent":null,"notifications":null},"geo":null,"coordinates":null,"place":null,"contributors":null,"is_quote_status":false,"quote_count":710,"reply_count":26,"retweet_count":279,"favorite_count":841,"entities":{"hashtags":[],"urls":[],"user_mentions":[],"symbols":[],"media":[{"id":1247608483953901570,"id_str":"1247608483953901570","indices":[11,34],"additional_media_info":{"monetizable":false},"media_url":"http:\/\/pbs.twimg.com\/ext_tw_video_thumb\/1247608483953901570\/pu\/img\/yQ0pQ24Qu0brSR9k.jpg","media_url_https":"https:\/\/pbs.twimg.com\/ext_tw_video_thumb\/1247608483953901570\/pu\/img\/yQ0pQ24Qu0brSR9k.jpg","url":"https:\/\/t.co\/lTnTAemtYO","display_url":"pic.twitter.com\/lTnTAemtYO","expanded_url":"https:\/\/twitter.com\/aissatatll\/status\/1247608507718868992\/video\/1","type":"photo","sizes":{"thumb":{"w":150,"h":150,"resize":"crop"},"medium":{"w":1200,"h":675,"resize":"fit"},"small":{"w":680,"h":383,"resize":"fit"},"large":{"w":1280,"h":720,"resize":"fit"}}}]},"extended_entities":{"media":[{"id":1247608483953901570,"id_str":"1247608483953901570","indices":[11,34],"additional_media_info":{"monetizable":false},"media_url":"http:\/\/pbs.twimg.com\/ext_tw_video_thumb\/1247608483953901570\/pu\/img\/yQ0pQ24Qu0brSR9k.jpg","media_url_https":"https:\/\/pbs.twimg.com\/ext_tw_video_thumb\/1247608483953901570\/pu\/img\/yQ0pQ24Qu0brSR9k.jpg","url":"https:\/\/t.co\/lTnTAemtYO","display_url":"pic.twitter.com\/lTnTAemtYO","expanded_url":"https:\/\/twitter.com\/aissatatll\/status\/1247608507718868992\/video\/1","type":"video","video_info":{"aspect_ratio":[16,9],"duration_millis":2553,"variants":[{"bitrate":832000,"content_type":"video\/mp4","url":"https:\/\/video.twimg.com\/ext_tw_video\/1247608483953901570\/pu\/vid\/640x360\/l2hH7TEQ1m5qNn9s.mp4?tag=10"},{"bitrate":256000,"content_type":"video\/mp4","url":"https:\/\/video.twimg.com\/ext_tw_video\/1247608483953901570\/pu\/vid\/480x270\/UtaUaeJLbQ434uv6.mp4?tag=10"},{"bitrate":2176000,"content_type":"video\/mp4","url":"https:\/\/video.twimg.com\/ext_tw_video\/1247608483953901570\/pu\/vid\/1280x720\/kJgPKzSJfLC7hPtn.mp4?tag=10"},{"content_type":"application\/x-mpegURL","url":"https:\/\/video.twimg.com\/ext_tw_video\/1247608483953901570\/pu\/pl\/wCVWbMYCgkDqXydb.m3u8?tag=10"}]},"sizes":{"thumb":{"w":150,"h":150,"resize":"crop"},"medium":{"w":1200,"h":675,"resize":"fit"},"small":{"w":680,"h":383,"resize":"fit"},"large":{"w":1280,"h":720,"resize":"fit"}}}]},"favorited":false,"retweeted":false,"possibly_sensitive":false,"filter_level":"low","lang":"in"},"quoted_status_permalink":{"url":"https:\/\/t.co\/jL08MyFWMX","expanded":"https:\/\/twitter.com\/aissatatll\/status\/1247608507718868992","display":"twitter.com\/aissatatll\/sta\u2026"},"is_quote_status":true,"quote_count":0,"reply_count":0,"retweet_count":0,"favorite_count":0,"entities":{"hashtags":[],"urls":[],"user_mentions":[{"screen_name":"lunar7boy2","name":"MAGMA \ud83c\udf0b","id":1224807523527643137,"id_str":"1224807523527643137","indices":[3,14]}],"symbols":[]},"favorited":false,"retweeted":false,"filter_level":"low","lang":"fr","timestamp_ms":"1586538235665"}
