{"created_at":"Fri Apr 10 17:03:55 +0000 2020","id":1248657978464575488,"id_str":"1248657978464575488","text":"RT @Aqua2650: Muy buenos d\u00edas con todos, en este tuit pondr\u00e9 contactos de lugares donde puedan adquirir OX\u00cdGENO en GUAYAQUIL, si saben de m\u2026","source":"\u003ca href=\"http:\/\/twitter.com\/download\/iphone\" rel=\"nofollow\"\u003eTwitter for iPhone\u003c\/a\u003e","truncated":false,"in_reply_to_status_id":null,"in_reply_to_status_id_str":null,"in_reply_to_user_id":null,"in_reply_to_user_id_str":null,"in_reply_to_screen_name":null,"user":{"id":2361063730,"id_str":"2361063730","name":"Bel\u00e8n Calupina","screen_name":"nenacalupina","location":"Quito","url":null,"description":"Amante de los animales\ud83d\udc36\ud83d\udc25\ud83e\udd8b. Ing. Comercio Exterior. Abogada. Libertad para elegir\ud83c\udff3\ufe0f\u200d\ud83c\udf08","translator_type":"none","protected":false,"verified":false,"followers_count":303,"friends_count":1311,"listed_count":0,"favourites_count":11575,"statuses_count":11131,"created_at":"Sun Feb 23 15:47:27 +0000 2014","utc_offset":null,"time_zone":null,"geo_enabled":true,"lang":null,"contributors_enabled":false,"is_translator":false,"profile_background_color":"1A1B1F","profile_background_image_url":"http:\/\/abs.twimg.com\/images\/themes\/theme9\/bg.gif","profile_background_image_url_https":"https:\/\/abs.twimg.com\/images\/themes\/theme9\/bg.gif","profile_background_tile":false,"profile_link_color":"2FC2EF","profile_sidebar_border_color":"FFFFFF","profile_sidebar_fill_color":"252429","profile_text_color":"666666","profile_use_background_image":true,"profile_image_url":"http:\/\/pbs.twimg.com\/profile_images\/1248273116301627397\/RiJzVPc4_normal.jpg","profile_image_url_https":"https:\/\/pbs.twimg.com\/profile_images\/1248273116301627397\/RiJzVPc4_normal.jpg","profile_banner_url":"https:\/\/pbs.twimg.com\/profile_banners\/2361063730\/1548527905","default_profile":false,"default_profile_image":false,"following":null,"follow_request_sent":null,"notifications":null},"geo":null,"coordinates":null,"place":null,"contributors":null,"retweeted_status":{"created_at":"Fri Apr 10 12:46:35 +0000 2020","id":1248593219446870017,"id_str":"1248593219446870017","text":"Muy buenos d\u00edas con todos, en este tuit pondr\u00e9 contactos de lugares donde puedan adquirir OX\u00cdGENO en GUAYAQUIL, si\u2026 https:\/\/t.co\/PN6dKdPzBW","display_text_range":[0,140],"source":"\u003ca href=\"http:\/\/twitter.com\/download\/android\" rel=\"nofollow\"\u003eTwitter for Android\u003c\/a\u003e","truncated":true,"in_reply_to_status_id":null,"in_reply_to_status_id_str":null,"in_reply_to_user_id":null,"in_reply_to_user_id_str":null,"in_reply_to_screen_name":null,"user":{"id":865037844758376449,"id_str":"865037844758376449","name":"Vikinga \ud83d\ude08 \ud83d\udc08\ud83d\udc15\ud83c\udf3b B.S.C\ud83d\udc9b","screen_name":"Aqua2650","location":"Azkaban","url":null,"description":"La discriminaci\u00f3n es la \u00fanica arma que tienen los mediocres para sobresalir.","translator_type":"none","protected":false,"verified":false,"followers_count":6431,"friends_count":2589,"listed_count":14,"favourites_count":136895,"statuses_count":136852,"created_at":"Thu May 18 02:54:28 +0000 2017","utc_offset":null,"time_zone":null,"geo_enabled":false,"lang":null,"contributors_enabled":false,"is_translator":false,"profile_background_color":"F5F8FA","profile_background_image_url":"","profile_background_image_url_https":"","profile_background_tile":false,"profile_link_color":"1DA1F2","profile_sidebar_border_color":"C0DEED","profile_sidebar_fill_color":"DDEEF6","profile_text_color":"333333","profile_use_background_image":true,"profile_image_url":"http:\/\/pbs.twimg.com\/profile_images\/1246161402575892484\/FyyGfuX5_normal.jpg","profile_image_url_https":"https:\/\/pbs.twimg.com\/profile_images\/1246161402575892484\/FyyGfuX5_normal.jpg","profile_banner_url":"https:\/\/pbs.twimg.com\/profile_banners\/865037844758376449\/1559186196","default_profile":true,"default_profile_image":false,"following":null,"follow_request_sent":null,"notifications":null},"geo":null,"coordinates":null,"place":null,"contributors":null,"is_quote_status":false,"extended_tweet":{"full_text":"Muy buenos d\u00edas con todos, en este tuit pondr\u00e9 contactos de lugares donde puedan adquirir OX\u00cdGENO en GUAYAQUIL, si saben de m\u00e1s lugares lo agregan y por favor den #RT. Y deber\u00edan hacer lo mismo con otras provincias pero haciendo otro tuit para no confundir. https:\/\/t.co\/SMq5HSUCbW","display_text_range":[0,257],"entities":{"hashtags":[{"text":"RT","indices":[163,166]}],"urls":[],"user_mentions":[],"symbols":[],"media":[{"id":1248593198764548096,"id_str":"1248593198764548096","indices":[258,281],"media_url":"http:\/\/pbs.twimg.com\/media\/EVPk5iFUYAAncoq.jpg","media_url_https":"https:\/\/pbs.twimg.com\/media\/EVPk5iFUYAAncoq.jpg","url":"https:\/\/t.co\/SMq5HSUCbW","display_url":"pic.twitter.com\/SMq5HSUCbW","expanded_url":"https:\/\/twitter.com\/Aqua2650\/status\/1248593219446870017\/photo\/1","type":"photo","sizes":{"thumb":{"w":150,"h":150,"resize":"crop"},"medium":{"w":1024,"h":328,"resize":"fit"},"large":{"w":1024,"h":328,"resize":"fit"},"small":{"w":680,"h":218,"resize":"fit"}}},{"id":1248593202975608835,"id_str":"1248593202975608835","indices":[258,281],"media_url":"http:\/\/pbs.twimg.com\/media\/EVPk5xxUEAMr1u1.jpg","media_url_https":"https:\/\/pbs.twimg.com\/media\/EVPk5xxUEAMr1u1.jpg","url":"https:\/\/t.co\/SMq5HSUCbW","display_url":"pic.twitter.com\/SMq5HSUCbW","expanded_url":"https:\/\/twitter.com\/Aqua2650\/status\/1248593219446870017\/photo\/1","type":"photo","sizes":{"large":{"w":576,"h":1024,"resize":"fit"},"small":{"w":383,"h":680,"resize":"fit"},"thumb":{"w":150,"h":150,"resize":"crop"},"medium":{"w":576,"h":1024,"resize":"fit"}}},{"id":1248593206607892483,"id_str":"1248593206607892483","indices":[258,281],"media_url":"http:\/\/pbs.twimg.com\/media\/EVPk5_TUUAMhY53.jpg","media_url_https":"https:\/\/pbs.twimg.com\/media\/EVPk5_TUUAMhY53.jpg","url":"https:\/\/t.co\/SMq5HSUCbW","display_url":"pic.twitter.com\/SMq5HSUCbW","expanded_url":"https:\/\/twitter.com\/Aqua2650\/status\/1248593219446870017\/photo\/1","type":"photo","sizes":{"thumb":{"w":150,"h":150,"resize":"crop"},"medium":{"w":609,"h":456,"resize":"fit"},"small":{"w":609,"h":456,"resize":"fit"},"large":{"w":609,"h":456,"resize":"fit"}}},{"id":1248593212249260035,"id_str":"1248593212249260035","indices":[258,281],"media_url":"http:\/\/pbs.twimg.com\/media\/EVPk6UUUwAMzeP1.jpg","media_url_https":"https:\/\/pbs.twimg.com\/media\/EVPk6UUUwAMzeP1.jpg","url":"https:\/\/t.co\/SMq5HSUCbW","display_url":"pic.twitter.com\/SMq5HSUCbW","expanded_url":"https:\/\/twitter.com\/Aqua2650\/status\/1248593219446870017\/photo\/1","type":"photo","sizes":{"thumb":{"w":150,"h":150,"resize":"crop"},"small":{"w":383,"h":680,"resize":"fit"},"medium":{"w":540,"h":960,"resize":"fit"},"large":{"w":540,"h":960,"resize":"fit"}}}]},"extended_entities":{"media":[{"id":1248593198764548096,"id_str":"1248593198764548096","indices":[258,281],"media_url":"http:\/\/pbs.twimg.com\/media\/EVPk5iFUYAAncoq.jpg","media_url_https":"https:\/\/pbs.twimg.com\/media\/EVPk5iFUYAAncoq.jpg","url":"https:\/\/t.co\/SMq5HSUCbW","display_url":"pic.twitter.com\/SMq5HSUCbW","expanded_url":"https:\/\/twitter.com\/Aqua2650\/status\/1248593219446870017\/photo\/1","type":"photo","sizes":{"thumb":{"w":150,"h":150,"resize":"crop"},"medium":{"w":1024,"h":328,"resize":"fit"},"large":{"w":1024,"h":328,"resize":"fit"},"small":{"w":680,"h":218,"resize":"fit"}}},{"id":1248593202975608835,"id_str":"1248593202975608835","indices":[258,281],"media_url":"http:\/\/pbs.twimg.com\/media\/EVPk5xxUEAMr1u1.jpg","media_url_https":"https:\/\/pbs.twimg.com\/media\/EVPk5xxUEAMr1u1.jpg","url":"https:\/\/t.co\/SMq5HSUCbW","display_url":"pic.twitter.com\/SMq5HSUCbW","expanded_url":"https:\/\/twitter.com\/Aqua2650\/status\/1248593219446870017\/photo\/1","type":"photo","sizes":{"large":{"w":576,"h":1024,"resize":"fit"},"small":{"w":383,"h":680,"resize":"fit"},"thumb":{"w":150,"h":150,"resize":"crop"},"medium":{"w":576,"h":1024,"resize":"fit"}}},{"id":1248593206607892483,"id_str":"1248593206607892483","indices":[258,281],"media_url":"http:\/\/pbs.twimg.com\/media\/EVPk5_TUUAMhY53.jpg","media_url_https":"https:\/\/pbs.twimg.com\/media\/EVPk5_TUUAMhY53.jpg","url":"https:\/\/t.co\/SMq5HSUCbW","display_url":"pic.twitter.com\/SMq5HSUCbW","expanded_url":"https:\/\/twitter.com\/Aqua2650\/status\/1248593219446870017\/photo\/1","type":"photo","sizes":{"thumb":{"w":150,"h":150,"resize":"crop"},"medium":{"w":609,"h":456,"resize":"fit"},"small":{"w":609,"h":456,"resize":"fit"},"large":{"w":609,"h":456,"resize":"fit"}}},{"id":1248593212249260035,"id_str":"1248593212249260035","indices":[258,281],"media_url":"http:\/\/pbs.twimg.com\/media\/EVPk6UUUwAMzeP1.jpg","media_url_https":"https:\/\/pbs.twimg.com\/media\/EVPk6UUUwAMzeP1.jpg","url":"https:\/\/t.co\/SMq5HSUCbW","display_url":"pic.twitter.com\/SMq5HSUCbW","expanded_url":"https:\/\/twitter.com\/Aqua2650\/status\/1248593219446870017\/photo\/1","type":"photo","sizes":{"thumb":{"w":150,"h":150,"resize":"crop"},"small":{"w":383,"h":680,"resize":"fit"},"medium":{"w":540,"h":960,"resize":"fit"},"large":{"w":540,"h":960,"resize":"fit"}}}]}},"quote_count":3,"reply_count":2,"retweet_count":70,"favorite_count":36,"entities":{"hashtags":[],"urls":[{"url":"https:\/\/t.co\/PN6dKdPzBW","expanded_url":"https:\/\/twitter.com\/i\/web\/status\/1248593219446870017","display_url":"twitter.com\/i\/web\/status\/1\u2026","indices":[116,139]}],"user_mentions":[],"symbols":[]},"favorited":false,"retweeted":false,"possibly_sensitive":false,"filter_level":"low","lang":"es"},"is_quote_status":false,"quote_count":0,"reply_count":0,"retweet_count":0,"favorite_count":0,"entities":{"hashtags":[],"urls":[],"user_mentions":[{"screen_name":"Aqua2650","name":"Vikinga \ud83d\ude08 \ud83d\udc08\ud83d\udc15\ud83c\udf3b B.S.C\ud83d\udc9b","id":865037844758376449,"id_str":"865037844758376449","indices":[3,12]}],"symbols":[]},"favorited":false,"retweeted":false,"filter_level":"low","lang":"es","timestamp_ms":"1586538235666"}
