{"created_at":"Fri Apr 10 17:03:49 +0000 2020","id":1248657953261064192,"id_str":"1248657953261064192","text":"RT @JosendeGustavo: For\u00e7a Presidente @jairbolsonaro ! https:\/\/t.co\/gbPcIWZM3D","source":"\u003ca href=\"http:\/\/twitter.com\/download\/android\" rel=\"nofollow\"\u003eTwitter for Android\u003c\/a\u003e","truncated":false,"in_reply_to_status_id":null,"in_reply_to_status_id_str":null,"in_reply_to_user_id":null,"in_reply_to_user_id_str":null,"in_reply_to_screen_name":null,"user":{"id":1203675720586866688,"id_str":"1203675720586866688","name":"Thomerson Santar\u00e9m","screen_name":"ThomersonS","location":null,"url":null,"description":"....e conhecereis a verdade e a verdade vos libertar\u00e1!! Jo 8\ud83c\udde7\ud83c\uddf7\ud83c\udde7\ud83c\uddf7\ud83c\udde7\ud83c\uddf7\ud83d\ude0e","translator_type":"none","protected":false,"verified":false,"followers_count":1099,"friends_count":1773,"listed_count":0,"favourites_count":5093,"statuses_count":1960,"created_at":"Sun Dec 08 14:00:52 +0000 2019","utc_offset":null,"time_zone":null,"geo_enabled":false,"lang":null,"contributors_enabled":false,"is_translator":false,"profile_background_color":"F5F8FA","profile_background_image_url":"","profile_background_image_url_https":"","profile_background_tile":false,"profile_link_color":"1DA1F2","profile_sidebar_border_color":"C0DEED","profile_sidebar_fill_color":"DDEEF6","profile_text_color":"333333","profile_use_background_image":true,"profile_image_url":"http:\/\/pbs.twimg.com\/profile_images\/1203677108440092672\/akKET_91_normal.jpg","profile_image_url_https":"https:\/\/pbs.twimg.com\/profile_images\/1203677108440092672\/akKET_91_normal.jpg","profile_banner_url":"https:\/\/pbs.twimg.com\/profile_banners\/1203675720586866688\/1575835856","default_profile":true,"default_profile_image":false,"following":null,"follow_request_sent":null,"notifications":null},"geo":null,"coordinates":null,"place":null,"contributors":null,"retweeted_status":{"created_at":"Fri Apr 10 14:22:19 +0000 2020","id":1248617308907425795,"id_str":"1248617308907425795","text":"For\u00e7a Presidente @jairbolsonaro ! https:\/\/t.co\/gbPcIWZM3D","display_text_range":[0,33],"source":"\u003ca href=\"http:\/\/twitter.com\/download\/android\" rel=\"nofollow\"\u003eTwitter for Android\u003c\/a\u003e","truncated":false,"in_reply_to_status_id":null,"in_reply_to_status_id_str":null,"in_reply_to_user_id":null,"in_reply_to_user_id_str":null,"in_reply_to_screen_name":null,"user":{"id":1248228620012847106,"id_str":"1248228620012847106","name":"Guga - Direita Sempre!","screen_name":"JosendeGustavo","location":null,"url":null,"description":"Um brasileiro que ama o seu pa\u00eds e luta por ele!\nCasado,  apaixonado, pai, crist\u00e3o e trabalhador.\nBrasil acima de tudo e Deus acima de todos!\nMeu voto \u00e9 38!","translator_type":"none","protected":false,"verified":false,"followers_count":263,"friends_count":316,"listed_count":0,"favourites_count":132,"statuses_count":102,"created_at":"Thu Apr 09 12:38:10 +0000 2020","utc_offset":null,"time_zone":null,"geo_enabled":false,"lang":null,"contributors_enabled":false,"is_translator":false,"profile_background_color":"F5F8FA","profile_background_image_url":"","profile_background_image_url_https":"","profile_background_tile":false,"profile_link_color":"1DA1F2","profile_sidebar_border_color":"C0DEED","profile_sidebar_fill_color":"DDEEF6","profile_text_color":"333333","profile_use_background_image":true,"profile_image_url":"http:\/\/pbs.twimg.com\/profile_images\/1248616674728656897\/kWQLCqoZ_normal.jpg","profile_image_url_https":"https:\/\/pbs.twimg.com\/profile_images\/1248616674728656897\/kWQLCqoZ_normal.jpg","profile_banner_url":"https:\/\/pbs.twimg.com\/profile_banners\/1248228620012847106\/1586529006","default_profile":true,"default_profile_image":false,"following":null,"follow_request_sent":null,"notifications":null},"geo":null,"coordinates":null,"place":null,"contributors":null,"is_quote_status":false,"quote_count":0,"reply_count":1,"retweet_count":2,"favorite_count":4,"entities":{"hashtags":[],"urls":[],"user_mentions":[{"screen_name":"jairbolsonaro","name":"Jair M. Bolsonaro","id":128372940,"id_str":"128372940","indices":[17,31]}],"symbols":[],"media":[{"id":1248617305652654082,"id_str":"1248617305652654082","indices":[34,57],"media_url":"http:\/\/pbs.twimg.com\/media\/EVP60vPU8AIEOiS.jpg","media_url_https":"https:\/\/pbs.twimg.com\/media\/EVP60vPU8AIEOiS.jpg","url":"https:\/\/t.co\/gbPcIWZM3D","display_url":"pic.twitter.com\/gbPcIWZM3D","expanded_url":"https:\/\/twitter.com\/JosendeGustavo\/status\/1248617308907425795\/photo\/1","type":"photo","sizes":{"thumb":{"w":150,"h":150,"resize":"crop"},"small":{"w":464,"h":281,"resize":"fit"},"medium":{"w":464,"h":281,"resize":"fit"},"large":{"w":464,"h":281,"resize":"fit"}}}]},"extended_entities":{"media":[{"id":1248617305652654082,"id_str":"1248617305652654082","indices":[34,57],"media_url":"http:\/\/pbs.twimg.com\/media\/EVP60vPU8AIEOiS.jpg","media_url_https":"https:\/\/pbs.twimg.com\/media\/EVP60vPU8AIEOiS.jpg","url":"https:\/\/t.co\/gbPcIWZM3D","display_url":"pic.twitter.com\/gbPcIWZM3D","expanded_url":"https:\/\/twitter.com\/JosendeGustavo\/status\/1248617308907425795\/photo\/1","type":"photo","sizes":{"thumb":{"w":150,"h":150,"resize":"crop"},"small":{"w":464,"h":281,"resize":"fit"},"medium":{"w":464,"h":281,"resize":"fit"},"large":{"w":464,"h":281,"resize":"fit"}}}]},"favorited":false,"retweeted":false,"possibly_sensitive":false,"filter_level":"low","lang":"pt"},"is_quote_status":false,"quote_count":0,"reply_count":0,"retweet_count":0,"favorite_count":0,"entities":{"hashtags":[],"urls":[],"user_mentions":[{"screen_name":"JosendeGustavo","name":"Guga - Direita Sempre!","id":1248228620012847106,"id_str":"1248228620012847106","indices":[3,18]},{"screen_name":"jairbolsonaro","name":"Jair M. Bolsonaro","id":128372940,"id_str":"128372940","indices":[37,51]}],"symbols":[],"media":[{"id":1248617305652654082,"id_str":"1248617305652654082","indices":[54,77],"media_url":"http:\/\/pbs.twimg.com\/media\/EVP60vPU8AIEOiS.jpg","media_url_https":"https:\/\/pbs.twimg.com\/media\/EVP60vPU8AIEOiS.jpg","url":"https:\/\/t.co\/gbPcIWZM3D","display_url":"pic.twitter.com\/gbPcIWZM3D","expanded_url":"https:\/\/twitter.com\/JosendeGustavo\/status\/1248617308907425795\/photo\/1","type":"photo","sizes":{"thumb":{"w":150,"h":150,"resize":"crop"},"small":{"w":464,"h":281,"resize":"fit"},"medium":{"w":464,"h":281,"resize":"fit"},"large":{"w":464,"h":281,"resize":"fit"}},"source_status_id":1248617308907425795,"source_status_id_str":"1248617308907425795","source_user_id":1248228620012847106,"source_user_id_str":"1248228620012847106"}]},"extended_entities":{"media":[{"id":1248617305652654082,"id_str":"1248617305652654082","indices":[54,77],"media_url":"http:\/\/pbs.twimg.com\/media\/EVP60vPU8AIEOiS.jpg","media_url_https":"https:\/\/pbs.twimg.com\/media\/EVP60vPU8AIEOiS.jpg","url":"https:\/\/t.co\/gbPcIWZM3D","display_url":"pic.twitter.com\/gbPcIWZM3D","expanded_url":"https:\/\/twitter.com\/JosendeGustavo\/status\/1248617308907425795\/photo\/1","type":"photo","sizes":{"thumb":{"w":150,"h":150,"resize":"crop"},"small":{"w":464,"h":281,"resize":"fit"},"medium":{"w":464,"h":281,"resize":"fit"},"large":{"w":464,"h":281,"resize":"fit"}},"source_status_id":1248617308907425795,"source_status_id_str":"1248617308907425795","source_user_id":1248228620012847106,"source_user_id_str":"1248228620012847106"}]},"favorited":false,"retweeted":false,"possibly_sensitive":false,"filter_level":"low","lang":"pt","timestamp_ms":"1586538229657"}
