{"created_at":"Fri Apr 10 17:03:58 +0000 2020","id":1248657991013773313,"id_str":"1248657991013773313","text":"I need kachat","source":"\u003ca href=\"http:\/\/twitter.com\/download\/android\" rel=\"nofollow\"\u003eTwitter for Android\u003c\/a\u003e","truncated":false,"in_reply_to_status_id":null,"in_reply_to_status_id_str":null,"in_reply_to_user_id":null,"in_reply_to_user_id_str":null,"in_reply_to_screen_name":null,"user":{"id":1117659413626507264,"id_str":"1117659413626507264","name":"Leif_dahon","screen_name":"Leiiiff","location":null,"url":null,"description":"|Here's to the ones who dream,\nFoolish as they may seem|","translator_type":"none","protected":false,"verified":false,"followers_count":30,"friends_count":45,"listed_count":0,"favourites_count":55,"statuses_count":39,"created_at":"Mon Apr 15 05:22:24 +0000 2019","utc_offset":null,"time_zone":null,"geo_enabled":false,"lang":null,"contributors_enabled":false,"is_translator":false,"profile_background_color":"F5F8FA","profile_background_image_url":"","profile_background_image_url_https":"","profile_background_tile":false,"profile_link_color":"1DA1F2","profile_sidebar_border_color":"C0DEED","profile_sidebar_fill_color":"DDEEF6","profile_text_color":"333333","profile_use_background_image":true,"profile_image_url":"http:\/\/pbs.twimg.com\/profile_images\/1233674777736380416\/u5VWC85X_normal.jpg","profile_image_url_https":"https:\/\/pbs.twimg.com\/profile_images\/1233674777736380416\/u5VWC85X_normal.jpg","profile_banner_url":"https:\/\/pbs.twimg.com\/profile_banners\/1117659413626507264\/1586530176","default_profile":true,"default_profile_image":false,"following":null,"follow_request_sent":null,"notifications":null},"geo":null,"coordinates":null,"place":null,"contributors":null,"is_quote_status":false,"quote_count":0,"reply_count":0,"retweet_count":0,"favorite_count":0,"entities":{"hashtags":[],"urls":[],"user_mentions":[],"symbols":[]},"favorited":false,"retweeted":false,"filter_level":"low","lang":"en","timestamp_ms":"1586538238658"}
