{"created_at":"Fri Apr 10 17:03:51 +0000 2020","id":1248657961666383874,"id_str":"1248657961666383874","text":"@StaCaroCarolina Noo, dem\u00e1s bestia son.","display_text_range":[17,39],"source":"\u003ca href=\"http:\/\/twitter.com\/download\/android\" rel=\"nofollow\"\u003eTwitter for Android\u003c\/a\u003e","truncated":false,"in_reply_to_status_id":1248657354876477440,"in_reply_to_status_id_str":"1248657354876477440","in_reply_to_user_id":164456264,"in_reply_to_user_id_str":"164456264","in_reply_to_screen_name":"StaCaroCarolina","user":{"id":1188805880109764611,"id_str":"1188805880109764611","name":"Tiki\ud83c\udccf","screen_name":"Yoo_Argntina","location":null,"url":null,"description":"Yo no s\u00e9 nada, a mi no me pregunten.\u300aBendici\u00f3n para unos, dolor de cabeza para otros\u300b\ud83c\udde6\ud83c\uddf7\u2764","translator_type":"none","protected":false,"verified":false,"followers_count":224,"friends_count":99,"listed_count":0,"favourites_count":13881,"statuses_count":20078,"created_at":"Mon Oct 28 13:13:33 +0000 2019","utc_offset":null,"time_zone":null,"geo_enabled":false,"lang":null,"contributors_enabled":false,"is_translator":false,"profile_background_color":"F5F8FA","profile_background_image_url":"","profile_background_image_url_https":"","profile_background_tile":false,"profile_link_color":"1DA1F2","profile_sidebar_border_color":"C0DEED","profile_sidebar_fill_color":"DDEEF6","profile_text_color":"333333","profile_use_background_image":true,"profile_image_url":"http:\/\/pbs.twimg.com\/profile_images\/1248248243466539012\/0xnoNVU1_normal.jpg","profile_image_url_https":"https:\/\/pbs.twimg.com\/profile_images\/1248248243466539012\/0xnoNVU1_normal.jpg","profile_banner_url":"https:\/\/pbs.twimg.com\/profile_banners\/1188805880109764611\/1581644453","default_profile":true,"default_profile_image":false,"following":null,"follow_request_sent":null,"notifications":null},"geo":null,"coordinates":null,"place":null,"contributors":null,"is_quote_status":false,"quote_count":0,"reply_count":0,"retweet_count":0,"favorite_count":0,"entities":{"hashtags":[],"urls":[],"user_mentions":[{"screen_name":"StaCaroCarolina","name":"Carolina","id":164456264,"id_str":"164456264","indices":[0,16]}],"symbols":[]},"favorited":false,"retweeted":false,"filter_level":"low","lang":"es","timestamp_ms":"1586538231661"}
