{"created_at":"Fri Apr 10 17:03:57 +0000 2020","id":1248657986823884806,"id_str":"1248657986823884806","text":"RT @PsikolojiYasam: Azra Kohen, Liverpool \u00dcniversitesinden ald\u0131\u011f\u0131n\u0131 iddia etti\u011fi s\u00f6zde psikoloji diplomas\u0131n\u0131 g\u00f6ster(e)meyeli 3 g\u00fcn oldu. Be\u2026","source":"\u003ca href=\"http:\/\/twitter.com\/download\/iphone\" rel=\"nofollow\"\u003eTwitter for iPhone\u003c\/a\u003e","truncated":false,"in_reply_to_status_id":null,"in_reply_to_status_id_str":null,"in_reply_to_user_id":null,"in_reply_to_user_id_str":null,"in_reply_to_screen_name":null,"user":{"id":897532538608115712,"id_str":"897532538608115712","name":"Beyzanur Yal\u00e7\u0131n","screen_name":"beeyyzzaay","location":null,"url":null,"description":"yeterli \u00f6l\u00e7\u00fcde bir tospik","translator_type":"none","protected":false,"verified":false,"followers_count":276,"friends_count":409,"listed_count":0,"favourites_count":22075,"statuses_count":1547,"created_at":"Tue Aug 15 18:56:47 +0000 2017","utc_offset":null,"time_zone":null,"geo_enabled":true,"lang":null,"contributors_enabled":false,"is_translator":false,"profile_background_color":"000000","profile_background_image_url":"http:\/\/abs.twimg.com\/images\/themes\/theme1\/bg.png","profile_background_image_url_https":"https:\/\/abs.twimg.com\/images\/themes\/theme1\/bg.png","profile_background_tile":false,"profile_link_color":"91D2FA","profile_sidebar_border_color":"000000","profile_sidebar_fill_color":"000000","profile_text_color":"000000","profile_use_background_image":false,"profile_image_url":"http:\/\/pbs.twimg.com\/profile_images\/1213584096594710529\/Cve7_qQa_normal.jpg","profile_image_url_https":"https:\/\/pbs.twimg.com\/profile_images\/1213584096594710529\/Cve7_qQa_normal.jpg","profile_banner_url":"https:\/\/pbs.twimg.com\/profile_banners\/897532538608115712\/1553538071","default_profile":false,"default_profile_image":false,"following":null,"follow_request_sent":null,"notifications":null},"geo":null,"coordinates":null,"place":null,"contributors":null,"retweeted_status":{"created_at":"Fri Apr 10 16:58:52 +0000 2020","id":1248656706466390019,"id_str":"1248656706466390019","text":"Azra Kohen, Liverpool \u00dcniversitesinden ald\u0131\u011f\u0131n\u0131 iddia etti\u011fi s\u00f6zde psikoloji diplomas\u0131n\u0131 g\u00f6ster(e)meyeli 3 g\u00fcn oldu\u2026 https:\/\/t.co\/ex83ifacbt","source":"\u003ca href=\"http:\/\/twitter.com\/download\/android\" rel=\"nofollow\"\u003eTwitter for Android\u003c\/a\u003e","truncated":true,"in_reply_to_status_id":null,"in_reply_to_status_id_str":null,"in_reply_to_user_id":null,"in_reply_to_user_id_str":null,"in_reply_to_screen_name":null,"user":{"id":855505730446733314,"id_str":"855505730446733314","name":"Psikoloji ve Ya\u015fam","screen_name":"PsikolojiYasam","location":null,"url":"https:\/\/www.instagram.com\/psikoloji_ve_yasam\/","description":"Sayfam\u0131z psikologlar taraf\u0131ndan y\u00f6netilmektedir.","translator_type":"none","protected":false,"verified":false,"followers_count":1763,"friends_count":2106,"listed_count":0,"favourites_count":593,"statuses_count":599,"created_at":"Fri Apr 21 19:37:15 +0000 2017","utc_offset":null,"time_zone":null,"geo_enabled":false,"lang":null,"contributors_enabled":false,"is_translator":false,"profile_background_color":"F5F8FA","profile_background_image_url":"","profile_background_image_url_https":"","profile_background_tile":false,"profile_link_color":"1DA1F2","profile_sidebar_border_color":"C0DEED","profile_sidebar_fill_color":"DDEEF6","profile_text_color":"333333","profile_use_background_image":true,"profile_image_url":"http:\/\/pbs.twimg.com\/profile_images\/855507955780857856\/GFmdqeME_normal.jpg","profile_image_url_https":"https:\/\/pbs.twimg.com\/profile_images\/855507955780857856\/GFmdqeME_normal.jpg","profile_banner_url":"https:\/\/pbs.twimg.com\/profile_banners\/855505730446733314\/1536945565","default_profile":true,"default_profile_image":false,"following":null,"follow_request_sent":null,"notifications":null},"geo":null,"coordinates":null,"place":null,"contributors":null,"is_quote_status":false,"extended_tweet":{"full_text":"Azra Kohen, Liverpool \u00dcniversitesinden ald\u0131\u011f\u0131n\u0131 iddia etti\u011fi s\u00f6zde psikoloji diplomas\u0131n\u0131 g\u00f6ster(e)meyeli 3 g\u00fcn oldu. Bekliyoruz. @AkilahFi @sozluk @TPDBilgi\nhttps:\/\/t.co\/pOjm90Fk1Q","display_text_range":[0,180],"entities":{"hashtags":[],"urls":[{"url":"https:\/\/t.co\/pOjm90Fk1Q","expanded_url":"https:\/\/seyler.eksisozluk.com\/azra-kohenin-cok-tartisilan-psikologluk-meselesinin-kronolojik-ozeti","display_url":"seyler.eksisozluk.com\/azra-kohenin-c\u2026","indices":[157,180]}],"user_mentions":[{"screen_name":"AkilahFi","name":"Azra Sar\u0131zeybek Kohen \u2728\ud83c\udf08","id":1471813044,"id_str":"1471813044","indices":[129,138]},{"screen_name":"sozluk","name":"ek\u015fi s\u00f6zl\u00fck","id":16626956,"id_str":"16626956","indices":[139,146]},{"screen_name":"TPDBilgi","name":"T\u00fcrk Psikologlar Derne\u011fi","id":624597139,"id_str":"624597139","indices":[147,156]}],"symbols":[]}},"quote_count":0,"reply_count":1,"retweet_count":1,"favorite_count":3,"entities":{"hashtags":[],"urls":[{"url":"https:\/\/t.co\/ex83ifacbt","expanded_url":"https:\/\/twitter.com\/i\/web\/status\/1248656706466390019","display_url":"twitter.com\/i\/web\/status\/1\u2026","indices":[117,140]}],"user_mentions":[],"symbols":[]},"favorited":false,"retweeted":false,"possibly_sensitive":false,"filter_level":"low","lang":"tr"},"is_quote_status":false,"quote_count":0,"reply_count":0,"retweet_count":0,"favorite_count":0,"entities":{"hashtags":[],"urls":[],"user_mentions":[{"screen_name":"PsikolojiYasam","name":"Psikoloji ve Ya\u015fam","id":855505730446733314,"id_str":"855505730446733314","indices":[3,18]}],"symbols":[]},"favorited":false,"retweeted":false,"filter_level":"low","lang":"tr","timestamp_ms":"1586538237659"}
