{"created_at":"Fri Apr 10 17:03:49 +0000 2020","id":1248657953277857795,"id_str":"1248657953277857795","text":"RT @Paedeezy: New music Monday. Stay safe everyone","source":"\u003ca href=\"http:\/\/twitter.com\/download\/iphone\" rel=\"nofollow\"\u003eTwitter for iPhone\u003c\/a\u003e","truncated":false,"in_reply_to_status_id":null,"in_reply_to_status_id_str":null,"in_reply_to_user_id":null,"in_reply_to_user_id_str":null,"in_reply_to_screen_name":null,"user":{"id":1010452212575821824,"id_str":"1010452212575821824","name":"Nanakojoo\ud83c\uddec\ud83c\udded","screen_name":"your_kojoo","location":"Some Where In Africa GH\ud83c\uddec\ud83c\udded","url":null,"description":"GOD IS NEVER LATE \ud83d\udd0a GOOD THINGS ARE FUCKING COMING \ud83d\udd0a!!! IG:Nanakojoo","translator_type":"none","protected":false,"verified":false,"followers_count":1350,"friends_count":1171,"listed_count":0,"favourites_count":15905,"statuses_count":682,"created_at":"Sat Jun 23 09:19:15 +0000 2018","utc_offset":null,"time_zone":null,"geo_enabled":true,"lang":null,"contributors_enabled":false,"is_translator":false,"profile_background_color":"F5F8FA","profile_background_image_url":"","profile_background_image_url_https":"","profile_background_tile":false,"profile_link_color":"1DA1F2","profile_sidebar_border_color":"C0DEED","profile_sidebar_fill_color":"DDEEF6","profile_text_color":"333333","profile_use_background_image":true,"profile_image_url":"http:\/\/pbs.twimg.com\/profile_images\/1245849079780909056\/rZKbWB73_normal.jpg","profile_image_url_https":"https:\/\/pbs.twimg.com\/profile_images\/1245849079780909056\/rZKbWB73_normal.jpg","profile_banner_url":"https:\/\/pbs.twimg.com\/profile_banners\/1010452212575821824\/1572032984","default_profile":true,"default_profile_image":false,"following":null,"follow_request_sent":null,"notifications":null},"geo":null,"coordinates":null,"place":null,"contributors":null,"retweeted_status":{"created_at":"Fri Apr 10 15:02:40 +0000 2020","id":1248627463069921280,"id_str":"1248627463069921280","text":"New music Monday. Stay safe everyone","source":"\u003ca href=\"https:\/\/mobile.twitter.com\" rel=\"nofollow\"\u003eTwitter Web App\u003c\/a\u003e","truncated":false,"in_reply_to_status_id":null,"in_reply_to_status_id_str":null,"in_reply_to_user_id":null,"in_reply_to_user_id_str":null,"in_reply_to_screen_name":null,"user":{"id":82658776,"id_str":"82658776","name":"OMAR ST\u00a3RLING","screen_name":"Paedeezy","location":"Earth","url":"https:\/\/youtu.be\/bnaMm3eMelo","description":null,"translator_type":"none","protected":false,"verified":true,"followers_count":365257,"friends_count":0,"listed_count":157,"favourites_count":1251,"statuses_count":4402,"created_at":"Thu Oct 15 16:49:08 +0000 2009","utc_offset":null,"time_zone":null,"geo_enabled":false,"lang":null,"contributors_enabled":false,"is_translator":false,"profile_background_color":"C0DEED","profile_background_image_url":"http:\/\/abs.twimg.com\/images\/themes\/theme1\/bg.png","profile_background_image_url_https":"https:\/\/abs.twimg.com\/images\/themes\/theme1\/bg.png","profile_background_tile":false,"profile_link_color":"0084B4","profile_sidebar_border_color":"FFFFFF","profile_sidebar_fill_color":"DDEEF6","profile_text_color":"333333","profile_use_background_image":true,"profile_image_url":"http:\/\/pbs.twimg.com\/profile_images\/1010175980034576384\/c4FsXxTl_normal.jpg","profile_image_url_https":"https:\/\/pbs.twimg.com\/profile_images\/1010175980034576384\/c4FsXxTl_normal.jpg","profile_banner_url":"https:\/\/pbs.twimg.com\/profile_banners\/82658776\/1584088099","default_profile":false,"default_profile_image":false,"following":null,"follow_request_sent":null,"notifications":null},"geo":null,"coordinates":null,"place":null,"contributors":null,"is_quote_status":false,"quote_count":349,"reply_count":303,"retweet_count":1037,"favorite_count":3282,"entities":{"hashtags":[],"urls":[],"user_mentions":[],"symbols":[]},"favorited":false,"retweeted":false,"filter_level":"low","lang":"en"},"is_quote_status":false,"quote_count":0,"reply_count":0,"retweet_count":0,"favorite_count":0,"entities":{"hashtags":[],"urls":[],"user_mentions":[{"screen_name":"Paedeezy","name":"OMAR ST\u00a3RLING","id":82658776,"id_str":"82658776","indices":[3,12]}],"symbols":[]},"favorited":false,"retweeted":false,"filter_level":"low","lang":"en","timestamp_ms":"1586538229661"}
