{"created_at":"Fri Apr 10 17:03:57 +0000 2020","id":1248657986849046528,"id_str":"1248657986849046528","text":"RT @cenginyurt52: HDP, pkkl\u0131lara af istiyor,TBMM \u00e7al\u0131\u015fmas\u0131n Ceza indirimi \u00e7\u0131kmas\u0131n diliyor, CHP ve \u0130P yoklamalara kat\u0131lmayarak destek veriy\u2026","source":"\u003ca href=\"http:\/\/twitter.com\/download\/iphone\" rel=\"nofollow\"\u003eTwitter for iPhone\u003c\/a\u003e","truncated":false,"in_reply_to_status_id":null,"in_reply_to_status_id_str":null,"in_reply_to_user_id":null,"in_reply_to_user_id_str":null,"in_reply_to_screen_name":null,"user":{"id":457751470,"id_str":"457751470","name":"Emrah K\u00dcYMEN","screen_name":"KuymenEmrah","location":"Erzurum \/\/ Ankara","url":"http:\/\/www.akparti.com","description":"@RTErdogan B\u0130Z \u00d6L\u00dcM\u00dcNE \u00d6L\u00dcM\u00dcNE diyen Liderin YOL Arkada\u015f\u0131","translator_type":"none","protected":false,"verified":false,"followers_count":7819,"friends_count":6676,"listed_count":13,"favourites_count":91843,"statuses_count":80417,"created_at":"Sat Jan 07 19:39:54 +0000 2012","utc_offset":null,"time_zone":null,"geo_enabled":true,"lang":null,"contributors_enabled":false,"is_translator":false,"profile_background_color":"C0DEED","profile_background_image_url":"http:\/\/abs.twimg.com\/images\/themes\/theme1\/bg.png","profile_background_image_url_https":"https:\/\/abs.twimg.com\/images\/themes\/theme1\/bg.png","profile_background_tile":false,"profile_link_color":"1DA1F2","profile_sidebar_border_color":"C0DEED","profile_sidebar_fill_color":"DDEEF6","profile_text_color":"333333","profile_use_background_image":true,"profile_image_url":"http:\/\/pbs.twimg.com\/profile_images\/1171291303059087360\/kGT4muOm_normal.jpg","profile_image_url_https":"https:\/\/pbs.twimg.com\/profile_images\/1171291303059087360\/kGT4muOm_normal.jpg","profile_banner_url":"https:\/\/pbs.twimg.com\/profile_banners\/457751470\/1549080548","default_profile":true,"default_profile_image":false,"following":null,"follow_request_sent":null,"notifications":null},"geo":null,"coordinates":null,"place":null,"contributors":null,"retweeted_status":{"created_at":"Fri Apr 10 15:29:19 +0000 2020","id":1248634172094152711,"id_str":"1248634172094152711","text":"HDP, pkkl\u0131lara af istiyor,TBMM \u00e7al\u0131\u015fmas\u0131n Ceza indirimi \u00e7\u0131kmas\u0131n diliyor, CHP ve \u0130P yoklamalara kat\u0131lmayarak destek\u2026 https:\/\/t.co\/9jYHOzOeXV","display_text_range":[0,140],"source":"\u003ca href=\"http:\/\/twitter.com\/download\/android\" rel=\"nofollow\"\u003eTwitter for Android\u003c\/a\u003e","truncated":true,"in_reply_to_status_id":null,"in_reply_to_status_id_str":null,"in_reply_to_user_id":null,"in_reply_to_user_id_str":null,"in_reply_to_screen_name":null,"user":{"id":990621226002518023,"id_str":"990621226002518023","name":"Cemal Enginyurt","screen_name":"cenginyurt52","location":"Ordu Merkez, Ordu","url":"http:\/\/www.mhp.org.tr","description":"21 - 27. D\u00f6nem MHP Ordu Milletvekili\/KE\u0130PA \u00dcyesi\/ \u0130ktisat\u00e7\u0131","translator_type":"none","protected":false,"verified":true,"followers_count":87489,"friends_count":215,"listed_count":60,"favourites_count":13501,"statuses_count":5312,"created_at":"Sun Apr 29 15:57:59 +0000 2018","utc_offset":null,"time_zone":null,"geo_enabled":true,"lang":null,"contributors_enabled":false,"is_translator":false,"profile_background_color":"F5F8FA","profile_background_image_url":"","profile_background_image_url_https":"","profile_background_tile":false,"profile_link_color":"1DA1F2","profile_sidebar_border_color":"C0DEED","profile_sidebar_fill_color":"DDEEF6","profile_text_color":"333333","profile_use_background_image":true,"profile_image_url":"http:\/\/pbs.twimg.com\/profile_images\/1222824303512752128\/G_kpjgkB_normal.jpg","profile_image_url_https":"https:\/\/pbs.twimg.com\/profile_images\/1222824303512752128\/G_kpjgkB_normal.jpg","profile_banner_url":"https:\/\/pbs.twimg.com\/profile_banners\/990621226002518023\/1572941402","default_profile":true,"default_profile_image":false,"following":null,"follow_request_sent":null,"notifications":null},"geo":null,"coordinates":null,"place":null,"contributors":null,"is_quote_status":false,"extended_tweet":{"full_text":"HDP, pkkl\u0131lara af istiyor,TBMM \u00e7al\u0131\u015fmas\u0131n Ceza indirimi \u00e7\u0131kmas\u0131n diliyor, CHP ve \u0130P yoklamalara kat\u0131lmayarak destek veriyor.\nFet\u00f6c\u00fc ve pkkl\u0131 troller de,sosyal medyadan sald\u0131r\u0131yor.Niyet belli hainler \u00e7\u0131kar\u0131ls\u0131n.\nMHP n\u00f6bette,pkkl\u0131lara asla AF YOK. https:\/\/t.co\/VpHp1xnR1J","display_text_range":[0,245],"entities":{"hashtags":[],"urls":[],"user_mentions":[],"symbols":[],"media":[{"id":1248634166675214337,"id_str":"1248634166675214337","indices":[246,269],"media_url":"http:\/\/pbs.twimg.com\/media\/EVQKKLcXkAE6ZO9.jpg","media_url_https":"https:\/\/pbs.twimg.com\/media\/EVQKKLcXkAE6ZO9.jpg","url":"https:\/\/t.co\/VpHp1xnR1J","display_url":"pic.twitter.com\/VpHp1xnR1J","expanded_url":"https:\/\/twitter.com\/cenginyurt52\/status\/1248634172094152711\/photo\/1","type":"photo","sizes":{"medium":{"w":1024,"h":683,"resize":"fit"},"thumb":{"w":150,"h":150,"resize":"crop"},"large":{"w":1024,"h":683,"resize":"fit"},"small":{"w":680,"h":454,"resize":"fit"}}}]},"extended_entities":{"media":[{"id":1248634166675214337,"id_str":"1248634166675214337","indices":[246,269],"media_url":"http:\/\/pbs.twimg.com\/media\/EVQKKLcXkAE6ZO9.jpg","media_url_https":"https:\/\/pbs.twimg.com\/media\/EVQKKLcXkAE6ZO9.jpg","url":"https:\/\/t.co\/VpHp1xnR1J","display_url":"pic.twitter.com\/VpHp1xnR1J","expanded_url":"https:\/\/twitter.com\/cenginyurt52\/status\/1248634172094152711\/photo\/1","type":"photo","sizes":{"medium":{"w":1024,"h":683,"resize":"fit"},"thumb":{"w":150,"h":150,"resize":"crop"},"large":{"w":1024,"h":683,"resize":"fit"},"small":{"w":680,"h":454,"resize":"fit"}}}]}},"quote_count":11,"reply_count":85,"retweet_count":199,"favorite_count":1015,"entities":{"hashtags":[],"urls":[{"url":"https:\/\/t.co\/9jYHOzOeXV","expanded_url":"https:\/\/twitter.com\/i\/web\/status\/1248634172094152711","display_url":"twitter.com\/i\/web\/status\/1\u2026","indices":[117,140]}],"user_mentions":[],"symbols":[]},"favorited":false,"retweeted":false,"possibly_sensitive":false,"filter_level":"low","lang":"tr"},"is_quote_status":false,"quote_count":0,"reply_count":0,"retweet_count":0,"favorite_count":0,"entities":{"hashtags":[],"urls":[],"user_mentions":[{"screen_name":"cenginyurt52","name":"Cemal Enginyurt","id":990621226002518023,"id_str":"990621226002518023","indices":[3,16]}],"symbols":[]},"favorited":false,"retweeted":false,"filter_level":"low","lang":"tr","timestamp_ms":"1586538237665"}
