{"created_at":"Fri Apr 10 17:03:58 +0000 2020","id":1248657991047544835,"id_str":"1248657991047544835","text":"RT @Mathil2__: Ta gueule Paul laisse les s'engueuler STP #4mariagespour1lunedemiel #4MP1LDM","source":"\u003ca href=\"http:\/\/twitter.com\/download\/iphone\" rel=\"nofollow\"\u003eTwitter for iPhone\u003c\/a\u003e","truncated":false,"in_reply_to_status_id":null,"in_reply_to_status_id_str":null,"in_reply_to_user_id":null,"in_reply_to_user_id_str":null,"in_reply_to_screen_name":null,"user":{"id":3297675351,"id_str":"3297675351","name":"aries","screen_name":"kinneytastic","location":"Liberty avenue, Pittsburgh","url":null,"description":"\u00e7a se croit sup\u00e9rieur parce que c'est roux!!!\u00a1! spread positivity","translator_type":"none","protected":false,"verified":false,"followers_count":462,"friends_count":419,"listed_count":11,"favourites_count":133042,"statuses_count":66047,"created_at":"Mon May 25 11:56:06 +0000 2015","utc_offset":null,"time_zone":null,"geo_enabled":false,"lang":null,"contributors_enabled":false,"is_translator":false,"profile_background_color":"C0DEED","profile_background_image_url":"http:\/\/abs.twimg.com\/images\/themes\/theme1\/bg.png","profile_background_image_url_https":"https:\/\/abs.twimg.com\/images\/themes\/theme1\/bg.png","profile_background_tile":false,"profile_link_color":"1DA1F2","profile_sidebar_border_color":"C0DEED","profile_sidebar_fill_color":"DDEEF6","profile_text_color":"333333","profile_use_background_image":true,"profile_image_url":"http:\/\/pbs.twimg.com\/profile_images\/1212387513735749633\/F-ym7dT7_normal.jpg","profile_image_url_https":"https:\/\/pbs.twimg.com\/profile_images\/1212387513735749633\/F-ym7dT7_normal.jpg","profile_banner_url":"https:\/\/pbs.twimg.com\/profile_banners\/3297675351\/1582978901","default_profile":true,"default_profile_image":false,"following":null,"follow_request_sent":null,"notifications":null},"geo":null,"coordinates":null,"place":null,"contributors":null,"retweeted_status":{"created_at":"Fri Apr 10 17:02:41 +0000 2020","id":1248657665376620547,"id_str":"1248657665376620547","text":"Ta gueule Paul laisse les s'engueuler STP #4mariagespour1lunedemiel #4MP1LDM","source":"\u003ca href=\"https:\/\/mobile.twitter.com\" rel=\"nofollow\"\u003eTwitter Web App\u003c\/a\u003e","truncated":false,"in_reply_to_status_id":null,"in_reply_to_status_id_str":null,"in_reply_to_user_id":null,"in_reply_to_user_id_str":null,"in_reply_to_screen_name":null,"user":{"id":349572911,"id_str":"349572911","name":"P","screen_name":"Mathil2__","location":"colivers' wedding","url":null,"description":null,"translator_type":"none","protected":false,"verified":false,"followers_count":217,"friends_count":640,"listed_count":14,"favourites_count":13680,"statuses_count":38280,"created_at":"Sat Aug 06 09:35:56 +0000 2011","utc_offset":null,"time_zone":null,"geo_enabled":false,"lang":null,"contributors_enabled":false,"is_translator":false,"profile_background_color":"1A1B1F","profile_background_image_url":"http:\/\/abs.twimg.com\/images\/themes\/theme9\/bg.gif","profile_background_image_url_https":"https:\/\/abs.twimg.com\/images\/themes\/theme9\/bg.gif","profile_background_tile":false,"profile_link_color":"ABB8C2","profile_sidebar_border_color":"000000","profile_sidebar_fill_color":"7AC3EE","profile_text_color":"3D1957","profile_use_background_image":true,"profile_image_url":"http:\/\/pbs.twimg.com\/profile_images\/1240677007622627329\/KyBOxDL1_normal.jpg","profile_image_url_https":"https:\/\/pbs.twimg.com\/profile_images\/1240677007622627329\/KyBOxDL1_normal.jpg","profile_banner_url":"https:\/\/pbs.twimg.com\/profile_banners\/349572911\/1582092236","default_profile":false,"default_profile_image":false,"following":null,"follow_request_sent":null,"notifications":null},"geo":null,"coordinates":null,"place":null,"contributors":null,"is_quote_status":false,"quote_count":0,"reply_count":0,"retweet_count":1,"favorite_count":10,"entities":{"hashtags":[{"text":"4mariagespour1lunedemiel","indices":[42,67]},{"text":"4MP1LDM","indices":[68,76]}],"urls":[],"user_mentions":[],"symbols":[]},"favorited":false,"retweeted":false,"filter_level":"low","lang":"fr"},"is_quote_status":false,"quote_count":0,"reply_count":0,"retweet_count":0,"favorite_count":0,"entities":{"hashtags":[{"text":"4mariagespour1lunedemiel","indices":[57,82]},{"text":"4MP1LDM","indices":[83,91]}],"urls":[],"user_mentions":[{"screen_name":"Mathil2__","name":"P","id":349572911,"id_str":"349572911","indices":[3,13]}],"symbols":[]},"favorited":false,"retweeted":false,"filter_level":"low","lang":"fr","timestamp_ms":"1586538238666"}
