{"created_at":"Fri Apr 10 17:03:48 +0000 2020","id":1248657949070852098,"id_str":"1248657949070852098","text":"@stopchrissy Wow..cuet","display_text_range":[13,22],"source":"\u003ca href=\"http:\/\/twitter.com\/download\/android\" rel=\"nofollow\"\u003eTwitter for Android\u003c\/a\u003e","truncated":false,"in_reply_to_status_id":1248419915037466627,"in_reply_to_status_id_str":"1248419915037466627","in_reply_to_user_id":910223386097455104,"in_reply_to_user_id_str":"910223386097455104","in_reply_to_screen_name":"stopchrissy","user":{"id":474046462,"id_str":"474046462","name":"Young pac","screen_name":"richieedet","location":"nigeria","url":null,"description":"Strategic & Procurement Logistics manager.,Arsenal fan.ETC...(email;ypac37@yahoo.com) BBM;7F517CDF.,Royale Purple all tha way.","translator_type":"none","protected":false,"verified":false,"followers_count":1178,"friends_count":1250,"listed_count":6,"favourites_count":63095,"statuses_count":102818,"created_at":"Wed Jan 25 16:05:26 +0000 2012","utc_offset":null,"time_zone":null,"geo_enabled":false,"lang":null,"contributors_enabled":false,"is_translator":false,"profile_background_color":"642D8B","profile_background_image_url":"http:\/\/abs.twimg.com\/images\/themes\/theme10\/bg.gif","profile_background_image_url_https":"https:\/\/abs.twimg.com\/images\/themes\/theme10\/bg.gif","profile_background_tile":true,"profile_link_color":"4A913C","profile_sidebar_border_color":"C0DEED","profile_sidebar_fill_color":"DDEEF6","profile_text_color":"333333","profile_use_background_image":true,"profile_image_url":"http:\/\/pbs.twimg.com\/profile_images\/1227539472033681409\/RlnzAWod_normal.jpg","profile_image_url_https":"https:\/\/pbs.twimg.com\/profile_images\/1227539472033681409\/RlnzAWod_normal.jpg","profile_banner_url":"https:\/\/pbs.twimg.com\/profile_banners\/474046462\/1518877947","default_profile":false,"default_profile_image":false,"following":null,"follow_request_sent":null,"notifications":null},"geo":null,"coordinates":null,"place":null,"contributors":null,"is_quote_status":false,"quote_count":0,"reply_count":0,"retweet_count":0,"favorite_count":0,"entities":{"hashtags":[],"urls":[],"user_mentions":[{"screen_name":"stopchrissy","name":"louisvillian doll","id":910223386097455104,"id_str":"910223386097455104","indices":[0,12]}],"symbols":[]},"favorited":false,"retweeted":false,"filter_level":"low","lang":"en","timestamp_ms":"1586538228658"}
