{"created_at":"Fri Apr 10 17:03:50 +0000 2020","id":1248657957480329216,"id_str":"1248657957480329216","text":"RT @bbrightvc: \u0e07\u0e36\u0e21\u0e46 #\u0e04\u0e31\u0e48\u0e19\u0e01\u0e39EP8 #NewProfilePic https:\/\/t.co\/axv1mRr8bF","source":"\u003ca href=\"http:\/\/twitter.com\/download\/android\" rel=\"nofollow\"\u003eTwitter for Android\u003c\/a\u003e","truncated":false,"in_reply_to_status_id":null,"in_reply_to_status_id_str":null,"in_reply_to_user_id":null,"in_reply_to_user_id_str":null,"in_reply_to_screen_name":null,"user":{"id":1243589454251601920,"id_str":"1243589454251601920","name":"Rungthiwa_new","screen_name":"RungthiwaNew","location":null,"url":null,"description":"\ud83d\udc97\u2728","translator_type":"none","protected":false,"verified":false,"followers_count":0,"friends_count":87,"listed_count":0,"favourites_count":716,"statuses_count":83,"created_at":"Fri Mar 27 17:23:40 +0000 2020","utc_offset":null,"time_zone":null,"geo_enabled":false,"lang":null,"contributors_enabled":false,"is_translator":false,"profile_background_color":"F5F8FA","profile_background_image_url":"","profile_background_image_url_https":"","profile_background_tile":false,"profile_link_color":"1DA1F2","profile_sidebar_border_color":"C0DEED","profile_sidebar_fill_color":"DDEEF6","profile_text_color":"333333","profile_use_background_image":true,"profile_image_url":"http:\/\/pbs.twimg.com\/profile_images\/1246831721628098560\/BWW6fNag_normal.jpg","profile_image_url_https":"https:\/\/pbs.twimg.com\/profile_images\/1246831721628098560\/BWW6fNag_normal.jpg","default_profile":true,"default_profile_image":false,"following":null,"follow_request_sent":null,"notifications":null},"geo":null,"coordinates":null,"place":null,"contributors":null,"retweeted_status":{"created_at":"Fri Apr 10 15:43:12 +0000 2020","id":1248637666289053696,"id_str":"1248637666289053696","text":"\u0e07\u0e36\u0e21\u0e46 #\u0e04\u0e31\u0e48\u0e19\u0e01\u0e39EP8 #NewProfilePic https:\/\/t.co\/axv1mRr8bF","display_text_range":[0,30],"source":"\u003ca href=\"http:\/\/twitter.com\/download\/iphone\" rel=\"nofollow\"\u003eTwitter for iPhone\u003c\/a\u003e","truncated":false,"in_reply_to_status_id":null,"in_reply_to_status_id_str":null,"in_reply_to_user_id":null,"in_reply_to_user_id_str":null,"in_reply_to_screen_name":null,"user":{"id":2333223628,"id_str":"2333223628","name":"bbright","screen_name":"bbrightvc","location":null,"url":null,"description":"Suankularb134 Triamudom76 BUIC ig:bbrightvc","translator_type":"none","protected":false,"verified":false,"followers_count":733741,"friends_count":214,"listed_count":529,"favourites_count":1289,"statuses_count":2500,"created_at":"Sun Feb 09 06:40:21 +0000 2014","utc_offset":null,"time_zone":null,"geo_enabled":true,"lang":null,"contributors_enabled":false,"is_translator":false,"profile_background_color":"C0DEED","profile_background_image_url":"http:\/\/abs.twimg.com\/images\/themes\/theme1\/bg.png","profile_background_image_url_https":"https:\/\/abs.twimg.com\/images\/themes\/theme1\/bg.png","profile_background_tile":false,"profile_link_color":"1DA1F2","profile_sidebar_border_color":"C0DEED","profile_sidebar_fill_color":"DDEEF6","profile_text_color":"333333","profile_use_background_image":true,"profile_image_url":"http:\/\/pbs.twimg.com\/profile_images\/1248637567844540416\/_owkFOE__normal.jpg","profile_image_url_https":"https:\/\/pbs.twimg.com\/profile_images\/1248637567844540416\/_owkFOE__normal.jpg","profile_banner_url":"https:\/\/pbs.twimg.com\/profile_banners\/2333223628\/1583833805","default_profile":true,"default_profile_image":false,"following":null,"follow_request_sent":null,"notifications":null},"geo":null,"coordinates":null,"place":null,"contributors":null,"is_quote_status":false,"quote_count":7391,"reply_count":10143,"retweet_count":44440,"favorite_count":84026,"entities":{"hashtags":[{"text":"\u0e04\u0e31\u0e48\u0e19\u0e01\u0e39EP8","indices":[5,15]},{"text":"NewProfilePic","indices":[16,30]}],"urls":[],"user_mentions":[],"symbols":[],"media":[{"id":1248637661008367621,"id_str":"1248637661008367621","indices":[31,54],"media_url":"http:\/\/pbs.twimg.com\/media\/EVQNVk2UEAUdkVS.jpg","media_url_https":"https:\/\/pbs.twimg.com\/media\/EVQNVk2UEAUdkVS.jpg","url":"https:\/\/t.co\/axv1mRr8bF","display_url":"pic.twitter.com\/axv1mRr8bF","expanded_url":"https:\/\/twitter.com\/bbrightvc\/status\/1248637666289053696\/photo\/1","type":"photo","sizes":{"thumb":{"w":150,"h":150,"resize":"crop"},"small":{"w":400,"h":400,"resize":"fit"},"large":{"w":400,"h":400,"resize":"fit"},"medium":{"w":400,"h":400,"resize":"fit"}}}]},"extended_entities":{"media":[{"id":1248637661008367621,"id_str":"1248637661008367621","indices":[31,54],"media_url":"http:\/\/pbs.twimg.com\/media\/EVQNVk2UEAUdkVS.jpg","media_url_https":"https:\/\/pbs.twimg.com\/media\/EVQNVk2UEAUdkVS.jpg","url":"https:\/\/t.co\/axv1mRr8bF","display_url":"pic.twitter.com\/axv1mRr8bF","expanded_url":"https:\/\/twitter.com\/bbrightvc\/status\/1248637666289053696\/photo\/1","type":"photo","sizes":{"thumb":{"w":150,"h":150,"resize":"crop"},"small":{"w":400,"h":400,"resize":"fit"},"large":{"w":400,"h":400,"resize":"fit"},"medium":{"w":400,"h":400,"resize":"fit"}}}]},"favorited":false,"retweeted":false,"possibly_sensitive":false,"filter_level":"low","lang":"th"},"is_quote_status":false,"quote_count":0,"reply_count":0,"retweet_count":0,"favorite_count":0,"entities":{"hashtags":[{"text":"\u0e04\u0e31\u0e48\u0e19\u0e01\u0e39EP8","indices":[20,30]},{"text":"NewProfilePic","indices":[31,45]}],"urls":[],"user_mentions":[{"screen_name":"bbrightvc","name":"bbright","id":2333223628,"id_str":"2333223628","indices":[3,13]}],"symbols":[],"media":[{"id":1248637661008367621,"id_str":"1248637661008367621","indices":[46,69],"media_url":"http:\/\/pbs.twimg.com\/media\/EVQNVk2UEAUdkVS.jpg","media_url_https":"https:\/\/pbs.twimg.com\/media\/EVQNVk2UEAUdkVS.jpg","url":"https:\/\/t.co\/axv1mRr8bF","display_url":"pic.twitter.com\/axv1mRr8bF","expanded_url":"https:\/\/twitter.com\/bbrightvc\/status\/1248637666289053696\/photo\/1","type":"photo","sizes":{"thumb":{"w":150,"h":150,"resize":"crop"},"small":{"w":400,"h":400,"resize":"fit"},"large":{"w":400,"h":400,"resize":"fit"},"medium":{"w":400,"h":400,"resize":"fit"}},"source_status_id":1248637666289053696,"source_status_id_str":"1248637666289053696","source_user_id":2333223628,"source_user_id_str":"2333223628"}]},"extended_entities":{"media":[{"id":1248637661008367621,"id_str":"1248637661008367621","indices":[46,69],"media_url":"http:\/\/pbs.twimg.com\/media\/EVQNVk2UEAUdkVS.jpg","media_url_https":"https:\/\/pbs.twimg.com\/media\/EVQNVk2UEAUdkVS.jpg","url":"https:\/\/t.co\/axv1mRr8bF","display_url":"pic.twitter.com\/axv1mRr8bF","expanded_url":"https:\/\/twitter.com\/bbrightvc\/status\/1248637666289053696\/photo\/1","type":"photo","sizes":{"thumb":{"w":150,"h":150,"resize":"crop"},"small":{"w":400,"h":400,"resize":"fit"},"large":{"w":400,"h":400,"resize":"fit"},"medium":{"w":400,"h":400,"resize":"fit"}},"source_status_id":1248637666289053696,"source_status_id_str":"1248637666289053696","source_user_id":2333223628,"source_user_id_str":"2333223628"}]},"favorited":false,"retweeted":false,"possibly_sensitive":false,"filter_level":"low","lang":"th","timestamp_ms":"1586538230663"}
