{"created_at":"Fri Apr 10 17:03:57 +0000 2020","id":1248657986853023745,"id_str":"1248657986853023745","text":"\u307b\u306e\u304b\u3061\u3083\u3093\u3044\u3061\u306f\u3093\u3059\u304d","source":"\u003ca href=\"http:\/\/twitter.com\/download\/iphone\" rel=\"nofollow\"\u003eTwitter for iPhone\u003c\/a\u003e","truncated":false,"in_reply_to_status_id":null,"in_reply_to_status_id_str":null,"in_reply_to_user_id":null,"in_reply_to_user_id_str":null,"in_reply_to_screen_name":null,"user":{"id":1139238672346185728,"id_str":"1139238672346185728","name":"*.\u2020\u304a\u5b22\u2020.*","screen_name":"Luv__s10","location":"California, USA","url":null,"description":"\u30e1\u30c7\u30a3\u30a2\u3092\u898b\u308c\u3070\u308f\u304b\u308a\u307e\u3059","translator_type":"none","protected":false,"verified":false,"followers_count":330,"friends_count":426,"listed_count":9,"favourites_count":10846,"statuses_count":21091,"created_at":"Thu Jun 13 18:30:40 +0000 2019","utc_offset":null,"time_zone":null,"geo_enabled":false,"lang":null,"contributors_enabled":false,"is_translator":false,"profile_background_color":"000000","profile_background_image_url":"http:\/\/abs.twimg.com\/images\/themes\/theme1\/bg.png","profile_background_image_url_https":"https:\/\/abs.twimg.com\/images\/themes\/theme1\/bg.png","profile_background_tile":false,"profile_link_color":"1B95E0","profile_sidebar_border_color":"000000","profile_sidebar_fill_color":"000000","profile_text_color":"000000","profile_use_background_image":false,"profile_image_url":"http:\/\/pbs.twimg.com\/profile_images\/1247553388989931521\/X0rhAyYn_normal.jpg","profile_image_url_https":"https:\/\/pbs.twimg.com\/profile_images\/1247553388989931521\/X0rhAyYn_normal.jpg","profile_banner_url":"https:\/\/pbs.twimg.com\/profile_banners\/1139238672346185728\/1560734020","default_profile":false,"default_profile_image":false,"following":null,"follow_request_sent":null,"notifications":null},"geo":null,"coordinates":null,"place":null,"contributors":null,"is_quote_status":false,"quote_count":0,"reply_count":0,"retweet_count":0,"favorite_count":0,"entities":{"hashtags":[],"urls":[],"user_mentions":[],"symbols":[]},"favorited":false,"retweeted":false,"filter_level":"low","lang":"ja","timestamp_ms":"1586538237666"}
