{"created_at":"Fri Apr 10 17:03:58 +0000 2020","id":1248657991034982401,"id_str":"1248657991034982401","text":"@MarameDia_ Wa may ko mou am touti rek apr\u00e8s mou d\u00e9lola. Solidarit\u00e9 tamit aka baax","display_text_range":[12,82],"source":"\u003ca href=\"http:\/\/twitter.com\/download\/android\" rel=\"nofollow\"\u003eTwitter for Android\u003c\/a\u003e","truncated":false,"in_reply_to_status_id":1248256076824416257,"in_reply_to_status_id_str":"1248256076824416257","in_reply_to_user_id":880090568184999936,"in_reply_to_user_id_str":"880090568184999936","in_reply_to_screen_name":"MarameDia_","user":{"id":2766687304,"id_str":"2766687304","name":"Wa Mbedmi \ud83c\uddf8\ud83c\uddf3","screen_name":"wambedmi","location":"Senegal","url":"https:\/\/wambedmi.com","description":"Le Groupe Wa Mbedmi s'investit dans la promotion de l'engagement civique et citoyen - Oser la citoyennet\u00e9","translator_type":"none","protected":false,"verified":false,"followers_count":6843,"friends_count":5577,"listed_count":66,"favourites_count":2443,"statuses_count":9203,"created_at":"Wed Sep 10 21:28:44 +0000 2014","utc_offset":null,"time_zone":null,"geo_enabled":true,"lang":null,"contributors_enabled":false,"is_translator":false,"profile_background_color":"C0DEED","profile_background_image_url":"http:\/\/abs.twimg.com\/images\/themes\/theme1\/bg.png","profile_background_image_url_https":"https:\/\/abs.twimg.com\/images\/themes\/theme1\/bg.png","profile_background_tile":false,"profile_link_color":"1DA1F2","profile_sidebar_border_color":"C0DEED","profile_sidebar_fill_color":"DDEEF6","profile_text_color":"333333","profile_use_background_image":true,"profile_image_url":"http:\/\/pbs.twimg.com\/profile_images\/792402096574398464\/UnzxCT4G_normal.jpg","profile_image_url_https":"https:\/\/pbs.twimg.com\/profile_images\/792402096574398464\/UnzxCT4G_normal.jpg","profile_banner_url":"https:\/\/pbs.twimg.com\/profile_banners\/2766687304\/1573365357","default_profile":true,"default_profile_image":false,"following":null,"follow_request_sent":null,"notifications":null},"geo":null,"coordinates":null,"place":null,"contributors":null,"is_quote_status":false,"quote_count":0,"reply_count":0,"retweet_count":0,"favorite_count":0,"entities":{"hashtags":[],"urls":[],"user_mentions":[{"screen_name":"MarameDia_","name":"Askin in\u00e7i\ud83d\udc51 \ud83c\uddf8\ud83c\uddf3","id":880090568184999936,"id_str":"880090568184999936","indices":[0,11]}],"symbols":[]},"favorited":false,"retweeted":false,"filter_level":"low","lang":"ht","timestamp_ms":"1586538238663"}
