{"created_at":"Fri Apr 10 17:03:53 +0000 2020","id":1248657970038267906,"id_str":"1248657970038267906","text":"RT @Exatlon2020: @AnaEliz93812292 @ZudikeyR @laisla_reality @reto4elementos @paraujo5 Pues la isla se pone super, lo de los 4 elementos es\u2026","source":"\u003ca href=\"http:\/\/twitter.com\/download\/android\" rel=\"nofollow\"\u003eTwitter for Android\u003c\/a\u003e","truncated":false,"in_reply_to_status_id":null,"in_reply_to_status_id_str":null,"in_reply_to_user_id":null,"in_reply_to_user_id_str":null,"in_reply_to_screen_name":null,"user":{"id":1186801737748885505,"id_str":"1186801737748885505","name":"Exatl\u00f3n M\u00e9xico","screen_name":"Exatlon2020","location":"M\u00e9xico","url":null,"description":"Cuenta Fan de Exatl\u00f3n M\u00e9xico por Azteca Uno. Exatl\u00f3n Cup, Lunes 30 de marzo, 7:30 p.m. \ud83d\udc4a\ud83c\udffb\ud83c\udf34","translator_type":"none","protected":false,"verified":false,"followers_count":1380,"friends_count":4969,"listed_count":0,"favourites_count":10428,"statuses_count":6098,"created_at":"Wed Oct 23 00:29:48 +0000 2019","utc_offset":null,"time_zone":null,"geo_enabled":false,"lang":null,"contributors_enabled":false,"is_translator":false,"profile_background_color":"F5F8FA","profile_background_image_url":"","profile_background_image_url_https":"","profile_background_tile":false,"profile_link_color":"1DA1F2","profile_sidebar_border_color":"C0DEED","profile_sidebar_fill_color":"DDEEF6","profile_text_color":"333333","profile_use_background_image":true,"profile_image_url":"http:\/\/pbs.twimg.com\/profile_images\/1243002196352012288\/xMjL2JXn_normal.jpg","profile_image_url_https":"https:\/\/pbs.twimg.com\/profile_images\/1243002196352012288\/xMjL2JXn_normal.jpg","profile_banner_url":"https:\/\/pbs.twimg.com\/profile_banners\/1186801737748885505\/1585888234","default_profile":true,"default_profile_image":false,"following":null,"follow_request_sent":null,"notifications":null},"geo":null,"coordinates":null,"place":null,"contributors":null,"retweeted_status":{"created_at":"Fri Apr 10 05:09:01 +0000 2020","id":1248478068693282816,"id_str":"1248478068693282816","text":"@AnaEliz93812292 @ZudikeyR @laisla_reality @reto4elementos @paraujo5 Pues la isla se pone super, lo de los 4 elemen\u2026 https:\/\/t.co\/13RGHo3PHP","display_text_range":[69,140],"source":"\u003ca href=\"http:\/\/twitter.com\/download\/android\" rel=\"nofollow\"\u003eTwitter for Android\u003c\/a\u003e","truncated":true,"in_reply_to_status_id":1248363389174177792,"in_reply_to_status_id_str":"1248363389174177792","in_reply_to_user_id":930661507574128640,"in_reply_to_user_id_str":"930661507574128640","in_reply_to_screen_name":"AnaEliz93812292","user":{"id":1186801737748885505,"id_str":"1186801737748885505","name":"Exatl\u00f3n M\u00e9xico","screen_name":"Exatlon2020","location":"M\u00e9xico","url":null,"description":"Cuenta Fan de Exatl\u00f3n M\u00e9xico por Azteca Uno. Exatl\u00f3n Cup, Lunes 30 de marzo, 7:30 p.m. \ud83d\udc4a\ud83c\udffb\ud83c\udf34","translator_type":"none","protected":false,"verified":false,"followers_count":1380,"friends_count":4969,"listed_count":0,"favourites_count":10428,"statuses_count":6097,"created_at":"Wed Oct 23 00:29:48 +0000 2019","utc_offset":null,"time_zone":null,"geo_enabled":false,"lang":null,"contributors_enabled":false,"is_translator":false,"profile_background_color":"F5F8FA","profile_background_image_url":"","profile_background_image_url_https":"","profile_background_tile":false,"profile_link_color":"1DA1F2","profile_sidebar_border_color":"C0DEED","profile_sidebar_fill_color":"DDEEF6","profile_text_color":"333333","profile_use_background_image":true,"profile_image_url":"http:\/\/pbs.twimg.com\/profile_images\/1243002196352012288\/xMjL2JXn_normal.jpg","profile_image_url_https":"https:\/\/pbs.twimg.com\/profile_images\/1243002196352012288\/xMjL2JXn_normal.jpg","profile_banner_url":"https:\/\/pbs.twimg.com\/profile_banners\/1186801737748885505\/1585888234","default_profile":true,"default_profile_image":false,"following":null,"follow_request_sent":null,"notifications":null},"geo":null,"coordinates":null,"place":null,"contributors":null,"is_quote_status":false,"extended_tweet":{"full_text":"@AnaEliz93812292 @ZudikeyR @laisla_reality @reto4elementos @paraujo5 Pues la isla se pone super, lo de los 4 elementos es una porquer\u00eda. Y pues ni hablar, a ver ganar otra vez a Mati y que Casandra siga calentando la silla.","display_text_range":[69,223],"entities":{"hashtags":[],"urls":[],"user_mentions":[{"screen_name":"AnaEliz93812292","name":"Lizza Rueda","id":930661507574128640,"id_str":"930661507574128640","indices":[0,16]},{"screen_name":"ZudikeyR","name":"Zudikey Rodriguez","id":2829163279,"id_str":"2829163279","indices":[17,26]},{"screen_name":"laisla_reality","name":"La Isla El Reality","id":3091699344,"id_str":"3091699344","indices":[27,42]},{"screen_name":"reto4elementos","name":"Reto 4 Elementos","id":963926093819535361,"id_str":"963926093819535361","indices":[43,58]},{"screen_name":"paraujo5","name":"Pato Araujo","id":2236715784,"id_str":"2236715784","indices":[59,68]}],"symbols":[]}},"quote_count":0,"reply_count":1,"retweet_count":1,"favorite_count":2,"entities":{"hashtags":[],"urls":[{"url":"https:\/\/t.co\/13RGHo3PHP","expanded_url":"https:\/\/twitter.com\/i\/web\/status\/1248478068693282816","display_url":"twitter.com\/i\/web\/status\/1\u2026","indices":[117,140]}],"user_mentions":[{"screen_name":"AnaEliz93812292","name":"Lizza Rueda","id":930661507574128640,"id_str":"930661507574128640","indices":[0,16]},{"screen_name":"ZudikeyR","name":"Zudikey Rodriguez","id":2829163279,"id_str":"2829163279","indices":[17,26]},{"screen_name":"laisla_reality","name":"La Isla El Reality","id":3091699344,"id_str":"3091699344","indices":[27,42]},{"screen_name":"reto4elementos","name":"Reto 4 Elementos","id":963926093819535361,"id_str":"963926093819535361","indices":[43,58]},{"screen_name":"paraujo5","name":"Pato Araujo","id":2236715784,"id_str":"2236715784","indices":[59,68]}],"symbols":[]},"favorited":false,"retweeted":false,"filter_level":"low","lang":"es"},"is_quote_status":false,"quote_count":0,"reply_count":0,"retweet_count":0,"favorite_count":0,"entities":{"hashtags":[],"urls":[],"user_mentions":[{"screen_name":"Exatlon2020","name":"Exatl\u00f3n M\u00e9xico","id":1186801737748885505,"id_str":"1186801737748885505","indices":[3,15]},{"screen_name":"AnaEliz93812292","name":"Lizza Rueda","id":930661507574128640,"id_str":"930661507574128640","indices":[17,33]},{"screen_name":"ZudikeyR","name":"Zudikey Rodriguez","id":2829163279,"id_str":"2829163279","indices":[34,43]},{"screen_name":"laisla_reality","name":"La Isla El Reality","id":3091699344,"id_str":"3091699344","indices":[44,59]},{"screen_name":"reto4elementos","name":"Reto 4 Elementos","id":963926093819535361,"id_str":"963926093819535361","indices":[60,75]},{"screen_name":"paraujo5","name":"Pato Araujo","id":2236715784,"id_str":"2236715784","indices":[76,85]}],"symbols":[]},"favorited":false,"retweeted":false,"filter_level":"low","lang":"es","timestamp_ms":"1586538233657"}
