{"created_at":"Fri Apr 10 17:03:48 +0000 2020","id":1248657949070745600,"id_str":"1248657949070745600","text":"Version5.2\u3082\u5ef6\u671f\u3055\u308c\u305f\u4e8b\u3060\u3057\u3001\uff14\u6708\uff15\u6708\u306f\u5168\u30ad\u30e3\u30e9\u300c\u4eca\u306eVersion\u300d\u3092\u7d42\u308f\u3089\u305b\u308b\u671f\u9593\u306b\u3057\u3088\u3046\u3002\n\nVersion\uff11\u306f\u5168\u54e1\u5b8c\u4e86\u3055\u305b\u3066\u304b\u3089\u3001\nVersion\uff12\u306e\u30ad\u30e3\u30e9\u3092\u9032\u3081\u308b\u3002\n\n\u5e95\u4e0a\u3052\u3057\u3066\u3044\u3053\u3046\u3002\n\n\u30d7\u30af\u30be\u30fc\u30d1\u30d1\u30fb\u30fb\u30fb\u5b66\u5712\u3059\u3089\u7d42\u308f\u3063\u3066\u7121\u3044\uff57","source":"\u003ca href=\"https:\/\/mobile.twitter.com\" rel=\"nofollow\"\u003eTwitter Web App\u003c\/a\u003e","truncated":false,"in_reply_to_status_id":null,"in_reply_to_status_id_str":null,"in_reply_to_user_id":null,"in_reply_to_user_id_str":null,"in_reply_to_screen_name":null,"user":{"id":1130802435004411906,"id_str":"1130802435004411906","name":"\u30d7\u30af\u30be\u30fc\u30d1\u30d1\uff20DQX\u697d\u3057\u3044","screen_name":"AsceIsAlive2019","location":"\u65e5\u672c \u57fc\u7389","url":null,"description":"\uff24\uff31\uff38\u3092\u3059\u308b\u305f\u3060\u306e\u30aa\u30e4\u30b8\u3067\u3059\u3002 \uff24\uff31\uff38\u5c02\u7528\u57a2\u306e\u3064\u3082\u308a\u3067\u3059\u304c\u3001\u96d1\u591a\u306a\u4e8b\u3092\u3064\u3076\u3084\u304d\u307e\u3059\u3002\u6642\u3005\u30cb\u30e5\u30fc\u30b9\u3092\u898b\u306a\u304c\u3089\u6012\u308a\u51fa\u3059\u306e\u304c\u5f97\u610f\u6280\u3067\u3059\u3002\u30d5\u30a9\u30ed\u30fc\u3059\u308b\u4fa1\u5024\u306f\u7121\u3044\u306e\u3067\u3001\u3044\u3064\u3067\u3082\u30d5\u30a9\u30ed\u30fc\u89e3\u9664\u3057\u3066\u304f\u3060\u3055\u3044\uff57\u3000DQX\/\uff8f\uff72\uff78\uff97\/\u97f3\u697d\/\u6f2b\u753b\/\u8eca\/\u30d0\u30a4\u30af\u30fb\u30fb\u30fb \u73fe\u5728\u30b5\u30d6\u80b2\u6210\u4e2d","translator_type":"none","protected":false,"verified":false,"followers_count":215,"friends_count":307,"listed_count":1,"favourites_count":14845,"statuses_count":32824,"created_at":"Tue May 21 11:48:04 +0000 2019","utc_offset":null,"time_zone":null,"geo_enabled":false,"lang":null,"contributors_enabled":false,"is_translator":false,"profile_background_color":"F5F8FA","profile_background_image_url":"","profile_background_image_url_https":"","profile_background_tile":false,"profile_link_color":"1DA1F2","profile_sidebar_border_color":"C0DEED","profile_sidebar_fill_color":"DDEEF6","profile_text_color":"333333","profile_use_background_image":true,"profile_image_url":"http:\/\/pbs.twimg.com\/profile_images\/1142011955059679232\/PoxOSfdJ_normal.png","profile_image_url_https":"https:\/\/pbs.twimg.com\/profile_images\/1142011955059679232\/PoxOSfdJ_normal.png","profile_banner_url":"https:\/\/pbs.twimg.com\/profile_banners\/1130802435004411906\/1561115460","default_profile":true,"default_profile_image":false,"following":null,"follow_request_sent":null,"notifications":null},"geo":null,"coordinates":null,"place":null,"contributors":null,"is_quote_status":false,"quote_count":0,"reply_count":0,"retweet_count":0,"favorite_count":0,"entities":{"hashtags":[],"urls":[],"user_mentions":[],"symbols":[]},"favorited":false,"retweeted":false,"filter_level":"low","lang":"ja","timestamp_ms":"1586538228658"}
