{"created_at":"Fri Apr 10 17:03:58 +0000 2020","id":1248657991038947328,"id_str":"1248657991038947328","text":"\u666e\u6bb5\u306a\u3089\u5bdd\u3066\u306a\u304d\u3083\u306a\u306e\u306b\u8d77\u304d\u3066\u308b\u306e\u3084\u3070\u3044\u306a\u3001\u652f\u969c\u304d\u305f\u3059\u524d\u306b\u5bdd\u306a\u3044\u3068\u3001","source":"\u003ca href=\"http:\/\/twitter.com\/download\/iphone\" rel=\"nofollow\"\u003eTwitter for iPhone\u003c\/a\u003e","truncated":false,"in_reply_to_status_id":null,"in_reply_to_status_id_str":null,"in_reply_to_user_id":null,"in_reply_to_user_id_str":null,"in_reply_to_screen_name":null,"user":{"id":904549103224229889,"id_str":"904549103224229889","name":"\ud80c\udd6a","screen_name":"_Vergebung","location":null,"url":null,"description":"9-18\u52e4\u52d9 \u4ed5\u4e8b\u5acc\u3060\u865a\u7121","translator_type":"none","protected":false,"verified":false,"followers_count":123,"friends_count":99,"listed_count":0,"favourites_count":35434,"statuses_count":27637,"created_at":"Mon Sep 04 03:38:06 +0000 2017","utc_offset":null,"time_zone":null,"geo_enabled":false,"lang":null,"contributors_enabled":false,"is_translator":false,"profile_background_color":"F5F8FA","profile_background_image_url":"","profile_background_image_url_https":"","profile_background_tile":false,"profile_link_color":"1DA1F2","profile_sidebar_border_color":"C0DEED","profile_sidebar_fill_color":"DDEEF6","profile_text_color":"333333","profile_use_background_image":true,"profile_image_url":"http:\/\/pbs.twimg.com\/profile_images\/1240186665785643014\/ZgJf8JB7_normal.jpg","profile_image_url_https":"https:\/\/pbs.twimg.com\/profile_images\/1240186665785643014\/ZgJf8JB7_normal.jpg","profile_banner_url":"https:\/\/pbs.twimg.com\/profile_banners\/904549103224229889\/1585096807","default_profile":true,"default_profile_image":false,"following":null,"follow_request_sent":null,"notifications":null},"geo":null,"coordinates":null,"place":null,"contributors":null,"is_quote_status":false,"quote_count":0,"reply_count":0,"retweet_count":0,"favorite_count":0,"entities":{"hashtags":[],"urls":[],"user_mentions":[],"symbols":[]},"favorited":false,"retweeted":false,"filter_level":"low","lang":"ja","timestamp_ms":"1586538238664"}
