{"created_at":"Fri Apr 10 17:03:52 +0000 2020","id":1248657965848104966,"id_str":"1248657965848104966","text":"@realDailyWire @WeWuzBoomers @benshapiro nice collapsed wrist there","display_text_range":[41,67],"source":"\u003ca href=\"http:\/\/twitter.com\/download\/iphone\" rel=\"nofollow\"\u003eTwitter for iPhone\u003c\/a\u003e","truncated":false,"in_reply_to_status_id":1248382153500450818,"in_reply_to_status_id_str":"1248382153500450818","in_reply_to_user_id":4081106480,"in_reply_to_user_id_str":"4081106480","in_reply_to_screen_name":"realDailyWire","user":{"id":172217575,"id_str":"172217575","name":"stay inna crib","screen_name":"iAmMinel","location":"\/bin\/bash","url":null,"description":"\ud83e\udd7a \ud83d\udc49\ud83c\udffd\ud83d\udc48\ud83c\udffd \ud83d\udc5f\ud83e\udde6 when this is all over do you maybe wanna hang out","translator_type":"none","protected":false,"verified":false,"followers_count":644,"friends_count":602,"listed_count":21,"favourites_count":20604,"statuses_count":29763,"created_at":"Thu Jul 29 04:50:46 +0000 2010","utc_offset":null,"time_zone":null,"geo_enabled":true,"lang":null,"contributors_enabled":false,"is_translator":false,"profile_background_color":"000000","profile_background_image_url":"http:\/\/abs.twimg.com\/images\/themes\/theme9\/bg.gif","profile_background_image_url_https":"https:\/\/abs.twimg.com\/images\/themes\/theme9\/bg.gif","profile_background_tile":false,"profile_link_color":"ABB8C2","profile_sidebar_border_color":"000000","profile_sidebar_fill_color":"000000","profile_text_color":"000000","profile_use_background_image":false,"profile_image_url":"http:\/\/pbs.twimg.com\/profile_images\/1021235428710469634\/e18Mey3W_normal.jpg","profile_image_url_https":"https:\/\/pbs.twimg.com\/profile_images\/1021235428710469634\/e18Mey3W_normal.jpg","profile_banner_url":"https:\/\/pbs.twimg.com\/profile_banners\/172217575\/1515592806","default_profile":false,"default_profile_image":false,"following":null,"follow_request_sent":null,"notifications":null},"geo":null,"coordinates":null,"place":null,"contributors":null,"is_quote_status":false,"quote_count":0,"reply_count":0,"retweet_count":0,"favorite_count":0,"entities":{"hashtags":[],"urls":[],"user_mentions":[{"screen_name":"realDailyWire","name":"The Daily Wire","id":4081106480,"id_str":"4081106480","indices":[0,14]},{"screen_name":"WeWuzBoomers","name":"Cursed Boomer Images","id":941109866202091521,"id_str":"941109866202091521","indices":[15,28]},{"screen_name":"benshapiro","name":"Ben Shapiro","id":17995040,"id_str":"17995040","indices":[29,40]}],"symbols":[]},"favorited":false,"retweeted":false,"filter_level":"low","lang":"en","timestamp_ms":"1586538232658"}
