{"created_at":"Fri Apr 10 17:03:49 +0000 2020","id":1248657953298800643,"id_str":"1248657953298800643","text":"@babieIin oke timmy turner","display_text_range":[10,26],"source":"\u003ca href=\"http:\/\/twitter.com\/download\/iphone\" rel=\"nofollow\"\u003eTwitter for iPhone\u003c\/a\u003e","truncated":false,"in_reply_to_status_id":1248657772490756098,"in_reply_to_status_id_str":"1248657772490756098","in_reply_to_user_id":1248308430441512963,"in_reply_to_user_id_str":"1248308430441512963","in_reply_to_screen_name":"babieIin","user":{"id":1197281052622016512,"id_str":"1197281052622016512","name":"\ud835\udd98\ud835\udc2d\ud835\udc28\ud835\udc2b\ud835\udc26\ud835\udc32","screen_name":"stormrtrooper","location":"she\/her","url":null,"description":"rip @marsinscrpio @marsinscrpiio @sstorrrrmy @donateIIadragna @notweIcome","translator_type":"none","protected":false,"verified":false,"followers_count":36,"friends_count":61,"listed_count":3,"favourites_count":57,"statuses_count":925,"created_at":"Wed Nov 20 22:32:09 +0000 2019","utc_offset":null,"time_zone":null,"geo_enabled":false,"lang":null,"contributors_enabled":false,"is_translator":false,"profile_background_color":"F5F8FA","profile_background_image_url":"","profile_background_image_url_https":"","profile_background_tile":false,"profile_link_color":"1DA1F2","profile_sidebar_border_color":"C0DEED","profile_sidebar_fill_color":"DDEEF6","profile_text_color":"333333","profile_use_background_image":true,"profile_image_url":"http:\/\/pbs.twimg.com\/profile_images\/1245052992065331200\/e0HN_z9E_normal.jpg","profile_image_url_https":"https:\/\/pbs.twimg.com\/profile_images\/1245052992065331200\/e0HN_z9E_normal.jpg","profile_banner_url":"https:\/\/pbs.twimg.com\/profile_banners\/1197281052622016512\/1585678741","default_profile":true,"default_profile_image":false,"following":null,"follow_request_sent":null,"notifications":null},"geo":null,"coordinates":null,"place":null,"contributors":null,"is_quote_status":false,"quote_count":0,"reply_count":0,"retweet_count":0,"favorite_count":0,"entities":{"hashtags":[],"urls":[],"user_mentions":[{"screen_name":"babieIin","name":"celin","id":1248308430441512963,"id_str":"1248308430441512963","indices":[0,9]}],"symbols":[]},"favorited":false,"retweeted":false,"filter_level":"low","lang":"en","timestamp_ms":"1586538229666"}
