{"created_at":"Fri Apr 10 17:03:48 +0000 2020","id":1248657949100212226,"id_str":"1248657949100212226","text":"@littybrittyy @CoastboyMook I mean he didn\u2019t help his whole career but at least 30 percent of it .","display_text_range":[28,98],"source":"\u003ca href=\"http:\/\/twitter.com\/download\/iphone\" rel=\"nofollow\"\u003eTwitter for iPhone\u003c\/a\u003e","truncated":false,"in_reply_to_status_id":1248657517015642113,"in_reply_to_status_id_str":"1248657517015642113","in_reply_to_user_id":119944153,"in_reply_to_user_id_str":"119944153","in_reply_to_screen_name":"littybrittyy","user":{"id":1250732276,"id_str":"1250732276","name":"ZellySweat","screen_name":"Funkasweatic","location":"Georgia, USA","url":"http:\/\/music.apple.com\/us\/album\/born-with-it\/1491396256","description":"Producer \/Rapper that loves Cornbread. Snapchat:zellysweat Instagram: funkasweatic SSU Alumnus","translator_type":"none","protected":false,"verified":false,"followers_count":666,"friends_count":477,"listed_count":4,"favourites_count":7446,"statuses_count":7388,"created_at":"Fri Mar 08 04:33:09 +0000 2013","utc_offset":null,"time_zone":null,"geo_enabled":true,"lang":null,"contributors_enabled":false,"is_translator":false,"profile_background_color":"C0DEED","profile_background_image_url":"http:\/\/abs.twimg.com\/images\/themes\/theme1\/bg.png","profile_background_image_url_https":"https:\/\/abs.twimg.com\/images\/themes\/theme1\/bg.png","profile_background_tile":false,"profile_link_color":"1DA1F2","profile_sidebar_border_color":"C0DEED","profile_sidebar_fill_color":"DDEEF6","profile_text_color":"333333","profile_use_background_image":true,"profile_image_url":"http:\/\/pbs.twimg.com\/profile_images\/1246267205873995777\/ESVjge5d_normal.jpg","profile_image_url_https":"https:\/\/pbs.twimg.com\/profile_images\/1246267205873995777\/ESVjge5d_normal.jpg","profile_banner_url":"https:\/\/pbs.twimg.com\/profile_banners\/1250732276\/1584507389","default_profile":true,"default_profile_image":false,"following":null,"follow_request_sent":null,"notifications":null},"geo":null,"coordinates":null,"place":null,"contributors":null,"is_quote_status":false,"quote_count":0,"reply_count":0,"retweet_count":0,"favorite_count":0,"entities":{"hashtags":[],"urls":[],"user_mentions":[{"screen_name":"littybrittyy","name":"B-RY","id":119944153,"id_str":"119944153","indices":[0,13]},{"screen_name":"CoastboyMook","name":"Miche\ud83d\udc82\ud83c\udffe\u200d\u2640\ufe0f","id":484439580,"id_str":"484439580","indices":[14,27]}],"symbols":[]},"favorited":false,"retweeted":false,"filter_level":"low","lang":"en","timestamp_ms":"1586538228665"}
