{"created_at":"Fri Apr 10 17:03:57 +0000 2020","id":1248657986848948224,"id_str":"1248657986848948224","text":"Pain is greatness leaving the country.","source":"\u003ca href=\"http:\/\/twitter.com\/download\/iphone\" rel=\"nofollow\"\u003eTwitter for iPhone\u003c\/a\u003e","truncated":false,"in_reply_to_status_id":null,"in_reply_to_status_id_str":null,"in_reply_to_user_id":null,"in_reply_to_user_id_str":null,"in_reply_to_screen_name":null,"user":{"id":396281683,"id_str":"396281683","name":"Werbler #StayingHomeStayingSafe","screen_name":"werbler","location":"North Central USA","url":null,"description":"Do that which is right. Be kind to people. Really wide ranging interests.","translator_type":"none","protected":false,"verified":false,"followers_count":503,"friends_count":2227,"listed_count":16,"favourites_count":5404,"statuses_count":14444,"created_at":"Sun Oct 23 01:32:39 +0000 2011","utc_offset":null,"time_zone":null,"geo_enabled":true,"lang":null,"contributors_enabled":false,"is_translator":false,"profile_background_color":"C0DEED","profile_background_image_url":"http:\/\/abs.twimg.com\/images\/themes\/theme1\/bg.png","profile_background_image_url_https":"https:\/\/abs.twimg.com\/images\/themes\/theme1\/bg.png","profile_background_tile":false,"profile_link_color":"1DA1F2","profile_sidebar_border_color":"C0DEED","profile_sidebar_fill_color":"DDEEF6","profile_text_color":"333333","profile_use_background_image":true,"profile_image_url":"http:\/\/pbs.twimg.com\/profile_images\/654418612061495296\/lmy83y2b_normal.png","profile_image_url_https":"https:\/\/pbs.twimg.com\/profile_images\/654418612061495296\/lmy83y2b_normal.png","profile_banner_url":"https:\/\/pbs.twimg.com\/profile_banners\/396281683\/1493512290","default_profile":true,"default_profile_image":false,"following":null,"follow_request_sent":null,"notifications":null},"geo":null,"coordinates":null,"place":null,"contributors":null,"quoted_status_id":1248649171999035395,"quoted_status_id_str":"1248649171999035395","quoted_status":{"created_at":"Fri Apr 10 16:28:56 +0000 2020","id":1248649171999035395,"id_str":"1248649171999035395","text":"Stimulus packages around the world:\n\nUK: 80% of workers' salaries\n\nDenmark: 75% of workers' salaries\n\nS Korea: 70%\u2026 https:\/\/t.co\/rYFsKVFFlt","source":"\u003ca href=\"https:\/\/mobile.twitter.com\" rel=\"nofollow\"\u003eTwitter Web App\u003c\/a\u003e","truncated":true,"in_reply_to_status_id":null,"in_reply_to_status_id_str":null,"in_reply_to_user_id":null,"in_reply_to_user_id_str":null,"in_reply_to_screen_name":null,"user":{"id":755677202,"id_str":"755677202","name":"Nate Lerner","screen_name":"NathanLerner","location":"Brooklyn, NY","url":"http:\/\/Buildthewave.org","description":"Founder @BuildTheWave (2 million texts sent for Dems in 2018). Previously: Yang 2020, Draft Beto, Obama 2012. #BoycottTrump app creator. Nate@buildthewave.org","translator_type":"none","protected":false,"verified":true,"followers_count":65719,"friends_count":1483,"listed_count":530,"favourites_count":8210,"statuses_count":9005,"created_at":"Mon Aug 13 19:16:07 +0000 2012","utc_offset":null,"time_zone":null,"geo_enabled":false,"lang":null,"contributors_enabled":false,"is_translator":false,"profile_background_color":"000000","profile_background_image_url":"http:\/\/abs.twimg.com\/images\/themes\/theme1\/bg.png","profile_background_image_url_https":"https:\/\/abs.twimg.com\/images\/themes\/theme1\/bg.png","profile_background_tile":false,"profile_link_color":"89C9FA","profile_sidebar_border_color":"000000","profile_sidebar_fill_color":"000000","profile_text_color":"000000","profile_use_background_image":false,"profile_image_url":"http:\/\/pbs.twimg.com\/profile_images\/1066196627101229057\/hgSa9oqm_normal.jpg","profile_image_url_https":"https:\/\/pbs.twimg.com\/profile_images\/1066196627101229057\/hgSa9oqm_normal.jpg","profile_banner_url":"https:\/\/pbs.twimg.com\/profile_banners\/755677202\/1569353107","default_profile":false,"default_profile_image":false,"following":null,"follow_request_sent":null,"notifications":null},"geo":null,"coordinates":null,"place":null,"contributors":null,"is_quote_status":false,"extended_tweet":{"full_text":"Stimulus packages around the world:\n\nUK: 80% of workers' salaries\n\nDenmark: 75% of workers' salaries\n\nS Korea: 70% of workers' salaries\n\nNetherlands: 90% of workers' salaries\n\nCanada: $2k per month\n\nAustralia: $1k per month\n\nUS: One time $1200 check that may take months to arrive","display_text_range":[0,280],"entities":{"hashtags":[],"urls":[],"user_mentions":[],"symbols":[]}},"quote_count":58,"reply_count":87,"retweet_count":475,"favorite_count":557,"entities":{"hashtags":[],"urls":[{"url":"https:\/\/t.co\/rYFsKVFFlt","expanded_url":"https:\/\/twitter.com\/i\/web\/status\/1248649171999035395","display_url":"twitter.com\/i\/web\/status\/1\u2026","indices":[116,139]}],"user_mentions":[],"symbols":[]},"favorited":false,"retweeted":false,"filter_level":"low","lang":"en"},"quoted_status_permalink":{"url":"https:\/\/t.co\/5QPOm25Zt3","expanded":"https:\/\/twitter.com\/nathanlerner\/status\/1248649171999035395","display":"twitter.com\/nathanlerner\/s\u2026"},"is_quote_status":true,"quote_count":0,"reply_count":0,"retweet_count":0,"favorite_count":0,"entities":{"hashtags":[],"urls":[],"user_mentions":[],"symbols":[]},"favorited":false,"retweeted":false,"filter_level":"low","lang":"en","timestamp_ms":"1586538237665"}
