{"created_at":"Fri Apr 10 17:03:54 +0000 2020","id":1248657974245183490,"id_str":"1248657974245183490","text":"RT @chentao1315: #\u52b2\u7206\u6d88\u606f\u5ad6\u5ba2\u798f\u97f3\n\u9996\u6b3e\u5ad6\u5927\u9e21\u5df4\u5e05\u54e5APP\u6b63\u5f0f\u4e0a\u7ebf.\u5e73\u53f0\u5bf9\u5356\u903c\u7684MB\u4e25\u683c\u628a\u5173\u5ba1\u6838.\u5728\u7ebf\u652f\u4ed8\u62c5\u4fdd\u4ea4\u6613.\u60c5\u51b5\u7167\u7247\u3001\u670d\u52a1\u4e00\u76ee\u4e86\u7136.Amen\u53ea\u505a\u6700\u4e13\u4e1a\u7684\u5e73\u53f0.3000\u4f4d\u4f18\u8d28\u6280\u5e08\u5305\u62ec\uff08\u4f53\u80b2\u751f.\u7537\u6a21.\u808c\u8089\u6559\u7ec3.\u517c\u804c\u9ad8\u4e2d\u751f.\u5927\u9e21\u5df4\u6c11\u5de5\uff09\u2014-\uff08\u590d\u5236\u7c98\u8d34\u94fe\u63a5\u5230\u624b\u2026","source":"\u003ca href=\"http:\/\/twitter.com\/download\/iphone\" rel=\"nofollow\"\u003eTwitter for iPhone\u003c\/a\u003e","truncated":false,"in_reply_to_status_id":null,"in_reply_to_status_id_str":null,"in_reply_to_user_id":null,"in_reply_to_user_id_str":null,"in_reply_to_screen_name":null,"user":{"id":4891005000,"id_str":"4891005000","name":"Elias Harper","screen_name":"eliasharpergg","location":null,"url":null,"description":null,"translator_type":"none","protected":false,"verified":false,"followers_count":12,"friends_count":299,"listed_count":0,"favourites_count":3270,"statuses_count":1180,"created_at":"Thu Feb 11 04:34:49 +0000 2016","utc_offset":null,"time_zone":null,"geo_enabled":false,"lang":null,"contributors_enabled":false,"is_translator":false,"profile_background_color":"F5F8FA","profile_background_image_url":"","profile_background_image_url_https":"","profile_background_tile":false,"profile_link_color":"1DA1F2","profile_sidebar_border_color":"C0DEED","profile_sidebar_fill_color":"DDEEF6","profile_text_color":"333333","profile_use_background_image":true,"profile_image_url":"http:\/\/abs.twimg.com\/sticky\/default_profile_images\/default_profile_normal.png","profile_image_url_https":"https:\/\/abs.twimg.com\/sticky\/default_profile_images\/default_profile_normal.png","default_profile":true,"default_profile_image":false,"following":null,"follow_request_sent":null,"notifications":null},"geo":null,"coordinates":null,"place":null,"contributors":null,"retweeted_status":{"created_at":"Fri Apr 10 15:21:59 +0000 2020","id":1248632323878182914,"id_str":"1248632323878182914","text":"#\u52b2\u7206\u6d88\u606f\u5ad6\u5ba2\u798f\u97f3\n\u9996\u6b3e\u5ad6\u5927\u9e21\u5df4\u5e05\u54e5APP\u6b63\u5f0f\u4e0a\u7ebf.\u5e73\u53f0\u5bf9\u5356\u903c\u7684MB\u4e25\u683c\u628a\u5173\u5ba1\u6838.\u5728\u7ebf\u652f\u4ed8\u62c5\u4fdd\u4ea4\u6613.\u60c5\u51b5\u7167\u7247\u3001\u670d\u52a1\u4e00\u76ee\u4e86\u7136.Amen\u53ea\u505a\u6700\u4e13\u4e1a\u7684\u5e73\u53f0.3000\u4f4d\u4f18\u8d28\u6280\u5e08\u5305\u62ec\uff08\u4f53\u80b2\u751f.\u7537\u6a21.\u808c\u8089\u6559\u7ec3.\u517c\u804c\u9ad8\u4e2d\u751f.\u5927\u9e21\u5df4\u6c11\u5de5\uff09\u2014-\uff08\u590d\u2026 https:\/\/t.co\/wGtLOJwQ9F","display_text_range":[0,140],"source":"\u003ca href=\"http:\/\/twitter.com\/download\/iphone\" rel=\"nofollow\"\u003eTwitter for iPhone\u003c\/a\u003e","truncated":true,"in_reply_to_status_id":null,"in_reply_to_status_id_str":null,"in_reply_to_user_id":null,"in_reply_to_user_id_str":null,"in_reply_to_screen_name":null,"user":{"id":1127619901944807424,"id_str":"1127619901944807424","name":"\u9648\u6d9b\u2795qq3277396942","screen_name":"chentao1315","location":null,"url":null,"description":"\u2014\u2014-\u51fa\u552e\u56fd\u4ea7\u81ea\u62cd\u3001MB\u540d\u5a9b\u7cbe\u54c1\u5408\u96c6\u3001SM\u7cbe\u54c1\u5408\u96c6\u3001\u76f4\u7537\u89c6\u9891\u5077\u62cd\u3001\u55e8\u7247\u5408\u96c6\u3001\u6b27\u7f8e\u65e0\u5957\u65e5\u672c\u65e0\u7801 \u2014\u2014\u2014\u2014\u2014-\u2014-\u63a5\u53d7\u5e7f\u544a\u63a8\u5e7f\u5ba3\u4f20 \u2014\u2014\u2014\u2014\u2014\u2014\u2014\u2014-\u4e70\u7247\u52a0qq3277396942","translator_type":"none","protected":false,"verified":false,"followers_count":145691,"friends_count":886,"listed_count":311,"favourites_count":10,"statuses_count":3382,"created_at":"Sun May 12 17:01:49 +0000 2019","utc_offset":null,"time_zone":null,"geo_enabled":false,"lang":null,"contributors_enabled":false,"is_translator":false,"profile_background_color":"F5F8FA","profile_background_image_url":"","profile_background_image_url_https":"","profile_background_tile":false,"profile_link_color":"1DA1F2","profile_sidebar_border_color":"C0DEED","profile_sidebar_fill_color":"DDEEF6","profile_text_color":"333333","profile_use_background_image":true,"profile_image_url":"http:\/\/pbs.twimg.com\/profile_images\/1134127694801620992\/jevwtTwr_normal.jpg","profile_image_url_https":"https:\/\/pbs.twimg.com\/profile_images\/1134127694801620992\/jevwtTwr_normal.jpg","profile_banner_url":"https:\/\/pbs.twimg.com\/profile_banners\/1127619901944807424\/1559232165","default_profile":true,"default_profile_image":false,"following":null,"follow_request_sent":null,"notifications":null},"geo":null,"coordinates":null,"place":null,"contributors":null,"is_quote_status":false,"extended_tweet":{"full_text":"#\u52b2\u7206\u6d88\u606f\u5ad6\u5ba2\u798f\u97f3\n\u9996\u6b3e\u5ad6\u5927\u9e21\u5df4\u5e05\u54e5APP\u6b63\u5f0f\u4e0a\u7ebf.\u5e73\u53f0\u5bf9\u5356\u903c\u7684MB\u4e25\u683c\u628a\u5173\u5ba1\u6838.\u5728\u7ebf\u652f\u4ed8\u62c5\u4fdd\u4ea4\u6613.\u60c5\u51b5\u7167\u7247\u3001\u670d\u52a1\u4e00\u76ee\u4e86\u7136.Amen\u53ea\u505a\u6700\u4e13\u4e1a\u7684\u5e73\u53f0.3000\u4f4d\u4f18\u8d28\u6280\u5e08\u5305\u62ec\uff08\u4f53\u80b2\u751f.\u7537\u6a21.\u808c\u8089\u6559\u7ec3.\u517c\u804c\u9ad8\u4e2d\u751f.\u5927\u9e21\u5df4\u6c11\u5de5\uff09\u2014-\uff08\u590d\u5236\u7c98\u8d34\u94fe\u63a5\u5230\u624b\u673a\u81ea\u5e26\u6d4f\u89c8\u5668\u4e0b\u8f7d\uff09\uff08\u9080\u8bf7\u7801945Z\uff09https:\/\/t.co\/tyopXFTENa https:\/\/t.co\/6vuj8GJhP6","display_text_range":[0,163],"entities":{"hashtags":[{"text":"\u52b2\u7206\u6d88\u606f\u5ad6\u5ba2\u798f\u97f3","indices":[0,9]}],"urls":[{"url":"https:\/\/t.co\/tyopXFTENa","expanded_url":"http:\/\/www.ns669.top\/App\/User\/inviteReg?sourceSpreadNo=945Z","display_url":"ns669.top\/App\/User\/invit\u2026","indices":[140,163]}],"user_mentions":[],"symbols":[],"media":[{"id":1248632315477024769,"id_str":"1248632315477024769","indices":[164,187],"media_url":"http:\/\/pbs.twimg.com\/media\/EVQIebMU4AE7mVH.jpg","media_url_https":"https:\/\/pbs.twimg.com\/media\/EVQIebMU4AE7mVH.jpg","url":"https:\/\/t.co\/6vuj8GJhP6","display_url":"pic.twitter.com\/6vuj8GJhP6","expanded_url":"https:\/\/twitter.com\/chentao1315\/status\/1248632323878182914\/photo\/1","type":"photo","sizes":{"thumb":{"w":150,"h":150,"resize":"crop"},"large":{"w":735,"h":1024,"resize":"fit"},"medium":{"w":735,"h":1024,"resize":"fit"},"small":{"w":488,"h":680,"resize":"fit"}}},{"id":1248632315477024768,"id_str":"1248632315477024768","indices":[164,187],"media_url":"http:\/\/pbs.twimg.com\/media\/EVQIebMU4AAcU5U.jpg","media_url_https":"https:\/\/pbs.twimg.com\/media\/EVQIebMU4AAcU5U.jpg","url":"https:\/\/t.co\/6vuj8GJhP6","display_url":"pic.twitter.com\/6vuj8GJhP6","expanded_url":"https:\/\/twitter.com\/chentao1315\/status\/1248632323878182914\/photo\/1","type":"photo","sizes":{"medium":{"w":519,"h":671,"resize":"fit"},"thumb":{"w":150,"h":150,"resize":"crop"},"large":{"w":519,"h":671,"resize":"fit"},"small":{"w":519,"h":671,"resize":"fit"}}},{"id":1248632315468632067,"id_str":"1248632315468632067","indices":[164,187],"media_url":"http:\/\/pbs.twimg.com\/media\/EVQIebKU0AMkxfz.jpg","media_url_https":"https:\/\/pbs.twimg.com\/media\/EVQIebKU0AMkxfz.jpg","url":"https:\/\/t.co\/6vuj8GJhP6","display_url":"pic.twitter.com\/6vuj8GJhP6","expanded_url":"https:\/\/twitter.com\/chentao1315\/status\/1248632323878182914\/photo\/1","type":"photo","sizes":{"thumb":{"w":150,"h":150,"resize":"crop"},"small":{"w":479,"h":680,"resize":"fit"},"large":{"w":720,"h":1023,"resize":"fit"},"medium":{"w":720,"h":1023,"resize":"fit"}}},{"id":1248632315602817025,"id_str":"1248632315602817025","indices":[164,187],"media_url":"http:\/\/pbs.twimg.com\/media\/EVQIebqUUAE1Qy9.jpg","media_url_https":"https:\/\/pbs.twimg.com\/media\/EVQIebqUUAE1Qy9.jpg","url":"https:\/\/t.co\/6vuj8GJhP6","display_url":"pic.twitter.com\/6vuj8GJhP6","expanded_url":"https:\/\/twitter.com\/chentao1315\/status\/1248632323878182914\/photo\/1","type":"photo","sizes":{"thumb":{"w":150,"h":150,"resize":"crop"},"medium":{"w":491,"h":491,"resize":"fit"},"large":{"w":491,"h":491,"resize":"fit"},"small":{"w":491,"h":491,"resize":"fit"}}}]},"extended_entities":{"media":[{"id":1248632315477024769,"id_str":"1248632315477024769","indices":[164,187],"media_url":"http:\/\/pbs.twimg.com\/media\/EVQIebMU4AE7mVH.jpg","media_url_https":"https:\/\/pbs.twimg.com\/media\/EVQIebMU4AE7mVH.jpg","url":"https:\/\/t.co\/6vuj8GJhP6","display_url":"pic.twitter.com\/6vuj8GJhP6","expanded_url":"https:\/\/twitter.com\/chentao1315\/status\/1248632323878182914\/photo\/1","type":"photo","sizes":{"thumb":{"w":150,"h":150,"resize":"crop"},"large":{"w":735,"h":1024,"resize":"fit"},"medium":{"w":735,"h":1024,"resize":"fit"},"small":{"w":488,"h":680,"resize":"fit"}}},{"id":1248632315477024768,"id_str":"1248632315477024768","indices":[164,187],"media_url":"http:\/\/pbs.twimg.com\/media\/EVQIebMU4AAcU5U.jpg","media_url_https":"https:\/\/pbs.twimg.com\/media\/EVQIebMU4AAcU5U.jpg","url":"https:\/\/t.co\/6vuj8GJhP6","display_url":"pic.twitter.com\/6vuj8GJhP6","expanded_url":"https:\/\/twitter.com\/chentao1315\/status\/1248632323878182914\/photo\/1","type":"photo","sizes":{"medium":{"w":519,"h":671,"resize":"fit"},"thumb":{"w":150,"h":150,"resize":"crop"},"large":{"w":519,"h":671,"resize":"fit"},"small":{"w":519,"h":671,"resize":"fit"}}},{"id":1248632315468632067,"id_str":"1248632315468632067","indices":[164,187],"media_url":"http:\/\/pbs.twimg.com\/media\/EVQIebKU0AMkxfz.jpg","media_url_https":"https:\/\/pbs.twimg.com\/media\/EVQIebKU0AMkxfz.jpg","url":"https:\/\/t.co\/6vuj8GJhP6","display_url":"pic.twitter.com\/6vuj8GJhP6","expanded_url":"https:\/\/twitter.com\/chentao1315\/status\/1248632323878182914\/photo\/1","type":"photo","sizes":{"thumb":{"w":150,"h":150,"resize":"crop"},"small":{"w":479,"h":680,"resize":"fit"},"large":{"w":720,"h":1023,"resize":"fit"},"medium":{"w":720,"h":1023,"resize":"fit"}}},{"id":1248632315602817025,"id_str":"1248632315602817025","indices":[164,187],"media_url":"http:\/\/pbs.twimg.com\/media\/EVQIebqUUAE1Qy9.jpg","media_url_https":"https:\/\/pbs.twimg.com\/media\/EVQIebqUUAE1Qy9.jpg","url":"https:\/\/t.co\/6vuj8GJhP6","display_url":"pic.twitter.com\/6vuj8GJhP6","expanded_url":"https:\/\/twitter.com\/chentao1315\/status\/1248632323878182914\/photo\/1","type":"photo","sizes":{"thumb":{"w":150,"h":150,"resize":"crop"},"medium":{"w":491,"h":491,"resize":"fit"},"large":{"w":491,"h":491,"resize":"fit"},"small":{"w":491,"h":491,"resize":"fit"}}}]}},"quote_count":0,"reply_count":0,"retweet_count":19,"favorite_count":100,"entities":{"hashtags":[{"text":"\u52b2\u7206\u6d88\u606f\u5ad6\u5ba2\u798f\u97f3","indices":[0,9]}],"urls":[{"url":"https:\/\/t.co\/wGtLOJwQ9F","expanded_url":"https:\/\/twitter.com\/i\/web\/status\/1248632323878182914","display_url":"twitter.com\/i\/web\/status\/1\u2026","indices":[117,140]}],"user_mentions":[],"symbols":[]},"favorited":false,"retweeted":false,"possibly_sensitive":true,"filter_level":"low","lang":"zh"},"is_quote_status":false,"quote_count":0,"reply_count":0,"retweet_count":0,"favorite_count":0,"entities":{"hashtags":[{"text":"\u52b2\u7206\u6d88\u606f\u5ad6\u5ba2\u798f\u97f3","indices":[17,26]}],"urls":[],"user_mentions":[{"screen_name":"chentao1315","name":"\u9648\u6d9b\u2795qq3277396942","id":1127619901944807424,"id_str":"1127619901944807424","indices":[3,15]}],"symbols":[]},"favorited":false,"retweeted":false,"filter_level":"low","lang":"zh","timestamp_ms":"1586538234660"}
