{"created_at":"Fri Apr 10 17:03:58 +0000 2020","id":1248657991030558725,"id_str":"1248657991030558725","text":"\u5909\u614b\u304a\u306d\u30fc\u3055\u3093\u3068\u4ef2\u826f\u3046\u3057\u3066\u3047\u3084\ud83d\ude0a\n\n\u30bf\u30b0\u53cd\u5fdc\u3067\u6c17\u306b\u306a\u3063\u305f\u65b9 \u2764\u267b\ufe0f\u3067\u304a\u8fce\u3048\u884c\u304d\u307e\u3059\u3002 https:\/\/t.co\/njFApVpSAl","display_text_range":[0,42],"source":"\u003ca href=\"http:\/\/twitter.com\/download\/iphone\" rel=\"nofollow\"\u003eTwitter for iPhone\u003c\/a\u003e","truncated":false,"in_reply_to_status_id":null,"in_reply_to_status_id_str":null,"in_reply_to_user_id":null,"in_reply_to_user_id_str":null,"in_reply_to_screen_name":null,"user":{"id":1247062975287967745,"id_str":"1247062975287967745","name":"\u6247\u3061\u3083\u3093","screen_name":"heg__3","location":null,"url":null,"description":null,"translator_type":"none","protected":false,"verified":false,"followers_count":0,"friends_count":0,"listed_count":0,"favourites_count":0,"statuses_count":1,"created_at":"Mon Apr 06 07:26:05 +0000 2020","utc_offset":null,"time_zone":null,"geo_enabled":false,"lang":null,"contributors_enabled":false,"is_translator":false,"profile_background_color":"F5F8FA","profile_background_image_url":"","profile_background_image_url_https":"","profile_background_tile":false,"profile_link_color":"1DA1F2","profile_sidebar_border_color":"C0DEED","profile_sidebar_fill_color":"DDEEF6","profile_text_color":"333333","profile_use_background_image":true,"profile_image_url":"http:\/\/pbs.twimg.com\/profile_images\/1248655544228802561\/PdzIBmgW_normal.jpg","profile_image_url_https":"https:\/\/pbs.twimg.com\/profile_images\/1248655544228802561\/PdzIBmgW_normal.jpg","profile_banner_url":"https:\/\/pbs.twimg.com\/profile_banners\/1247062975287967745\/1586158574","default_profile":true,"default_profile_image":false,"following":null,"follow_request_sent":null,"notifications":null},"geo":null,"coordinates":null,"place":null,"contributors":null,"is_quote_status":false,"quote_count":0,"reply_count":0,"retweet_count":0,"favorite_count":0,"entities":{"hashtags":[],"urls":[],"user_mentions":[],"symbols":[],"media":[{"id":1248657986341335041,"id_str":"1248657986341335041","indices":[43,66],"media_url":"http:\/\/pbs.twimg.com\/media\/EVQf0qnUcAELm2l.jpg","media_url_https":"https:\/\/pbs.twimg.com\/media\/EVQf0qnUcAELm2l.jpg","url":"https:\/\/t.co\/njFApVpSAl","display_url":"pic.twitter.com\/njFApVpSAl","expanded_url":"https:\/\/twitter.com\/heg__3\/status\/1248657991030558725\/photo\/1","type":"photo","sizes":{"small":{"w":517,"h":680,"resize":"fit"},"thumb":{"w":150,"h":150,"resize":"crop"},"large":{"w":683,"h":899,"resize":"fit"},"medium":{"w":683,"h":899,"resize":"fit"}}}]},"extended_entities":{"media":[{"id":1248657986341335041,"id_str":"1248657986341335041","indices":[43,66],"media_url":"http:\/\/pbs.twimg.com\/media\/EVQf0qnUcAELm2l.jpg","media_url_https":"https:\/\/pbs.twimg.com\/media\/EVQf0qnUcAELm2l.jpg","url":"https:\/\/t.co\/njFApVpSAl","display_url":"pic.twitter.com\/njFApVpSAl","expanded_url":"https:\/\/twitter.com\/heg__3\/status\/1248657991030558725\/photo\/1","type":"photo","sizes":{"small":{"w":517,"h":680,"resize":"fit"},"thumb":{"w":150,"h":150,"resize":"crop"},"large":{"w":683,"h":899,"resize":"fit"},"medium":{"w":683,"h":899,"resize":"fit"}}}]},"favorited":false,"retweeted":false,"possibly_sensitive":false,"filter_level":"low","lang":"ja","timestamp_ms":"1586538238662"}
