{"created_at":"Fri Apr 10 17:03:52 +0000 2020","id":1248657965860577280,"id_str":"1248657965860577280","text":"@KishaDeDios_ @SB19Official Walang anuman kapatid!\n#SB19 @SB19Official","display_text_range":[28,70],"source":"\u003ca href=\"http:\/\/twitter.com\/download\/android\" rel=\"nofollow\"\u003eTwitter for Android\u003c\/a\u003e","truncated":false,"in_reply_to_status_id":1248657695139188737,"in_reply_to_status_id_str":"1248657695139188737","in_reply_to_user_id":1221830108417122304,"in_reply_to_user_id_str":"1221830108417122304","in_reply_to_screen_name":"KishaDeDios_","user":{"id":1228480604720615424,"id_str":"1228480604720615424","name":"andystructable A'TIN","screen_name":"andy_lovesSB19","location":"Maisan ni Jah \ud83c\udf3d","url":null,"description":"For @SB19Official only \ud83c\uddf5\ud83c\udded Josh Cullen, Nasejun, Stellvester, Keuna, Jasuhtin ~\n| fan account | Certified swerver sa lima | SB19 X A'TIN 4EVER","translator_type":"none","protected":false,"verified":false,"followers_count":571,"friends_count":620,"listed_count":0,"favourites_count":5913,"statuses_count":3617,"created_at":"Sat Feb 15 00:46:25 +0000 2020","utc_offset":null,"time_zone":null,"geo_enabled":false,"lang":null,"contributors_enabled":false,"is_translator":false,"profile_background_color":"F5F8FA","profile_background_image_url":"","profile_background_image_url_https":"","profile_background_tile":false,"profile_link_color":"1DA1F2","profile_sidebar_border_color":"C0DEED","profile_sidebar_fill_color":"DDEEF6","profile_text_color":"333333","profile_use_background_image":true,"profile_image_url":"http:\/\/pbs.twimg.com\/profile_images\/1247850990260256768\/32zf3AnU_normal.jpg","profile_image_url_https":"https:\/\/pbs.twimg.com\/profile_images\/1247850990260256768\/32zf3AnU_normal.jpg","profile_banner_url":"https:\/\/pbs.twimg.com\/profile_banners\/1228480604720615424\/1586536998","default_profile":true,"default_profile_image":false,"following":null,"follow_request_sent":null,"notifications":null},"geo":null,"coordinates":null,"place":null,"contributors":null,"is_quote_status":false,"quote_count":0,"reply_count":0,"retweet_count":0,"favorite_count":0,"entities":{"hashtags":[{"text":"SB19","indices":[51,56]}],"urls":[],"user_mentions":[{"screen_name":"KishaDeDios_","name":"\u00b0\u1d47\u1d58\u02b2\u1da6\u207f\u1d4d \u02b7\u1d43\u02b3\u02b3\u1da6\u1d52\u02b3 \u2070\u00b9\u2070\ud83c\udf3d\u00b0 tenten\ud83d\udc9a","id":1221830108417122304,"id_str":"1221830108417122304","indices":[0,13]},{"screen_name":"SB19Official","name":"SB19 Official","id":1006064993282842624,"id_str":"1006064993282842624","indices":[14,27]},{"screen_name":"SB19Official","name":"SB19 Official","id":1006064993282842624,"id_str":"1006064993282842624","indices":[57,70]}],"symbols":[]},"favorited":false,"retweeted":false,"filter_level":"low","lang":"tl","timestamp_ms":"1586538232661"}
