{"created_at":"Fri Apr 10 17:03:48 +0000 2020","id":1248657949100322817,"id_str":"1248657949100322817","text":"RT @dolunaycenkk: 147\ud83c\udf77Ben sende tutuklu kald\u0131m \ud83d\udc96 CenkKara\u00e7ay #CenCem\ud83d\udd25 #OzanDolunay\ud83d\udc51 CenCem","source":"\u003ca href=\"http:\/\/twitter.com\/download\/android\" rel=\"nofollow\"\u003eTwitter for Android\u003c\/a\u003e","truncated":false,"in_reply_to_status_id":null,"in_reply_to_status_id_str":null,"in_reply_to_user_id":null,"in_reply_to_user_id_str":null,"in_reply_to_screen_name":null,"user":{"id":1243112892595126273,"id_str":"1243112892595126273","name":"\u0410\u043b\u0435\u043d\u0447\u0438\u043a","screen_name":"Alen4ik48","location":"\u0130stanbul, T\u00fcrkiye","url":null,"description":null,"translator_type":"none","protected":false,"verified":false,"followers_count":63,"friends_count":100,"listed_count":0,"favourites_count":24,"statuses_count":20605,"created_at":"Thu Mar 26 09:50:03 +0000 2020","utc_offset":null,"time_zone":null,"geo_enabled":false,"lang":null,"contributors_enabled":false,"is_translator":false,"profile_background_color":"F5F8FA","profile_background_image_url":"","profile_background_image_url_https":"","profile_background_tile":false,"profile_link_color":"1DA1F2","profile_sidebar_border_color":"C0DEED","profile_sidebar_fill_color":"DDEEF6","profile_text_color":"333333","profile_use_background_image":true,"profile_image_url":"http:\/\/pbs.twimg.com\/profile_images\/1243114635672330241\/3vQKZV_x_normal.jpg","profile_image_url_https":"https:\/\/pbs.twimg.com\/profile_images\/1243114635672330241\/3vQKZV_x_normal.jpg","profile_banner_url":"https:\/\/pbs.twimg.com\/profile_banners\/1243112892595126273\/1585513759","default_profile":true,"default_profile_image":false,"following":null,"follow_request_sent":null,"notifications":null},"geo":null,"coordinates":null,"place":null,"contributors":null,"retweeted_status":{"created_at":"Fri Apr 10 08:04:01 +0000 2020","id":1248522109309128705,"id_str":"1248522109309128705","text":"147\ud83c\udf77Ben sende tutuklu kald\u0131m \ud83d\udc96 CenkKara\u00e7ay #CenCem\ud83d\udd25 #OzanDolunay\ud83d\udc51 CenCem","source":"\u003ca href=\"http:\/\/twitter.com\/download\/android\" rel=\"nofollow\"\u003eTwitter for Android\u003c\/a\u003e","truncated":false,"in_reply_to_status_id":null,"in_reply_to_status_id_str":null,"in_reply_to_user_id":null,"in_reply_to_user_id_str":null,"in_reply_to_screen_name":null,"user":{"id":1211326982538973184,"id_str":"1211326982538973184","name":"dolunay\u2604\ufe0f","screen_name":"dolunaycenkk","location":null,"url":null,"description":"\ud83d\udda4","translator_type":"none","protected":false,"verified":false,"followers_count":300,"friends_count":211,"listed_count":0,"favourites_count":10149,"statuses_count":35618,"created_at":"Sun Dec 29 16:44:05 +0000 2019","utc_offset":null,"time_zone":null,"geo_enabled":false,"lang":null,"contributors_enabled":false,"is_translator":false,"profile_background_color":"F5F8FA","profile_background_image_url":"","profile_background_image_url_https":"","profile_background_tile":false,"profile_link_color":"1DA1F2","profile_sidebar_border_color":"C0DEED","profile_sidebar_fill_color":"DDEEF6","profile_text_color":"333333","profile_use_background_image":true,"profile_image_url":"http:\/\/pbs.twimg.com\/profile_images\/1247141555191853057\/mUnEdVSz_normal.jpg","profile_image_url_https":"https:\/\/pbs.twimg.com\/profile_images\/1247141555191853057\/mUnEdVSz_normal.jpg","profile_banner_url":"https:\/\/pbs.twimg.com\/profile_banners\/1211326982538973184\/1585242584","default_profile":true,"default_profile_image":false,"following":null,"follow_request_sent":null,"notifications":null},"geo":null,"coordinates":null,"place":null,"contributors":null,"is_quote_status":false,"quote_count":0,"reply_count":0,"retweet_count":99,"favorite_count":0,"entities":{"hashtags":[{"text":"CenCem","indices":[43,50]},{"text":"OzanDolunay","indices":[52,64]}],"urls":[],"user_mentions":[],"symbols":[]},"favorited":false,"retweeted":false,"filter_level":"low","lang":"tr"},"is_quote_status":false,"quote_count":0,"reply_count":0,"retweet_count":0,"favorite_count":0,"entities":{"hashtags":[{"text":"CenCem","indices":[61,68]},{"text":"OzanDolunay","indices":[70,82]}],"urls":[],"user_mentions":[{"screen_name":"dolunaycenkk","name":"dolunay\u2604\ufe0f","id":1211326982538973184,"id_str":"1211326982538973184","indices":[3,16]}],"symbols":[]},"favorited":false,"retweeted":false,"filter_level":"low","lang":"tr","timestamp_ms":"1586538228665"}
