{"created_at":"Fri Apr 10 17:03:51 +0000 2020","id":1248657961679040512,"id_str":"1248657961679040512","text":"RT @_neo_zone: \uc601\uc6c5\uc73c\ub85c \uc7cc\uc7ac #JOHNNY #JAEHYUN #NCT127 https:\/\/t.co\/JtwSAXk2Cu","source":"\u003ca href=\"http:\/\/twitter.com\/download\/android\" rel=\"nofollow\"\u003eTwitter for Android\u003c\/a\u003e","truncated":false,"in_reply_to_status_id":null,"in_reply_to_status_id_str":null,"in_reply_to_user_id":null,"in_reply_to_user_id_str":null,"in_reply_to_screen_name":null,"user":{"id":192284210,"id_str":"192284210","name":"\ud83c\udf51Jaehyun\u2077\u2077 is a peach\ud83c\udf51","screen_name":"maiLOVE__","location":"Ncity","url":null,"description":"Just your neighborhood Jaehyun and Jaemin stan. Part-time Taeyong stan.  Mark, Chenle, and Jisung's mom, too. \ud83d\ude0a","translator_type":"none","protected":false,"verified":false,"followers_count":134,"friends_count":349,"listed_count":1,"favourites_count":10825,"statuses_count":11151,"created_at":"Sat Sep 18 18:03:50 +0000 2010","utc_offset":null,"time_zone":null,"geo_enabled":false,"lang":null,"contributors_enabled":false,"is_translator":false,"profile_background_color":"0099B9","profile_background_image_url":"http:\/\/abs.twimg.com\/images\/themes\/theme1\/bg.png","profile_background_image_url_https":"https:\/\/abs.twimg.com\/images\/themes\/theme1\/bg.png","profile_background_tile":true,"profile_link_color":"9266CC","profile_sidebar_border_color":"FFFFFF","profile_sidebar_fill_color":"DDEEF6","profile_text_color":"333333","profile_use_background_image":true,"profile_image_url":"http:\/\/pbs.twimg.com\/profile_images\/1246277533181652993\/HP9B80or_normal.jpg","profile_image_url_https":"https:\/\/pbs.twimg.com\/profile_images\/1246277533181652993\/HP9B80or_normal.jpg","profile_banner_url":"https:\/\/pbs.twimg.com\/profile_banners\/192284210\/1555271177","default_profile":false,"default_profile_image":false,"following":null,"follow_request_sent":null,"notifications":null},"geo":null,"coordinates":null,"place":null,"contributors":null,"retweeted_status":{"created_at":"Thu Apr 09 17:22:36 +0000 2020","id":1248300293466370049,"id_str":"1248300293466370049","text":"\uc601\uc6c5\uc73c\ub85c \uc7cc\uc7ac #JOHNNY #JAEHYUN #NCT127 https:\/\/t.co\/JtwSAXk2Cu","display_text_range":[0,32],"source":"\u003ca href=\"http:\/\/twitter.com\/download\/iphone\" rel=\"nofollow\"\u003eTwitter for iPhone\u003c\/a\u003e","truncated":false,"in_reply_to_status_id":null,"in_reply_to_status_id_str":null,"in_reply_to_user_id":null,"in_reply_to_user_id_str":null,"in_reply_to_screen_name":null,"user":{"id":1165296644272689160,"id_str":"1165296644272689160","name":"\u263d","screen_name":"_neo_zone","location":null,"url":null,"description":null,"translator_type":"none","protected":false,"verified":false,"followers_count":138,"friends_count":2,"listed_count":3,"favourites_count":145,"statuses_count":150,"created_at":"Sat Aug 24 16:15:53 +0000 2019","utc_offset":null,"time_zone":null,"geo_enabled":false,"lang":null,"contributors_enabled":false,"is_translator":false,"profile_background_color":"F5F8FA","profile_background_image_url":"","profile_background_image_url_https":"","profile_background_tile":false,"profile_link_color":"1DA1F2","profile_sidebar_border_color":"C0DEED","profile_sidebar_fill_color":"DDEEF6","profile_text_color":"333333","profile_use_background_image":true,"profile_image_url":"http:\/\/pbs.twimg.com\/profile_images\/1246742289600241664\/MWerB9Ty_normal.jpg","profile_image_url_https":"https:\/\/pbs.twimg.com\/profile_images\/1246742289600241664\/MWerB9Ty_normal.jpg","profile_banner_url":"https:\/\/pbs.twimg.com\/profile_banners\/1165296644272689160\/1586440701","default_profile":true,"default_profile_image":false,"following":null,"follow_request_sent":null,"notifications":null},"geo":null,"coordinates":null,"place":null,"contributors":null,"is_quote_status":false,"quote_count":46,"reply_count":26,"retweet_count":5268,"favorite_count":7941,"entities":{"hashtags":[{"text":"JOHNNY","indices":[8,15]},{"text":"JAEHYUN","indices":[16,24]},{"text":"NCT127","indices":[25,32]}],"urls":[],"user_mentions":[],"symbols":[],"media":[{"id":1248300281411948544,"id_str":"1248300281411948544","indices":[33,56],"media_url":"http:\/\/pbs.twimg.com\/media\/EVLaff6UUAAju8s.jpg","media_url_https":"https:\/\/pbs.twimg.com\/media\/EVLaff6UUAAju8s.jpg","url":"https:\/\/t.co\/JtwSAXk2Cu","display_url":"pic.twitter.com\/JtwSAXk2Cu","expanded_url":"https:\/\/twitter.com\/_neo_zone\/status\/1248300293466370049\/photo\/1","type":"photo","sizes":{"large":{"w":640,"h":895,"resize":"fit"},"thumb":{"w":150,"h":150,"resize":"crop"},"small":{"w":486,"h":680,"resize":"fit"},"medium":{"w":640,"h":895,"resize":"fit"}}}]},"extended_entities":{"media":[{"id":1248300281411948544,"id_str":"1248300281411948544","indices":[33,56],"media_url":"http:\/\/pbs.twimg.com\/media\/EVLaff6UUAAju8s.jpg","media_url_https":"https:\/\/pbs.twimg.com\/media\/EVLaff6UUAAju8s.jpg","url":"https:\/\/t.co\/JtwSAXk2Cu","display_url":"pic.twitter.com\/JtwSAXk2Cu","expanded_url":"https:\/\/twitter.com\/_neo_zone\/status\/1248300293466370049\/photo\/1","type":"photo","sizes":{"large":{"w":640,"h":895,"resize":"fit"},"thumb":{"w":150,"h":150,"resize":"crop"},"small":{"w":486,"h":680,"resize":"fit"},"medium":{"w":640,"h":895,"resize":"fit"}}}]},"favorited":false,"retweeted":false,"possibly_sensitive":false,"filter_level":"low","lang":"ko"},"is_quote_status":false,"quote_count":0,"reply_count":0,"retweet_count":0,"favorite_count":0,"entities":{"hashtags":[{"text":"JOHNNY","indices":[23,30]},{"text":"JAEHYUN","indices":[31,39]},{"text":"NCT127","indices":[40,47]}],"urls":[],"user_mentions":[{"screen_name":"_neo_zone","name":"\u263d","id":1165296644272689160,"id_str":"1165296644272689160","indices":[3,13]}],"symbols":[],"media":[{"id":1248300281411948544,"id_str":"1248300281411948544","indices":[48,71],"media_url":"http:\/\/pbs.twimg.com\/media\/EVLaff6UUAAju8s.jpg","media_url_https":"https:\/\/pbs.twimg.com\/media\/EVLaff6UUAAju8s.jpg","url":"https:\/\/t.co\/JtwSAXk2Cu","display_url":"pic.twitter.com\/JtwSAXk2Cu","expanded_url":"https:\/\/twitter.com\/_neo_zone\/status\/1248300293466370049\/photo\/1","type":"photo","sizes":{"large":{"w":640,"h":895,"resize":"fit"},"thumb":{"w":150,"h":150,"resize":"crop"},"small":{"w":486,"h":680,"resize":"fit"},"medium":{"w":640,"h":895,"resize":"fit"}},"source_status_id":1248300293466370049,"source_status_id_str":"1248300293466370049","source_user_id":1165296644272689160,"source_user_id_str":"1165296644272689160"}]},"extended_entities":{"media":[{"id":1248300281411948544,"id_str":"1248300281411948544","indices":[48,71],"media_url":"http:\/\/pbs.twimg.com\/media\/EVLaff6UUAAju8s.jpg","media_url_https":"https:\/\/pbs.twimg.com\/media\/EVLaff6UUAAju8s.jpg","url":"https:\/\/t.co\/JtwSAXk2Cu","display_url":"pic.twitter.com\/JtwSAXk2Cu","expanded_url":"https:\/\/twitter.com\/_neo_zone\/status\/1248300293466370049\/photo\/1","type":"photo","sizes":{"large":{"w":640,"h":895,"resize":"fit"},"thumb":{"w":150,"h":150,"resize":"crop"},"small":{"w":486,"h":680,"resize":"fit"},"medium":{"w":640,"h":895,"resize":"fit"}},"source_status_id":1248300293466370049,"source_status_id_str":"1248300293466370049","source_user_id":1165296644272689160,"source_user_id_str":"1165296644272689160"}]},"favorited":false,"retweeted":false,"possibly_sensitive":false,"filter_level":"low","lang":"ko","timestamp_ms":"1586538231664"}
