{"created_at":"Fri Apr 10 17:03:57 +0000 2020","id":1248657986823675905,"id_str":"1248657986823675905","text":"RT @vvNeocity: \ud63c\uc790 \uce74\uba54\ub77c \ubcf4\uace0\uc788\ub294 \uae40\uc815\uc6b0 https:\/\/t.co\/nOsRtB5ZEW","source":"\u003ca href=\"http:\/\/twitter.com\/download\/iphone\" rel=\"nofollow\"\u003eTwitter for iPhone\u003c\/a\u003e","truncated":false,"in_reply_to_status_id":null,"in_reply_to_status_id_str":null,"in_reply_to_user_id":null,"in_reply_to_user_id_str":null,"in_reply_to_screen_name":null,"user":{"id":1093775799977537540,"id_str":"1093775799977537540","name":"\ud4e8\uc5b4\ubcf4\ud2b8","screen_name":"pureboat0219","location":null,"url":null,"description":null,"translator_type":"none","protected":false,"verified":false,"followers_count":0,"friends_count":68,"listed_count":0,"favourites_count":624,"statuses_count":681,"created_at":"Fri Feb 08 07:37:26 +0000 2019","utc_offset":null,"time_zone":null,"geo_enabled":false,"lang":null,"contributors_enabled":false,"is_translator":false,"profile_background_color":"F5F8FA","profile_background_image_url":"","profile_background_image_url_https":"","profile_background_tile":false,"profile_link_color":"1DA1F2","profile_sidebar_border_color":"C0DEED","profile_sidebar_fill_color":"DDEEF6","profile_text_color":"333333","profile_use_background_image":true,"profile_image_url":"http:\/\/pbs.twimg.com\/profile_images\/1243718422610849792\/c2CLrzns_normal.jpg","profile_image_url_https":"https:\/\/pbs.twimg.com\/profile_images\/1243718422610849792\/c2CLrzns_normal.jpg","default_profile":true,"default_profile_image":false,"following":null,"follow_request_sent":null,"notifications":null},"geo":null,"coordinates":null,"place":null,"contributors":null,"retweeted_status":{"created_at":"Sun Apr 05 11:49:57 +0000 2020","id":1246767025340342272,"id_str":"1246767025340342272","text":"\ud63c\uc790 \uce74\uba54\ub77c \ubcf4\uace0\uc788\ub294 \uae40\uc815\uc6b0 https:\/\/t.co\/nOsRtB5ZEW","display_text_range":[0,15],"source":"\u003ca href=\"http:\/\/twitter.com\/download\/iphone\" rel=\"nofollow\"\u003eTwitter for iPhone\u003c\/a\u003e","truncated":false,"in_reply_to_status_id":null,"in_reply_to_status_id_str":null,"in_reply_to_user_id":null,"in_reply_to_user_id_str":null,"in_reply_to_screen_name":null,"user":{"id":1236168773440135170,"id_str":"1236168773440135170","name":"\ub124\uc624\ud55c \uc5d4\uc2dc\ud2f0","screen_name":"vvNeocity","location":null,"url":null,"description":"#\uc5d4\uc2dc\ud2f0 #nct","translator_type":"none","protected":false,"verified":false,"followers_count":3693,"friends_count":0,"listed_count":10,"favourites_count":15,"statuses_count":433,"created_at":"Sat Mar 07 05:56:23 +0000 2020","utc_offset":null,"time_zone":null,"geo_enabled":false,"lang":null,"contributors_enabled":false,"is_translator":false,"profile_background_color":"F5F8FA","profile_background_image_url":"","profile_background_image_url_https":"","profile_background_tile":false,"profile_link_color":"1DA1F2","profile_sidebar_border_color":"C0DEED","profile_sidebar_fill_color":"DDEEF6","profile_text_color":"333333","profile_use_background_image":true,"profile_image_url":"http:\/\/pbs.twimg.com\/profile_images\/1245549521091743750\/rjiA09wU_normal.jpg","profile_image_url_https":"https:\/\/pbs.twimg.com\/profile_images\/1245549521091743750\/rjiA09wU_normal.jpg","profile_banner_url":"https:\/\/pbs.twimg.com\/profile_banners\/1236168773440135170\/1586316550","default_profile":true,"default_profile_image":false,"following":null,"follow_request_sent":null,"notifications":null},"geo":null,"coordinates":null,"place":null,"contributors":null,"is_quote_status":false,"quote_count":19,"reply_count":0,"retweet_count":574,"favorite_count":544,"entities":{"hashtags":[],"urls":[],"user_mentions":[],"symbols":[],"media":[{"id":1246767003508998144,"id_str":"1246767003508998144","indices":[16,39],"media_url":"http:\/\/pbs.twimg.com\/media\/EU1n--nVAAAucdb.jpg","media_url_https":"https:\/\/pbs.twimg.com\/media\/EU1n--nVAAAucdb.jpg","url":"https:\/\/t.co\/nOsRtB5ZEW","display_url":"pic.twitter.com\/nOsRtB5ZEW","expanded_url":"https:\/\/twitter.com\/vvNeocity\/status\/1246767025340342272\/photo\/1","type":"photo","sizes":{"thumb":{"w":150,"h":150,"resize":"crop"},"small":{"w":680,"h":510,"resize":"fit"},"medium":{"w":960,"h":720,"resize":"fit"},"large":{"w":960,"h":720,"resize":"fit"}}}]},"extended_entities":{"media":[{"id":1246767003508998144,"id_str":"1246767003508998144","indices":[16,39],"media_url":"http:\/\/pbs.twimg.com\/media\/EU1n--nVAAAucdb.jpg","media_url_https":"https:\/\/pbs.twimg.com\/media\/EU1n--nVAAAucdb.jpg","url":"https:\/\/t.co\/nOsRtB5ZEW","display_url":"pic.twitter.com\/nOsRtB5ZEW","expanded_url":"https:\/\/twitter.com\/vvNeocity\/status\/1246767025340342272\/photo\/1","type":"photo","sizes":{"thumb":{"w":150,"h":150,"resize":"crop"},"small":{"w":680,"h":510,"resize":"fit"},"medium":{"w":960,"h":720,"resize":"fit"},"large":{"w":960,"h":720,"resize":"fit"}}},{"id":1246767003504791554,"id_str":"1246767003504791554","indices":[16,39],"media_url":"http:\/\/pbs.twimg.com\/media\/EU1n--mU0AIvAOv.jpg","media_url_https":"https:\/\/pbs.twimg.com\/media\/EU1n--mU0AIvAOv.jpg","url":"https:\/\/t.co\/nOsRtB5ZEW","display_url":"pic.twitter.com\/nOsRtB5ZEW","expanded_url":"https:\/\/twitter.com\/vvNeocity\/status\/1246767025340342272\/photo\/1","type":"photo","sizes":{"thumb":{"w":150,"h":150,"resize":"crop"},"large":{"w":163,"h":163,"resize":"fit"},"small":{"w":163,"h":163,"resize":"fit"},"medium":{"w":163,"h":163,"resize":"fit"}}}]},"favorited":false,"retweeted":false,"possibly_sensitive":false,"filter_level":"low","lang":"ko"},"is_quote_status":false,"quote_count":0,"reply_count":0,"retweet_count":0,"favorite_count":0,"entities":{"hashtags":[],"urls":[],"user_mentions":[{"screen_name":"vvNeocity","name":"\ub124\uc624\ud55c \uc5d4\uc2dc\ud2f0","id":1236168773440135170,"id_str":"1236168773440135170","indices":[3,13]}],"symbols":[],"media":[{"id":1246767003508998144,"id_str":"1246767003508998144","indices":[31,54],"media_url":"http:\/\/pbs.twimg.com\/media\/EU1n--nVAAAucdb.jpg","media_url_https":"https:\/\/pbs.twimg.com\/media\/EU1n--nVAAAucdb.jpg","url":"https:\/\/t.co\/nOsRtB5ZEW","display_url":"pic.twitter.com\/nOsRtB5ZEW","expanded_url":"https:\/\/twitter.com\/vvNeocity\/status\/1246767025340342272\/photo\/1","type":"photo","sizes":{"thumb":{"w":150,"h":150,"resize":"crop"},"small":{"w":680,"h":510,"resize":"fit"},"medium":{"w":960,"h":720,"resize":"fit"},"large":{"w":960,"h":720,"resize":"fit"}},"source_status_id":1246767025340342272,"source_status_id_str":"1246767025340342272","source_user_id":1236168773440135170,"source_user_id_str":"1236168773440135170"}]},"extended_entities":{"media":[{"id":1246767003508998144,"id_str":"1246767003508998144","indices":[31,54],"media_url":"http:\/\/pbs.twimg.com\/media\/EU1n--nVAAAucdb.jpg","media_url_https":"https:\/\/pbs.twimg.com\/media\/EU1n--nVAAAucdb.jpg","url":"https:\/\/t.co\/nOsRtB5ZEW","display_url":"pic.twitter.com\/nOsRtB5ZEW","expanded_url":"https:\/\/twitter.com\/vvNeocity\/status\/1246767025340342272\/photo\/1","type":"photo","sizes":{"thumb":{"w":150,"h":150,"resize":"crop"},"small":{"w":680,"h":510,"resize":"fit"},"medium":{"w":960,"h":720,"resize":"fit"},"large":{"w":960,"h":720,"resize":"fit"}},"source_status_id":1246767025340342272,"source_status_id_str":"1246767025340342272","source_user_id":1236168773440135170,"source_user_id_str":"1236168773440135170"},{"id":1246767003504791554,"id_str":"1246767003504791554","indices":[31,54],"media_url":"http:\/\/pbs.twimg.com\/media\/EU1n--mU0AIvAOv.jpg","media_url_https":"https:\/\/pbs.twimg.com\/media\/EU1n--mU0AIvAOv.jpg","url":"https:\/\/t.co\/nOsRtB5ZEW","display_url":"pic.twitter.com\/nOsRtB5ZEW","expanded_url":"https:\/\/twitter.com\/vvNeocity\/status\/1246767025340342272\/photo\/1","type":"photo","sizes":{"thumb":{"w":150,"h":150,"resize":"crop"},"large":{"w":163,"h":163,"resize":"fit"},"small":{"w":163,"h":163,"resize":"fit"},"medium":{"w":163,"h":163,"resize":"fit"}},"source_status_id":1246767025340342272,"source_status_id_str":"1246767025340342272","source_user_id":1236168773440135170,"source_user_id_str":"1236168773440135170"}]},"favorited":false,"retweeted":false,"possibly_sensitive":false,"filter_level":"low","lang":"ko","timestamp_ms":"1586538237659"}
