{"created_at":"Fri Apr 10 17:03:56 +0000 2020","id":1248657982654742530,"id_str":"1248657982654742530","text":"@convrsatnpiece Nasty woman.","display_text_range":[16,28],"source":"\u003ca href=\"http:\/\/twitter.com\/download\/android\" rel=\"nofollow\"\u003eTwitter for Android\u003c\/a\u003e","truncated":false,"in_reply_to_status_id":1248657474036604929,"in_reply_to_status_id_str":"1248657474036604929","in_reply_to_user_id":26942729,"in_reply_to_user_id_str":"26942729","in_reply_to_screen_name":"convrsatnpiece","user":{"id":960738722596753408,"id_str":"960738722596753408","name":"RLComptonJr","screen_name":"NewfoundStudio","location":"Kentucky, USA","url":"https:\/\/www.zazzle.com\/newfoundstudio","description":"\"There are things known and there are things unknown, and in between are the doors of perception.\" Aldous Huxley","translator_type":"none","protected":false,"verified":false,"followers_count":191,"friends_count":516,"listed_count":2,"favourites_count":2734,"statuses_count":9813,"created_at":"Tue Feb 06 04:55:35 +0000 2018","utc_offset":null,"time_zone":null,"geo_enabled":false,"lang":null,"contributors_enabled":false,"is_translator":false,"profile_background_color":"000000","profile_background_image_url":"http:\/\/abs.twimg.com\/images\/themes\/theme1\/bg.png","profile_background_image_url_https":"https:\/\/abs.twimg.com\/images\/themes\/theme1\/bg.png","profile_background_tile":false,"profile_link_color":"1B95E0","profile_sidebar_border_color":"000000","profile_sidebar_fill_color":"000000","profile_text_color":"000000","profile_use_background_image":false,"profile_image_url":"http:\/\/pbs.twimg.com\/profile_images\/1047991024730161153\/kg456AO5_normal.jpg","profile_image_url_https":"https:\/\/pbs.twimg.com\/profile_images\/1047991024730161153\/kg456AO5_normal.jpg","profile_banner_url":"https:\/\/pbs.twimg.com\/profile_banners\/960738722596753408\/1539810049","default_profile":false,"default_profile_image":false,"following":null,"follow_request_sent":null,"notifications":null},"geo":null,"coordinates":null,"place":null,"contributors":null,"is_quote_status":false,"quote_count":0,"reply_count":0,"retweet_count":0,"favorite_count":0,"entities":{"hashtags":[],"urls":[],"user_mentions":[{"screen_name":"convrsatnpiece","name":"convrsatnpiece","id":26942729,"id_str":"26942729","indices":[0,15]}],"symbols":[]},"favorited":false,"retweeted":false,"filter_level":"low","lang":"en","timestamp_ms":"1586538236665"}
