{"created_at":"Fri Apr 10 17:03:58 +0000 2020","id":1248657991034757120,"id_str":"1248657991034757120","text":"@httpthanatsaran im laughing at the scene of tonmain and tharnam being siblings and suddenly im crying the next sce\u2026 https:\/\/t.co\/uoiayjHbOK","display_text_range":[17,140],"source":"\u003ca href=\"http:\/\/twitter.com\/download\/android\" rel=\"nofollow\"\u003eTwitter for Android\u003c\/a\u003e","truncated":true,"in_reply_to_status_id":1248657670258618371,"in_reply_to_status_id_str":"1248657670258618371","in_reply_to_user_id":1241556356122824705,"in_reply_to_user_id_str":"1241556356122824705","in_reply_to_screen_name":"httpthanatsaran","user":{"id":960491255552606208,"id_str":"960491255552606208","name":"z","screen_name":"ohmjaemin","location":"somewhere over the rainbow ","url":null,"description":"ohmnamonfrankdrakefirst superior\ni also like kpop btw","translator_type":"none","protected":false,"verified":false,"followers_count":42,"friends_count":72,"listed_count":1,"favourites_count":10403,"statuses_count":1273,"created_at":"Mon Feb 05 12:32:15 +0000 2018","utc_offset":null,"time_zone":null,"geo_enabled":false,"lang":null,"contributors_enabled":false,"is_translator":false,"profile_background_color":"F5F8FA","profile_background_image_url":"","profile_background_image_url_https":"","profile_background_tile":false,"profile_link_color":"1DA1F2","profile_sidebar_border_color":"C0DEED","profile_sidebar_fill_color":"DDEEF6","profile_text_color":"333333","profile_use_background_image":true,"profile_image_url":"http:\/\/pbs.twimg.com\/profile_images\/1247478966891319297\/jNsOq5Wa_normal.jpg","profile_image_url_https":"https:\/\/pbs.twimg.com\/profile_images\/1247478966891319297\/jNsOq5Wa_normal.jpg","profile_banner_url":"https:\/\/pbs.twimg.com\/profile_banners\/960491255552606208\/1585825832","default_profile":true,"default_profile_image":false,"following":null,"follow_request_sent":null,"notifications":null},"geo":null,"coordinates":null,"place":null,"contributors":null,"is_quote_status":false,"extended_tweet":{"full_text":"@httpthanatsaran im laughing at the scene of tonmain and tharnam being siblings and suddenly im crying the next scene mild and pleum deserve so so much","display_text_range":[17,151],"entities":{"hashtags":[],"urls":[],"user_mentions":[{"screen_name":"httpthanatsaran","name":"j e m \u00b7 protecc phukong.","id":1241556356122824705,"id_str":"1241556356122824705","indices":[0,16]}],"symbols":[]}},"quote_count":0,"reply_count":0,"retweet_count":0,"favorite_count":0,"entities":{"hashtags":[],"urls":[{"url":"https:\/\/t.co\/uoiayjHbOK","expanded_url":"https:\/\/twitter.com\/i\/web\/status\/1248657991034757120","display_url":"twitter.com\/i\/web\/status\/1\u2026","indices":[117,140]}],"user_mentions":[{"screen_name":"httpthanatsaran","name":"j e m \u00b7 protecc phukong.","id":1241556356122824705,"id_str":"1241556356122824705","indices":[0,16]}],"symbols":[]},"favorited":false,"retweeted":false,"filter_level":"low","lang":"en","timestamp_ms":"1586538238663"}
