{"created_at":"Fri Apr 10 17:03:57 +0000 2020","id":1248657986827857921,"id_str":"1248657986827857921","text":"RT @mubai_jk: \u0e2d\u0e2b\u0e40\u0e2d\u0e49\u0e22\u0e22\u0e22 \u0e2d\u0e22\u0e39\u0e48\u0e14\u0e35\u0e46\u0e01\u0e30\u0e23\u0e39\u0e49\u0e2a\u0e36\u0e01\u0e2d\u0e22\u0e32\u0e01\u0e42\u0e14\u0e19\u0e15\u0e48\u0e2d\u0e22 \u0e2d\u0e22\u0e32\u0e01\u0e42\u0e14\u0e19\u0e01\u0e23\u0e30\u0e17\u0e37\u0e1a \u0e2d\u0e22\u0e32\u0e01\u0e42\u0e14\u0e19\u0e40\u0e15\u0e30\u0e01\u0e49\u0e32\u0e19\u0e04\u0e2d \u0e2b\u0e19\u0e49\u0e32\u0e2a\u0e32\u0e23\u0e27\u0e31\u0e15\u0e23\u0e04\u0e37\u0e2d\u0e41\u0e1a\u0e1a\u0e42\u0e2b\u0e14\u0e44\u0e21\u0e48\u0e44\u0e2b\u0e27\u0e41\u0e25\u0e49\u0e27 \u0e2d\u0e22\u0e32\u0e01\u0e01\u0e23\u0e32\u0e1a\u0e44\u0e2b\u0e27\u0e49\u0e1a\u0e39\u0e0a\u0e32 \u0e22\u0e01\u0e02\u0e36\u0e49\u0e19\u0e2b\u0e34\u0e49\u0e07\u2026","source":"\u003ca href=\"http:\/\/twitter.com\/download\/android\" rel=\"nofollow\"\u003eTwitter for Android\u003c\/a\u003e","truncated":false,"in_reply_to_status_id":null,"in_reply_to_status_id_str":null,"in_reply_to_user_id":null,"in_reply_to_user_id_str":null,"in_reply_to_screen_name":null,"user":{"id":2459078882,"id_str":"2459078882","name":"\u300c\u0e04\u0e19\u0e1a\u0e32\u0e1b\u0e41\u0e15\u0e49\u0e21\u0e1a\u0e38\u0e0d\u0e19\u0e49\u0e2d\u0e22\ud83d\udd25\u300d","screen_name":"GalaxyYifanx","location":null,"url":null,"description":"#\u0e17\u0e35\u0e21\u0e2a\u0e32\u0e23\u0e27\u0e31\u0e15\u0e23\u0e44\u0e17\u0e19\u0e4c","translator_type":"none","protected":false,"verified":false,"followers_count":0,"friends_count":98,"listed_count":2,"favourites_count":13885,"statuses_count":47915,"created_at":"Wed Apr 23 02:56:11 +0000 2014","utc_offset":null,"time_zone":null,"geo_enabled":true,"lang":null,"contributors_enabled":false,"is_translator":false,"profile_background_color":"000000","profile_background_image_url":"http:\/\/abs.twimg.com\/images\/themes\/theme1\/bg.png","profile_background_image_url_https":"https:\/\/abs.twimg.com\/images\/themes\/theme1\/bg.png","profile_background_tile":false,"profile_link_color":"1B95E0","profile_sidebar_border_color":"000000","profile_sidebar_fill_color":"000000","profile_text_color":"000000","profile_use_background_image":false,"profile_image_url":"http:\/\/pbs.twimg.com\/profile_images\/1248651927958634497\/iHNTNKks_normal.jpg","profile_image_url_https":"https:\/\/pbs.twimg.com\/profile_images\/1248651927958634497\/iHNTNKks_normal.jpg","profile_banner_url":"https:\/\/pbs.twimg.com\/profile_banners\/2459078882\/1586460241","default_profile":false,"default_profile_image":false,"following":null,"follow_request_sent":null,"notifications":null},"geo":null,"coordinates":null,"place":null,"contributors":null,"retweeted_status":{"created_at":"Fri Apr 10 15:07:23 +0000 2020","id":1248628652448698373,"id_str":"1248628652448698373","text":"\u0e2d\u0e2b\u0e40\u0e2d\u0e49\u0e22\u0e22\u0e22 \u0e2d\u0e22\u0e39\u0e48\u0e14\u0e35\u0e46\u0e01\u0e30\u0e23\u0e39\u0e49\u0e2a\u0e36\u0e01\u0e2d\u0e22\u0e32\u0e01\u0e42\u0e14\u0e19\u0e15\u0e48\u0e2d\u0e22 \u0e2d\u0e22\u0e32\u0e01\u0e42\u0e14\u0e19\u0e01\u0e23\u0e30\u0e17\u0e37\u0e1a \u0e2d\u0e22\u0e32\u0e01\u0e42\u0e14\u0e19\u0e40\u0e15\u0e30\u0e01\u0e49\u0e32\u0e19\u0e04\u0e2d \u0e2b\u0e19\u0e49\u0e32\u0e2a\u0e32\u0e23\u0e27\u0e31\u0e15\u0e23\u0e04\u0e37\u0e2d\u0e41\u0e1a\u0e1a\u0e42\u0e2b\u0e14\u0e44\u0e21\u0e48\u0e44\u0e2b\u0e27\u0e41\u0e25\u0e49\u0e27 \u0e2d\u0e22\u0e32\u0e01\u0e01\u0e23\u0e32\u0e1a\u0e44\u0e2b\u0e27\u0e49\u0e1a\u0e39\u0e0a\u0e32\u2026 https:\/\/t.co\/IqN3SbgR6W","display_text_range":[0,140],"source":"\u003ca href=\"http:\/\/twitter.com\/download\/android\" rel=\"nofollow\"\u003eTwitter for Android\u003c\/a\u003e","truncated":true,"in_reply_to_status_id":null,"in_reply_to_status_id_str":null,"in_reply_to_user_id":null,"in_reply_to_user_id_str":null,"in_reply_to_screen_name":null,"user":{"id":858573435026382849,"id_str":"858573435026382849","name":"\u2022\u1dc4\u025e\u2022\u1dc5 \ud835\udc00\ud835\udc25\ud835\udc25 \ud835\udc28\ud835\udc1f \ud835\udc26\ud835\udc32 \ud835\udc25\ud835\udc22\ud835\udc1f\ud835\udc1e \u2077 (\u2022\u3145\u2022)","screen_name":"mubai_jk","location":"\ud835\udc24\ud835\udc28\ud835\udc28\ud835\udc24\ud835\udc26\ud835\udc22\ud835\udc27 \/ \u1d43\u02e1\u02e1\u1d50\u1da4\u1db0","url":"https:\/\/en.m.wikipedia.org\/wiki\/BTS_(band)","description":"\ud835\udc12\ud835\udc28 \ud835\udc2c\ud835\udc21\ud835\udc28\ud835\udc30 \ud835\udc26\ud835\udc1e ( \ud835\udc08'\ud835\udc08\ud835\udc08 \ud835\udc12\ud835\udc21\ud835\udc28\ud835\udc30 \ud835\udc32\ud835\udc28\ud835\udc2e ) @BTS_twt \ud835\udc28\ud835\udc2d7 \ud83d\udc9c @TXT_members ; @gulfkanawut \u2661 | @bbrightvc","translator_type":"none","protected":false,"verified":false,"followers_count":13291,"friends_count":366,"listed_count":6,"favourites_count":213762,"statuses_count":493929,"created_at":"Sun Apr 30 06:47:13 +0000 2017","utc_offset":null,"time_zone":null,"geo_enabled":false,"lang":null,"contributors_enabled":false,"is_translator":false,"profile_background_color":"F5F8FA","profile_background_image_url":"","profile_background_image_url_https":"","profile_background_tile":false,"profile_link_color":"1DA1F2","profile_sidebar_border_color":"C0DEED","profile_sidebar_fill_color":"DDEEF6","profile_text_color":"333333","profile_use_background_image":true,"profile_image_url":"http:\/\/pbs.twimg.com\/profile_images\/1211824386962931713\/bzTa1qiJ_normal.jpg","profile_image_url_https":"https:\/\/pbs.twimg.com\/profile_images\/1211824386962931713\/bzTa1qiJ_normal.jpg","profile_banner_url":"https:\/\/pbs.twimg.com\/profile_banners\/858573435026382849\/1583000873","default_profile":true,"default_profile_image":false,"following":null,"follow_request_sent":null,"notifications":null},"geo":null,"coordinates":null,"place":null,"contributors":null,"is_quote_status":false,"extended_tweet":{"full_text":"\u0e2d\u0e2b\u0e40\u0e2d\u0e49\u0e22\u0e22\u0e22 \u0e2d\u0e22\u0e39\u0e48\u0e14\u0e35\u0e46\u0e01\u0e30\u0e23\u0e39\u0e49\u0e2a\u0e36\u0e01\u0e2d\u0e22\u0e32\u0e01\u0e42\u0e14\u0e19\u0e15\u0e48\u0e2d\u0e22 \u0e2d\u0e22\u0e32\u0e01\u0e42\u0e14\u0e19\u0e01\u0e23\u0e30\u0e17\u0e37\u0e1a \u0e2d\u0e22\u0e32\u0e01\u0e42\u0e14\u0e19\u0e40\u0e15\u0e30\u0e01\u0e49\u0e32\u0e19\u0e04\u0e2d \u0e2b\u0e19\u0e49\u0e32\u0e2a\u0e32\u0e23\u0e27\u0e31\u0e15\u0e23\u0e04\u0e37\u0e2d\u0e41\u0e1a\u0e1a\u0e42\u0e2b\u0e14\u0e44\u0e21\u0e48\u0e44\u0e2b\u0e27\u0e41\u0e25\u0e49\u0e27 \u0e2d\u0e22\u0e32\u0e01\u0e01\u0e23\u0e32\u0e1a\u0e44\u0e2b\u0e27\u0e49\u0e1a\u0e39\u0e0a\u0e32 \u0e22\u0e01\u0e02\u0e36\u0e49\u0e19\u0e2b\u0e34\u0e49\u0e07\u0e44\u0e1b\u0e40\u0e25\u0e22 \u0e15\u0e2d\u0e19\u0e2a\u0e48\u0e2d\u0e07\u0e01\u0e23\u0e30\u0e08\u0e01\u0e04\u0e37\u0e2d\u0e21\u0e35\u0e41\u0e27\u0e49\u0e1a\u0e19\u0e36\u0e07\u0e21\u0e31\u0e49\u0e22\u0e27\u0e48\u0e32\u0e41\u0e1a\u0e1a \u0e17\u0e33\u0e44\u0e21\u0e01\u0e38\u0e40\u0e01\u0e34\u0e14\u0e21\u0e32\u0e2b\u0e25\u0e48\u0e2d\u0e08\u0e31\u0e07\u0e27\u0e30\u0e2b\u0e49\u0e30!!!\n\n#\u0e04\u0e31\u0e48\u0e19\u0e01\u0e39EP8 https:\/\/t.co\/ZaL5HXt6fw","display_text_range":[0,205],"entities":{"hashtags":[{"text":"\u0e04\u0e31\u0e48\u0e19\u0e01\u0e39EP8","indices":[195,205]}],"urls":[],"user_mentions":[],"symbols":[],"media":[{"id":1248628616243511296,"id_str":"1248628616243511296","indices":[206,229],"media_url":"http:\/\/pbs.twimg.com\/media\/EVQFHGeVAAACcpi.jpg","media_url_https":"https:\/\/pbs.twimg.com\/media\/EVQFHGeVAAACcpi.jpg","url":"https:\/\/t.co\/ZaL5HXt6fw","display_url":"pic.twitter.com\/ZaL5HXt6fw","expanded_url":"https:\/\/twitter.com\/mubai_jk\/status\/1248628652448698373\/photo\/1","type":"photo","sizes":{"thumb":{"w":150,"h":150,"resize":"crop"},"medium":{"w":827,"h":827,"resize":"fit"},"small":{"w":680,"h":680,"resize":"fit"},"large":{"w":827,"h":827,"resize":"fit"}}},{"id":1248628621977079808,"id_str":"1248628621977079808","indices":[206,229],"media_url":"http:\/\/pbs.twimg.com\/media\/EVQFHb1UUAAnf-_.jpg","media_url_https":"https:\/\/pbs.twimg.com\/media\/EVQFHb1UUAAnf-_.jpg","url":"https:\/\/t.co\/ZaL5HXt6fw","display_url":"pic.twitter.com\/ZaL5HXt6fw","expanded_url":"https:\/\/twitter.com\/mubai_jk\/status\/1248628652448698373\/photo\/1","type":"photo","sizes":{"thumb":{"w":150,"h":150,"resize":"crop"},"small":{"w":680,"h":680,"resize":"fit"},"medium":{"w":827,"h":827,"resize":"fit"},"large":{"w":827,"h":827,"resize":"fit"}}},{"id":1248628627161231360,"id_str":"1248628627161231360","indices":[206,229],"media_url":"http:\/\/pbs.twimg.com\/media\/EVQFHvJUMAAjwFp.jpg","media_url_https":"https:\/\/pbs.twimg.com\/media\/EVQFHvJUMAAjwFp.jpg","url":"https:\/\/t.co\/ZaL5HXt6fw","display_url":"pic.twitter.com\/ZaL5HXt6fw","expanded_url":"https:\/\/twitter.com\/mubai_jk\/status\/1248628652448698373\/photo\/1","type":"photo","sizes":{"thumb":{"w":150,"h":150,"resize":"crop"},"medium":{"w":1200,"h":675,"resize":"fit"},"small":{"w":680,"h":383,"resize":"fit"},"large":{"w":1920,"h":1080,"resize":"fit"}}},{"id":1248628641669341185,"id_str":"1248628641669341185","indices":[206,229],"media_url":"http:\/\/pbs.twimg.com\/media\/EVQFIlMUYAE_LkV.jpg","media_url_https":"https:\/\/pbs.twimg.com\/media\/EVQFIlMUYAE_LkV.jpg","url":"https:\/\/t.co\/ZaL5HXt6fw","display_url":"pic.twitter.com\/ZaL5HXt6fw","expanded_url":"https:\/\/twitter.com\/mubai_jk\/status\/1248628652448698373\/photo\/1","type":"photo","sizes":{"large":{"w":1079,"h":1079,"resize":"fit"},"thumb":{"w":150,"h":150,"resize":"crop"},"medium":{"w":1079,"h":1079,"resize":"fit"},"small":{"w":680,"h":680,"resize":"fit"}}}]},"extended_entities":{"media":[{"id":1248628616243511296,"id_str":"1248628616243511296","indices":[206,229],"media_url":"http:\/\/pbs.twimg.com\/media\/EVQFHGeVAAACcpi.jpg","media_url_https":"https:\/\/pbs.twimg.com\/media\/EVQFHGeVAAACcpi.jpg","url":"https:\/\/t.co\/ZaL5HXt6fw","display_url":"pic.twitter.com\/ZaL5HXt6fw","expanded_url":"https:\/\/twitter.com\/mubai_jk\/status\/1248628652448698373\/photo\/1","type":"photo","sizes":{"thumb":{"w":150,"h":150,"resize":"crop"},"medium":{"w":827,"h":827,"resize":"fit"},"small":{"w":680,"h":680,"resize":"fit"},"large":{"w":827,"h":827,"resize":"fit"}}},{"id":1248628621977079808,"id_str":"1248628621977079808","indices":[206,229],"media_url":"http:\/\/pbs.twimg.com\/media\/EVQFHb1UUAAnf-_.jpg","media_url_https":"https:\/\/pbs.twimg.com\/media\/EVQFHb1UUAAnf-_.jpg","url":"https:\/\/t.co\/ZaL5HXt6fw","display_url":"pic.twitter.com\/ZaL5HXt6fw","expanded_url":"https:\/\/twitter.com\/mubai_jk\/status\/1248628652448698373\/photo\/1","type":"photo","sizes":{"thumb":{"w":150,"h":150,"resize":"crop"},"small":{"w":680,"h":680,"resize":"fit"},"medium":{"w":827,"h":827,"resize":"fit"},"large":{"w":827,"h":827,"resize":"fit"}}},{"id":1248628627161231360,"id_str":"1248628627161231360","indices":[206,229],"media_url":"http:\/\/pbs.twimg.com\/media\/EVQFHvJUMAAjwFp.jpg","media_url_https":"https:\/\/pbs.twimg.com\/media\/EVQFHvJUMAAjwFp.jpg","url":"https:\/\/t.co\/ZaL5HXt6fw","display_url":"pic.twitter.com\/ZaL5HXt6fw","expanded_url":"https:\/\/twitter.com\/mubai_jk\/status\/1248628652448698373\/photo\/1","type":"photo","sizes":{"thumb":{"w":150,"h":150,"resize":"crop"},"medium":{"w":1200,"h":675,"resize":"fit"},"small":{"w":680,"h":383,"resize":"fit"},"large":{"w":1920,"h":1080,"resize":"fit"}}},{"id":1248628641669341185,"id_str":"1248628641669341185","indices":[206,229],"media_url":"http:\/\/pbs.twimg.com\/media\/EVQFIlMUYAE_LkV.jpg","media_url_https":"https:\/\/pbs.twimg.com\/media\/EVQFIlMUYAE_LkV.jpg","url":"https:\/\/t.co\/ZaL5HXt6fw","display_url":"pic.twitter.com\/ZaL5HXt6fw","expanded_url":"https:\/\/twitter.com\/mubai_jk\/status\/1248628652448698373\/photo\/1","type":"photo","sizes":{"large":{"w":1079,"h":1079,"resize":"fit"},"thumb":{"w":150,"h":150,"resize":"crop"},"medium":{"w":1079,"h":1079,"resize":"fit"},"small":{"w":680,"h":680,"resize":"fit"}}}]}},"quote_count":8,"reply_count":1,"retweet_count":838,"favorite_count":435,"entities":{"hashtags":[],"urls":[{"url":"https:\/\/t.co\/IqN3SbgR6W","expanded_url":"https:\/\/twitter.com\/i\/web\/status\/1248628652448698373","display_url":"twitter.com\/i\/web\/status\/1\u2026","indices":[116,139]}],"user_mentions":[],"symbols":[]},"favorited":false,"retweeted":false,"possibly_sensitive":false,"filter_level":"low","lang":"th"},"is_quote_status":false,"quote_count":0,"reply_count":0,"retweet_count":0,"favorite_count":0,"entities":{"hashtags":[],"urls":[],"user_mentions":[{"screen_name":"mubai_jk","name":"\u2022\u1dc4\u025e\u2022\u1dc5 \ud835\udc00\ud835\udc25\ud835\udc25 \ud835\udc28\ud835\udc1f \ud835\udc26\ud835\udc32 \ud835\udc25\ud835\udc22\ud835\udc1f\ud835\udc1e \u2077 (\u2022\u3145\u2022)","id":858573435026382849,"id_str":"858573435026382849","indices":[3,12]}],"symbols":[]},"favorited":false,"retweeted":false,"filter_level":"low","lang":"th","timestamp_ms":"1586538237660"}
