{"created_at":"Fri Apr 10 17:03:54 +0000 2020","id":1248657974257729537,"id_str":"1248657974257729537","text":"RT @chuckwoolery: Iv'e had my doubts with Fauci and Burke now Iv'e had enough with them. Turn over a new rock and see who crawls out  from\u2026","source":"\u003ca href=\"http:\/\/twitter.com\/download\/iphone\" rel=\"nofollow\"\u003eTwitter for iPhone\u003c\/a\u003e","truncated":false,"in_reply_to_status_id":null,"in_reply_to_status_id_str":null,"in_reply_to_user_id":null,"in_reply_to_user_id_str":null,"in_reply_to_screen_name":null,"user":{"id":599792961,"id_str":"599792961","name":"Mark Pachuta","screen_name":"OldNavy66","location":null,"url":null,"description":"Retired Naval Officer, Network Engineer and avid Constitutionalist supporting limited government and individual freedom.","translator_type":"none","protected":false,"verified":false,"followers_count":129,"friends_count":525,"listed_count":1,"favourites_count":5897,"statuses_count":4889,"created_at":"Tue Jun 05 01:17:27 +0000 2012","utc_offset":null,"time_zone":null,"geo_enabled":false,"lang":null,"contributors_enabled":false,"is_translator":false,"profile_background_color":"C0DEED","profile_background_image_url":"http:\/\/abs.twimg.com\/images\/themes\/theme1\/bg.png","profile_background_image_url_https":"https:\/\/abs.twimg.com\/images\/themes\/theme1\/bg.png","profile_background_tile":false,"profile_link_color":"1DA1F2","profile_sidebar_border_color":"C0DEED","profile_sidebar_fill_color":"DDEEF6","profile_text_color":"333333","profile_use_background_image":true,"profile_image_url":"http:\/\/pbs.twimg.com\/profile_images\/2279428089\/mtp_normal.jpg","profile_image_url_https":"https:\/\/pbs.twimg.com\/profile_images\/2279428089\/mtp_normal.jpg","default_profile":true,"default_profile_image":false,"following":null,"follow_request_sent":null,"notifications":null},"geo":null,"coordinates":null,"place":null,"contributors":null,"retweeted_status":{"created_at":"Fri Apr 10 02:29:07 +0000 2020","id":1248437828440035330,"id_str":"1248437828440035330","text":"Iv'e had my doubts with Fauci and Burke now Iv'e had enough with them. Turn over a new rock and see who crawls out\u2026 https:\/\/t.co\/epSakGIL7K","source":"\u003ca href=\"https:\/\/mobile.twitter.com\" rel=\"nofollow\"\u003eTwitter Web App\u003c\/a\u003e","truncated":true,"in_reply_to_status_id":null,"in_reply_to_status_id_str":null,"in_reply_to_user_id":null,"in_reply_to_user_id_str":null,"in_reply_to_screen_name":null,"user":{"id":462104542,"id_str":"462104542","name":"Chuck Woolery","screen_name":"chuckwoolery","location":"Texas","url":"http:\/\/bluntforcetruth.com\/","description":"Hollywood Conservative, Love Connection Host, Back in Two and Two, Fisherman, Navy Vet, Political Activist. Host of Blunt Force Truth w\/ @markyoungtruth","translator_type":"none","protected":false,"verified":true,"followers_count":665421,"friends_count":2781,"listed_count":3960,"favourites_count":10039,"statuses_count":92553,"created_at":"Thu Jan 12 15:30:41 +0000 2012","utc_offset":null,"time_zone":null,"geo_enabled":true,"lang":null,"contributors_enabled":false,"is_translator":false,"profile_background_color":"200E82","profile_background_image_url":"http:\/\/abs.twimg.com\/images\/themes\/theme1\/bg.png","profile_background_image_url_https":"https:\/\/abs.twimg.com\/images\/themes\/theme1\/bg.png","profile_background_tile":false,"profile_link_color":"0084B4","profile_sidebar_border_color":"C0DEED","profile_sidebar_fill_color":"DDEEF6","profile_text_color":"333333","profile_use_background_image":true,"profile_image_url":"http:\/\/pbs.twimg.com\/profile_images\/1764172727\/Chuck_Headshot_normal.jpg","profile_image_url_https":"https:\/\/pbs.twimg.com\/profile_images\/1764172727\/Chuck_Headshot_normal.jpg","profile_banner_url":"https:\/\/pbs.twimg.com\/profile_banners\/462104542\/1499952548","default_profile":false,"default_profile_image":false,"following":null,"follow_request_sent":null,"notifications":null},"geo":null,"coordinates":null,"place":null,"contributors":null,"is_quote_status":false,"extended_tweet":{"full_text":"Iv'e had my doubts with Fauci and Burke now Iv'e had enough with them. Turn over a new rock and see who crawls out  from under our Bureaucracy.","display_text_range":[0,143],"entities":{"hashtags":[],"urls":[],"user_mentions":[],"symbols":[]}},"quote_count":50,"reply_count":166,"retweet_count":1789,"favorite_count":7867,"entities":{"hashtags":[],"urls":[{"url":"https:\/\/t.co\/epSakGIL7K","expanded_url":"https:\/\/twitter.com\/i\/web\/status\/1248437828440035330","display_url":"twitter.com\/i\/web\/status\/1\u2026","indices":[116,139]}],"user_mentions":[],"symbols":[]},"favorited":false,"retweeted":false,"filter_level":"low","lang":"en"},"is_quote_status":false,"quote_count":0,"reply_count":0,"retweet_count":0,"favorite_count":0,"entities":{"hashtags":[],"urls":[],"user_mentions":[{"screen_name":"chuckwoolery","name":"Chuck Woolery","id":462104542,"id_str":"462104542","indices":[3,16]}],"symbols":[]},"favorited":false,"retweeted":false,"filter_level":"low","lang":"en","timestamp_ms":"1586538234663"}
