{"created_at":"Fri Apr 10 17:03:53 +0000 2020","id":1248657970067460097,"id_str":"1248657970067460097","text":"RT @csyhehasagun: \u0e41\u0e1e\u0e49 \u0e41\u0e1e\u0e49\u0e0a\u0e34\u0e1b\u0e2b\u0e32\u0e22\u0e44\u0e2d\u0e48\u0e1e\u0e27\u0e01\u0e15\u0e32\u0e02\u0e35\u0e14 https:\/\/t.co\/h3vEVuzOAa","source":"\u003ca href=\"http:\/\/twitter.com\/download\/iphone\" rel=\"nofollow\"\u003eTwitter for iPhone\u003c\/a\u003e","truncated":false,"in_reply_to_status_id":null,"in_reply_to_status_id_str":null,"in_reply_to_user_id":null,"in_reply_to_user_id_str":null,"in_reply_to_screen_name":null,"user":{"id":1132631981383012352,"id_str":"1132631981383012352","name":"\u0e08\u0e2d\u0e08\u0e4b\u0e2d\u0e07","screen_name":"junjao_sw","location":null,"url":null,"description":"\u0e25\u0e49\u0e32\u0e19\u0e04\u0e27\u0e32\u0e21\u0e23\u0e39\u0e49\u0e2a\u0e36\u0e01\u0e17\u0e35\u0e48\u0e2d\u0e22\u0e32\u0e01\u0e08\u0e30\u0e1a\u0e2d\u0e01 #\u0e0b\u0e36\u0e07\u0e2d\u0e39 #x1 #seungwoo one it forever\u263a\ufe0f #victon #straykids","translator_type":"none","protected":false,"verified":false,"followers_count":8,"friends_count":94,"listed_count":0,"favourites_count":695,"statuses_count":3266,"created_at":"Sun May 26 12:58:02 +0000 2019","utc_offset":null,"time_zone":null,"geo_enabled":false,"lang":null,"contributors_enabled":false,"is_translator":false,"profile_background_color":"F5F8FA","profile_background_image_url":"","profile_background_image_url_https":"","profile_background_tile":false,"profile_link_color":"1DA1F2","profile_sidebar_border_color":"C0DEED","profile_sidebar_fill_color":"DDEEF6","profile_text_color":"333333","profile_use_background_image":true,"profile_image_url":"http:\/\/pbs.twimg.com\/profile_images\/1226357835220414464\/1XSenvid_normal.jpg","profile_image_url_https":"https:\/\/pbs.twimg.com\/profile_images\/1226357835220414464\/1XSenvid_normal.jpg","profile_banner_url":"https:\/\/pbs.twimg.com\/profile_banners\/1132631981383012352\/1566943371","default_profile":true,"default_profile_image":false,"following":null,"follow_request_sent":null,"notifications":null},"geo":null,"coordinates":null,"place":null,"contributors":null,"retweeted_status":{"created_at":"Fri Apr 10 15:11:14 +0000 2020","id":1248629618153648129,"id_str":"1248629618153648129","text":"\u0e41\u0e1e\u0e49 \u0e41\u0e1e\u0e49\u0e0a\u0e34\u0e1b\u0e2b\u0e32\u0e22\u0e44\u0e2d\u0e48\u0e1e\u0e27\u0e01\u0e15\u0e32\u0e02\u0e35\u0e14 https:\/\/t.co\/h3vEVuzOAa","display_text_range":[0,24],"source":"\u003ca href=\"http:\/\/twitter.com\/download\/iphone\" rel=\"nofollow\"\u003eTwitter for iPhone\u003c\/a\u003e","truncated":false,"in_reply_to_status_id":null,"in_reply_to_status_id_str":null,"in_reply_to_user_id":null,"in_reply_to_user_id_str":null,"in_reply_to_screen_name":null,"user":{"id":343332242,"id_str":"343332242","name":"\u0e23\u0e31\u0e01\u0e1e\u0e23\u0e30\u0e2b\u0e21\u0e36\u0e01","screen_name":"csyhehasagun","location":null,"url":null,"description":"\u0e04\u0e34\u0e49\u0e27\u0e1a\u0e32\u0e07\u0e23\u0e48\u0e32\u0e07\u0e1c\u0e31\u0e27","translator_type":"none","protected":false,"verified":false,"followers_count":25259,"friends_count":369,"listed_count":39,"favourites_count":5542,"statuses_count":95145,"created_at":"Wed Jul 27 12:11:09 +0000 2011","utc_offset":null,"time_zone":null,"geo_enabled":false,"lang":null,"contributors_enabled":false,"is_translator":false,"profile_background_color":"C0DEED","profile_background_image_url":"http:\/\/abs.twimg.com\/images\/themes\/theme1\/bg.png","profile_background_image_url_https":"https:\/\/abs.twimg.com\/images\/themes\/theme1\/bg.png","profile_background_tile":true,"profile_link_color":"0084B4","profile_sidebar_border_color":"FFFFFF","profile_sidebar_fill_color":"DDEEF6","profile_text_color":"333333","profile_use_background_image":true,"profile_image_url":"http:\/\/pbs.twimg.com\/profile_images\/1245035299815575552\/1YGTKsLG_normal.jpg","profile_image_url_https":"https:\/\/pbs.twimg.com\/profile_images\/1245035299815575552\/1YGTKsLG_normal.jpg","profile_banner_url":"https:\/\/pbs.twimg.com\/profile_banners\/343332242\/1586239729","default_profile":false,"default_profile_image":false,"following":null,"follow_request_sent":null,"notifications":null},"geo":null,"coordinates":null,"place":null,"contributors":null,"is_quote_status":false,"quote_count":35,"reply_count":7,"retweet_count":3131,"favorite_count":986,"entities":{"hashtags":[],"urls":[],"user_mentions":[],"symbols":[],"media":[{"id":1248629606795509762,"id_str":"1248629606795509762","indices":[25,48],"media_url":"http:\/\/pbs.twimg.com\/media\/EVQGAwkVAAIQ5hb.jpg","media_url_https":"https:\/\/pbs.twimg.com\/media\/EVQGAwkVAAIQ5hb.jpg","url":"https:\/\/t.co\/h3vEVuzOAa","display_url":"pic.twitter.com\/h3vEVuzOAa","expanded_url":"https:\/\/twitter.com\/csyhehasagun\/status\/1248629618153648129\/photo\/1","type":"photo","sizes":{"small":{"w":521,"h":680,"resize":"fit"},"thumb":{"w":150,"h":150,"resize":"crop"},"large":{"w":563,"h":735,"resize":"fit"},"medium":{"w":563,"h":735,"resize":"fit"}}}]},"extended_entities":{"media":[{"id":1248629606795509762,"id_str":"1248629606795509762","indices":[25,48],"media_url":"http:\/\/pbs.twimg.com\/media\/EVQGAwkVAAIQ5hb.jpg","media_url_https":"https:\/\/pbs.twimg.com\/media\/EVQGAwkVAAIQ5hb.jpg","url":"https:\/\/t.co\/h3vEVuzOAa","display_url":"pic.twitter.com\/h3vEVuzOAa","expanded_url":"https:\/\/twitter.com\/csyhehasagun\/status\/1248629618153648129\/photo\/1","type":"photo","sizes":{"small":{"w":521,"h":680,"resize":"fit"},"thumb":{"w":150,"h":150,"resize":"crop"},"large":{"w":563,"h":735,"resize":"fit"},"medium":{"w":563,"h":735,"resize":"fit"}}},{"id":1248629606799663105,"id_str":"1248629606799663105","indices":[25,48],"media_url":"http:\/\/pbs.twimg.com\/media\/EVQGAwlUYAEQLk8.jpg","media_url_https":"https:\/\/pbs.twimg.com\/media\/EVQGAwlUYAEQLk8.jpg","url":"https:\/\/t.co\/h3vEVuzOAa","display_url":"pic.twitter.com\/h3vEVuzOAa","expanded_url":"https:\/\/twitter.com\/csyhehasagun\/status\/1248629618153648129\/photo\/1","type":"photo","sizes":{"thumb":{"w":150,"h":150,"resize":"crop"},"small":{"w":680,"h":486,"resize":"fit"},"medium":{"w":680,"h":486,"resize":"fit"},"large":{"w":680,"h":486,"resize":"fit"}}},{"id":1248629606795468800,"id_str":"1248629606795468800","indices":[25,48],"media_url":"http:\/\/pbs.twimg.com\/media\/EVQGAwkUYAATR1-.jpg","media_url_https":"https:\/\/pbs.twimg.com\/media\/EVQGAwkUYAATR1-.jpg","url":"https:\/\/t.co\/h3vEVuzOAa","display_url":"pic.twitter.com\/h3vEVuzOAa","expanded_url":"https:\/\/twitter.com\/csyhehasagun\/status\/1248629618153648129\/photo\/1","type":"photo","sizes":{"thumb":{"w":150,"h":150,"resize":"crop"},"medium":{"w":818,"h":1024,"resize":"fit"},"small":{"w":543,"h":680,"resize":"fit"},"large":{"w":818,"h":1024,"resize":"fit"}}},{"id":1248629606799704064,"id_str":"1248629606799704064","indices":[25,48],"media_url":"http:\/\/pbs.twimg.com\/media\/EVQGAwlVAAAP4Fg.jpg","media_url_https":"https:\/\/pbs.twimg.com\/media\/EVQGAwlVAAAP4Fg.jpg","url":"https:\/\/t.co\/h3vEVuzOAa","display_url":"pic.twitter.com\/h3vEVuzOAa","expanded_url":"https:\/\/twitter.com\/csyhehasagun\/status\/1248629618153648129\/photo\/1","type":"photo","sizes":{"thumb":{"w":150,"h":150,"resize":"crop"},"large":{"w":822,"h":1023,"resize":"fit"},"small":{"w":546,"h":680,"resize":"fit"},"medium":{"w":822,"h":1023,"resize":"fit"}}}]},"favorited":false,"retweeted":false,"possibly_sensitive":false,"filter_level":"low","lang":"th"},"is_quote_status":false,"quote_count":0,"reply_count":0,"retweet_count":0,"favorite_count":0,"entities":{"hashtags":[],"urls":[],"user_mentions":[{"screen_name":"csyhehasagun","name":"\u0e23\u0e31\u0e01\u0e1e\u0e23\u0e30\u0e2b\u0e21\u0e36\u0e01","id":343332242,"id_str":"343332242","indices":[3,16]}],"symbols":[],"media":[{"id":1248629606795509762,"id_str":"1248629606795509762","indices":[43,66],"media_url":"http:\/\/pbs.twimg.com\/media\/EVQGAwkVAAIQ5hb.jpg","media_url_https":"https:\/\/pbs.twimg.com\/media\/EVQGAwkVAAIQ5hb.jpg","url":"https:\/\/t.co\/h3vEVuzOAa","display_url":"pic.twitter.com\/h3vEVuzOAa","expanded_url":"https:\/\/twitter.com\/csyhehasagun\/status\/1248629618153648129\/photo\/1","type":"photo","sizes":{"small":{"w":521,"h":680,"resize":"fit"},"thumb":{"w":150,"h":150,"resize":"crop"},"large":{"w":563,"h":735,"resize":"fit"},"medium":{"w":563,"h":735,"resize":"fit"}},"source_status_id":1248629618153648129,"source_status_id_str":"1248629618153648129","source_user_id":343332242,"source_user_id_str":"343332242"}]},"extended_entities":{"media":[{"id":1248629606795509762,"id_str":"1248629606795509762","indices":[43,66],"media_url":"http:\/\/pbs.twimg.com\/media\/EVQGAwkVAAIQ5hb.jpg","media_url_https":"https:\/\/pbs.twimg.com\/media\/EVQGAwkVAAIQ5hb.jpg","url":"https:\/\/t.co\/h3vEVuzOAa","display_url":"pic.twitter.com\/h3vEVuzOAa","expanded_url":"https:\/\/twitter.com\/csyhehasagun\/status\/1248629618153648129\/photo\/1","type":"photo","sizes":{"small":{"w":521,"h":680,"resize":"fit"},"thumb":{"w":150,"h":150,"resize":"crop"},"large":{"w":563,"h":735,"resize":"fit"},"medium":{"w":563,"h":735,"resize":"fit"}},"source_status_id":1248629618153648129,"source_status_id_str":"1248629618153648129","source_user_id":343332242,"source_user_id_str":"343332242"},{"id":1248629606799663105,"id_str":"1248629606799663105","indices":[43,66],"media_url":"http:\/\/pbs.twimg.com\/media\/EVQGAwlUYAEQLk8.jpg","media_url_https":"https:\/\/pbs.twimg.com\/media\/EVQGAwlUYAEQLk8.jpg","url":"https:\/\/t.co\/h3vEVuzOAa","display_url":"pic.twitter.com\/h3vEVuzOAa","expanded_url":"https:\/\/twitter.com\/csyhehasagun\/status\/1248629618153648129\/photo\/1","type":"photo","sizes":{"thumb":{"w":150,"h":150,"resize":"crop"},"small":{"w":680,"h":486,"resize":"fit"},"medium":{"w":680,"h":486,"resize":"fit"},"large":{"w":680,"h":486,"resize":"fit"}},"source_status_id":1248629618153648129,"source_status_id_str":"1248629618153648129","source_user_id":343332242,"source_user_id_str":"343332242"},{"id":1248629606795468800,"id_str":"1248629606795468800","indices":[43,66],"media_url":"http:\/\/pbs.twimg.com\/media\/EVQGAwkUYAATR1-.jpg","media_url_https":"https:\/\/pbs.twimg.com\/media\/EVQGAwkUYAATR1-.jpg","url":"https:\/\/t.co\/h3vEVuzOAa","display_url":"pic.twitter.com\/h3vEVuzOAa","expanded_url":"https:\/\/twitter.com\/csyhehasagun\/status\/1248629618153648129\/photo\/1","type":"photo","sizes":{"thumb":{"w":150,"h":150,"resize":"crop"},"medium":{"w":818,"h":1024,"resize":"fit"},"small":{"w":543,"h":680,"resize":"fit"},"large":{"w":818,"h":1024,"resize":"fit"}},"source_status_id":1248629618153648129,"source_status_id_str":"1248629618153648129","source_user_id":343332242,"source_user_id_str":"343332242"},{"id":1248629606799704064,"id_str":"1248629606799704064","indices":[43,66],"media_url":"http:\/\/pbs.twimg.com\/media\/EVQGAwlVAAAP4Fg.jpg","media_url_https":"https:\/\/pbs.twimg.com\/media\/EVQGAwlVAAAP4Fg.jpg","url":"https:\/\/t.co\/h3vEVuzOAa","display_url":"pic.twitter.com\/h3vEVuzOAa","expanded_url":"https:\/\/twitter.com\/csyhehasagun\/status\/1248629618153648129\/photo\/1","type":"photo","sizes":{"thumb":{"w":150,"h":150,"resize":"crop"},"large":{"w":822,"h":1023,"resize":"fit"},"small":{"w":546,"h":680,"resize":"fit"},"medium":{"w":822,"h":1023,"resize":"fit"}},"source_status_id":1248629618153648129,"source_status_id_str":"1248629618153648129","source_user_id":343332242,"source_user_id_str":"343332242"}]},"favorited":false,"retweeted":false,"possibly_sensitive":false,"filter_level":"low","lang":"th","timestamp_ms":"1586538233664"}
