{"created_at":"Fri Apr 10 17:03:58 +0000 2020","id":1248657991009587200,"id_str":"1248657991009587200","text":"RT @ABC: \ud83d\udcf7 Nurses hold newborn babies wearing protective face shields at the Praram 9 Hospital in Bangkok. https:\/\/t.co\/VODkFm6Jox https:\/\/\u2026","source":"\u003ca href=\"http:\/\/twitter.com\/download\/android\" rel=\"nofollow\"\u003eTwitter for Android\u003c\/a\u003e","truncated":false,"in_reply_to_status_id":null,"in_reply_to_status_id_str":null,"in_reply_to_user_id":null,"in_reply_to_user_id_str":null,"in_reply_to_screen_name":null,"user":{"id":377278176,"id_str":"377278176","name":"\u0e09\u0e31\u0e19\u0e2d\u0e22\u0e32\u0e01\u0e40\u0e25\u0e35\u0e49\u0e22\u0e07\u0e0a\u0e34\u0e27\u0e32\u0e27\u0e48\u0e32","screen_name":"mondaefeb","location":"ELF ","url":null,"description":"\u0e19\u0e2d\u0e01\u0e08\u0e32\u0e01\u0e2b\u0e19\u0e49\u0e32\u0e15\u0e32\u0e40\u0e23\u0e32\u0e01\u0e47\u0e44\u0e21\u0e48\u0e21\u0e35\u0e2d\u0e30\u0e44\u0e23\u0e14\u0e35\u0e41\u0e25\u0e49\u0e27\u0e41\u0e01","translator_type":"none","protected":false,"verified":false,"followers_count":147,"friends_count":99,"listed_count":1,"favourites_count":1996,"statuses_count":58784,"created_at":"Wed Sep 21 09:45:16 +0000 2011","utc_offset":null,"time_zone":null,"geo_enabled":true,"lang":null,"contributors_enabled":false,"is_translator":false,"profile_background_color":"ABF5F1","profile_background_image_url":"http:\/\/abs.twimg.com\/images\/themes\/theme1\/bg.png","profile_background_image_url_https":"https:\/\/abs.twimg.com\/images\/themes\/theme1\/bg.png","profile_background_tile":true,"profile_link_color":"20B2AA","profile_sidebar_border_color":"000000","profile_sidebar_fill_color":"DDEEF6","profile_text_color":"333333","profile_use_background_image":true,"profile_image_url":"http:\/\/pbs.twimg.com\/profile_images\/1228694646898905088\/5eKHNA28_normal.jpg","profile_image_url_https":"https:\/\/pbs.twimg.com\/profile_images\/1228694646898905088\/5eKHNA28_normal.jpg","profile_banner_url":"https:\/\/pbs.twimg.com\/profile_banners\/377278176\/1532771591","default_profile":false,"default_profile_image":false,"following":null,"follow_request_sent":null,"notifications":null},"geo":null,"coordinates":null,"place":null,"contributors":null,"retweeted_status":{"created_at":"Fri Apr 10 03:31:00 +0000 2020","id":1248453399462494208,"id_str":"1248453399462494208","text":"\ud83d\udcf7 Nurses hold newborn babies wearing protective face shields at the Praram 9 Hospital in Bangkok.\u2026 https:\/\/t.co\/PUGletz0eY","display_text_range":[0,140],"source":"\u003ca href=\"https:\/\/studio.twitter.com\" rel=\"nofollow\"\u003eTwitter Media Studio\u003c\/a\u003e","truncated":true,"in_reply_to_status_id":null,"in_reply_to_status_id_str":null,"in_reply_to_user_id":null,"in_reply_to_user_id_str":null,"in_reply_to_screen_name":null,"user":{"id":28785486,"id_str":"28785486","name":"ABC News","screen_name":"ABC","location":"New York City \/ Worldwide","url":"https:\/\/abcnews.go.com\/","description":"All the news and information you need to see, curated by the @ABC News team. http:\/\/instagram.com\/abcnews Tips: https:\/\/abcn.ws\/tips","translator_type":"regular","protected":false,"verified":true,"followers_count":15358542,"friends_count":527,"listed_count":60236,"favourites_count":32,"statuses_count":296760,"created_at":"Sat Apr 04 12:40:32 +0000 2009","utc_offset":null,"time_zone":null,"geo_enabled":true,"lang":null,"contributors_enabled":false,"is_translator":false,"profile_background_color":"6E8EB5","profile_background_image_url":"http:\/\/abs.twimg.com\/images\/themes\/theme1\/bg.png","profile_background_image_url_https":"https:\/\/abs.twimg.com\/images\/themes\/theme1\/bg.png","profile_background_tile":false,"profile_link_color":"336699","profile_sidebar_border_color":"FFFFFF","profile_sidebar_fill_color":"DDEEF6","profile_text_color":"333333","profile_use_background_image":true,"profile_image_url":"http:\/\/pbs.twimg.com\/profile_images\/1082358814819536896\/19QbYCgF_normal.jpg","profile_image_url_https":"https:\/\/pbs.twimg.com\/profile_images\/1082358814819536896\/19QbYCgF_normal.jpg","profile_banner_url":"https:\/\/pbs.twimg.com\/profile_banners\/28785486\/1505493568","default_profile":false,"default_profile_image":false,"following":null,"follow_request_sent":null,"notifications":null},"geo":null,"coordinates":null,"place":null,"contributors":null,"is_quote_status":false,"extended_tweet":{"full_text":"\ud83d\udcf7 Nurses hold newborn babies wearing protective face shields at the Praram 9 Hospital in Bangkok. https:\/\/t.co\/VODkFm6Jox https:\/\/t.co\/XKK8bNTmZt","display_text_range":[0,121],"entities":{"hashtags":[],"urls":[{"url":"https:\/\/t.co\/VODkFm6Jox","expanded_url":"http:\/\/abcn.ws\/3aYf2Q7","display_url":"abcn.ws\/3aYf2Q7","indices":[98,121]}],"user_mentions":[],"symbols":[],"media":[{"id":1248414201598504964,"id_str":"1248414201598504964","indices":[122,145],"media_url":"http:\/\/pbs.twimg.com\/media\/EVNCGhrU8AQNTmz.jpg","media_url_https":"https:\/\/pbs.twimg.com\/media\/EVNCGhrU8AQNTmz.jpg","url":"https:\/\/t.co\/XKK8bNTmZt","display_url":"pic.twitter.com\/XKK8bNTmZt","expanded_url":"https:\/\/twitter.com\/ABC\/status\/1248453399462494208\/photo\/1","type":"photo","sizes":{"large":{"w":2048,"h":1152,"resize":"fit"},"thumb":{"w":150,"h":150,"resize":"crop"},"small":{"w":680,"h":382,"resize":"fit"},"medium":{"w":1200,"h":675,"resize":"fit"}}}]},"extended_entities":{"media":[{"id":1248414201598504964,"id_str":"1248414201598504964","indices":[122,145],"media_url":"http:\/\/pbs.twimg.com\/media\/EVNCGhrU8AQNTmz.jpg","media_url_https":"https:\/\/pbs.twimg.com\/media\/EVNCGhrU8AQNTmz.jpg","url":"https:\/\/t.co\/XKK8bNTmZt","display_url":"pic.twitter.com\/XKK8bNTmZt","expanded_url":"https:\/\/twitter.com\/ABC\/status\/1248453399462494208\/photo\/1","type":"photo","sizes":{"large":{"w":2048,"h":1152,"resize":"fit"},"thumb":{"w":150,"h":150,"resize":"crop"},"small":{"w":680,"h":382,"resize":"fit"},"medium":{"w":1200,"h":675,"resize":"fit"}}}]}},"quote_count":345,"reply_count":107,"retweet_count":1761,"favorite_count":5376,"entities":{"hashtags":[],"urls":[{"url":"https:\/\/t.co\/PUGletz0eY","expanded_url":"https:\/\/twitter.com\/i\/web\/status\/1248453399462494208","display_url":"twitter.com\/i\/web\/status\/1\u2026","indices":[99,122]}],"user_mentions":[],"symbols":[]},"favorited":false,"retweeted":false,"possibly_sensitive":false,"filter_level":"low","lang":"en"},"is_quote_status":false,"quote_count":0,"reply_count":0,"retweet_count":0,"favorite_count":0,"entities":{"hashtags":[],"urls":[{"url":"https:\/\/t.co\/VODkFm6Jox","expanded_url":"http:\/\/abcn.ws\/3aYf2Q7","display_url":"abcn.ws\/3aYf2Q7","indices":[107,130]}],"user_mentions":[{"screen_name":"ABC","name":"ABC News","id":28785486,"id_str":"28785486","indices":[3,7]}],"symbols":[]},"favorited":false,"retweeted":false,"possibly_sensitive":false,"filter_level":"low","lang":"en","timestamp_ms":"1586538238657"}
