{"created_at":"Fri Apr 10 17:03:49 +0000 2020","id":1248657953298644992,"id_str":"1248657953298644992","text":"RT @Koophasloggedin: @Cascuda_ @ThiefClout Four of these came out good to me, either tho the last one could\u2019ve put more effort to it. https\u2026","source":"\u003ca href=\"http:\/\/twitter.com\/download\/android\" rel=\"nofollow\"\u003eTwitter for Android\u003c\/a\u003e","truncated":false,"in_reply_to_status_id":null,"in_reply_to_status_id_str":null,"in_reply_to_user_id":null,"in_reply_to_user_id_str":null,"in_reply_to_screen_name":null,"user":{"id":1128627096568377344,"id_str":"1128627096568377344","name":"Curacacha","screen_name":"Cascuda_","location":"Lugo, Spain","url":"https:\/\/www.etsy.com\/es\/shop\/Cascuda","description":"She\/Her \ud83c\udf3b Illustrator and graphic designer. #artistasfuriosos \ud83d\udd25.\nCommisions info: cascudart@gmail.com. \u2728https:\/\/t.co\/wqPzPD1GDp\u2728 https:\/\/t.co\/S9l8Qo5mO4","translator_type":"none","protected":false,"verified":false,"followers_count":1394,"friends_count":414,"listed_count":7,"favourites_count":3374,"statuses_count":4647,"created_at":"Wed May 15 11:44:03 +0000 2019","utc_offset":null,"time_zone":null,"geo_enabled":false,"lang":null,"contributors_enabled":false,"is_translator":false,"profile_background_color":"F5F8FA","profile_background_image_url":"","profile_background_image_url_https":"","profile_background_tile":false,"profile_link_color":"1DA1F2","profile_sidebar_border_color":"C0DEED","profile_sidebar_fill_color":"DDEEF6","profile_text_color":"333333","profile_use_background_image":true,"profile_image_url":"http:\/\/pbs.twimg.com\/profile_images\/1229401220969836544\/1C02nMze_normal.jpg","profile_image_url_https":"https:\/\/pbs.twimg.com\/profile_images\/1229401220969836544\/1C02nMze_normal.jpg","profile_banner_url":"https:\/\/pbs.twimg.com\/profile_banners\/1128627096568377344\/1582921168","default_profile":true,"default_profile_image":false,"following":null,"follow_request_sent":null,"notifications":null},"geo":null,"coordinates":null,"place":null,"contributors":null,"retweeted_status":{"created_at":"Fri Apr 10 17:03:00 +0000 2020","id":1248657746641256453,"id_str":"1248657746641256453","text":"@Cascuda_ @ThiefClout Four of these came out good to me, either tho the last one could\u2019ve put more effort to it. https:\/\/t.co\/rJgngyWLk6","display_text_range":[22,112],"source":"\u003ca href=\"http:\/\/twitter.com\/#!\/download\/ipad\" rel=\"nofollow\"\u003eTwitter for iPad\u003c\/a\u003e","truncated":false,"in_reply_to_status_id":1248538310907252736,"in_reply_to_status_id_str":"1248538310907252736","in_reply_to_user_id":1128627096568377344,"in_reply_to_user_id_str":"1128627096568377344","in_reply_to_screen_name":"Cascuda_","user":{"id":886956025890443264,"id_str":"886956025890443264","name":"Koop von doopy","screen_name":"Koophasloggedin","location":"My shell","url":"https:\/\/www.instagram.com\/kooperdooperbruh\/","description":"I draw n stuff, pixel art, paint, and sculp. Also I Stan red hot chili peppers.#peacockforsmash and #klonoaforsmash . I\u2019m 18 as well","translator_type":"none","protected":false,"verified":false,"followers_count":56,"friends_count":1623,"listed_count":1,"favourites_count":33303,"statuses_count":2743,"created_at":"Mon Jul 17 14:29:30 +0000 2017","utc_offset":null,"time_zone":null,"geo_enabled":false,"lang":null,"contributors_enabled":false,"is_translator":false,"profile_background_color":"F5F8FA","profile_background_image_url":"","profile_background_image_url_https":"","profile_background_tile":false,"profile_link_color":"1DA1F2","profile_sidebar_border_color":"C0DEED","profile_sidebar_fill_color":"DDEEF6","profile_text_color":"333333","profile_use_background_image":true,"profile_image_url":"http:\/\/pbs.twimg.com\/profile_images\/1212500095381446656\/IOtAgrJM_normal.jpg","profile_image_url_https":"https:\/\/pbs.twimg.com\/profile_images\/1212500095381446656\/IOtAgrJM_normal.jpg","profile_banner_url":"https:\/\/pbs.twimg.com\/profile_banners\/886956025890443264\/1584730284","default_profile":true,"default_profile_image":false,"following":null,"follow_request_sent":null,"notifications":null},"geo":null,"coordinates":null,"place":null,"contributors":null,"is_quote_status":false,"quote_count":0,"reply_count":0,"retweet_count":1,"favorite_count":0,"entities":{"hashtags":[],"urls":[],"user_mentions":[{"screen_name":"Cascuda_","name":"Curacacha","id":1128627096568377344,"id_str":"1128627096568377344","indices":[0,9]},{"screen_name":"ThiefClout","name":"\u274cCloutThief\u274c","id":960966180633763840,"id_str":"960966180633763840","indices":[10,21]}],"symbols":[],"media":[{"id":1248657687472152577,"id_str":"1248657687472152577","indices":[113,136],"media_url":"http:\/\/pbs.twimg.com\/media\/EVQfjRPWoAEAlil.jpg","media_url_https":"https:\/\/pbs.twimg.com\/media\/EVQfjRPWoAEAlil.jpg","url":"https:\/\/t.co\/rJgngyWLk6","display_url":"pic.twitter.com\/rJgngyWLk6","expanded_url":"https:\/\/twitter.com\/Koophasloggedin\/status\/1248657746641256453\/photo\/1","type":"photo","sizes":{"thumb":{"w":150,"h":150,"resize":"crop"},"medium":{"w":1024,"h":1024,"resize":"fit"},"large":{"w":1024,"h":1024,"resize":"fit"},"small":{"w":680,"h":680,"resize":"fit"}}}]},"extended_entities":{"media":[{"id":1248657687472152577,"id_str":"1248657687472152577","indices":[113,136],"media_url":"http:\/\/pbs.twimg.com\/media\/EVQfjRPWoAEAlil.jpg","media_url_https":"https:\/\/pbs.twimg.com\/media\/EVQfjRPWoAEAlil.jpg","url":"https:\/\/t.co\/rJgngyWLk6","display_url":"pic.twitter.com\/rJgngyWLk6","expanded_url":"https:\/\/twitter.com\/Koophasloggedin\/status\/1248657746641256453\/photo\/1","type":"photo","sizes":{"thumb":{"w":150,"h":150,"resize":"crop"},"medium":{"w":1024,"h":1024,"resize":"fit"},"large":{"w":1024,"h":1024,"resize":"fit"},"small":{"w":680,"h":680,"resize":"fit"}}},{"id":1248657687480602624,"id_str":"1248657687480602624","indices":[113,136],"media_url":"http:\/\/pbs.twimg.com\/media\/EVQfjRRXkAAj3w9.jpg","media_url_https":"https:\/\/pbs.twimg.com\/media\/EVQfjRRXkAAj3w9.jpg","url":"https:\/\/t.co\/rJgngyWLk6","display_url":"pic.twitter.com\/rJgngyWLk6","expanded_url":"https:\/\/twitter.com\/Koophasloggedin\/status\/1248657746641256453\/photo\/1","type":"photo","sizes":{"thumb":{"w":150,"h":150,"resize":"crop"},"large":{"w":1024,"h":1024,"resize":"fit"},"small":{"w":680,"h":680,"resize":"fit"},"medium":{"w":1024,"h":1024,"resize":"fit"}}},{"id":1248657687497396232,"id_str":"1248657687497396232","indices":[113,136],"media_url":"http:\/\/pbs.twimg.com\/media\/EVQfjRVX0AgnXD4.jpg","media_url_https":"https:\/\/pbs.twimg.com\/media\/EVQfjRVX0AgnXD4.jpg","url":"https:\/\/t.co\/rJgngyWLk6","display_url":"pic.twitter.com\/rJgngyWLk6","expanded_url":"https:\/\/twitter.com\/Koophasloggedin\/status\/1248657746641256453\/photo\/1","type":"photo","sizes":{"thumb":{"w":150,"h":150,"resize":"crop"},"medium":{"w":1024,"h":768,"resize":"fit"},"large":{"w":1024,"h":768,"resize":"fit"},"small":{"w":680,"h":510,"resize":"fit"}}},{"id":1248657687518248966,"id_str":"1248657687518248966","indices":[113,136],"media_url":"http:\/\/pbs.twimg.com\/media\/EVQfjRaWAAYcFkV.jpg","media_url_https":"https:\/\/pbs.twimg.com\/media\/EVQfjRaWAAYcFkV.jpg","url":"https:\/\/t.co\/rJgngyWLk6","display_url":"pic.twitter.com\/rJgngyWLk6","expanded_url":"https:\/\/twitter.com\/Koophasloggedin\/status\/1248657746641256453\/photo\/1","type":"photo","sizes":{"small":{"w":680,"h":680,"resize":"fit"},"thumb":{"w":150,"h":150,"resize":"crop"},"large":{"w":1024,"h":1024,"resize":"fit"},"medium":{"w":1024,"h":1024,"resize":"fit"}}}]},"favorited":false,"retweeted":false,"possibly_sensitive":false,"filter_level":"low","lang":"en"},"is_quote_status":false,"quote_count":0,"reply_count":0,"retweet_count":0,"favorite_count":0,"entities":{"hashtags":[],"urls":[],"user_mentions":[{"screen_name":"Koophasloggedin","name":"Koop von doopy","id":886956025890443264,"id_str":"886956025890443264","indices":[3,19]},{"screen_name":"Cascuda_","name":"Curacacha","id":1128627096568377344,"id_str":"1128627096568377344","indices":[21,30]},{"screen_name":"ThiefClout","name":"\u274cCloutThief\u274c","id":960966180633763840,"id_str":"960966180633763840","indices":[31,42]}],"symbols":[]},"favorited":false,"retweeted":false,"filter_level":"low","lang":"en","timestamp_ms":"1586538229666"}
