{"created_at":"Fri Apr 10 17:03:54 +0000 2020","id":1248657974270111745,"id_str":"1248657974270111745","text":"RT @palechestnut: \u201c\u0e44\u0e17\u0e19\u0e4c = \u0e40\u0e21\u0e35\u0e22\u201d \u0e2d\u0e31\u0e19\u0e19\u0e35\u0e48\u0e04\u0e37\u0e2d\u0e2a\u0e38\u0e14\u0e1b\u0e31\u0e07\u0e21\u0e32\u0e01 \u0e23\u0e32\u0e22\u0e25\u0e30\u0e40\u0e2d\u0e35\u0e22\u0e14\u0e40\u0e1b\u0e4a\u0e30\u0e1b\u0e31\u0e07\u0e44\u0e21\u0e48\u0e2b\u0e31\u0e01\u0e25\u0e1a 10000000000 \u0e40\u0e2d\u0e32\u0e44\u0e1b\u0e40\u0e23\u0e49\u0e22\u0e04\u0e48\u0e30  #\u0e04\u0e31\u0e48\u0e19\u0e01\u0e39EP8 https:\/\/t.co\/JUVd1y6itm","source":"\u003ca href=\"http:\/\/twitter.com\/download\/android\" rel=\"nofollow\"\u003eTwitter for Android\u003c\/a\u003e","truncated":false,"in_reply_to_status_id":null,"in_reply_to_status_id_str":null,"in_reply_to_user_id":null,"in_reply_to_user_id_str":null,"in_reply_to_screen_name":null,"user":{"id":1224995460978339841,"id_str":"1224995460978339841","name":"ksNn:)","screen_name":"KsNnm1","location":null,"url":null,"description":null,"translator_type":"none","protected":false,"verified":false,"followers_count":5,"friends_count":51,"listed_count":0,"favourites_count":276,"statuses_count":333,"created_at":"Wed Feb 05 09:57:44 +0000 2020","utc_offset":null,"time_zone":null,"geo_enabled":false,"lang":null,"contributors_enabled":false,"is_translator":false,"profile_background_color":"F5F8FA","profile_background_image_url":"","profile_background_image_url_https":"","profile_background_tile":false,"profile_link_color":"1DA1F2","profile_sidebar_border_color":"C0DEED","profile_sidebar_fill_color":"DDEEF6","profile_text_color":"333333","profile_use_background_image":true,"profile_image_url":"http:\/\/pbs.twimg.com\/profile_images\/1224996371066806272\/g-fm3Moa_normal.jpg","profile_image_url_https":"https:\/\/pbs.twimg.com\/profile_images\/1224996371066806272\/g-fm3Moa_normal.jpg","profile_banner_url":"https:\/\/pbs.twimg.com\/profile_banners\/1224995460978339841\/1580897041","default_profile":true,"default_profile_image":false,"following":null,"follow_request_sent":null,"notifications":null},"geo":null,"coordinates":null,"place":null,"contributors":null,"retweeted_status":{"created_at":"Fri Apr 10 16:53:25 +0000 2020","id":1248655336883404801,"id_str":"1248655336883404801","text":"\u201c\u0e44\u0e17\u0e19\u0e4c = \u0e40\u0e21\u0e35\u0e22\u201d \u0e2d\u0e31\u0e19\u0e19\u0e35\u0e48\u0e04\u0e37\u0e2d\u0e2a\u0e38\u0e14\u0e1b\u0e31\u0e07\u0e21\u0e32\u0e01 \u0e23\u0e32\u0e22\u0e25\u0e30\u0e40\u0e2d\u0e35\u0e22\u0e14\u0e40\u0e1b\u0e4a\u0e30\u0e1b\u0e31\u0e07\u0e44\u0e21\u0e48\u0e2b\u0e31\u0e01\u0e25\u0e1a 10000000000 \u0e40\u0e2d\u0e32\u0e44\u0e1b\u0e40\u0e23\u0e49\u0e22\u0e04\u0e48\u0e30  #\u0e04\u0e31\u0e48\u0e19\u0e01\u0e39EP8 https:\/\/t.co\/JUVd1y6itm","display_text_range":[0,95],"source":"\u003ca href=\"http:\/\/twitter.com\/download\/iphone\" rel=\"nofollow\"\u003eTwitter for iPhone\u003c\/a\u003e","truncated":false,"in_reply_to_status_id":null,"in_reply_to_status_id_str":null,"in_reply_to_user_id":null,"in_reply_to_user_id_str":null,"in_reply_to_screen_name":null,"user":{"id":2186015486,"id_str":"2186015486","name":"\ud835\udc0b\ud835\udc0e\ud835\udc04\ud835\udc18","screen_name":"palechestnut","location":null,"url":null,"description":"\ud835\udc2b\ud835\udc1e\ud835\udc1a\ud835\udc25__\ud835\udc29\ud835\udc1c\ud835\udc32 | \ud835\udc1e\ud835\udc31\ud835\udc28 | \ud835\udfd4\ud835\udfcf\u2661\ud835\udfd2 | \ud835\udc1b\ud835\udc1b\ud835\udc2b\ud835\udc22\ud835\udc20\ud835\udc21\ud835\udc2d\ud835\udc2f\ud835\udc1c \ud835\udc31 \ud835\udc30\ud835\udc22\ud835\udc27\ud835\udc26\ud835\udc1e\ud835\udc2d\ud835\udc1a\ud835\udc30\ud835\udc22\ud835\udc27","translator_type":"regular","protected":false,"verified":false,"followers_count":1306,"friends_count":376,"listed_count":3,"favourites_count":17410,"statuses_count":276431,"created_at":"Sun Nov 10 09:34:42 +0000 2013","utc_offset":null,"time_zone":null,"geo_enabled":true,"lang":null,"contributors_enabled":false,"is_translator":false,"profile_background_color":"FFCC4D","profile_background_image_url":"http:\/\/abs.twimg.com\/images\/themes\/theme6\/bg.gif","profile_background_image_url_https":"https:\/\/abs.twimg.com\/images\/themes\/theme6\/bg.gif","profile_background_tile":false,"profile_link_color":"FAB81E","profile_sidebar_border_color":"FFFFFF","profile_sidebar_fill_color":"E6F6F9","profile_text_color":"333333","profile_use_background_image":false,"profile_image_url":"http:\/\/pbs.twimg.com\/profile_images\/1247085712077283328\/9TpmJWND_normal.jpg","profile_image_url_https":"https:\/\/pbs.twimg.com\/profile_images\/1247085712077283328\/9TpmJWND_normal.jpg","profile_banner_url":"https:\/\/pbs.twimg.com\/profile_banners\/2186015486\/1586014400","default_profile":false,"default_profile_image":false,"following":null,"follow_request_sent":null,"notifications":null},"geo":null,"coordinates":null,"place":null,"contributors":null,"is_quote_status":false,"quote_count":0,"reply_count":0,"retweet_count":74,"favorite_count":61,"entities":{"hashtags":[{"text":"\u0e04\u0e31\u0e48\u0e19\u0e01\u0e39EP8","indices":[85,95]}],"urls":[],"user_mentions":[],"symbols":[],"media":[{"id":1248655330117947392,"id_str":"1248655330117947392","indices":[96,119],"media_url":"http:\/\/pbs.twimg.com\/media\/EVQdaDaUEAAACJH.jpg","media_url_https":"https:\/\/pbs.twimg.com\/media\/EVQdaDaUEAAACJH.jpg","url":"https:\/\/t.co\/JUVd1y6itm","display_url":"pic.twitter.com\/JUVd1y6itm","expanded_url":"https:\/\/twitter.com\/palechestnut\/status\/1248655336883404801\/photo\/1","type":"photo","sizes":{"thumb":{"w":150,"h":150,"resize":"crop"},"large":{"w":2048,"h":1152,"resize":"fit"},"small":{"w":680,"h":383,"resize":"fit"},"medium":{"w":1200,"h":675,"resize":"fit"}}}]},"extended_entities":{"media":[{"id":1248655330117947392,"id_str":"1248655330117947392","indices":[96,119],"media_url":"http:\/\/pbs.twimg.com\/media\/EVQdaDaUEAAACJH.jpg","media_url_https":"https:\/\/pbs.twimg.com\/media\/EVQdaDaUEAAACJH.jpg","url":"https:\/\/t.co\/JUVd1y6itm","display_url":"pic.twitter.com\/JUVd1y6itm","expanded_url":"https:\/\/twitter.com\/palechestnut\/status\/1248655336883404801\/photo\/1","type":"photo","sizes":{"thumb":{"w":150,"h":150,"resize":"crop"},"large":{"w":2048,"h":1152,"resize":"fit"},"small":{"w":680,"h":383,"resize":"fit"},"medium":{"w":1200,"h":675,"resize":"fit"}}}]},"favorited":false,"retweeted":false,"possibly_sensitive":false,"filter_level":"low","lang":"th"},"is_quote_status":false,"quote_count":0,"reply_count":0,"retweet_count":0,"favorite_count":0,"entities":{"hashtags":[{"text":"\u0e04\u0e31\u0e48\u0e19\u0e01\u0e39EP8","indices":[103,113]}],"urls":[],"user_mentions":[{"screen_name":"palechestnut","name":"\ud835\udc0b\ud835\udc0e\ud835\udc04\ud835\udc18","id":2186015486,"id_str":"2186015486","indices":[3,16]}],"symbols":[],"media":[{"id":1248655330117947392,"id_str":"1248655330117947392","indices":[114,137],"media_url":"http:\/\/pbs.twimg.com\/media\/EVQdaDaUEAAACJH.jpg","media_url_https":"https:\/\/pbs.twimg.com\/media\/EVQdaDaUEAAACJH.jpg","url":"https:\/\/t.co\/JUVd1y6itm","display_url":"pic.twitter.com\/JUVd1y6itm","expanded_url":"https:\/\/twitter.com\/palechestnut\/status\/1248655336883404801\/photo\/1","type":"photo","sizes":{"thumb":{"w":150,"h":150,"resize":"crop"},"large":{"w":2048,"h":1152,"resize":"fit"},"small":{"w":680,"h":383,"resize":"fit"},"medium":{"w":1200,"h":675,"resize":"fit"}},"source_status_id":1248655336883404801,"source_status_id_str":"1248655336883404801","source_user_id":2186015486,"source_user_id_str":"2186015486"}]},"extended_entities":{"media":[{"id":1248655330117947392,"id_str":"1248655330117947392","indices":[114,137],"media_url":"http:\/\/pbs.twimg.com\/media\/EVQdaDaUEAAACJH.jpg","media_url_https":"https:\/\/pbs.twimg.com\/media\/EVQdaDaUEAAACJH.jpg","url":"https:\/\/t.co\/JUVd1y6itm","display_url":"pic.twitter.com\/JUVd1y6itm","expanded_url":"https:\/\/twitter.com\/palechestnut\/status\/1248655336883404801\/photo\/1","type":"photo","sizes":{"thumb":{"w":150,"h":150,"resize":"crop"},"large":{"w":2048,"h":1152,"resize":"fit"},"small":{"w":680,"h":383,"resize":"fit"},"medium":{"w":1200,"h":675,"resize":"fit"}},"source_status_id":1248655336883404801,"source_status_id_str":"1248655336883404801","source_user_id":2186015486,"source_user_id_str":"2186015486"}]},"favorited":false,"retweeted":false,"possibly_sensitive":false,"filter_level":"low","lang":"th","timestamp_ms":"1586538234666"}
