{"created_at":"Fri Apr 10 17:03:56 +0000 2020","id":1248657982629359621,"id_str":"1248657982629359621","text":"RT @asteroidxyou: \u0e43\u0e04\u0e23\u0e17\u0e35\u0e48\u0e40\u0e1b\u0e47\u0e19\u0e2b\u0e21\u0e32\u0e40\u0e1e\u0e23\u0e32\u0e30\u0e44\u0e21\u0e48\u0e21\u0e39\u0e1f\u0e2d\u0e2d\u0e19\u0e01\u0e47\u0e02\u0e2d\u0e43\u0e2b\u0e49\u0e07\u0e14\u0e19\u0e30\u0e04\u0e30 \u0e07\u0e14\u0e01\u0e47\u0e04\u0e37\u0e2d\u0e22\u0e31\u0e07\u0e2b\u0e21\u0e32\u0e44\u0e14\u0e49\u0e2d\u0e22\u0e39\u0e48 \u0e2b\u0e21\u0e32\u0e44\u0e1b\u0e40\u0e2b\u0e2d\u0e30\u0e40\u0e02\u0e32\u0e44\u0e21\u0e48\u0e23\u0e31\u0e01\u0e01\u0e47\u0e0a\u0e48\u0e32\u0e07\u0e41\u0e21\u0e48\u0e07\u0e41\u0e25\u0e49\u0e27\u0e01\u0e47\u0e01\u0e39\u0e22\u0e31\u0e07\u0e23\u0e31\u0e01\u0e2d\u0e30\u0e44\u0e2d\u0e2a\u0e31\u0e14","source":"\u003ca href=\"http:\/\/twitter.com\/#!\/download\/ipad\" rel=\"nofollow\"\u003eTwitter for iPad\u003c\/a\u003e","truncated":false,"in_reply_to_status_id":null,"in_reply_to_status_id_str":null,"in_reply_to_user_id":null,"in_reply_to_user_id_str":null,"in_reply_to_screen_name":null,"user":{"id":2460724730,"id_str":"2460724730","name":"\u0e40\u0e0a\u0e48\u0e2d\u0e1f\u0e49\u0e32","screen_name":"fahpanutchanart","location":null,"url":null,"description":"SKY","translator_type":"none","protected":false,"verified":false,"followers_count":129,"friends_count":343,"listed_count":1,"favourites_count":1669,"statuses_count":65816,"created_at":"Thu Apr 24 03:42:14 +0000 2014","utc_offset":null,"time_zone":null,"geo_enabled":false,"lang":null,"contributors_enabled":false,"is_translator":false,"profile_background_color":"000000","profile_background_image_url":"http:\/\/abs.twimg.com\/images\/themes\/theme1\/bg.png","profile_background_image_url_https":"https:\/\/abs.twimg.com\/images\/themes\/theme1\/bg.png","profile_background_tile":false,"profile_link_color":"7FDBB6","profile_sidebar_border_color":"000000","profile_sidebar_fill_color":"000000","profile_text_color":"000000","profile_use_background_image":false,"profile_image_url":"http:\/\/pbs.twimg.com\/profile_images\/1126340725510041600\/pGjJSL0w_normal.jpg","profile_image_url_https":"https:\/\/pbs.twimg.com\/profile_images\/1126340725510041600\/pGjJSL0w_normal.jpg","profile_banner_url":"https:\/\/pbs.twimg.com\/profile_banners\/2460724730\/1536408100","default_profile":false,"default_profile_image":false,"following":null,"follow_request_sent":null,"notifications":null},"geo":null,"coordinates":null,"place":null,"contributors":null,"retweeted_status":{"created_at":"Thu Apr 09 17:28:44 +0000 2020","id":1248301836856987649,"id_str":"1248301836856987649","text":"\u0e43\u0e04\u0e23\u0e17\u0e35\u0e48\u0e40\u0e1b\u0e47\u0e19\u0e2b\u0e21\u0e32\u0e40\u0e1e\u0e23\u0e32\u0e30\u0e44\u0e21\u0e48\u0e21\u0e39\u0e1f\u0e2d\u0e2d\u0e19\u0e01\u0e47\u0e02\u0e2d\u0e43\u0e2b\u0e49\u0e07\u0e14\u0e19\u0e30\u0e04\u0e30 \u0e07\u0e14\u0e01\u0e47\u0e04\u0e37\u0e2d\u0e22\u0e31\u0e07\u0e2b\u0e21\u0e32\u0e44\u0e14\u0e49\u0e2d\u0e22\u0e39\u0e48 \u0e2b\u0e21\u0e32\u0e44\u0e1b\u0e40\u0e2b\u0e2d\u0e30\u0e40\u0e02\u0e32\u0e44\u0e21\u0e48\u0e23\u0e31\u0e01\u0e01\u0e47\u0e0a\u0e48\u0e32\u0e07\u0e41\u0e21\u0e48\u0e07\u0e41\u0e25\u0e49\u0e27\u0e01\u0e47\u0e01\u0e39\u0e22\u0e31\u0e07\u0e23\u0e31\u0e01\u0e2d\u0e30\u0e44\u0e2d\u0e2a\u0e31\u0e14","source":"\u003ca href=\"http:\/\/twitter.com\/download\/android\" rel=\"nofollow\"\u003eTwitter for Android\u003c\/a\u003e","truncated":false,"in_reply_to_status_id":null,"in_reply_to_status_id_str":null,"in_reply_to_user_id":null,"in_reply_to_user_id_str":null,"in_reply_to_screen_name":null,"user":{"id":571679976,"id_str":"571679976","name":"\u0e2a\u0e25\u0e34\u0e18\u0e35\u0e23\u0e34\u0e19\u200b","screen_name":"asteroidxyou","location":"DM for work \ud83d\udc9a\u019d\u0187\u01ac","url":"https:\/\/ask.fm\/lhxorix_","description":"\u0e02\u0e49\u0e32\u0e27\u0e42\u0e1e\u0e14\u0e2d\u0e1a\u0e40\u0e19\u0e22\u0e42\u0e23\u0e22\u0e40\u0e01\u0e25\u0e37\u0e2d \u0e2b\u0e21\u0e36\u0e01\u0e2b\u0e01\u0e40\u0e25\u0e2d\u0e30\u0e21\u0e38\u0e49\u0e07 \u0e21\u0e38\u0e49\u0e07\u0e40\u0e25\u0e2d\u0e30\u0e2b\u0e21\u0e36\u0e01\u0e2b\u0e21\u0e14\u200b \u0e40\u0e0a\u0e49\u0e32\u0e1f\u0e32\u0e14\u0e1c\u0e31\u0e14\u0e1f\u0e31\u0e01\u0e40\u0e22\u0e47\u0e19\u0e1f\u0e32\u0e14\u0e1f\u0e31\u0e01\u0e1c\u0e31\u0e14 \u0e01\u0e34\u0e19\u0e21\u0e31\u0e19\u0e15\u0e34\u0e14\u0e40\u0e2b\u0e07\u0e37\u0e2d\u0e01\u0e01\u0e34\u0e19\u0e40\u0e1c\u0e37\u0e2d\u0e01\u0e15\u0e34\u0e14\u0e1f\u0e31\u0e19\u0e01\u0e34\u0e19\u0e17\u0e31\u0e49\u0e07\u0e21\u0e31\u0e19\u0e01\u0e34\u0e19\u0e17\u0e31\u0e49\u0e07\u0e40\u0e1c\u0e37\u0e2d\u0e01\u0e15\u0e34\u0e14\u0e17\u0e31\u0e49\u0e07\u0e40\u0e2b\u0e07\u0e37\u0e2d\u0e01\u0e15\u0e34\u0e14\u0e17\u0e31\u0e49\u0e07\u0e1f\u0e31\u0e19","translator_type":"regular","protected":false,"verified":false,"followers_count":152454,"friends_count":261,"listed_count":102,"favourites_count":2166,"statuses_count":139806,"created_at":"Sat May 05 09:17:27 +0000 2012","utc_offset":null,"time_zone":null,"geo_enabled":true,"lang":null,"contributors_enabled":false,"is_translator":false,"profile_background_color":"131516","profile_background_image_url":"http:\/\/abs.twimg.com\/images\/themes\/theme14\/bg.gif","profile_background_image_url_https":"https:\/\/abs.twimg.com\/images\/themes\/theme14\/bg.gif","profile_background_tile":true,"profile_link_color":"696969","profile_sidebar_border_color":"000000","profile_sidebar_fill_color":"000000","profile_text_color":"000000","profile_use_background_image":true,"profile_image_url":"http:\/\/pbs.twimg.com\/profile_images\/1245292078780669952\/nUbcqhGX_normal.jpg","profile_image_url_https":"https:\/\/pbs.twimg.com\/profile_images\/1245292078780669952\/nUbcqhGX_normal.jpg","profile_banner_url":"https:\/\/pbs.twimg.com\/profile_banners\/571679976\/1566218190","default_profile":false,"default_profile_image":false,"following":null,"follow_request_sent":null,"notifications":null},"geo":null,"coordinates":null,"place":null,"contributors":null,"is_quote_status":false,"quote_count":241,"reply_count":23,"retweet_count":34245,"favorite_count":7174,"entities":{"hashtags":[],"urls":[],"user_mentions":[],"symbols":[]},"favorited":false,"retweeted":false,"filter_level":"low","lang":"th"},"is_quote_status":false,"quote_count":0,"reply_count":0,"retweet_count":0,"favorite_count":0,"entities":{"hashtags":[],"urls":[],"user_mentions":[{"screen_name":"asteroidxyou","name":"\u0e2a\u0e25\u0e34\u0e18\u0e35\u0e23\u0e34\u0e19\u200b","id":571679976,"id_str":"571679976","indices":[3,16]}],"symbols":[]},"favorited":false,"retweeted":false,"filter_level":"low","lang":"th","timestamp_ms":"1586538236659"}
