{"created_at":"Fri Apr 10 17:03:51 +0000 2020","id":1248657961666347010,"id_str":"1248657961666347010","text":"@BeholdMunro Im kind of scared that if they do it wont be the same. Like the fondness for it wont be there. \ud83d\ude30","display_text_range":[13,109],"source":"\u003ca href=\"http:\/\/twitter.com\/download\/android\" rel=\"nofollow\"\u003eTwitter for Android\u003c\/a\u003e","truncated":false,"in_reply_to_status_id":1248562877516189697,"in_reply_to_status_id_str":"1248562877516189697","in_reply_to_user_id":2389068597,"in_reply_to_user_id_str":"2389068597","in_reply_to_screen_name":"BeholdMunro","user":{"id":480208682,"id_str":"480208682","name":"\ud83d\udcae\ud83d\udc30Raveravesama \ud83e\udd84\ud83d\udcae","screen_name":"red_radar","location":"Beverly Hills Fl","url":null,"description":"\ud83c\udf08Soulless Ginger Senpai.\n\ud83c\udf38Otaku\/\ud83c\udfa8Artist\/\ud83c\udf75Hermit. \ntumblr: phoscinnabar.\ninsta: impuritee.","translator_type":"none","protected":false,"verified":false,"followers_count":20,"friends_count":75,"listed_count":0,"favourites_count":606,"statuses_count":440,"created_at":"Wed Feb 01 07:22:48 +0000 2012","utc_offset":null,"time_zone":null,"geo_enabled":false,"lang":null,"contributors_enabled":false,"is_translator":false,"profile_background_color":"F0A8F0","profile_background_image_url":"http:\/\/abs.twimg.com\/images\/themes\/theme11\/bg.gif","profile_background_image_url_https":"https:\/\/abs.twimg.com\/images\/themes\/theme11\/bg.gif","profile_background_tile":true,"profile_link_color":"EBB3EB","profile_sidebar_border_color":"000000","profile_sidebar_fill_color":"4C3B4B","profile_text_color":"EFB6AB","profile_use_background_image":true,"profile_image_url":"http:\/\/pbs.twimg.com\/profile_images\/1243748473524150277\/tRgH21eV_normal.jpg","profile_image_url_https":"https:\/\/pbs.twimg.com\/profile_images\/1243748473524150277\/tRgH21eV_normal.jpg","profile_banner_url":"https:\/\/pbs.twimg.com\/profile_banners\/480208682\/1586064052","default_profile":false,"default_profile_image":false,"following":null,"follow_request_sent":null,"notifications":null},"geo":null,"coordinates":null,"place":null,"contributors":null,"is_quote_status":false,"quote_count":0,"reply_count":0,"retweet_count":0,"favorite_count":0,"entities":{"hashtags":[],"urls":[],"user_mentions":[{"screen_name":"BeholdMunro","name":"Jake E. Munro","id":2389068597,"id_str":"2389068597","indices":[0,12]}],"symbols":[]},"favorited":false,"retweeted":false,"filter_level":"low","lang":"en","timestamp_ms":"1586538231661"}
