{"created_at":"Fri Apr 10 17:03:58 +0000 2020","id":1248657991017979905,"id_str":"1248657991017979905","text":"#AnimalCrossing #ACNH #NintendoSwitch https:\/\/t.co\/lmMvxaHNYM","display_text_range":[0,37],"source":"\u003ca href=\"https:\/\/www.nintendo.com\/countryselector\" rel=\"nofollow\"\u003eNintendo Switch Share\u003c\/a\u003e","truncated":false,"in_reply_to_status_id":null,"in_reply_to_status_id_str":null,"in_reply_to_user_id":null,"in_reply_to_user_id_str":null,"in_reply_to_screen_name":null,"user":{"id":1239003094609993728,"id_str":"1239003094609993728","name":"Kino","screen_name":"smug_kino","location":null,"url":null,"description":"I was once @craftymlp in my previous life.","translator_type":"none","protected":false,"verified":false,"followers_count":7,"friends_count":32,"listed_count":0,"favourites_count":84,"statuses_count":73,"created_at":"Sun Mar 15 01:39:01 +0000 2020","utc_offset":null,"time_zone":null,"geo_enabled":false,"lang":null,"contributors_enabled":false,"is_translator":false,"profile_background_color":"F5F8FA","profile_background_image_url":"","profile_background_image_url_https":"","profile_background_tile":false,"profile_link_color":"1DA1F2","profile_sidebar_border_color":"C0DEED","profile_sidebar_fill_color":"DDEEF6","profile_text_color":"333333","profile_use_background_image":true,"profile_image_url":"http:\/\/pbs.twimg.com\/profile_images\/1248330996405153809\/IhBAEGe6_normal.jpg","profile_image_url_https":"https:\/\/pbs.twimg.com\/profile_images\/1248330996405153809\/IhBAEGe6_normal.jpg","default_profile":true,"default_profile_image":false,"following":null,"follow_request_sent":null,"notifications":null},"geo":null,"coordinates":null,"place":null,"contributors":null,"is_quote_status":false,"quote_count":0,"reply_count":0,"retweet_count":0,"favorite_count":0,"entities":{"hashtags":[{"text":"AnimalCrossing","indices":[0,15]},{"text":"ACNH","indices":[16,21]},{"text":"NintendoSwitch","indices":[22,37]}],"urls":[],"user_mentions":[],"symbols":[],"media":[{"id":1248657989369597952,"id_str":"1248657989369597952","indices":[38,61],"media_url":"http:\/\/pbs.twimg.com\/media\/EVQf015UEAAy-rm.jpg","media_url_https":"https:\/\/pbs.twimg.com\/media\/EVQf015UEAAy-rm.jpg","url":"https:\/\/t.co\/lmMvxaHNYM","display_url":"pic.twitter.com\/lmMvxaHNYM","expanded_url":"https:\/\/twitter.com\/smug_kino\/status\/1248657991017979905\/photo\/1","type":"photo","sizes":{"thumb":{"w":150,"h":150,"resize":"crop"},"medium":{"w":1200,"h":675,"resize":"fit"},"small":{"w":680,"h":383,"resize":"fit"},"large":{"w":1280,"h":720,"resize":"fit"}}}]},"extended_entities":{"media":[{"id":1248657989369597952,"id_str":"1248657989369597952","indices":[38,61],"media_url":"http:\/\/pbs.twimg.com\/media\/EVQf015UEAAy-rm.jpg","media_url_https":"https:\/\/pbs.twimg.com\/media\/EVQf015UEAAy-rm.jpg","url":"https:\/\/t.co\/lmMvxaHNYM","display_url":"pic.twitter.com\/lmMvxaHNYM","expanded_url":"https:\/\/twitter.com\/smug_kino\/status\/1248657991017979905\/photo\/1","type":"photo","sizes":{"thumb":{"w":150,"h":150,"resize":"crop"},"medium":{"w":1200,"h":675,"resize":"fit"},"small":{"w":680,"h":383,"resize":"fit"},"large":{"w":1280,"h":720,"resize":"fit"}}}]},"favorited":false,"retweeted":false,"possibly_sensitive":false,"filter_level":"low","lang":"und","timestamp_ms":"1586538238659"}
