{"created_at":"Fri Apr 10 17:03:48 +0000 2020","id":1248657949066698757,"id_str":"1248657949066698757","text":"@LadyChesapeake @GiboneyDavid @Galaxy8SGQ @mal1976retaf @kmichel6 @david_d1421 @us_poll @_edwardmondini_\u2026 https:\/\/t.co\/nmfEN8pcp4","display_text_range":[117,140],"source":"\u003ca href=\"http:\/\/twitter.com\/download\/iphone\" rel=\"nofollow\"\u003eTwitter for iPhone\u003c\/a\u003e","truncated":true,"in_reply_to_status_id":1248639880160305155,"in_reply_to_status_id_str":"1248639880160305155","in_reply_to_user_id":23025131,"in_reply_to_user_id_str":"23025131","in_reply_to_screen_name":"LadyChesapeake","user":{"id":719939487904768001,"id_str":"719939487904768001","name":"Roger Weidner","screen_name":"WeidnerRoger","location":"Ohio","url":null,"description":"Husband, father, grandfather, Trump supporter, as deplorable as they come,big Honda Prelude fanatic.  If you don\u2019t like Trump, you won\u2019t like me.  Go Trump!!!","translator_type":"none","protected":false,"verified":false,"followers_count":4909,"friends_count":5072,"listed_count":4,"favourites_count":32913,"statuses_count":31946,"created_at":"Tue Apr 12 17:25:24 +0000 2016","utc_offset":null,"time_zone":null,"geo_enabled":true,"lang":null,"contributors_enabled":false,"is_translator":false,"profile_background_color":"F5F8FA","profile_background_image_url":"","profile_background_image_url_https":"","profile_background_tile":false,"profile_link_color":"1DA1F2","profile_sidebar_border_color":"C0DEED","profile_sidebar_fill_color":"DDEEF6","profile_text_color":"333333","profile_use_background_image":true,"profile_image_url":"http:\/\/pbs.twimg.com\/profile_images\/975080101900636160\/kkwyzGTp_normal.jpg","profile_image_url_https":"https:\/\/pbs.twimg.com\/profile_images\/975080101900636160\/kkwyzGTp_normal.jpg","profile_banner_url":"https:\/\/pbs.twimg.com\/profile_banners\/719939487904768001\/1521312191","default_profile":true,"default_profile_image":false,"following":null,"follow_request_sent":null,"notifications":null},"geo":null,"coordinates":null,"place":null,"contributors":null,"is_quote_status":false,"extended_tweet":{"full_text":"@LadyChesapeake @GiboneyDavid @Galaxy8SGQ @mal1976retaf @kmichel6 @david_d1421 @us_poll @_edwardmondini_ @GilbertLane14 @realstuart45 @SpringsRaff @Timetosayhallo @HarryMi47749146 @meaculpau27 @rfragan @johngault071 @AzDerbyGirl @real_vt16 @howienudet @TheAkmed @GiacomoCeraolo @warrenwarmachi1 @Desert_Crow @verfolg @GelicaAF @HarrietNix @sueramirez3466 @lisakitchens8 @tehipisehaka @HILLBILLYDEPLO1 @hogansgoat2423 @AmericanUmbra @Rabbit70414459 @CATZPRIDE @red_rand @johncola36 @Marilyn122868 @Drumbea82221174 @frickmick @MccrorieJim @TheCryptKeepe14 @Debrah38249436 @TruthAlabama @janedw777 @GreerIluv @PlacePortia @TammyChabot @vjbrooks12 @april492018 Its also anti-American and just plain wrong!","display_text_range":[657,701],"entities":{"hashtags":[],"urls":[],"user_mentions":[{"screen_name":"LadyChesapeake","name":"\ud83c\uddfa\ud83c\uddf8\u274cCarol Wood\u274c\ud83c\uddfa\ud83c\uddf8","id":23025131,"id_str":"23025131","indices":[0,15]},{"screen_name":"GiboneyDavid","name":"David Giboney","id":758751597983703040,"id_str":"758751597983703040","indices":[16,29]},{"screen_name":"Galaxy8SGQ","name":"\ud83c\uddfa\ud83c\uddf8Galaxy~Psychic War Vet~Text TRUMP to 88022\ud83c\uddfa\ud83c\uddf8","id":941285452715298817,"id_str":"941285452715298817","indices":[30,41]},{"screen_name":"mal1976retaf","name":"mal1976retaf","id":984632317519060992,"id_str":"984632317519060992","indices":[42,55]},{"screen_name":"kmichel6","name":"K Michel","id":2247472448,"id_str":"2247472448","indices":[56,65]},{"screen_name":"david_d1421","name":"David","id":865397624525815809,"id_str":"865397624525815809","indices":[66,78]},{"screen_name":"us_poll","name":"TJ007 GenX SE \ud83c\uddfa\ud83c\uddf8","id":706816179701051392,"id_str":"706816179701051392","indices":[79,87]},{"screen_name":"_edwardmondini_","name":"_edwardmondini_","id":731568881131790336,"id_str":"731568881131790336","indices":[88,104]},{"screen_name":"GilbertLane14","name":"\u274cGilbert Lane\ud83c\udfbc\u274c","id":987931361963950080,"id_str":"987931361963950080","indices":[105,119]},{"screen_name":"realstuart45","name":"Chris Maga Nation","id":826214791261933569,"id_str":"826214791261933569","indices":[120,133]},{"screen_name":"SpringsRaff","name":"WHERE WE GO ONE WE GO ALL \ud83c\uddfa\ud83c\uddf8","id":1069749984,"id_str":"1069749984","indices":[134,146]},{"screen_name":"Timetosayhallo","name":"Conor M.","id":258513192,"id_str":"258513192","indices":[147,162]},{"screen_name":"HarryMi47749146","name":"Harry Miller\ud83c\udf04\ud83c\uddfa\ud83c\uddf8","id":1142616099776630784,"id_str":"1142616099776630784","indices":[163,179]},{"screen_name":"meaculpau27","name":"meaculpau27 THE DREG","id":271012721,"id_str":"271012721","indices":[180,192]},{"screen_name":"rfragan","name":"Robin Conklin","id":1852770169,"id_str":"1852770169","indices":[193,201]},{"screen_name":"johngault071","name":"John\u2b50\ufe0f\u2b50\ufe0f\u2b50\ufe0f#LuraLoomer.US","id":2991584194,"id_str":"2991584194","indices":[202,215]},{"screen_name":"AzDerbyGirl","name":"Dee","id":1559922674,"id_str":"1559922674","indices":[216,228]},{"screen_name":"real_vt16","name":"vt16 \ud83c\uddfa\ud83c\uddf8\ud83c\udde8\ud83c\udde6","id":797402940952616960,"id_str":"797402940952616960","indices":[229,239]},{"screen_name":"howienudet","name":"Elevator Man, \ud83c\uddfa\ud83c\uddf8\u2618\ufe0f\ud83c\uddee\ud83c\uddea\ud83c\uddfa\ud83c\uddf8","id":916655610741100544,"id_str":"916655610741100544","indices":[240,251]},{"screen_name":"TheAkmed","name":"Deplorable Akmed The Engaging Terrorist Cat","id":1054881563874275328,"id_str":"1054881563874275328","indices":[252,261]},{"screen_name":"GiacomoCeraolo","name":"JimmySmalls","id":1081424953403166722,"id_str":"1081424953403166722","indices":[262,277]},{"screen_name":"warrenwarmachi1","name":"Warren C Wainscott","id":714903361242460160,"id_str":"714903361242460160","indices":[278,294]},{"screen_name":"Desert_Crow","name":"Desert Crow","id":2878751515,"id_str":"2878751515","indices":[295,307]},{"screen_name":"verfolg","name":"\u2b50\ufe0f\u2b50\ufe0f\u2b50\ufe0f#MAGA #KAG","id":47128279,"id_str":"47128279","indices":[308,316]},{"screen_name":"GelicaAF","name":"Anna Gelica","id":1151441341861249024,"id_str":"1151441341861249024","indices":[317,326]},{"screen_name":"HarrietNix","name":"Harriet Nix, The Egyptian Queen","id":858501829,"id_str":"858501829","indices":[327,338]},{"screen_name":"sueramirez3466","name":"Suzanne P Ramirez","id":1398126901,"id_str":"1398126901","indices":[339,354]},{"screen_name":"lisakitchens8","name":"lisakitchens#MAGA#NEVERSOCIALISM","id":1109642740059525123,"id_str":"1109642740059525123","indices":[355,369]},{"screen_name":"tehipisehaka","name":"\ud83c\uddfa\ud83c\uddf8NotABot Nationalist\ud83c\uddfa\ud83c\uddf8\ud83c\uddee\ud83c\uddf9\ud83c\uddf5\ud83c\uddf1\u2b50\ufe0f\u2b50\ufe0fText TRUMP to 88022","id":2454317240,"id_str":"2454317240","indices":[370,383]},{"screen_name":"HILLBILLYDEPLO1","name":"DeplorablePonySoldier\u2b50\ufe0f\u2b50\ufe0f\u2b50\ufe0f","id":1055975804545458176,"id_str":"1055975804545458176","indices":[384,400]},{"screen_name":"hogansgoat2423","name":"3D5 Anon","id":2412880493,"id_str":"2412880493","indices":[401,416]},{"screen_name":"AmericanUmbra","name":"AmericanUmbra \ud83c\uddfa\ud83c\uddf8\u2764\ufe0f\ud83c\uddfa\ud83c\uddf8","id":1164003308308221952,"id_str":"1164003308308221952","indices":[417,431]},{"screen_name":"Rabbit70414459","name":"\ud83c\udf34\ud83c\udf3a\ud83c\uddfa\ud83c\uddf8Maui #MAGA Rabbit Trump#45 Locked N\u2019Loaded","id":1157019099060326401,"id_str":"1157019099060326401","indices":[432,447]},{"screen_name":"CATZPRIDE","name":"Cats-Eye","id":551374533,"id_str":"551374533","indices":[448,458]},{"screen_name":"red_rand","name":"@RAND the RED","id":1096182792092897281,"id_str":"1096182792092897281","indices":[459,468]},{"screen_name":"johncola36","name":"Jay Cee\u00ae","id":699051593820409857,"id_str":"699051593820409857","indices":[469,480]},{"screen_name":"Marilyn122868","name":"Marilyn#MAGA #VOTER ID, NO SANCTU@RY CITIES","id":875372653644623872,"id_str":"875372653644623872","indices":[481,495]},{"screen_name":"Drumbea82221174","name":"Drumbeat\ud83e\udd41\ud83c\udf1f\ud83c\udf1f\ud83c\udf1f","id":1217967240320049158,"id_str":"1217967240320049158","indices":[496,512]},{"screen_name":"frickmick","name":"Rick Mick","id":131380599,"id_str":"131380599","indices":[513,523]},{"screen_name":"MccrorieJim","name":"Jim McCrorie","id":1102995506995884033,"id_str":"1102995506995884033","indices":[524,536]},{"screen_name":"TheCryptKeepe14","name":"\u201cThe Crypt Keeper\u201d Trump#45 LibTurd\u2019s Voting Place","id":1207520207427850240,"id_str":"1207520207427850240","indices":[537,553]},{"screen_name":"Debrah38249436","name":"Debrah","id":921788579352891392,"id_str":"921788579352891392","indices":[554,569]},{"screen_name":"TruthAlabama","name":"Alabama Truth Seeker","id":1045334785391054848,"id_str":"1045334785391054848","indices":[570,583]},{"screen_name":"janedw777","name":"Jane Whaley","id":4843102630,"id_str":"4843102630","indices":[584,594]},{"screen_name":"GreerIluv","name":"ILuv'Merica BUT NOT TRAITOROUS 3M!","id":992302322712657920,"id_str":"992302322712657920","indices":[595,605]},{"screen_name":"PlacePortia","name":"Portia Place","id":704128111231832065,"id_str":"704128111231832065","indices":[606,618]},{"screen_name":"TammyChabot","name":"Tammy M.\ud83c\uddfa\ud83c\uddf8\u2764\ufe0f\ud83c\uddfa\ud83c\uddf8","id":1052985848336175104,"id_str":"1052985848336175104","indices":[619,631]},{"screen_name":"vjbrooks12","name":"Texas 2-Step ##Love my President##","id":818672259690823680,"id_str":"818672259690823680","indices":[632,643]},{"screen_name":"april492018","name":"April492018","id":1011112353247694848,"id_str":"1011112353247694848","indices":[644,656]}],"symbols":[]}},"quote_count":0,"reply_count":0,"retweet_count":0,"favorite_count":0,"entities":{"hashtags":[],"urls":[{"url":"https:\/\/t.co\/nmfEN8pcp4","expanded_url":"https:\/\/twitter.com\/i\/web\/status\/1248657949066698757","display_url":"twitter.com\/i\/web\/status\/1\u2026","indices":[106,129]}],"user_mentions":[{"screen_name":"LadyChesapeake","name":"\ud83c\uddfa\ud83c\uddf8\u274cCarol Wood\u274c\ud83c\uddfa\ud83c\uddf8","id":23025131,"id_str":"23025131","indices":[0,15]},{"screen_name":"GiboneyDavid","name":"David Giboney","id":758751597983703040,"id_str":"758751597983703040","indices":[16,29]},{"screen_name":"Galaxy8SGQ","name":"\ud83c\uddfa\ud83c\uddf8Galaxy~Psychic War Vet~Text TRUMP to 88022\ud83c\uddfa\ud83c\uddf8","id":941285452715298817,"id_str":"941285452715298817","indices":[30,41]},{"screen_name":"mal1976retaf","name":"mal1976retaf","id":984632317519060992,"id_str":"984632317519060992","indices":[42,55]},{"screen_name":"kmichel6","name":"K Michel","id":2247472448,"id_str":"2247472448","indices":[56,65]},{"screen_name":"david_d1421","name":"David","id":865397624525815809,"id_str":"865397624525815809","indices":[66,78]},{"screen_name":"us_poll","name":"TJ007 GenX SE \ud83c\uddfa\ud83c\uddf8","id":706816179701051392,"id_str":"706816179701051392","indices":[79,87]},{"screen_name":"_edwardmondini_","name":"_edwardmondini_","id":731568881131790336,"id_str":"731568881131790336","indices":[88,104]}],"symbols":[]},"favorited":false,"retweeted":false,"filter_level":"low","lang":"en","timestamp_ms":"1586538228657"}
