{"created_at":"Fri Apr 10 17:03:51 +0000 2020","id":1248657961674772487,"id_str":"1248657961674772487","text":"D\u00eda 3 desde que reanude el ayuno intermirente, sigo vivo","source":"\u003ca href=\"http:\/\/twitter.com\/download\/android\" rel=\"nofollow\"\u003eTwitter for Android\u003c\/a\u003e","truncated":false,"in_reply_to_status_id":null,"in_reply_to_status_id_str":null,"in_reply_to_user_id":null,"in_reply_to_user_id_str":null,"in_reply_to_screen_name":null,"user":{"id":526953071,"id_str":"526953071","name":"Tornaghi","screen_name":"postizi46","location":"Mendoza, Argentina - Huelva ","url":"https:\/\/instagram.com\/torn_aghi?igshid=106fak4635hh5","description":"ser el ocaso o ser el caso.","translator_type":"none","protected":false,"verified":false,"followers_count":444,"friends_count":434,"listed_count":18,"favourites_count":23445,"statuses_count":34502,"created_at":"Sat Mar 17 00:54:11 +0000 2012","utc_offset":null,"time_zone":null,"geo_enabled":true,"lang":null,"contributors_enabled":false,"is_translator":false,"profile_background_color":"131516","profile_background_image_url":"http:\/\/abs.twimg.com\/images\/themes\/theme14\/bg.gif","profile_background_image_url_https":"https:\/\/abs.twimg.com\/images\/themes\/theme14\/bg.gif","profile_background_tile":true,"profile_link_color":"17991B","profile_sidebar_border_color":"FFFFFF","profile_sidebar_fill_color":"EFEFEF","profile_text_color":"333333","profile_use_background_image":true,"profile_image_url":"http:\/\/pbs.twimg.com\/profile_images\/1008111017317019648\/iOqoXppC_normal.jpg","profile_image_url_https":"https:\/\/pbs.twimg.com\/profile_images\/1008111017317019648\/iOqoXppC_normal.jpg","profile_banner_url":"https:\/\/pbs.twimg.com\/profile_banners\/526953071\/1581268538","default_profile":false,"default_profile_image":false,"following":null,"follow_request_sent":null,"notifications":null},"geo":null,"coordinates":null,"place":null,"contributors":null,"is_quote_status":false,"quote_count":0,"reply_count":0,"retweet_count":0,"favorite_count":0,"entities":{"hashtags":[],"urls":[],"user_mentions":[],"symbols":[]},"favorited":false,"retweeted":false,"filter_level":"low","lang":"es","timestamp_ms":"1586538231663"}
