{"created_at":"Fri Apr 10 17:03:58 +0000 2020","id":1248657991009624064,"id_str":"1248657991009624064","text":"Patriots Are In Control\u203c\ufe0f\n\nTime for JUSTICE once and for ALL!\n#WWG1WGA #QAnon \n\nGo GET EM @POTUS \ud83d\ude09\n\nKeep the FAITH\u2026 https:\/\/t.co\/jEigMj0etQ","source":"\u003ca href=\"http:\/\/twitter.com\/download\/iphone\" rel=\"nofollow\"\u003eTwitter for iPhone\u003c\/a\u003e","truncated":true,"in_reply_to_status_id":null,"in_reply_to_status_id_str":null,"in_reply_to_user_id":null,"in_reply_to_user_id_str":null,"in_reply_to_screen_name":null,"user":{"id":37532077,"id_str":"37532077","name":"Keep the FAITH Patriots\u203c\ufe0f\ud83d\ude0e\ud83d\udc4d\ud83d\udc07","screen_name":"KeepTheFaith4","location":"Southern California","url":null,"description":"\"Have FAITH Patriots!\" Mother, Christian & Conservative in that order! \ud83d\uddfdGod Bless the USA! AND God Bless President Trump!\ud83c\uddfa\ud83c\uddf8#MAGA #QArmy #AWAKE \ud83d\udc07#WWG1WGA","translator_type":"none","protected":false,"verified":false,"followers_count":1659,"friends_count":2466,"listed_count":6,"favourites_count":16257,"statuses_count":12075,"created_at":"Sun May 03 23:28:28 +0000 2009","utc_offset":null,"time_zone":null,"geo_enabled":false,"lang":null,"contributors_enabled":false,"is_translator":false,"profile_background_color":"C0DEED","profile_background_image_url":"http:\/\/abs.twimg.com\/images\/themes\/theme1\/bg.png","profile_background_image_url_https":"https:\/\/abs.twimg.com\/images\/themes\/theme1\/bg.png","profile_background_tile":false,"profile_link_color":"1DA1F2","profile_sidebar_border_color":"C0DEED","profile_sidebar_fill_color":"DDEEF6","profile_text_color":"333333","profile_use_background_image":true,"profile_image_url":"http:\/\/pbs.twimg.com\/profile_images\/845507704747569152\/s9WpTPCy_normal.jpg","profile_image_url_https":"https:\/\/pbs.twimg.com\/profile_images\/845507704747569152\/s9WpTPCy_normal.jpg","profile_banner_url":"https:\/\/pbs.twimg.com\/profile_banners\/37532077\/1515780978","default_profile":true,"default_profile_image":false,"following":null,"follow_request_sent":null,"notifications":null},"geo":null,"coordinates":null,"place":null,"contributors":null,"quoted_status_id":1248651568058109956,"quoted_status_id_str":"1248651568058109956","quoted_status":{"created_at":"Fri Apr 10 16:38:27 +0000 2020","id":1248651568058109956,"id_str":"1248651568058109956","text":"No mercy.\nNo bargaining. \nA Traitor\u2019s justice.\nP-A-I-N https:\/\/t.co\/Wtue1sPphW","display_text_range":[0,54],"source":"\u003ca href=\"http:\/\/twitter.com\/download\/android\" rel=\"nofollow\"\u003eTwitter for Android\u003c\/a\u003e","truncated":false,"in_reply_to_status_id":null,"in_reply_to_status_id_str":null,"in_reply_to_user_id":null,"in_reply_to_user_id_str":null,"in_reply_to_screen_name":null,"user":{"id":984537447525691392,"id_str":"984537447525691392","name":"John F. Kennedy Jr.","screen_name":"John_F_Kennnedy","location":null,"url":"http:\/\/Qmap.pub","description":"\u00ae\ufe0f","translator_type":"none","protected":false,"verified":false,"followers_count":109269,"friends_count":10548,"listed_count":231,"favourites_count":3212,"statuses_count":3903,"created_at":"Thu Apr 12 21:03:14 +0000 2018","utc_offset":null,"time_zone":null,"geo_enabled":false,"lang":null,"contributors_enabled":false,"is_translator":false,"profile_background_color":"000000","profile_background_image_url":"http:\/\/abs.twimg.com\/images\/themes\/theme1\/bg.png","profile_background_image_url_https":"https:\/\/abs.twimg.com\/images\/themes\/theme1\/bg.png","profile_background_tile":false,"profile_link_color":"1B95E0","profile_sidebar_border_color":"000000","profile_sidebar_fill_color":"000000","profile_text_color":"000000","profile_use_background_image":false,"profile_image_url":"http:\/\/pbs.twimg.com\/profile_images\/1062014802292166657\/V9lw_CZ3_normal.jpg","profile_image_url_https":"https:\/\/pbs.twimg.com\/profile_images\/1062014802292166657\/V9lw_CZ3_normal.jpg","profile_banner_url":"https:\/\/pbs.twimg.com\/profile_banners\/984537447525691392\/1541936342","default_profile":false,"default_profile_image":false,"following":null,"follow_request_sent":null,"notifications":null},"geo":null,"coordinates":null,"place":null,"contributors":null,"is_quote_status":false,"quote_count":31,"reply_count":90,"retweet_count":532,"favorite_count":1547,"entities":{"hashtags":[],"urls":[],"user_mentions":[],"symbols":[],"media":[{"id":1248651565566537728,"id_str":"1248651565566537728","indices":[55,78],"media_url":"http:\/\/pbs.twimg.com\/media\/EVQZ-7XUMAApqqr.jpg","media_url_https":"https:\/\/pbs.twimg.com\/media\/EVQZ-7XUMAApqqr.jpg","url":"https:\/\/t.co\/Wtue1sPphW","display_url":"pic.twitter.com\/Wtue1sPphW","expanded_url":"https:\/\/twitter.com\/John_F_Kennnedy\/status\/1248651568058109956\/photo\/1","type":"photo","sizes":{"medium":{"w":680,"h":680,"resize":"fit"},"thumb":{"w":150,"h":150,"resize":"crop"},"large":{"w":680,"h":680,"resize":"fit"},"small":{"w":680,"h":680,"resize":"fit"}}}]},"extended_entities":{"media":[{"id":1248651565566537728,"id_str":"1248651565566537728","indices":[55,78],"media_url":"http:\/\/pbs.twimg.com\/media\/EVQZ-7XUMAApqqr.jpg","media_url_https":"https:\/\/pbs.twimg.com\/media\/EVQZ-7XUMAApqqr.jpg","url":"https:\/\/t.co\/Wtue1sPphW","display_url":"pic.twitter.com\/Wtue1sPphW","expanded_url":"https:\/\/twitter.com\/John_F_Kennnedy\/status\/1248651568058109956\/photo\/1","type":"photo","sizes":{"medium":{"w":680,"h":680,"resize":"fit"},"thumb":{"w":150,"h":150,"resize":"crop"},"large":{"w":680,"h":680,"resize":"fit"},"small":{"w":680,"h":680,"resize":"fit"}}}]},"favorited":false,"retweeted":false,"possibly_sensitive":false,"filter_level":"low","lang":"en"},"quoted_status_permalink":{"url":"https:\/\/t.co\/YRqO9RR8CQ","expanded":"https:\/\/twitter.com\/john_f_kennnedy\/status\/1248651568058109956","display":"twitter.com\/john_f_kennned\u2026"},"is_quote_status":true,"extended_tweet":{"full_text":"Patriots Are In Control\u203c\ufe0f\n\nTime for JUSTICE once and for ALL!\n#WWG1WGA #QAnon \n\nGo GET EM @POTUS \ud83d\ude09\n\nKeep the FAITH Patriots, It\u2019s TIME!","display_text_range":[0,135],"entities":{"hashtags":[{"text":"WWG1WGA","indices":[62,70]},{"text":"QAnon","indices":[71,77]}],"urls":[],"user_mentions":[{"screen_name":"POTUS","name":"President Trump","id":822215679726100480,"id_str":"822215679726100480","indices":[90,96]}],"symbols":[]}},"quote_count":0,"reply_count":0,"retweet_count":0,"favorite_count":0,"entities":{"hashtags":[{"text":"WWG1WGA","indices":[62,70]},{"text":"QAnon","indices":[71,77]}],"urls":[{"url":"https:\/\/t.co\/jEigMj0etQ","expanded_url":"https:\/\/twitter.com\/i\/web\/status\/1248657991009624064","display_url":"twitter.com\/i\/web\/status\/1\u2026","indices":[116,139]}],"user_mentions":[{"screen_name":"POTUS","name":"President Trump","id":822215679726100480,"id_str":"822215679726100480","indices":[90,96]}],"symbols":[]},"favorited":false,"retweeted":false,"filter_level":"low","lang":"en","timestamp_ms":"1586538238657"}
