{"created_at":"Fri Apr 10 17:03:49 +0000 2020","id":1248657953286164481,"id_str":"1248657953286164481","text":"https:\/\/t.co\/i4bo34kyVP","display_text_range":[0,0],"source":"\u003ca href=\"http:\/\/twitter.com\/download\/iphone\" rel=\"nofollow\"\u003eTwitter for iPhone\u003c\/a\u003e","truncated":false,"in_reply_to_status_id":null,"in_reply_to_status_id_str":null,"in_reply_to_user_id":null,"in_reply_to_user_id_str":null,"in_reply_to_screen_name":null,"user":{"id":792995960641220609,"id_str":"792995960641220609","name":"ivy ruth!!! \u274c","screen_name":"BLOODSADx","location":null,"url":"http:\/\/bloodsad.com","description":"she\/her. i make comics.","translator_type":"none","protected":false,"verified":false,"followers_count":533,"friends_count":782,"listed_count":3,"favourites_count":46856,"statuses_count":7219,"created_at":"Mon Oct 31 07:45:44 +0000 2016","utc_offset":null,"time_zone":null,"geo_enabled":false,"lang":null,"contributors_enabled":false,"is_translator":false,"profile_background_color":"000000","profile_background_image_url":"http:\/\/abs.twimg.com\/images\/themes\/theme1\/bg.png","profile_background_image_url_https":"https:\/\/abs.twimg.com\/images\/themes\/theme1\/bg.png","profile_background_tile":false,"profile_link_color":"FC0000","profile_sidebar_border_color":"000000","profile_sidebar_fill_color":"000000","profile_text_color":"000000","profile_use_background_image":false,"profile_image_url":"http:\/\/pbs.twimg.com\/profile_images\/1228502111442423809\/bVZ7HGl__normal.jpg","profile_image_url_https":"https:\/\/pbs.twimg.com\/profile_images\/1228502111442423809\/bVZ7HGl__normal.jpg","profile_banner_url":"https:\/\/pbs.twimg.com\/profile_banners\/792995960641220609\/1561778325","default_profile":false,"default_profile_image":false,"following":null,"follow_request_sent":null,"notifications":null},"geo":null,"coordinates":null,"place":null,"contributors":null,"is_quote_status":false,"quote_count":0,"reply_count":0,"retweet_count":0,"favorite_count":0,"entities":{"hashtags":[],"urls":[],"user_mentions":[],"symbols":[],"media":[{"id":1248657946751520770,"id_str":"1248657946751520770","indices":[0,23],"media_url":"http:\/\/pbs.twimg.com\/media\/EVQfyXIX0AI67_z.jpg","media_url_https":"https:\/\/pbs.twimg.com\/media\/EVQfyXIX0AI67_z.jpg","url":"https:\/\/t.co\/i4bo34kyVP","display_url":"pic.twitter.com\/i4bo34kyVP","expanded_url":"https:\/\/twitter.com\/BLOODSADx\/status\/1248657953286164481\/photo\/1","type":"photo","sizes":{"large":{"w":1536,"h":2048,"resize":"fit"},"thumb":{"w":150,"h":150,"resize":"crop"},"medium":{"w":900,"h":1200,"resize":"fit"},"small":{"w":510,"h":680,"resize":"fit"}}}]},"extended_entities":{"media":[{"id":1248657946751520770,"id_str":"1248657946751520770","indices":[0,23],"media_url":"http:\/\/pbs.twimg.com\/media\/EVQfyXIX0AI67_z.jpg","media_url_https":"https:\/\/pbs.twimg.com\/media\/EVQfyXIX0AI67_z.jpg","url":"https:\/\/t.co\/i4bo34kyVP","display_url":"pic.twitter.com\/i4bo34kyVP","expanded_url":"https:\/\/twitter.com\/BLOODSADx\/status\/1248657953286164481\/photo\/1","type":"photo","sizes":{"large":{"w":1536,"h":2048,"resize":"fit"},"thumb":{"w":150,"h":150,"resize":"crop"},"medium":{"w":900,"h":1200,"resize":"fit"},"small":{"w":510,"h":680,"resize":"fit"}}}]},"favorited":false,"retweeted":false,"possibly_sensitive":false,"filter_level":"low","lang":"und","timestamp_ms":"1586538229663"}
