{"created_at":"Fri Apr 10 17:03:49 +0000 2020","id":1248657953286008833,"id_str":"1248657953286008833","text":"\u5e78\u305b\u306a\u6c17\u6301\u3061\u306e\u307e\u307e\u7720\u308a\u306b\u3064\u304d\u30de\u30fc\u30fc\u30fc\u30b9","source":"\u003ca href=\"http:\/\/twitter.com\/download\/iphone\" rel=\"nofollow\"\u003eTwitter for iPhone\u003c\/a\u003e","truncated":false,"in_reply_to_status_id":null,"in_reply_to_status_id_str":null,"in_reply_to_user_id":null,"in_reply_to_user_id_str":null,"in_reply_to_screen_name":null,"user":{"id":1216994924433854467,"id_str":"1216994924433854467","name":"\u3048\u3082","screen_name":"fumideshi_emo","location":null,"url":null,"description":"\u4f50\u91ce\u6587\u54c9\u6642\u3005\u5927\u5e73\u7965\u751f","translator_type":"none","protected":false,"verified":false,"followers_count":98,"friends_count":109,"listed_count":2,"favourites_count":9272,"statuses_count":1091,"created_at":"Tue Jan 14 08:06:26 +0000 2020","utc_offset":null,"time_zone":null,"geo_enabled":false,"lang":null,"contributors_enabled":false,"is_translator":false,"profile_background_color":"F5F8FA","profile_background_image_url":"","profile_background_image_url_https":"","profile_background_tile":false,"profile_link_color":"1DA1F2","profile_sidebar_border_color":"C0DEED","profile_sidebar_fill_color":"DDEEF6","profile_text_color":"333333","profile_use_background_image":true,"profile_image_url":"http:\/\/pbs.twimg.com\/profile_images\/1226912837852774400\/ncjNRrYC_normal.jpg","profile_image_url_https":"https:\/\/pbs.twimg.com\/profile_images\/1226912837852774400\/ncjNRrYC_normal.jpg","profile_banner_url":"https:\/\/pbs.twimg.com\/profile_banners\/1216994924433854467\/1581339314","default_profile":true,"default_profile_image":false,"following":null,"follow_request_sent":null,"notifications":null},"geo":null,"coordinates":null,"place":null,"contributors":null,"is_quote_status":false,"quote_count":0,"reply_count":0,"retweet_count":0,"favorite_count":0,"entities":{"hashtags":[],"urls":[],"user_mentions":[],"symbols":[]},"favorited":false,"retweeted":false,"filter_level":"low","lang":"ja","timestamp_ms":"1586538229663"}
