{"created_at":"Fri Apr 10 17:03:50 +0000 2020","id":1248657957476163584,"id_str":"1248657957476163584","text":"RT @Teemild_: \u0e44\u0e2d\u0e49\u0e04\u0e27\u0e32\u0e22\u0e19\u0e49\u0e2d\u0e22  #\u0e04\u0e31\u0e48\u0e19\u0e01\u0e39EP8","source":"\u003ca href=\"http:\/\/twitter.com\/download\/android\" rel=\"nofollow\"\u003eTwitter for Android\u003c\/a\u003e","truncated":false,"in_reply_to_status_id":null,"in_reply_to_status_id_str":null,"in_reply_to_user_id":null,"in_reply_to_user_id_str":null,"in_reply_to_screen_name":null,"user":{"id":1115597819308462080,"id_str":"1115597819308462080","name":"- CHITCHA -","screen_name":"cchitchaa","location":null,"url":null,"description":"\ud83d\udc7d","translator_type":"none","protected":false,"verified":false,"followers_count":2,"friends_count":207,"listed_count":0,"favourites_count":6079,"statuses_count":6877,"created_at":"Tue Apr 09 12:50:21 +0000 2019","utc_offset":null,"time_zone":null,"geo_enabled":false,"lang":null,"contributors_enabled":false,"is_translator":false,"profile_background_color":"F5F8FA","profile_background_image_url":"","profile_background_image_url_https":"","profile_background_tile":false,"profile_link_color":"1DA1F2","profile_sidebar_border_color":"C0DEED","profile_sidebar_fill_color":"DDEEF6","profile_text_color":"333333","profile_use_background_image":true,"profile_image_url":"http:\/\/pbs.twimg.com\/profile_images\/1226333871588823040\/cWFtCXLd_normal.jpg","profile_image_url_https":"https:\/\/pbs.twimg.com\/profile_images\/1226333871588823040\/cWFtCXLd_normal.jpg","profile_banner_url":"https:\/\/pbs.twimg.com\/profile_banners\/1115597819308462080\/1575540957","default_profile":true,"default_profile_image":false,"following":null,"follow_request_sent":null,"notifications":null},"geo":null,"coordinates":null,"place":null,"contributors":null,"retweeted_status":{"created_at":"Fri Apr 10 16:17:31 +0000 2020","id":1248646302117711872,"id_str":"1248646302117711872","text":"\u0e44\u0e2d\u0e49\u0e04\u0e27\u0e32\u0e22\u0e19\u0e49\u0e2d\u0e22  #\u0e04\u0e31\u0e48\u0e19\u0e01\u0e39EP8","source":"\u003ca href=\"http:\/\/twitter.com\/download\/iphone\" rel=\"nofollow\"\u003eTwitter for iPhone\u003c\/a\u003e","truncated":false,"in_reply_to_status_id":null,"in_reply_to_status_id_str":null,"in_reply_to_user_id":null,"in_reply_to_user_id_str":null,"in_reply_to_screen_name":null,"user":{"id":942577151555002368,"id_str":"942577151555002368","name":"Mild","screen_name":"Teemild_","location":"\u0e1b\u0e23\u0e30\u0e40\u0e17\u0e28\u0e44\u0e17\u0e22","url":null,"description":"IG : mild _suttinut","translator_type":"none","protected":false,"verified":false,"followers_count":78635,"friends_count":57,"listed_count":108,"favourites_count":263,"statuses_count":2951,"created_at":"Mon Dec 18 02:07:59 +0000 2017","utc_offset":null,"time_zone":null,"geo_enabled":false,"lang":null,"contributors_enabled":false,"is_translator":false,"profile_background_color":"F5F8FA","profile_background_image_url":"","profile_background_image_url_https":"","profile_background_tile":false,"profile_link_color":"1DA1F2","profile_sidebar_border_color":"C0DEED","profile_sidebar_fill_color":"DDEEF6","profile_text_color":"333333","profile_use_background_image":true,"profile_image_url":"http:\/\/pbs.twimg.com\/profile_images\/1244513320545046528\/9imdbpDa_normal.jpg","profile_image_url_https":"https:\/\/pbs.twimg.com\/profile_images\/1244513320545046528\/9imdbpDa_normal.jpg","profile_banner_url":"https:\/\/pbs.twimg.com\/profile_banners\/942577151555002368\/1577078882","default_profile":true,"default_profile_image":false,"following":null,"follow_request_sent":null,"notifications":null},"geo":null,"coordinates":null,"place":null,"contributors":null,"is_quote_status":false,"quote_count":84,"reply_count":202,"retweet_count":1130,"favorite_count":3237,"entities":{"hashtags":[{"text":"\u0e04\u0e31\u0e48\u0e19\u0e01\u0e39EP8","indices":[13,23]}],"urls":[],"user_mentions":[],"symbols":[]},"favorited":false,"retweeted":false,"filter_level":"low","lang":"th"},"is_quote_status":false,"quote_count":0,"reply_count":0,"retweet_count":0,"favorite_count":0,"entities":{"hashtags":[{"text":"\u0e04\u0e31\u0e48\u0e19\u0e01\u0e39EP8","indices":[27,37]}],"urls":[],"user_mentions":[{"screen_name":"Teemild_","name":"Mild","id":942577151555002368,"id_str":"942577151555002368","indices":[3,12]}],"symbols":[]},"favorited":false,"retweeted":false,"filter_level":"low","lang":"th","timestamp_ms":"1586538230662"}
