{"created_at":"Fri Apr 10 17:03:50 +0000 2020","id":1248657957472161794,"id_str":"1248657957472161794","text":"RT @TheChoiceonFOX: me when my crush replies back with one word https:\/\/t.co\/kQtisuDCC2","source":"\u003ca href=\"http:\/\/twitter.com\/download\/iphone\" rel=\"nofollow\"\u003eTwitter for iPhone\u003c\/a\u003e","truncated":false,"in_reply_to_status_id":null,"in_reply_to_status_id_str":null,"in_reply_to_user_id":null,"in_reply_to_user_id_str":null,"in_reply_to_screen_name":null,"user":{"id":3700896795,"id_str":"3700896795","name":"Virginia Catone \ud83c\udded\ud83c\uddf9","screen_name":"VirginiaCatone","location":"Ballston Spa, NY","url":null,"description":"Instagram - virginia_catone snapchat - s4ssybl4ckl4dy","translator_type":"none","protected":false,"verified":false,"followers_count":475,"friends_count":1009,"listed_count":6,"favourites_count":44887,"statuses_count":30046,"created_at":"Fri Sep 18 22:41:40 +0000 2015","utc_offset":null,"time_zone":null,"geo_enabled":true,"lang":null,"contributors_enabled":false,"is_translator":false,"profile_background_color":"C0DEED","profile_background_image_url":"http:\/\/abs.twimg.com\/images\/themes\/theme1\/bg.png","profile_background_image_url_https":"https:\/\/abs.twimg.com\/images\/themes\/theme1\/bg.png","profile_background_tile":false,"profile_link_color":"1DA1F2","profile_sidebar_border_color":"C0DEED","profile_sidebar_fill_color":"DDEEF6","profile_text_color":"333333","profile_use_background_image":true,"profile_image_url":"http:\/\/pbs.twimg.com\/profile_images\/1241554995146825728\/PWXiJ2Pp_normal.jpg","profile_image_url_https":"https:\/\/pbs.twimg.com\/profile_images\/1241554995146825728\/PWXiJ2Pp_normal.jpg","profile_banner_url":"https:\/\/pbs.twimg.com\/profile_banners\/3700896795\/1570482315","default_profile":true,"default_profile_image":false,"following":null,"follow_request_sent":null,"notifications":null},"geo":null,"coordinates":null,"place":null,"contributors":null,"retweeted_status":{"created_at":"Fri Apr 10 16:53:48 +0000 2020","id":1248655431301554177,"id_str":"1248655431301554177","text":"me when my crush replies back with one word https:\/\/t.co\/kQtisuDCC2","display_text_range":[0,43],"source":"\u003ca href=\"http:\/\/twitter.com\/download\/iphone\" rel=\"nofollow\"\u003eTwitter for iPhone\u003c\/a\u003e","truncated":false,"in_reply_to_status_id":null,"in_reply_to_status_id_str":null,"in_reply_to_user_id":null,"in_reply_to_user_id_str":null,"in_reply_to_screen_name":null,"user":{"id":569541118,"id_str":"569541118","name":"Khalil with the Drip \u2614\ufe0f","screen_name":"TheChoiceonFOX","location":null,"url":null,"description":"need a promo ? dm me","translator_type":"none","protected":false,"verified":true,"followers_count":141319,"friends_count":56410,"listed_count":93,"favourites_count":3745,"statuses_count":60,"created_at":"Thu May 03 00:16:12 +0000 2012","utc_offset":null,"time_zone":null,"geo_enabled":false,"lang":null,"contributors_enabled":false,"is_translator":false,"profile_background_color":"000000","profile_background_image_url":"http:\/\/abs.twimg.com\/images\/themes\/theme1\/bg.png","profile_background_image_url_https":"https:\/\/abs.twimg.com\/images\/themes\/theme1\/bg.png","profile_background_tile":false,"profile_link_color":"B67E3E","profile_sidebar_border_color":"C0DEED","profile_sidebar_fill_color":"DDEEF6","profile_text_color":"333333","profile_use_background_image":false,"profile_image_url":"http:\/\/pbs.twimg.com\/profile_images\/1157438088957911040\/VLOEc2Ge_normal.jpg","profile_image_url_https":"https:\/\/pbs.twimg.com\/profile_images\/1157438088957911040\/VLOEc2Ge_normal.jpg","profile_banner_url":"https:\/\/pbs.twimg.com\/profile_banners\/569541118\/1532709372","default_profile":false,"default_profile_image":false,"following":null,"follow_request_sent":null,"notifications":null},"geo":null,"coordinates":null,"place":null,"contributors":null,"is_quote_status":false,"quote_count":1,"reply_count":1,"retweet_count":39,"favorite_count":100,"entities":{"hashtags":[],"urls":[],"user_mentions":[],"symbols":[],"media":[{"id":1248655413572186118,"id_str":"1248655413572186118","indices":[44,67],"additional_media_info":{"monetizable":false},"media_url":"http:\/\/pbs.twimg.com\/ext_tw_video_thumb\/1248655413572186118\/pu\/img\/OH6DkcfjFbuFYtx0.jpg","media_url_https":"https:\/\/pbs.twimg.com\/ext_tw_video_thumb\/1248655413572186118\/pu\/img\/OH6DkcfjFbuFYtx0.jpg","url":"https:\/\/t.co\/kQtisuDCC2","display_url":"pic.twitter.com\/kQtisuDCC2","expanded_url":"https:\/\/twitter.com\/TheChoiceonFOX\/status\/1248655431301554177\/video\/1","type":"photo","sizes":{"thumb":{"w":150,"h":150,"resize":"crop"},"small":{"w":680,"h":678,"resize":"fit"},"medium":{"w":722,"h":720,"resize":"fit"},"large":{"w":722,"h":720,"resize":"fit"}}}]},"extended_entities":{"media":[{"id":1248655413572186118,"id_str":"1248655413572186118","indices":[44,67],"additional_media_info":{"monetizable":false},"media_url":"http:\/\/pbs.twimg.com\/ext_tw_video_thumb\/1248655413572186118\/pu\/img\/OH6DkcfjFbuFYtx0.jpg","media_url_https":"https:\/\/pbs.twimg.com\/ext_tw_video_thumb\/1248655413572186118\/pu\/img\/OH6DkcfjFbuFYtx0.jpg","url":"https:\/\/t.co\/kQtisuDCC2","display_url":"pic.twitter.com\/kQtisuDCC2","expanded_url":"https:\/\/twitter.com\/TheChoiceonFOX\/status\/1248655431301554177\/video\/1","type":"video","video_info":{"aspect_ratio":[361,360],"duration_millis":2862,"variants":[{"bitrate":832000,"content_type":"video\/mp4","url":"https:\/\/video.twimg.com\/ext_tw_video\/1248655413572186118\/pu\/vid\/360x360\/LjF_eC-Y45w5-MZg.mp4?tag=10"},{"content_type":"application\/x-mpegURL","url":"https:\/\/video.twimg.com\/ext_tw_video\/1248655413572186118\/pu\/pl\/I6DJq9tUPzJmXAaN.m3u8?tag=10"},{"bitrate":256000,"content_type":"video\/mp4","url":"https:\/\/video.twimg.com\/ext_tw_video\/1248655413572186118\/pu\/vid\/270x270\/VSLB4X3BaFz_AYyw.mp4?tag=10"},{"bitrate":2176000,"content_type":"video\/mp4","url":"https:\/\/video.twimg.com\/ext_tw_video\/1248655413572186118\/pu\/vid\/722x720\/lujqz7PCxGdFmqu7.mp4?tag=10"}]},"sizes":{"thumb":{"w":150,"h":150,"resize":"crop"},"small":{"w":680,"h":678,"resize":"fit"},"medium":{"w":722,"h":720,"resize":"fit"},"large":{"w":722,"h":720,"resize":"fit"}}}]},"favorited":false,"retweeted":false,"possibly_sensitive":false,"filter_level":"low","lang":"en"},"is_quote_status":false,"quote_count":0,"reply_count":0,"retweet_count":0,"favorite_count":0,"entities":{"hashtags":[],"urls":[],"user_mentions":[{"screen_name":"TheChoiceonFOX","name":"Khalil with the Drip \u2614\ufe0f","id":569541118,"id_str":"569541118","indices":[3,18]}],"symbols":[],"media":[{"id":1248655413572186118,"id_str":"1248655413572186118","indices":[64,87],"additional_media_info":{"monetizable":false},"media_url":"http:\/\/pbs.twimg.com\/ext_tw_video_thumb\/1248655413572186118\/pu\/img\/OH6DkcfjFbuFYtx0.jpg","media_url_https":"https:\/\/pbs.twimg.com\/ext_tw_video_thumb\/1248655413572186118\/pu\/img\/OH6DkcfjFbuFYtx0.jpg","url":"https:\/\/t.co\/kQtisuDCC2","display_url":"pic.twitter.com\/kQtisuDCC2","expanded_url":"https:\/\/twitter.com\/TheChoiceonFOX\/status\/1248655431301554177\/video\/1","type":"photo","sizes":{"thumb":{"w":150,"h":150,"resize":"crop"},"small":{"w":680,"h":678,"resize":"fit"},"medium":{"w":722,"h":720,"resize":"fit"},"large":{"w":722,"h":720,"resize":"fit"}},"source_status_id":1248655431301554177,"source_status_id_str":"1248655431301554177","source_user_id":569541118,"source_user_id_str":"569541118"}]},"extended_entities":{"media":[{"id":1248655413572186118,"id_str":"1248655413572186118","indices":[64,87],"additional_media_info":{"monetizable":false},"media_url":"http:\/\/pbs.twimg.com\/ext_tw_video_thumb\/1248655413572186118\/pu\/img\/OH6DkcfjFbuFYtx0.jpg","media_url_https":"https:\/\/pbs.twimg.com\/ext_tw_video_thumb\/1248655413572186118\/pu\/img\/OH6DkcfjFbuFYtx0.jpg","url":"https:\/\/t.co\/kQtisuDCC2","display_url":"pic.twitter.com\/kQtisuDCC2","expanded_url":"https:\/\/twitter.com\/TheChoiceonFOX\/status\/1248655431301554177\/video\/1","type":"video","video_info":{"aspect_ratio":[361,360],"duration_millis":2862,"variants":[{"bitrate":832000,"content_type":"video\/mp4","url":"https:\/\/video.twimg.com\/ext_tw_video\/1248655413572186118\/pu\/vid\/360x360\/LjF_eC-Y45w5-MZg.mp4?tag=10"},{"content_type":"application\/x-mpegURL","url":"https:\/\/video.twimg.com\/ext_tw_video\/1248655413572186118\/pu\/pl\/I6DJq9tUPzJmXAaN.m3u8?tag=10"},{"bitrate":256000,"content_type":"video\/mp4","url":"https:\/\/video.twimg.com\/ext_tw_video\/1248655413572186118\/pu\/vid\/270x270\/VSLB4X3BaFz_AYyw.mp4?tag=10"},{"bitrate":2176000,"content_type":"video\/mp4","url":"https:\/\/video.twimg.com\/ext_tw_video\/1248655413572186118\/pu\/vid\/722x720\/lujqz7PCxGdFmqu7.mp4?tag=10"}]},"sizes":{"thumb":{"w":150,"h":150,"resize":"crop"},"small":{"w":680,"h":678,"resize":"fit"},"medium":{"w":722,"h":720,"resize":"fit"},"large":{"w":722,"h":720,"resize":"fit"}},"source_status_id":1248655431301554177,"source_status_id_str":"1248655431301554177","source_user_id":569541118,"source_user_id_str":"569541118"}]},"favorited":false,"retweeted":false,"possibly_sensitive":false,"filter_level":"low","lang":"en","timestamp_ms":"1586538230661"}
