{"created_at":"Fri Apr 10 17:03:48 +0000 2020","id":1248657949070934016,"id_str":"1248657949070934016","text":"Va:  6 series, 6 morras: 1. https:\/\/t.co\/FZMaqkDlRG 2. https:\/\/t.co\/TBmvzxmjHg 3. https:\/\/t.co\/6VFoOIKEzU 4.\u2026 https:\/\/t.co\/6n6T1n24FE","source":"\u003ca href=\"http:\/\/twitter.com\/#!\/download\/ipad\" rel=\"nofollow\"\u003eTwitter for iPad\u003c\/a\u003e","truncated":true,"in_reply_to_status_id":null,"in_reply_to_status_id_str":null,"in_reply_to_user_id":null,"in_reply_to_user_id_str":null,"in_reply_to_screen_name":null,"user":{"id":68901789,"id_str":"68901789","name":"\ud83e\uddd7\ud83c\udffd\u200d\u2640\ufe0fRebeca Garza\ud83d\udc9a","screen_name":"Rivka_Azatl","location":null,"url":"http:\/\/rebecagarza.net","description":"Mujer #trans con inter\u00e9s en (trans) feminismos, DDHH y democracias. Cine y m\u00fasica \ud83d\udc69\ud83c\udffe\u200d\ud83c\udfa4 Mi Libro \ud83d\udcda:http:\/\/https:\/\/goo.gl\/dkM4ne Tuits y retuits, personales","translator_type":"none","protected":false,"verified":false,"followers_count":2764,"friends_count":1005,"listed_count":43,"favourites_count":22087,"statuses_count":51334,"created_at":"Wed Aug 26 04:53:33 +0000 2009","utc_offset":null,"time_zone":null,"geo_enabled":true,"lang":null,"contributors_enabled":false,"is_translator":false,"profile_background_color":"000000","profile_background_image_url":"http:\/\/abs.twimg.com\/images\/themes\/theme4\/bg.gif","profile_background_image_url_https":"https:\/\/abs.twimg.com\/images\/themes\/theme4\/bg.gif","profile_background_tile":false,"profile_link_color":"981CEB","profile_sidebar_border_color":"000000","profile_sidebar_fill_color":"000000","profile_text_color":"000000","profile_use_background_image":false,"profile_image_url":"http:\/\/pbs.twimg.com\/profile_images\/1237543046566137857\/IOWNTZCX_normal.jpg","profile_image_url_https":"https:\/\/pbs.twimg.com\/profile_images\/1237543046566137857\/IOWNTZCX_normal.jpg","profile_banner_url":"https:\/\/pbs.twimg.com\/profile_banners\/68901789\/1583654084","default_profile":false,"default_profile_image":false,"following":null,"follow_request_sent":null,"notifications":null},"geo":null,"coordinates":null,"place":null,"contributors":null,"quoted_status_id":1248652355958124544,"quoted_status_id_str":"1248652355958124544","quoted_status":{"created_at":"Fri Apr 10 16:41:35 +0000 2020","id":1248652355958124544,"id_str":"1248652355958124544","text":"Seis series, seis morras: 1- Black Mirror, 2- La Casa de papel, 3- La casa de las flores, 4- Blindspot, 5-Club de c\u2026 https:\/\/t.co\/NA2KWXBgtQ","source":"\u003ca href=\"http:\/\/twitter.com\/download\/android\" rel=\"nofollow\"\u003eTwitter for Android\u003c\/a\u003e","truncated":true,"in_reply_to_status_id":null,"in_reply_to_status_id_str":null,"in_reply_to_user_id":null,"in_reply_to_user_id_str":null,"in_reply_to_screen_name":null,"user":{"id":702209732,"id_str":"702209732","name":"Ilsa Aguilar","screen_name":"IlsaAguilarB","location":"Quer\u00e9taro, Quer\u00e9taro Arteaga","url":null,"description":"Transfeminista beginning","translator_type":"none","protected":false,"verified":false,"followers_count":376,"friends_count":343,"listed_count":2,"favourites_count":1224,"statuses_count":1054,"created_at":"Wed Jul 18 02:38:55 +0000 2012","utc_offset":null,"time_zone":null,"geo_enabled":false,"lang":null,"contributors_enabled":false,"is_translator":false,"profile_background_color":"C0DEED","profile_background_image_url":"http:\/\/abs.twimg.com\/images\/themes\/theme1\/bg.png","profile_background_image_url_https":"https:\/\/abs.twimg.com\/images\/themes\/theme1\/bg.png","profile_background_tile":false,"profile_link_color":"1DA1F2","profile_sidebar_border_color":"C0DEED","profile_sidebar_fill_color":"DDEEF6","profile_text_color":"333333","profile_use_background_image":true,"profile_image_url":"http:\/\/pbs.twimg.com\/profile_images\/1206265604866375681\/tFUUfqox_normal.jpg","profile_image_url_https":"https:\/\/pbs.twimg.com\/profile_images\/1206265604866375681\/tFUUfqox_normal.jpg","profile_banner_url":"https:\/\/pbs.twimg.com\/profile_banners\/702209732\/1536172067","default_profile":true,"default_profile_image":false,"following":null,"follow_request_sent":null,"notifications":null},"geo":null,"coordinates":null,"place":null,"contributors":null,"quoted_status_id":1248506360859246592,"quoted_status_id_str":"1248506360859246592","is_quote_status":true,"extended_tweet":{"full_text":"Seis series, seis morras: 1- Black Mirror, 2- La Casa de papel, 3- La casa de las flores, 4- Blindspot, 5-Club de cuervos, 6- Rupaul's Drag Race. \n@orianalu @patylon @llunarenorahs @SoyPauMares @MolinaAllex @Rivka_Azatl","display_text_range":[0,219],"entities":{"hashtags":[],"urls":[],"user_mentions":[{"screen_name":"orianalu","name":"orianalu","id":31259352,"id_str":"31259352","indices":[147,156]},{"screen_name":"patylon","name":"patricia l\u00f3pez","id":151941622,"id_str":"151941622","indices":[157,165]},{"screen_name":"llunarenorahs","name":"Sharon Renee","id":137434935,"id_str":"137434935","indices":[166,180]},{"screen_name":"SoyPauMares","name":"Paulina Mares","id":368104905,"id_str":"368104905","indices":[181,193]},{"screen_name":"MolinaAllex","name":"Alexandra Molina","id":3253029876,"id_str":"3253029876","indices":[194,206]},{"screen_name":"Rivka_Azatl","name":"\ud83e\uddd7\ud83c\udffd\u200d\u2640\ufe0fRebeca Garza\ud83d\udc9a","id":68901789,"id_str":"68901789","indices":[207,219]}],"symbols":[]}},"quote_count":0,"reply_count":0,"retweet_count":0,"favorite_count":2,"entities":{"hashtags":[],"urls":[{"url":"https:\/\/t.co\/NA2KWXBgtQ","expanded_url":"https:\/\/twitter.com\/i\/web\/status\/1248652355958124544","display_url":"twitter.com\/i\/web\/status\/1\u2026","indices":[117,140]}],"user_mentions":[],"symbols":[]},"favorited":false,"retweeted":false,"filter_level":"low","lang":"es"},"quoted_status_permalink":{"url":"https:\/\/t.co\/dtBXOJHYmB","expanded":"https:\/\/twitter.com\/ilsaaguilarb\/status\/1248652355958124544","display":"twitter.com\/ilsaaguilarb\/s\u2026"},"is_quote_status":true,"extended_tweet":{"full_text":"Va:  6 series, 6 morras: 1. https:\/\/t.co\/FZMaqkDlRG 2. https:\/\/t.co\/TBmvzxmjHg 3. https:\/\/t.co\/6VFoOIKEzU 4. https:\/\/t.co\/PgCgUq3Ij8 5. https:\/\/t.co\/JfXEwU3RGa 6. https:\/\/t.co\/1esquzkCX6 \/ Morras: @MolinaAllex @NASegovia @ErickaEliberte @MixhyAltamirano @VeroAleIC @RitaBellLpz","display_text_range":[0,277],"entities":{"hashtags":[],"urls":[{"url":"https:\/\/t.co\/FZMaqkDlRG","expanded_url":"https:\/\/youtu.be\/1PBPLIXNjfA","display_url":"youtu.be\/1PBPLIXNjfA","indices":[28,51]},{"url":"https:\/\/t.co\/TBmvzxmjHg","expanded_url":"https:\/\/youtu.be\/ryzWVVuJi5g","display_url":"youtu.be\/ryzWVVuJi5g","indices":[55,78]},{"url":"https:\/\/t.co\/6VFoOIKEzU","expanded_url":"https:\/\/youtu.be\/urICpVnEnaA","display_url":"youtu.be\/urICpVnEnaA","indices":[82,105]},{"url":"https:\/\/t.co\/PgCgUq3Ij8","expanded_url":"https:\/\/youtu.be\/UkHicPm7C6Q","display_url":"youtu.be\/UkHicPm7C6Q","indices":[109,132]},{"url":"https:\/\/t.co\/JfXEwU3RGa","expanded_url":"https:\/\/youtu.be\/MQFJSgIF2kY","display_url":"youtu.be\/MQFJSgIF2kY","indices":[136,159]},{"url":"https:\/\/t.co\/1esquzkCX6","expanded_url":"https:\/\/youtu.be\/iBMeB6xG4rE","display_url":"youtu.be\/iBMeB6xG4rE","indices":[163,186]}],"user_mentions":[{"screen_name":"MolinaAllex","name":"Alexandra Molina","id":3253029876,"id_str":"3253029876","indices":[197,209]},{"screen_name":"NASegovia","name":"Adriana Segovia","id":108145539,"id_str":"108145539","indices":[210,220]},{"screen_name":"ErickaEliberte","name":"Ericka L\u00f3pez S\u00e1nchez","id":1009118214788386817,"id_str":"1009118214788386817","indices":[221,236]},{"screen_name":"MixhyAltamirano","name":"Michelle Altamirano","id":603285655,"id_str":"603285655","indices":[237,253]},{"screen_name":"VeroAleIC","name":"Alejandra Incl\u00e1n","id":193847650,"id_str":"193847650","indices":[254,264]},{"screen_name":"RitaBellLpz","name":"RITA BELL L\u00d3PEZ V","id":3915927674,"id_str":"3915927674","indices":[265,277]}],"symbols":[]}},"quote_count":0,"reply_count":0,"retweet_count":0,"favorite_count":0,"entities":{"hashtags":[],"urls":[{"url":"https:\/\/t.co\/FZMaqkDlRG","expanded_url":"https:\/\/youtu.be\/1PBPLIXNjfA","display_url":"youtu.be\/1PBPLIXNjfA","indices":[28,51]},{"url":"https:\/\/t.co\/TBmvzxmjHg","expanded_url":"https:\/\/youtu.be\/ryzWVVuJi5g","display_url":"youtu.be\/ryzWVVuJi5g","indices":[55,78]},{"url":"https:\/\/t.co\/6VFoOIKEzU","expanded_url":"https:\/\/youtu.be\/urICpVnEnaA","display_url":"youtu.be\/urICpVnEnaA","indices":[82,105]},{"url":"https:\/\/t.co\/6n6T1n24FE","expanded_url":"https:\/\/twitter.com\/i\/web\/status\/1248657949070934016","display_url":"twitter.com\/i\/web\/status\/1\u2026","indices":[110,133]}],"user_mentions":[],"symbols":[]},"favorited":false,"retweeted":false,"possibly_sensitive":false,"filter_level":"low","lang":"pt","timestamp_ms":"1586538228658"}
