{"created_at":"Fri Apr 10 17:03:58 +0000 2020","id":1248657991030550529,"id_str":"1248657991030550529","text":"@dark_yamamoto @imsznnc @Shane367162528 @SB19Official Ikaw ang di makatanggap! Haha kahit anong gawin mo, walang ka\u2026 https:\/\/t.co\/KDw7tiQAm3","display_text_range":[54,140],"source":"\u003ca href=\"http:\/\/twitter.com\/download\/android\" rel=\"nofollow\"\u003eTwitter for Android\u003c\/a\u003e","truncated":true,"in_reply_to_status_id":1248657348379500544,"in_reply_to_status_id_str":"1248657348379500544","in_reply_to_user_id":1231271007828271104,"in_reply_to_user_id_str":"1231271007828271104","in_reply_to_screen_name":"dark_yamamoto","user":{"id":1960707199,"id_str":"1960707199","name":"Vina Bonalos","screen_name":"MissVina14","location":"Republic of the Philippines","url":null,"description":"I stan SB19\ud83c\uddf5\ud83c\uddedOFFICIAL AND STAN ACCOUNT\n\n\n\n\n\n\n\n\n\n\n\n\n\n\n\n\n\n\n\n\n\n\n\nI'm not perfect, but I'm great. LPT\u2728\n\n\n\n\n\n\n\n\n\nAmazing Grace\u2764 \nPraise the Lord. Now and Forever!","translator_type":"none","protected":false,"verified":false,"followers_count":1258,"friends_count":1161,"listed_count":2,"favourites_count":22494,"statuses_count":39010,"created_at":"Mon Oct 14 13:21:58 +0000 2013","utc_offset":null,"time_zone":null,"geo_enabled":false,"lang":null,"contributors_enabled":false,"is_translator":false,"profile_background_color":"DD2E44","profile_background_image_url":"http:\/\/abs.twimg.com\/images\/themes\/theme10\/bg.gif","profile_background_image_url_https":"https:\/\/abs.twimg.com\/images\/themes\/theme10\/bg.gif","profile_background_tile":true,"profile_link_color":"DD2E44","profile_sidebar_border_color":"FFFFFF","profile_sidebar_fill_color":"7AC3EE","profile_text_color":"3D1957","profile_use_background_image":true,"profile_image_url":"http:\/\/pbs.twimg.com\/profile_images\/1246564716480086016\/ieo8RWyk_normal.jpg","profile_image_url_https":"https:\/\/pbs.twimg.com\/profile_images\/1246564716480086016\/ieo8RWyk_normal.jpg","profile_banner_url":"https:\/\/pbs.twimg.com\/profile_banners\/1960707199\/1585724191","default_profile":false,"default_profile_image":false,"following":null,"follow_request_sent":null,"notifications":null},"geo":null,"coordinates":null,"place":null,"contributors":null,"is_quote_status":false,"extended_tweet":{"full_text":"@dark_yamamoto @imsznnc @Shane367162528 @SB19Official Ikaw ang di makatanggap! Haha kahit anong gawin mo, walang kayo. Hahhahaha \n@SB19Official   #SB19","display_text_range":[54,151],"entities":{"hashtags":[{"text":"SB19","indices":[146,151]}],"urls":[],"user_mentions":[{"screen_name":"dark_yamamoto","name":"\u30c0\u30fc\u30af\u5c71\u672c ( Dark Spellman )","id":1231271007828271104,"id_str":"1231271007828271104","indices":[0,14]},{"screen_name":"imsznnc","name":"\u24c8\u24be\u24ba\ud83e\udd40","id":1018340052621930496,"id_str":"1018340052621930496","indices":[15,23]},{"screen_name":"Shane367162528","name":"\u2261 \ud835\ude78\ud835\ude96\ud835\ude71\ud835\ude92\ud835\ude9d\ud835\ude8e \ud83c\udfae did not","id":1178252010904158208,"id_str":"1178252010904158208","indices":[24,39]},{"screen_name":"SB19Official","name":"SB19 Official","id":1006064993282842624,"id_str":"1006064993282842624","indices":[40,53]},{"screen_name":"SB19Official","name":"SB19 Official","id":1006064993282842624,"id_str":"1006064993282842624","indices":[130,143]}],"symbols":[]}},"quote_count":0,"reply_count":0,"retweet_count":0,"favorite_count":0,"entities":{"hashtags":[],"urls":[{"url":"https:\/\/t.co\/KDw7tiQAm3","expanded_url":"https:\/\/twitter.com\/i\/web\/status\/1248657991030550529","display_url":"twitter.com\/i\/web\/status\/1\u2026","indices":[117,140]}],"user_mentions":[{"screen_name":"dark_yamamoto","name":"\u30c0\u30fc\u30af\u5c71\u672c ( Dark Spellman )","id":1231271007828271104,"id_str":"1231271007828271104","indices":[0,14]},{"screen_name":"imsznnc","name":"\u24c8\u24be\u24ba\ud83e\udd40","id":1018340052621930496,"id_str":"1018340052621930496","indices":[15,23]},{"screen_name":"Shane367162528","name":"\u2261 \ud835\ude78\ud835\ude96\ud835\ude71\ud835\ude92\ud835\ude9d\ud835\ude8e \ud83c\udfae did not","id":1178252010904158208,"id_str":"1178252010904158208","indices":[24,39]},{"screen_name":"SB19Official","name":"SB19 Official","id":1006064993282842624,"id_str":"1006064993282842624","indices":[40,53]}],"symbols":[]},"favorited":false,"retweeted":false,"filter_level":"low","lang":"tl","timestamp_ms":"1586538238662"}
