{"created_at":"Fri Apr 10 17:03:51 +0000 2020","id":1248657961678848000,"id_str":"1248657961678848000","text":"RT @growuptogetherx: \u0e17\u0e38\u0e01\u0e04\u0e19 \u315c\u3161\u315c https:\/\/t.co\/ZsRUAkrH8V","source":"\u003ca href=\"http:\/\/twitter.com\/#!\/download\/ipad\" rel=\"nofollow\"\u003eTwitter for iPad\u003c\/a\u003e","truncated":false,"in_reply_to_status_id":null,"in_reply_to_status_id_str":null,"in_reply_to_user_id":null,"in_reply_to_user_id_str":null,"in_reply_to_screen_name":null,"user":{"id":1231989085243232257,"id_str":"1231989085243232257","name":"arm\ud83e\uddf8","screen_name":"spkkkkkkk2","location":null,"url":null,"description":"support @bbrightvc & @winmetawin","translator_type":"none","protected":false,"verified":false,"followers_count":5,"friends_count":52,"listed_count":0,"favourites_count":293,"statuses_count":295,"created_at":"Mon Feb 24 17:07:54 +0000 2020","utc_offset":null,"time_zone":null,"geo_enabled":false,"lang":null,"contributors_enabled":false,"is_translator":false,"profile_background_color":"F5F8FA","profile_background_image_url":"","profile_background_image_url_https":"","profile_background_tile":false,"profile_link_color":"1DA1F2","profile_sidebar_border_color":"C0DEED","profile_sidebar_fill_color":"DDEEF6","profile_text_color":"333333","profile_use_background_image":true,"profile_image_url":"http:\/\/pbs.twimg.com\/profile_images\/1246832051728207872\/sqbup9zm_normal.jpg","profile_image_url_https":"https:\/\/pbs.twimg.com\/profile_images\/1246832051728207872\/sqbup9zm_normal.jpg","profile_banner_url":"https:\/\/pbs.twimg.com\/profile_banners\/1231989085243232257\/1586103299","default_profile":true,"default_profile_image":false,"following":null,"follow_request_sent":null,"notifications":null},"geo":null,"coordinates":null,"place":null,"contributors":null,"retweeted_status":{"created_at":"Fri Apr 10 17:01:54 +0000 2020","id":1248657468432867328,"id_str":"1248657468432867328","text":"\u0e17\u0e38\u0e01\u0e04\u0e19 \u315c\u3161\u315c https:\/\/t.co\/ZsRUAkrH8V","display_text_range":[0,9],"source":"\u003ca href=\"http:\/\/twitter.com\/download\/iphone\" rel=\"nofollow\"\u003eTwitter for iPhone\u003c\/a\u003e","truncated":false,"in_reply_to_status_id":null,"in_reply_to_status_id_str":null,"in_reply_to_user_id":null,"in_reply_to_user_id_str":null,"in_reply_to_screen_name":null,"user":{"id":994470034696163328,"id_str":"994470034696163328","name":"\ud835\udc26\ud835\udc2c\ud835\udc25\ud83e\uddf8","screen_name":"growuptogetherx","location":"tayta x bbrightvc x winmetawin","url":null,"description":"\u0e2d\u0e48\u0e32\u0e04\u0e48\u0e30 \u0e41\u0e25\u0e49\u0e27\u0e22\u0e31\u0e07\u0e44\u0e07\u0e15\u0e48\u0e2d","translator_type":"none","protected":false,"verified":false,"followers_count":5188,"friends_count":22,"listed_count":13,"favourites_count":18547,"statuses_count":45206,"created_at":"Thu May 10 06:51:47 +0000 2018","utc_offset":null,"time_zone":null,"geo_enabled":true,"lang":null,"contributors_enabled":false,"is_translator":false,"profile_background_color":"F5F8FA","profile_background_image_url":"","profile_background_image_url_https":"","profile_background_tile":false,"profile_link_color":"1DA1F2","profile_sidebar_border_color":"C0DEED","profile_sidebar_fill_color":"DDEEF6","profile_text_color":"333333","profile_use_background_image":true,"profile_image_url":"http:\/\/pbs.twimg.com\/profile_images\/1247026306664947713\/ZTEEEN_k_normal.jpg","profile_image_url_https":"https:\/\/pbs.twimg.com\/profile_images\/1247026306664947713\/ZTEEEN_k_normal.jpg","profile_banner_url":"https:\/\/pbs.twimg.com\/profile_banners\/994470034696163328\/1583594147","default_profile":true,"default_profile_image":false,"following":null,"follow_request_sent":null,"notifications":null},"geo":null,"coordinates":null,"place":null,"contributors":null,"is_quote_status":false,"quote_count":1,"reply_count":19,"retweet_count":28,"favorite_count":13,"entities":{"hashtags":[],"urls":[],"user_mentions":[],"symbols":[],"media":[{"id":1248657444311461888,"id_str":"1248657444311461888","indices":[10,33],"additional_media_info":{"monetizable":false},"media_url":"http:\/\/pbs.twimg.com\/ext_tw_video_thumb\/1248657444311461888\/pu\/img\/aQ5YtHY_8Sd8G9wr.jpg","media_url_https":"https:\/\/pbs.twimg.com\/ext_tw_video_thumb\/1248657444311461888\/pu\/img\/aQ5YtHY_8Sd8G9wr.jpg","url":"https:\/\/t.co\/ZsRUAkrH8V","display_url":"pic.twitter.com\/ZsRUAkrH8V","expanded_url":"https:\/\/twitter.com\/growuptogetherx\/status\/1248657468432867328\/video\/1","type":"photo","sizes":{"thumb":{"w":150,"h":150,"resize":"crop"},"small":{"w":383,"h":680,"resize":"fit"},"large":{"w":720,"h":1280,"resize":"fit"},"medium":{"w":675,"h":1200,"resize":"fit"}}}]},"extended_entities":{"media":[{"id":1248657444311461888,"id_str":"1248657444311461888","indices":[10,33],"additional_media_info":{"monetizable":false},"media_url":"http:\/\/pbs.twimg.com\/ext_tw_video_thumb\/1248657444311461888\/pu\/img\/aQ5YtHY_8Sd8G9wr.jpg","media_url_https":"https:\/\/pbs.twimg.com\/ext_tw_video_thumb\/1248657444311461888\/pu\/img\/aQ5YtHY_8Sd8G9wr.jpg","url":"https:\/\/t.co\/ZsRUAkrH8V","display_url":"pic.twitter.com\/ZsRUAkrH8V","expanded_url":"https:\/\/twitter.com\/growuptogetherx\/status\/1248657468432867328\/video\/1","type":"video","video_info":{"aspect_ratio":[9,16],"duration_millis":6238,"variants":[{"content_type":"application\/x-mpegURL","url":"https:\/\/video.twimg.com\/ext_tw_video\/1248657444311461888\/pu\/pl\/zcA68PHYds2fEIBb.m3u8?tag=10"},{"bitrate":2176000,"content_type":"video\/mp4","url":"https:\/\/video.twimg.com\/ext_tw_video\/1248657444311461888\/pu\/vid\/720x1280\/AaO0YnzPybIBnXR_.mp4?tag=10"},{"bitrate":832000,"content_type":"video\/mp4","url":"https:\/\/video.twimg.com\/ext_tw_video\/1248657444311461888\/pu\/vid\/360x640\/TuapeJhkYu0-yQxi.mp4?tag=10"},{"bitrate":632000,"content_type":"video\/mp4","url":"https:\/\/video.twimg.com\/ext_tw_video\/1248657444311461888\/pu\/vid\/320x568\/px5ose0m0EdGVDWn.mp4?tag=10"}]},"sizes":{"thumb":{"w":150,"h":150,"resize":"crop"},"small":{"w":383,"h":680,"resize":"fit"},"large":{"w":720,"h":1280,"resize":"fit"},"medium":{"w":675,"h":1200,"resize":"fit"}}}]},"favorited":false,"retweeted":false,"possibly_sensitive":false,"filter_level":"low","lang":"ko"},"is_quote_status":false,"quote_count":0,"reply_count":0,"retweet_count":0,"favorite_count":0,"entities":{"hashtags":[],"urls":[],"user_mentions":[{"screen_name":"growuptogetherx","name":"\ud835\udc26\ud835\udc2c\ud835\udc25\ud83e\uddf8","id":994470034696163328,"id_str":"994470034696163328","indices":[3,19]}],"symbols":[],"media":[{"id":1248657444311461888,"id_str":"1248657444311461888","indices":[31,54],"additional_media_info":{"monetizable":false},"media_url":"http:\/\/pbs.twimg.com\/ext_tw_video_thumb\/1248657444311461888\/pu\/img\/aQ5YtHY_8Sd8G9wr.jpg","media_url_https":"https:\/\/pbs.twimg.com\/ext_tw_video_thumb\/1248657444311461888\/pu\/img\/aQ5YtHY_8Sd8G9wr.jpg","url":"https:\/\/t.co\/ZsRUAkrH8V","display_url":"pic.twitter.com\/ZsRUAkrH8V","expanded_url":"https:\/\/twitter.com\/growuptogetherx\/status\/1248657468432867328\/video\/1","type":"photo","sizes":{"thumb":{"w":150,"h":150,"resize":"crop"},"small":{"w":383,"h":680,"resize":"fit"},"large":{"w":720,"h":1280,"resize":"fit"},"medium":{"w":675,"h":1200,"resize":"fit"}},"source_status_id":1248657468432867328,"source_status_id_str":"1248657468432867328","source_user_id":994470034696163328,"source_user_id_str":"994470034696163328"}]},"extended_entities":{"media":[{"id":1248657444311461888,"id_str":"1248657444311461888","indices":[31,54],"additional_media_info":{"monetizable":false},"media_url":"http:\/\/pbs.twimg.com\/ext_tw_video_thumb\/1248657444311461888\/pu\/img\/aQ5YtHY_8Sd8G9wr.jpg","media_url_https":"https:\/\/pbs.twimg.com\/ext_tw_video_thumb\/1248657444311461888\/pu\/img\/aQ5YtHY_8Sd8G9wr.jpg","url":"https:\/\/t.co\/ZsRUAkrH8V","display_url":"pic.twitter.com\/ZsRUAkrH8V","expanded_url":"https:\/\/twitter.com\/growuptogetherx\/status\/1248657468432867328\/video\/1","type":"video","video_info":{"aspect_ratio":[9,16],"duration_millis":6238,"variants":[{"content_type":"application\/x-mpegURL","url":"https:\/\/video.twimg.com\/ext_tw_video\/1248657444311461888\/pu\/pl\/zcA68PHYds2fEIBb.m3u8?tag=10"},{"bitrate":2176000,"content_type":"video\/mp4","url":"https:\/\/video.twimg.com\/ext_tw_video\/1248657444311461888\/pu\/vid\/720x1280\/AaO0YnzPybIBnXR_.mp4?tag=10"},{"bitrate":832000,"content_type":"video\/mp4","url":"https:\/\/video.twimg.com\/ext_tw_video\/1248657444311461888\/pu\/vid\/360x640\/TuapeJhkYu0-yQxi.mp4?tag=10"},{"bitrate":632000,"content_type":"video\/mp4","url":"https:\/\/video.twimg.com\/ext_tw_video\/1248657444311461888\/pu\/vid\/320x568\/px5ose0m0EdGVDWn.mp4?tag=10"}]},"sizes":{"thumb":{"w":150,"h":150,"resize":"crop"},"small":{"w":383,"h":680,"resize":"fit"},"large":{"w":720,"h":1280,"resize":"fit"},"medium":{"w":675,"h":1200,"resize":"fit"}},"source_status_id":1248657468432867328,"source_status_id_str":"1248657468432867328","source_user_id":994470034696163328,"source_user_id_str":"994470034696163328"}]},"favorited":false,"retweeted":false,"possibly_sensitive":true,"filter_level":"low","lang":"ko","timestamp_ms":"1586538231664"}
