{"created_at":"Fri Apr 10 17:03:56 +0000 2020","id":1248657982637948931,"id_str":"1248657982637948931","text":"RT @slimgyaldem: next time i have sex im doing the most \ud83d\ude0c\ud83d\ude2d","source":"\u003ca href=\"http:\/\/twitter.com\/download\/iphone\" rel=\"nofollow\"\u003eTwitter for iPhone\u003c\/a\u003e","truncated":false,"in_reply_to_status_id":null,"in_reply_to_status_id_str":null,"in_reply_to_user_id":null,"in_reply_to_user_id_str":null,"in_reply_to_screen_name":null,"user":{"id":83715224,"id_str":"83715224","name":"Kev","screen_name":"LivinTrend","location":null,"url":null,"description":"#LongLiveManny","translator_type":"regular","protected":false,"verified":false,"followers_count":898,"friends_count":951,"listed_count":1,"favourites_count":12646,"statuses_count":23277,"created_at":"Mon Oct 19 23:19:23 +0000 2009","utc_offset":null,"time_zone":null,"geo_enabled":true,"lang":null,"contributors_enabled":false,"is_translator":false,"profile_background_color":"022330","profile_background_image_url":"http:\/\/abs.twimg.com\/images\/themes\/theme15\/bg.png","profile_background_image_url_https":"https:\/\/abs.twimg.com\/images\/themes\/theme15\/bg.png","profile_background_tile":true,"profile_link_color":"DD2E44","profile_sidebar_border_color":"FFFFFF","profile_sidebar_fill_color":"C0DFEC","profile_text_color":"333333","profile_use_background_image":true,"profile_image_url":"http:\/\/pbs.twimg.com\/profile_images\/1207890973726007296\/ZUpODzcf_normal.jpg","profile_image_url_https":"https:\/\/pbs.twimg.com\/profile_images\/1207890973726007296\/ZUpODzcf_normal.jpg","profile_banner_url":"https:\/\/pbs.twimg.com\/profile_banners\/83715224\/1580089728","default_profile":false,"default_profile_image":false,"following":null,"follow_request_sent":null,"notifications":null},"geo":null,"coordinates":null,"place":null,"contributors":null,"retweeted_status":{"created_at":"Fri Apr 10 16:07:50 +0000 2020","id":1248643863016812545,"id_str":"1248643863016812545","text":"next time i have sex im doing the most \ud83d\ude0c\ud83d\ude2d","source":"\u003ca href=\"http:\/\/twitter.com\/download\/iphone\" rel=\"nofollow\"\u003eTwitter for iPhone\u003c\/a\u003e","truncated":false,"in_reply_to_status_id":null,"in_reply_to_status_id_str":null,"in_reply_to_user_id":null,"in_reply_to_user_id_str":null,"in_reply_to_screen_name":null,"user":{"id":2382862333,"id_str":"2382862333","name":"$lim \ud83c\uddef\ud83c\uddf2","screen_name":"slimgyaldem","location":"new york.","url":null,"description":"mind your business \ud83d\ude18","translator_type":"none","protected":false,"verified":false,"followers_count":70248,"friends_count":3312,"listed_count":673,"favourites_count":59121,"statuses_count":47556,"created_at":"Mon Mar 10 23:55:37 +0000 2014","utc_offset":null,"time_zone":null,"geo_enabled":false,"lang":null,"contributors_enabled":false,"is_translator":false,"profile_background_color":"642D8B","profile_background_image_url":"http:\/\/abs.twimg.com\/images\/themes\/theme10\/bg.gif","profile_background_image_url_https":"https:\/\/abs.twimg.com\/images\/themes\/theme10\/bg.gif","profile_background_tile":true,"profile_link_color":"981CEB","profile_sidebar_border_color":"000000","profile_sidebar_fill_color":"000000","profile_text_color":"000000","profile_use_background_image":true,"profile_image_url":"http:\/\/pbs.twimg.com\/profile_images\/1243358265653768198\/q-u1a62y_normal.jpg","profile_image_url_https":"https:\/\/pbs.twimg.com\/profile_images\/1243358265653768198\/q-u1a62y_normal.jpg","profile_banner_url":"https:\/\/pbs.twimg.com\/profile_banners\/2382862333\/1586052047","default_profile":false,"default_profile_image":false,"following":null,"follow_request_sent":null,"notifications":null},"geo":null,"coordinates":null,"place":null,"contributors":null,"is_quote_status":false,"quote_count":25,"reply_count":3,"retweet_count":91,"favorite_count":187,"entities":{"hashtags":[],"urls":[],"user_mentions":[],"symbols":[]},"favorited":false,"retweeted":false,"filter_level":"low","lang":"en"},"is_quote_status":false,"quote_count":0,"reply_count":0,"retweet_count":0,"favorite_count":0,"entities":{"hashtags":[],"urls":[],"user_mentions":[{"screen_name":"slimgyaldem","name":"$lim \ud83c\uddef\ud83c\uddf2","id":2382862333,"id_str":"2382862333","indices":[3,15]}],"symbols":[]},"favorited":false,"retweeted":false,"filter_level":"low","lang":"en","timestamp_ms":"1586538236661"}
