{"created_at":"Fri Apr 10 17:03:48 +0000 2020","id":1248657949075144705,"id_str":"1248657949075144705","text":"Ojal\u00e1 estudies arte seras la mejor","source":"\u003ca href=\"http:\/\/twitter.com\/download\/android\" rel=\"nofollow\"\u003eTwitter for Android\u003c\/a\u003e","truncated":false,"in_reply_to_status_id":1248548338468900864,"in_reply_to_status_id_str":"1248548338468900864","in_reply_to_user_id":1102515117957234689,"in_reply_to_user_id_str":"1102515117957234689","in_reply_to_screen_name":"tastimu","user":{"id":1102515117957234689,"id_str":"1102515117957234689","name":"H\u00aant\u00aa\ud83d\udc0d","screen_name":"tastimu","location":"\u2026\u161b\u2050\u0324\u1550\u1437","url":"https:\/\/curiouscat.me\/childwitheyes","description":"DIAMOND HOE","translator_type":"none","protected":false,"verified":false,"followers_count":184,"friends_count":344,"listed_count":3,"favourites_count":16045,"statuses_count":8296,"created_at":"Mon Mar 04 10:24:22 +0000 2019","utc_offset":null,"time_zone":null,"geo_enabled":false,"lang":null,"contributors_enabled":false,"is_translator":false,"profile_background_color":"F5F8FA","profile_background_image_url":"","profile_background_image_url_https":"","profile_background_tile":false,"profile_link_color":"1DA1F2","profile_sidebar_border_color":"C0DEED","profile_sidebar_fill_color":"DDEEF6","profile_text_color":"333333","profile_use_background_image":true,"profile_image_url":"http:\/\/pbs.twimg.com\/profile_images\/1243565656131481603\/fT25kisP_normal.jpg","profile_image_url_https":"https:\/\/pbs.twimg.com\/profile_images\/1243565656131481603\/fT25kisP_normal.jpg","profile_banner_url":"https:\/\/pbs.twimg.com\/profile_banners\/1102515117957234689\/1581869822","default_profile":true,"default_profile_image":false,"following":null,"follow_request_sent":null,"notifications":null},"geo":null,"coordinates":null,"place":null,"contributors":null,"is_quote_status":false,"quote_count":0,"reply_count":0,"retweet_count":0,"favorite_count":0,"entities":{"hashtags":[],"urls":[],"user_mentions":[],"symbols":[]},"favorited":false,"retweeted":false,"filter_level":"low","lang":"es","timestamp_ms":"1586538228659"}
