{"created_at":"Fri Apr 10 17:03:48 +0000 2020","id":1248657949091860487,"id_str":"1248657949091860487","text":"RT @DongDiddleDop: There's a panther in the grass https:\/\/t.co\/XlXt9NphAE","source":"\u003ca href=\"http:\/\/twitter.com\/download\/android\" rel=\"nofollow\"\u003eTwitter for Android\u003c\/a\u003e","truncated":false,"in_reply_to_status_id":null,"in_reply_to_status_id_str":null,"in_reply_to_user_id":null,"in_reply_to_user_id_str":null,"in_reply_to_screen_name":null,"user":{"id":1237751908934258689,"id_str":"1237751908934258689","name":"\ud835\udd0a\u00f6\ud835\udd31\ud835\udd37","screen_name":"TheRovingGypsy","location":"United States","url":null,"description":"May your clothes rip and wear out, but may you live on in good health and fulfillment.","translator_type":"none","protected":false,"verified":false,"followers_count":75,"friends_count":902,"listed_count":0,"favourites_count":1184,"statuses_count":3189,"created_at":"Wed Mar 11 14:47:30 +0000 2020","utc_offset":null,"time_zone":null,"geo_enabled":false,"lang":null,"contributors_enabled":false,"is_translator":false,"profile_background_color":"F5F8FA","profile_background_image_url":"","profile_background_image_url_https":"","profile_background_tile":false,"profile_link_color":"1DA1F2","profile_sidebar_border_color":"C0DEED","profile_sidebar_fill_color":"DDEEF6","profile_text_color":"333333","profile_use_background_image":true,"profile_image_url":"http:\/\/pbs.twimg.com\/profile_images\/1243726520155361280\/UQs5avw8_normal.jpg","profile_image_url_https":"https:\/\/pbs.twimg.com\/profile_images\/1243726520155361280\/UQs5avw8_normal.jpg","profile_banner_url":"https:\/\/pbs.twimg.com\/profile_banners\/1237751908934258689\/1584059642","default_profile":true,"default_profile_image":false,"following":null,"follow_request_sent":null,"notifications":null},"geo":null,"coordinates":null,"place":null,"contributors":null,"retweeted_status":{"created_at":"Fri Apr 10 15:01:26 +0000 2020","id":1248627155153518592,"id_str":"1248627155153518592","text":"There's a panther in the grass https:\/\/t.co\/XlXt9NphAE","display_text_range":[0,30],"source":"\u003ca href=\"http:\/\/twitter.com\/download\/android\" rel=\"nofollow\"\u003eTwitter for Android\u003c\/a\u003e","truncated":false,"in_reply_to_status_id":null,"in_reply_to_status_id_str":null,"in_reply_to_user_id":null,"in_reply_to_user_id_str":null,"in_reply_to_screen_name":null,"user":{"id":2262385063,"id_str":"2262385063","name":"DongDiddleDop","screen_name":"DongDiddleDop","location":"Dumpster near you","url":"https:\/\/www.pixiv.net\/member.php?id=25625518","description":"Smol Sleep deprived Viet Cong wingnut that draws a bit | Hates complaiNerds | Tomboi enthusiast | #DailyPepperoni\n\n~~Commissions Closed~~","translator_type":"none","protected":false,"verified":false,"followers_count":1039,"friends_count":1041,"listed_count":12,"favourites_count":135505,"statuses_count":96718,"created_at":"Thu Dec 26 05:44:55 +0000 2013","utc_offset":null,"time_zone":null,"geo_enabled":false,"lang":null,"contributors_enabled":false,"is_translator":false,"profile_background_color":"C0DEED","profile_background_image_url":"http:\/\/abs.twimg.com\/images\/themes\/theme1\/bg.png","profile_background_image_url_https":"https:\/\/abs.twimg.com\/images\/themes\/theme1\/bg.png","profile_background_tile":false,"profile_link_color":"1DA1F2","profile_sidebar_border_color":"C0DEED","profile_sidebar_fill_color":"DDEEF6","profile_text_color":"333333","profile_use_background_image":true,"profile_image_url":"http:\/\/pbs.twimg.com\/profile_images\/1059081576628158464\/XQaOLD8h_normal.jpg","profile_image_url_https":"https:\/\/pbs.twimg.com\/profile_images\/1059081576628158464\/XQaOLD8h_normal.jpg","profile_banner_url":"https:\/\/pbs.twimg.com\/profile_banners\/2262385063\/1528161504","default_profile":true,"default_profile_image":false,"following":null,"follow_request_sent":null,"notifications":null},"geo":null,"coordinates":null,"place":null,"contributors":null,"is_quote_status":false,"quote_count":1,"reply_count":1,"retweet_count":3,"favorite_count":16,"entities":{"hashtags":[],"urls":[],"user_mentions":[],"symbols":[],"media":[{"id":1248627074232811523,"id_str":"1248627074232811523","indices":[31,54],"media_url":"http:\/\/pbs.twimg.com\/media\/EVQDtWCVAAMY2hr.jpg","media_url_https":"https:\/\/pbs.twimg.com\/media\/EVQDtWCVAAMY2hr.jpg","url":"https:\/\/t.co\/XlXt9NphAE","display_url":"pic.twitter.com\/XlXt9NphAE","expanded_url":"https:\/\/twitter.com\/DongDiddleDop\/status\/1248627155153518592\/photo\/1","type":"photo","sizes":{"thumb":{"w":150,"h":150,"resize":"crop"},"large":{"w":2048,"h":1139,"resize":"fit"},"small":{"w":680,"h":378,"resize":"fit"},"medium":{"w":1200,"h":667,"resize":"fit"}}}]},"extended_entities":{"media":[{"id":1248627074232811523,"id_str":"1248627074232811523","indices":[31,54],"media_url":"http:\/\/pbs.twimg.com\/media\/EVQDtWCVAAMY2hr.jpg","media_url_https":"https:\/\/pbs.twimg.com\/media\/EVQDtWCVAAMY2hr.jpg","url":"https:\/\/t.co\/XlXt9NphAE","display_url":"pic.twitter.com\/XlXt9NphAE","expanded_url":"https:\/\/twitter.com\/DongDiddleDop\/status\/1248627155153518592\/photo\/1","type":"photo","sizes":{"thumb":{"w":150,"h":150,"resize":"crop"},"large":{"w":2048,"h":1139,"resize":"fit"},"small":{"w":680,"h":378,"resize":"fit"},"medium":{"w":1200,"h":667,"resize":"fit"}}},{"id":1248627105874599936,"id_str":"1248627105874599936","indices":[31,54],"media_url":"http:\/\/pbs.twimg.com\/media\/EVQDvL6UYAABkWa.jpg","media_url_https":"https:\/\/pbs.twimg.com\/media\/EVQDvL6UYAABkWa.jpg","url":"https:\/\/t.co\/XlXt9NphAE","display_url":"pic.twitter.com\/XlXt9NphAE","expanded_url":"https:\/\/twitter.com\/DongDiddleDop\/status\/1248627155153518592\/photo\/1","type":"photo","sizes":{"thumb":{"w":150,"h":150,"resize":"crop"},"medium":{"w":1200,"h":1010,"resize":"fit"},"large":{"w":2048,"h":1724,"resize":"fit"},"small":{"w":680,"h":572,"resize":"fit"}}}]},"favorited":false,"retweeted":false,"possibly_sensitive":false,"filter_level":"low","lang":"en"},"is_quote_status":false,"quote_count":0,"reply_count":0,"retweet_count":0,"favorite_count":0,"entities":{"hashtags":[],"urls":[],"user_mentions":[{"screen_name":"DongDiddleDop","name":"DongDiddleDop","id":2262385063,"id_str":"2262385063","indices":[3,17]}],"symbols":[],"media":[{"id":1248627074232811523,"id_str":"1248627074232811523","indices":[50,73],"media_url":"http:\/\/pbs.twimg.com\/media\/EVQDtWCVAAMY2hr.jpg","media_url_https":"https:\/\/pbs.twimg.com\/media\/EVQDtWCVAAMY2hr.jpg","url":"https:\/\/t.co\/XlXt9NphAE","display_url":"pic.twitter.com\/XlXt9NphAE","expanded_url":"https:\/\/twitter.com\/DongDiddleDop\/status\/1248627155153518592\/photo\/1","type":"photo","sizes":{"thumb":{"w":150,"h":150,"resize":"crop"},"large":{"w":2048,"h":1139,"resize":"fit"},"small":{"w":680,"h":378,"resize":"fit"},"medium":{"w":1200,"h":667,"resize":"fit"}},"source_status_id":1248627155153518592,"source_status_id_str":"1248627155153518592","source_user_id":2262385063,"source_user_id_str":"2262385063"}]},"extended_entities":{"media":[{"id":1248627074232811523,"id_str":"1248627074232811523","indices":[50,73],"media_url":"http:\/\/pbs.twimg.com\/media\/EVQDtWCVAAMY2hr.jpg","media_url_https":"https:\/\/pbs.twimg.com\/media\/EVQDtWCVAAMY2hr.jpg","url":"https:\/\/t.co\/XlXt9NphAE","display_url":"pic.twitter.com\/XlXt9NphAE","expanded_url":"https:\/\/twitter.com\/DongDiddleDop\/status\/1248627155153518592\/photo\/1","type":"photo","sizes":{"thumb":{"w":150,"h":150,"resize":"crop"},"large":{"w":2048,"h":1139,"resize":"fit"},"small":{"w":680,"h":378,"resize":"fit"},"medium":{"w":1200,"h":667,"resize":"fit"}},"source_status_id":1248627155153518592,"source_status_id_str":"1248627155153518592","source_user_id":2262385063,"source_user_id_str":"2262385063"},{"id":1248627105874599936,"id_str":"1248627105874599936","indices":[50,73],"media_url":"http:\/\/pbs.twimg.com\/media\/EVQDvL6UYAABkWa.jpg","media_url_https":"https:\/\/pbs.twimg.com\/media\/EVQDvL6UYAABkWa.jpg","url":"https:\/\/t.co\/XlXt9NphAE","display_url":"pic.twitter.com\/XlXt9NphAE","expanded_url":"https:\/\/twitter.com\/DongDiddleDop\/status\/1248627155153518592\/photo\/1","type":"photo","sizes":{"thumb":{"w":150,"h":150,"resize":"crop"},"medium":{"w":1200,"h":1010,"resize":"fit"},"large":{"w":2048,"h":1724,"resize":"fit"},"small":{"w":680,"h":572,"resize":"fit"}},"source_status_id":1248627155153518592,"source_status_id_str":"1248627155153518592","source_user_id":2262385063,"source_user_id_str":"2262385063"}]},"favorited":false,"retweeted":false,"possibly_sensitive":false,"filter_level":"low","lang":"en","timestamp_ms":"1586538228663"}
