{"created_at":"Fri Apr 10 17:03:48 +0000 2020","id":1248657949079351296,"id_str":"1248657949079351296","text":"@rvsfest i might still sleep doe \ud83d\ude1b\ud83e\udd18\ud83c\udffd","display_text_range":[9,36],"source":"\u003ca href=\"http:\/\/twitter.com\/download\/iphone\" rel=\"nofollow\"\u003eTwitter for iPhone\u003c\/a\u003e","truncated":false,"in_reply_to_status_id":1248657771014369282,"in_reply_to_status_id_str":"1248657771014369282","in_reply_to_user_id":1211969781785481216,"in_reply_to_user_id_str":"1211969781785481216","in_reply_to_screen_name":"rvsfest","user":{"id":1034632975735050241,"id_str":"1034632975735050241","name":"check pinned sexies \u2661","screen_name":"seungsworld","location":null,"url":null,"description":"#\uc2b9\ubbfc : im the definition of cuteness, facts were made (\u00ac\u203f\u00ac)","translator_type":"none","protected":false,"verified":false,"followers_count":2744,"friends_count":1545,"listed_count":124,"favourites_count":62793,"statuses_count":31760,"created_at":"Wed Aug 29 02:44:58 +0000 2018","utc_offset":null,"time_zone":null,"geo_enabled":false,"lang":null,"contributors_enabled":false,"is_translator":false,"profile_background_color":"F5F8FA","profile_background_image_url":"","profile_background_image_url_https":"","profile_background_tile":false,"profile_link_color":"1DA1F2","profile_sidebar_border_color":"C0DEED","profile_sidebar_fill_color":"DDEEF6","profile_text_color":"333333","profile_use_background_image":true,"profile_image_url":"http:\/\/pbs.twimg.com\/profile_images\/1247586398263263232\/eUpN-L-m_normal.jpg","profile_image_url_https":"https:\/\/pbs.twimg.com\/profile_images\/1247586398263263232\/eUpN-L-m_normal.jpg","profile_banner_url":"https:\/\/pbs.twimg.com\/profile_banners\/1034632975735050241\/1586282752","default_profile":true,"default_profile_image":false,"following":null,"follow_request_sent":null,"notifications":null},"geo":null,"coordinates":null,"place":null,"contributors":null,"is_quote_status":false,"quote_count":0,"reply_count":0,"retweet_count":0,"favorite_count":0,"entities":{"hashtags":[],"urls":[],"user_mentions":[{"screen_name":"rvsfest","name":"\u064blike\/rt \ud83d\udccc","id":1211969781785481216,"id_str":"1211969781785481216","indices":[0,8]}],"symbols":[]},"favorited":false,"retweeted":false,"filter_level":"low","lang":"en","timestamp_ms":"1586538228660"}
