{"created_at":"Fri Apr 10 17:03:50 +0000 2020","id":1248657957472133121,"id_str":"1248657957472133121","text":"@PatrickHilsman The Grayzone are grifters without a doubt. TYT though?","display_text_range":[16,70],"source":"\u003ca href=\"https:\/\/mobile.twitter.com\" rel=\"nofollow\"\u003eTwitter Web App\u003c\/a\u003e","truncated":false,"in_reply_to_status_id":1248657581926748163,"in_reply_to_status_id_str":"1248657581926748163","in_reply_to_user_id":1023539623,"in_reply_to_user_id_str":"1023539623","in_reply_to_screen_name":"PatrickHilsman","user":{"id":1450096525,"id_str":"1450096525","name":"Sean Hastings","screen_name":"4_hastings","location":"Atlanta Metropolitan Area","url":null,"description":"Writer, commentator, history nerd","translator_type":"none","protected":false,"verified":false,"followers_count":304,"friends_count":496,"listed_count":7,"favourites_count":16897,"statuses_count":21045,"created_at":"Wed May 22 23:07:46 +0000 2013","utc_offset":null,"time_zone":null,"geo_enabled":false,"lang":null,"contributors_enabled":false,"is_translator":false,"profile_background_color":"C0DEED","profile_background_image_url":"http:\/\/abs.twimg.com\/images\/themes\/theme1\/bg.png","profile_background_image_url_https":"https:\/\/abs.twimg.com\/images\/themes\/theme1\/bg.png","profile_background_tile":false,"profile_link_color":"1DA1F2","profile_sidebar_border_color":"C0DEED","profile_sidebar_fill_color":"DDEEF6","profile_text_color":"333333","profile_use_background_image":true,"profile_image_url":"http:\/\/pbs.twimg.com\/profile_images\/1189741534645800966\/GEb6WJ_H_normal.jpg","profile_image_url_https":"https:\/\/pbs.twimg.com\/profile_images\/1189741534645800966\/GEb6WJ_H_normal.jpg","profile_banner_url":"https:\/\/pbs.twimg.com\/profile_banners\/1450096525\/1582153830","default_profile":true,"default_profile_image":false,"following":null,"follow_request_sent":null,"notifications":null},"geo":null,"coordinates":null,"place":null,"contributors":null,"is_quote_status":false,"quote_count":0,"reply_count":0,"retweet_count":0,"favorite_count":0,"entities":{"hashtags":[],"urls":[],"user_mentions":[{"screen_name":"PatrickHilsman","name":"(((Pat Hilsman)))","id":1023539623,"id_str":"1023539623","indices":[0,15]}],"symbols":[]},"favorited":false,"retweeted":false,"filter_level":"low","lang":"en","timestamp_ms":"1586538230661"}
