{"created_at":"Fri Apr 10 17:03:57 +0000 2020","id":1248657986828095495,"id_str":"1248657986828095495","text":"@Luanalinharesag Hummm Beibe are ore stanii","display_text_range":[17,43],"source":"\u003ca href=\"http:\/\/twitter.com\/download\/android\" rel=\"nofollow\"\u003eTwitter for Android\u003c\/a\u003e","truncated":false,"in_reply_to_status_id":1248657668530745346,"in_reply_to_status_id_str":"1248657668530745346","in_reply_to_user_id":1216761800995352581,"in_reply_to_user_id_str":"1216761800995352581","in_reply_to_screen_name":"Luanalinharesag","user":{"id":967271374288015360,"id_str":"967271374288015360","name":"feij\u00e3o no pote de sorvete","screen_name":"sabryneex","location":"Planaltina, Brasil","url":null,"description":"volte sempre","translator_type":"none","protected":false,"verified":false,"followers_count":774,"friends_count":413,"listed_count":0,"favourites_count":3580,"statuses_count":10766,"created_at":"Sat Feb 24 05:34:01 +0000 2018","utc_offset":null,"time_zone":null,"geo_enabled":false,"lang":null,"contributors_enabled":false,"is_translator":false,"profile_background_color":"F5F8FA","profile_background_image_url":"","profile_background_image_url_https":"","profile_background_tile":false,"profile_link_color":"1DA1F2","profile_sidebar_border_color":"C0DEED","profile_sidebar_fill_color":"DDEEF6","profile_text_color":"333333","profile_use_background_image":true,"profile_image_url":"http:\/\/pbs.twimg.com\/profile_images\/1245964673897222144\/R6Vm1Mrg_normal.jpg","profile_image_url_https":"https:\/\/pbs.twimg.com\/profile_images\/1245964673897222144\/R6Vm1Mrg_normal.jpg","profile_banner_url":"https:\/\/pbs.twimg.com\/profile_banners\/967271374288015360\/1585612760","default_profile":true,"default_profile_image":false,"following":null,"follow_request_sent":null,"notifications":null},"geo":null,"coordinates":null,"place":null,"contributors":null,"is_quote_status":false,"quote_count":0,"reply_count":0,"retweet_count":0,"favorite_count":0,"entities":{"hashtags":[],"urls":[],"user_mentions":[{"screen_name":"Luanalinharesag","name":"chocolate branco","id":1216761800995352581,"id_str":"1216761800995352581","indices":[0,16]}],"symbols":[]},"favorited":false,"retweeted":false,"filter_level":"low","lang":"en","timestamp_ms":"1586538237660"}
