{"created_at":"Fri Apr 10 17:03:55 +0000 2020","id":1248657978431021057,"id_str":"1248657978431021057","text":"RT @MethodistGB: A #prayer for #GoodFriday.\nWritten and read by Jude Levermore, Head of Mission at the Methodist Church in Britain. https:\/\u2026","source":"\u003ca href=\"http:\/\/twitter.com\/download\/android\" rel=\"nofollow\"\u003eTwitter for Android\u003c\/a\u003e","truncated":false,"in_reply_to_status_id":null,"in_reply_to_status_id_str":null,"in_reply_to_user_id":null,"in_reply_to_user_id_str":null,"in_reply_to_screen_name":null,"user":{"id":556240648,"id_str":"556240648","name":"Jill Baker","screen_name":"ejillbaker","location":"Glasgow","url":"http:\/\/www.northoftheborderblog.wordpress.com","description":"Love living in Scotland. Married to Andrew; mother\/in-law of Tim\/Hannah, Martha's Grandma. Missing Peter always. Local Preacher & Chair of Methodist Council.","translator_type":"none","protected":false,"verified":false,"followers_count":1024,"friends_count":193,"listed_count":12,"favourites_count":3654,"statuses_count":4335,"created_at":"Tue Apr 17 20:00:40 +0000 2012","utc_offset":null,"time_zone":null,"geo_enabled":false,"lang":null,"contributors_enabled":false,"is_translator":false,"profile_background_color":"C0DEED","profile_background_image_url":"http:\/\/abs.twimg.com\/images\/themes\/theme1\/bg.png","profile_background_image_url_https":"https:\/\/abs.twimg.com\/images\/themes\/theme1\/bg.png","profile_background_tile":false,"profile_link_color":"1DA1F2","profile_sidebar_border_color":"C0DEED","profile_sidebar_fill_color":"DDEEF6","profile_text_color":"333333","profile_use_background_image":true,"profile_image_url":"http:\/\/pbs.twimg.com\/profile_images\/1127327384791846912\/doivHZFG_normal.jpg","profile_image_url_https":"https:\/\/pbs.twimg.com\/profile_images\/1127327384791846912\/doivHZFG_normal.jpg","profile_banner_url":"https:\/\/pbs.twimg.com\/profile_banners\/556240648\/1421765418","default_profile":true,"default_profile_image":false,"following":null,"follow_request_sent":null,"notifications":null},"geo":null,"coordinates":null,"place":null,"contributors":null,"retweeted_status":{"created_at":"Fri Apr 10 08:00:44 +0000 2020","id":1248521280409817088,"id_str":"1248521280409817088","text":"A #prayer for #GoodFriday.\nWritten and read by Jude Levermore, Head of Mission at the Methodist Church in Britain. https:\/\/t.co\/CvI8HqPc6t","display_text_range":[0,114],"source":"\u003ca href=\"https:\/\/www.hootsuite.com\" rel=\"nofollow\"\u003eHootsuite Inc.\u003c\/a\u003e","truncated":false,"in_reply_to_status_id":null,"in_reply_to_status_id_str":null,"in_reply_to_user_id":null,"in_reply_to_user_id_str":null,"in_reply_to_screen_name":null,"user":{"id":43102893,"id_str":"43102893","name":"The Methodist Church","screen_name":"MethodistGB","location":"London, UK","url":"http:\/\/www.methodist.org.uk","description":"The official Twitter stream for the Methodist Church in Great Britain, managed by its Communications team.","translator_type":"none","protected":false,"verified":false,"followers_count":17136,"friends_count":6450,"listed_count":326,"favourites_count":2303,"statuses_count":18239,"created_at":"Thu May 28 12:53:50 +0000 2009","utc_offset":null,"time_zone":null,"geo_enabled":true,"lang":null,"contributors_enabled":false,"is_translator":false,"profile_background_color":"C0DEED","profile_background_image_url":"http:\/\/abs.twimg.com\/images\/themes\/theme1\/bg.png","profile_background_image_url_https":"https:\/\/abs.twimg.com\/images\/themes\/theme1\/bg.png","profile_background_tile":false,"profile_link_color":"1DA1F2","profile_sidebar_border_color":"C0DEED","profile_sidebar_fill_color":"DDEEF6","profile_text_color":"333333","profile_use_background_image":true,"profile_image_url":"http:\/\/pbs.twimg.com\/profile_images\/1144582667436011522\/n8VYa8hx_normal.jpg","profile_image_url_https":"https:\/\/pbs.twimg.com\/profile_images\/1144582667436011522\/n8VYa8hx_normal.jpg","profile_banner_url":"https:\/\/pbs.twimg.com\/profile_banners\/43102893\/1561724777","default_profile":true,"default_profile_image":false,"following":null,"follow_request_sent":null,"notifications":null},"geo":null,"coordinates":null,"place":null,"contributors":null,"is_quote_status":false,"quote_count":3,"reply_count":3,"retweet_count":50,"favorite_count":68,"entities":{"hashtags":[{"text":"prayer","indices":[2,9]},{"text":"GoodFriday","indices":[14,25]}],"urls":[],"user_mentions":[],"symbols":[],"media":[{"id":1248520035376582656,"id_str":"1248520035376582656","indices":[115,138],"additional_media_info":{"monetizable":false},"media_url":"http:\/\/pbs.twimg.com\/ext_tw_video_thumb\/1248520035376582656\/pu\/img\/ZgTBu-fcq90QK6fw.jpg","media_url_https":"https:\/\/pbs.twimg.com\/ext_tw_video_thumb\/1248520035376582656\/pu\/img\/ZgTBu-fcq90QK6fw.jpg","url":"https:\/\/t.co\/CvI8HqPc6t","display_url":"pic.twitter.com\/CvI8HqPc6t","expanded_url":"https:\/\/twitter.com\/MethodistGB\/status\/1248521280409817088\/video\/1","type":"photo","sizes":{"thumb":{"w":150,"h":150,"resize":"crop"},"small":{"w":680,"h":680,"resize":"fit"},"medium":{"w":720,"h":720,"resize":"fit"},"large":{"w":720,"h":720,"resize":"fit"}}}]},"extended_entities":{"media":[{"id":1248520035376582656,"id_str":"1248520035376582656","indices":[115,138],"additional_media_info":{"monetizable":false},"media_url":"http:\/\/pbs.twimg.com\/ext_tw_video_thumb\/1248520035376582656\/pu\/img\/ZgTBu-fcq90QK6fw.jpg","media_url_https":"https:\/\/pbs.twimg.com\/ext_tw_video_thumb\/1248520035376582656\/pu\/img\/ZgTBu-fcq90QK6fw.jpg","url":"https:\/\/t.co\/CvI8HqPc6t","display_url":"pic.twitter.com\/CvI8HqPc6t","expanded_url":"https:\/\/twitter.com\/MethodistGB\/status\/1248521280409817088\/video\/1","type":"video","video_info":{"aspect_ratio":[1,1],"duration_millis":57040,"variants":[{"bitrate":832000,"content_type":"video\/mp4","url":"https:\/\/video.twimg.com\/ext_tw_video\/1248520035376582656\/pu\/vid\/480x480\/aqkapIQqdlNMI_UV.mp4?tag=10"},{"bitrate":1280000,"content_type":"video\/mp4","url":"https:\/\/video.twimg.com\/ext_tw_video\/1248520035376582656\/pu\/vid\/720x720\/BSNCFzz429-aO_ae.mp4?tag=10"},{"content_type":"application\/x-mpegURL","url":"https:\/\/video.twimg.com\/ext_tw_video\/1248520035376582656\/pu\/pl\/h-86R9QGhjODhG1O.m3u8?tag=10"},{"bitrate":432000,"content_type":"video\/mp4","url":"https:\/\/video.twimg.com\/ext_tw_video\/1248520035376582656\/pu\/vid\/320x320\/csK2L_xlzE0V0V7d.mp4?tag=10"}]},"sizes":{"thumb":{"w":150,"h":150,"resize":"crop"},"small":{"w":680,"h":680,"resize":"fit"},"medium":{"w":720,"h":720,"resize":"fit"},"large":{"w":720,"h":720,"resize":"fit"}}}]},"favorited":false,"retweeted":false,"possibly_sensitive":false,"filter_level":"low","lang":"en"},"is_quote_status":false,"quote_count":0,"reply_count":0,"retweet_count":0,"favorite_count":0,"entities":{"hashtags":[{"text":"prayer","indices":[19,26]},{"text":"GoodFriday","indices":[31,42]}],"urls":[],"user_mentions":[{"screen_name":"MethodistGB","name":"The Methodist Church","id":43102893,"id_str":"43102893","indices":[3,15]}],"symbols":[]},"favorited":false,"retweeted":false,"filter_level":"low","lang":"en","timestamp_ms":"1586538235658"}
