{"created_at":"Fri Apr 10 17:03:52 +0000 2020","id":1248657965881556993,"id_str":"1248657965881556993","text":"RT @SoulmateDef: [HQ] 191116\u2728\n\n Vlive heartbeat award shows\ud83d\udc9c\n\n#\uc784\uc7ac\ubc94 #\uc7ac\ubc94 #\ubc15\uc9c4\uc601 #Jb #Jaebeom #Jinyoung #JJP #GOT7 #\uac13\uc138\ube10 #GOT7_NOTBYTHEMOON #GOT7\u2026","source":"\u003ca href=\"http:\/\/twitter.com\/download\/iphone\" rel=\"nofollow\"\u003eTwitter for iPhone\u003c\/a\u003e","truncated":false,"in_reply_to_status_id":null,"in_reply_to_status_id_str":null,"in_reply_to_user_id":null,"in_reply_to_user_id_str":null,"in_reply_to_screen_name":null,"user":{"id":2866657892,"id_str":"2866657892","name":"TANNNNN____TOT ..","screen_name":"tan_tot","location":null,"url":null,"description":"______________________ \ud835\udd3b\ud835\udd3c\ud835\udd3d\ud835\udd4a\ud835\udd46\ud835\udd4c\ud835\udd43\ud83c\udf34 ______________________ \u00bb \ud83d\udc9a\ud83d\udc25\ud83c\udf34\ud83d\udc30\ud83d\udc51\ud83c\udf51\ud83c\udf19\ud83d\udc0d\ud83c\udf3c\ud83d\udc25\ud83d\udc9a \u00ab","translator_type":"none","protected":false,"verified":false,"followers_count":76,"friends_count":1530,"listed_count":0,"favourites_count":88172,"statuses_count":74117,"created_at":"Mon Oct 20 07:55:09 +0000 2014","utc_offset":null,"time_zone":null,"geo_enabled":true,"lang":null,"contributors_enabled":false,"is_translator":false,"profile_background_color":"000000","profile_background_image_url":"http:\/\/abs.twimg.com\/images\/themes\/theme1\/bg.png","profile_background_image_url_https":"https:\/\/abs.twimg.com\/images\/themes\/theme1\/bg.png","profile_background_tile":false,"profile_link_color":"7354CB","profile_sidebar_border_color":"000000","profile_sidebar_fill_color":"000000","profile_text_color":"000000","profile_use_background_image":false,"profile_image_url":"http:\/\/pbs.twimg.com\/profile_images\/1243224012747993089\/YbQxcxHn_normal.jpg","profile_image_url_https":"https:\/\/pbs.twimg.com\/profile_images\/1243224012747993089\/YbQxcxHn_normal.jpg","profile_banner_url":"https:\/\/pbs.twimg.com\/profile_banners\/2866657892\/1586445160","default_profile":false,"default_profile_image":false,"following":null,"follow_request_sent":null,"notifications":null},"geo":null,"coordinates":null,"place":null,"contributors":null,"retweeted_status":{"created_at":"Fri Apr 10 03:47:07 +0000 2020","id":1248457455786287106,"id_str":"1248457455786287106","text":"[HQ] 191116\u2728\n\n Vlive heartbeat award shows\ud83d\udc9c\n\n#\uc784\uc7ac\ubc94 #\uc7ac\ubc94 #\ubc15\uc9c4\uc601 #Jb #Jaebeom #Jinyoung #JJP #GOT7 #\uac13\uc138\ube10\u2026 https:\/\/t.co\/KYi8JrJ8bW","display_text_range":[0,140],"source":"\u003ca href=\"http:\/\/twitter.com\/#!\/download\/ipad\" rel=\"nofollow\"\u003eTwitter for iPad\u003c\/a\u003e","truncated":true,"in_reply_to_status_id":null,"in_reply_to_status_id_str":null,"in_reply_to_user_id":null,"in_reply_to_user_id_str":null,"in_reply_to_screen_name":null,"user":{"id":1245653763412516864,"id_str":"1245653763412516864","name":"\ud835\udde6\ud835\udde2\ud835\udde8\ud835\udddf\ud835\udde0\ud835\uddd4\ud835\udde7\ud835\uddd8\ud835\uddd7\ud835\uddd8\ud835\uddd9","screen_name":"SoulmateDef","location":null,"url":"http:\/\/instagram.com\/soulmatedef\/","description":"Lim Jaebeom \uc784\uc7ac\ubc94\u2728 For support GOT7\ud83d\udc9a","translator_type":"none","protected":false,"verified":false,"followers_count":2211,"friends_count":6,"listed_count":49,"favourites_count":1,"statuses_count":123,"created_at":"Thu Apr 02 10:06:22 +0000 2020","utc_offset":null,"time_zone":null,"geo_enabled":false,"lang":null,"contributors_enabled":false,"is_translator":false,"profile_background_color":"F5F8FA","profile_background_image_url":"","profile_background_image_url_https":"","profile_background_tile":false,"profile_link_color":"1DA1F2","profile_sidebar_border_color":"C0DEED","profile_sidebar_fill_color":"DDEEF6","profile_text_color":"333333","profile_use_background_image":true,"profile_image_url":"http:\/\/pbs.twimg.com\/profile_images\/1245654739854876674\/cn5ggacE_normal.jpg","profile_image_url_https":"https:\/\/pbs.twimg.com\/profile_images\/1245654739854876674\/cn5ggacE_normal.jpg","profile_banner_url":"https:\/\/pbs.twimg.com\/profile_banners\/1245653763412516864\/1585822239","default_profile":true,"default_profile_image":false,"following":null,"follow_request_sent":null,"notifications":null},"geo":null,"coordinates":null,"place":null,"contributors":null,"is_quote_status":false,"extended_tweet":{"full_text":"[HQ] 191116\u2728\n\n Vlive heartbeat award shows\ud83d\udc9c\n\n#\uc784\uc7ac\ubc94 #\uc7ac\ubc94 #\ubc15\uc9c4\uc601 #Jb #Jaebeom #Jinyoung #JJP #GOT7 #\uac13\uc138\ube10 #GOT7_NOTBYTHEMOON #GOT7_COMEBACK #GOT7_DYE \n@GOT7Official https:\/\/t.co\/xmj4kb85tH","display_text_range":[0,156],"entities":{"hashtags":[{"text":"\uc784\uc7ac\ubc94","indices":[45,49]},{"text":"\uc7ac\ubc94","indices":[50,53]},{"text":"\ubc15\uc9c4\uc601","indices":[54,58]},{"text":"Jb","indices":[59,62]},{"text":"Jaebeom","indices":[63,71]},{"text":"Jinyoung","indices":[72,81]},{"text":"JJP","indices":[82,86]},{"text":"GOT7","indices":[87,92]},{"text":"\uac13\uc138\ube10","indices":[93,97]},{"text":"GOT7_NOTBYTHEMOON","indices":[98,116]},{"text":"GOT7_COMEBACK","indices":[117,131]},{"text":"GOT7_DYE","indices":[132,141]}],"urls":[],"user_mentions":[{"screen_name":"GOT7Official","name":"GOT7","id":573299587,"id_str":"573299587","indices":[143,156]}],"symbols":[],"media":[{"id":1248457447087296512,"id_str":"1248457447087296512","indices":[157,180],"media_url":"http:\/\/pbs.twimg.com\/media\/EVNpbvrUUAAd9a4.jpg","media_url_https":"https:\/\/pbs.twimg.com\/media\/EVNpbvrUUAAd9a4.jpg","url":"https:\/\/t.co\/xmj4kb85tH","display_url":"pic.twitter.com\/xmj4kb85tH","expanded_url":"https:\/\/twitter.com\/SoulmateDef\/status\/1248457455786287106\/photo\/1","type":"photo","sizes":{"thumb":{"w":150,"h":150,"resize":"crop"},"medium":{"w":1185,"h":1200,"resize":"fit"},"large":{"w":2023,"h":2048,"resize":"fit"},"small":{"w":672,"h":680,"resize":"fit"}}}]},"extended_entities":{"media":[{"id":1248457447087296512,"id_str":"1248457447087296512","indices":[157,180],"media_url":"http:\/\/pbs.twimg.com\/media\/EVNpbvrUUAAd9a4.jpg","media_url_https":"https:\/\/pbs.twimg.com\/media\/EVNpbvrUUAAd9a4.jpg","url":"https:\/\/t.co\/xmj4kb85tH","display_url":"pic.twitter.com\/xmj4kb85tH","expanded_url":"https:\/\/twitter.com\/SoulmateDef\/status\/1248457455786287106\/photo\/1","type":"photo","sizes":{"thumb":{"w":150,"h":150,"resize":"crop"},"medium":{"w":1185,"h":1200,"resize":"fit"},"large":{"w":2023,"h":2048,"resize":"fit"},"small":{"w":672,"h":680,"resize":"fit"}}}]}},"quote_count":4,"reply_count":1,"retweet_count":785,"favorite_count":687,"entities":{"hashtags":[{"text":"\uc784\uc7ac\ubc94","indices":[45,49]},{"text":"\uc7ac\ubc94","indices":[50,53]},{"text":"\ubc15\uc9c4\uc601","indices":[54,58]},{"text":"Jb","indices":[59,62]},{"text":"Jaebeom","indices":[63,71]},{"text":"Jinyoung","indices":[72,81]},{"text":"JJP","indices":[82,86]},{"text":"GOT7","indices":[87,92]},{"text":"\uac13\uc138\ube10","indices":[93,97]}],"urls":[{"url":"https:\/\/t.co\/KYi8JrJ8bW","expanded_url":"https:\/\/twitter.com\/i\/web\/status\/1248457455786287106","display_url":"twitter.com\/i\/web\/status\/1\u2026","indices":[99,122]}],"user_mentions":[],"symbols":[]},"favorited":false,"retweeted":false,"possibly_sensitive":true,"filter_level":"low","lang":"en"},"is_quote_status":false,"quote_count":0,"reply_count":0,"retweet_count":0,"favorite_count":0,"entities":{"hashtags":[{"text":"\uc784\uc7ac\ubc94","indices":[62,66]},{"text":"\uc7ac\ubc94","indices":[67,70]},{"text":"\ubc15\uc9c4\uc601","indices":[71,75]},{"text":"Jb","indices":[76,79]},{"text":"Jaebeom","indices":[80,88]},{"text":"Jinyoung","indices":[89,98]},{"text":"JJP","indices":[99,103]},{"text":"GOT7","indices":[104,109]},{"text":"\uac13\uc138\ube10","indices":[110,114]},{"text":"GOT7_NOTBYTHEMOON","indices":[115,133]}],"urls":[],"user_mentions":[{"screen_name":"SoulmateDef","name":"\ud835\udde6\ud835\udde2\ud835\udde8\ud835\udddf\ud835\udde0\ud835\uddd4\ud835\udde7\ud835\uddd8\ud835\uddd7\ud835\uddd8\ud835\uddd9","id":1245653763412516864,"id_str":"1245653763412516864","indices":[3,15]}],"symbols":[]},"favorited":false,"retweeted":false,"filter_level":"low","lang":"en","timestamp_ms":"1586538232666"}
