{"created_at":"Fri Apr 10 17:03:58 +0000 2020","id":1248657991013937153,"id_str":"1248657991013937153","text":"RT @ImVontee: Soon as a chick post she gotta nigga or a baby on the way.... that \u201cunfollow\u201d button be SHINING like VVS diamonds \ud83d\ude02\ud83d\ude02\ud83d\ude02\ud83d\ude02\ud83d\ude02\ud83d\ude02\ud83d\ude02\ud83d\ude02\ud83d\ude02\ud83d\ude02\ud83d\ude02\u2026","source":"\u003ca href=\"http:\/\/twitter.com\/download\/iphone\" rel=\"nofollow\"\u003eTwitter for iPhone\u003c\/a\u003e","truncated":false,"in_reply_to_status_id":null,"in_reply_to_status_id_str":null,"in_reply_to_user_id":null,"in_reply_to_user_id_str":null,"in_reply_to_screen_name":null,"user":{"id":1147326928141082630,"id_str":"1147326928141082630","name":"Kiki","screen_name":"brookzy23","location":"Connecticut, USA","url":"http:\/\/instagram.com\/brookzy23","description":"\u0396\u03a6\u0392 \ud83d\udd4a","translator_type":"none","protected":false,"verified":false,"followers_count":196,"friends_count":199,"listed_count":0,"favourites_count":6589,"statuses_count":8330,"created_at":"Sat Jul 06 02:10:30 +0000 2019","utc_offset":null,"time_zone":null,"geo_enabled":false,"lang":null,"contributors_enabled":false,"is_translator":false,"profile_background_color":"F5F8FA","profile_background_image_url":"","profile_background_image_url_https":"","profile_background_tile":false,"profile_link_color":"1DA1F2","profile_sidebar_border_color":"C0DEED","profile_sidebar_fill_color":"DDEEF6","profile_text_color":"333333","profile_use_background_image":true,"profile_image_url":"http:\/\/pbs.twimg.com\/profile_images\/1224423042073464832\/zQE7o0ro_normal.jpg","profile_image_url_https":"https:\/\/pbs.twimg.com\/profile_images\/1224423042073464832\/zQE7o0ro_normal.jpg","profile_banner_url":"https:\/\/pbs.twimg.com\/profile_banners\/1147326928141082630\/1580107057","default_profile":true,"default_profile_image":false,"following":null,"follow_request_sent":null,"notifications":null},"geo":null,"coordinates":null,"place":null,"contributors":null,"retweeted_status":{"created_at":"Wed Apr 08 23:27:31 +0000 2020","id":1248029736082780162,"id_str":"1248029736082780162","text":"Soon as a chick post she gotta nigga or a baby on the way.... that \u201cunfollow\u201d button be SHINING like VVS diamonds \ud83d\ude02\ud83d\ude02\ud83d\ude02\ud83d\ude02\ud83d\ude02\ud83d\ude02\ud83d\ude02\ud83d\ude02\ud83d\ude02\ud83d\ude02\ud83d\ude02\ud83d\ude02\ud83d\ude02","source":"\u003ca href=\"http:\/\/twitter.com\/download\/iphone\" rel=\"nofollow\"\u003eTwitter for iPhone\u003c\/a\u003e","truncated":false,"in_reply_to_status_id":null,"in_reply_to_status_id_str":null,"in_reply_to_user_id":null,"in_reply_to_user_id_str":null,"in_reply_to_screen_name":null,"user":{"id":161916574,"id_str":"161916574","name":"Vontee\ud83d\udc10","screen_name":"ImVontee","location":"Baltimore","url":null,"description":"MORE VIDEOS ON MY INSTAGRAM (@ IMVONTEE ) ... Comedy!! booking info classsvontee@gmail.com","translator_type":"none","protected":false,"verified":false,"followers_count":74494,"friends_count":155,"listed_count":265,"favourites_count":6539,"statuses_count":93488,"created_at":"Fri Jul 02 03:33:00 +0000 2010","utc_offset":null,"time_zone":null,"geo_enabled":true,"lang":null,"contributors_enabled":false,"is_translator":false,"profile_background_color":"EDECE9","profile_background_image_url":"http:\/\/abs.twimg.com\/images\/themes\/theme1\/bg.png","profile_background_image_url_https":"https:\/\/abs.twimg.com\/images\/themes\/theme1\/bg.png","profile_background_tile":true,"profile_link_color":"991000","profile_sidebar_border_color":"FFFFFF","profile_sidebar_fill_color":"E3E2DE","profile_text_color":"000000","profile_use_background_image":true,"profile_image_url":"http:\/\/pbs.twimg.com\/profile_images\/1248554744290791429\/OsG9olCR_normal.jpg","profile_image_url_https":"https:\/\/pbs.twimg.com\/profile_images\/1248554744290791429\/OsG9olCR_normal.jpg","profile_banner_url":"https:\/\/pbs.twimg.com\/profile_banners\/161916574\/1586170748","default_profile":false,"default_profile_image":false,"following":null,"follow_request_sent":null,"notifications":null},"geo":null,"coordinates":null,"place":null,"contributors":null,"is_quote_status":false,"quote_count":61,"reply_count":10,"retweet_count":238,"favorite_count":620,"entities":{"hashtags":[],"urls":[],"user_mentions":[],"symbols":[]},"favorited":false,"retweeted":false,"filter_level":"low","lang":"en"},"is_quote_status":false,"quote_count":0,"reply_count":0,"retweet_count":0,"favorite_count":0,"entities":{"hashtags":[],"urls":[],"user_mentions":[{"screen_name":"ImVontee","name":"Vontee\ud83d\udc10","id":161916574,"id_str":"161916574","indices":[3,12]}],"symbols":[]},"favorited":false,"retweeted":false,"filter_level":"low","lang":"en","timestamp_ms":"1586538238658"}
