{"created_at":"Fri Apr 10 17:03:58 +0000 2020","id":1248657991018168320,"id_str":"1248657991018168320","text":"Do you value your privacy? If so, check out Windscribe. It's the best Free #VPN out there. #tweet4data https:\/\/t.co\/D9llOXrlAI","source":"\u003ca href=\"http:\/\/twitter.com\" rel=\"nofollow\"\u003eTwitter Web Client\u003c\/a\u003e","truncated":false,"in_reply_to_status_id":null,"in_reply_to_status_id_str":null,"in_reply_to_user_id":null,"in_reply_to_user_id_str":null,"in_reply_to_screen_name":null,"user":{"id":1248657703083347970,"id_str":"1248657703083347970","name":"garbage","screen_name":"garbage678","location":null,"url":null,"description":null,"translator_type":"none","protected":false,"verified":false,"followers_count":0,"friends_count":0,"listed_count":0,"favourites_count":0,"statuses_count":1,"created_at":"Fri Apr 10 17:02:55 +0000 2020","utc_offset":null,"time_zone":null,"geo_enabled":false,"lang":null,"contributors_enabled":false,"is_translator":false,"profile_background_color":"F5F8FA","profile_background_image_url":"","profile_background_image_url_https":"","profile_background_tile":false,"profile_link_color":"1DA1F2","profile_sidebar_border_color":"C0DEED","profile_sidebar_fill_color":"DDEEF6","profile_text_color":"333333","profile_use_background_image":true,"profile_image_url":"http:\/\/abs.twimg.com\/sticky\/default_profile_images\/default_profile_normal.png","profile_image_url_https":"https:\/\/abs.twimg.com\/sticky\/default_profile_images\/default_profile_normal.png","default_profile":true,"default_profile_image":false,"following":null,"follow_request_sent":null,"notifications":null},"geo":null,"coordinates":null,"place":null,"contributors":null,"is_quote_status":false,"quote_count":0,"reply_count":0,"retweet_count":0,"favorite_count":0,"entities":{"hashtags":[{"text":"VPN","indices":[75,79]},{"text":"tweet4data","indices":[91,102]}],"urls":[{"url":"https:\/\/t.co\/D9llOXrlAI","expanded_url":"https:\/\/windscribe.com?cpid=tw16","display_url":"windscribe.com\/?cpid=tw16","indices":[103,126]}],"user_mentions":[],"symbols":[]},"favorited":false,"retweeted":false,"possibly_sensitive":false,"filter_level":"low","lang":"en","timestamp_ms":"1586538238659"}
