{"created_at":"Fri Apr 10 17:03:51 +0000 2020","id":1248657961687420938,"id_str":"1248657961687420938","text":"RT @oldmasc: I'm ready. https:\/\/t.co\/sAMnCSwZxO","source":"\u003ca href=\"https:\/\/mobile.twitter.com\" rel=\"nofollow\"\u003eTwitter Web App\u003c\/a\u003e","truncated":false,"in_reply_to_status_id":null,"in_reply_to_status_id_str":null,"in_reply_to_user_id":null,"in_reply_to_user_id_str":null,"in_reply_to_screen_name":null,"user":{"id":1189524941227601920,"id_str":"1189524941227601920","name":"cutismuchbetter \ud83d\udd1e\ud83c\udff3\ufe0f\u200d\ud83c\udf08\ud83c\uddea\ud83c\uddfa\ud83c\uddeb\ud83c\uddf7","screen_name":"cutismuchbetter","location":"France, Burgundy","url":null,"description":"NSFW 18+ Only\nVolontary cut at 18 yo, I have become circumsexual since.\nI hate ugly foreskins and glans smelling piss.","translator_type":"none","protected":false,"verified":false,"followers_count":635,"friends_count":751,"listed_count":4,"favourites_count":14777,"statuses_count":15522,"created_at":"Wed Oct 30 12:50:42 +0000 2019","utc_offset":null,"time_zone":null,"geo_enabled":false,"lang":null,"contributors_enabled":false,"is_translator":false,"profile_background_color":"F5F8FA","profile_background_image_url":"","profile_background_image_url_https":"","profile_background_tile":false,"profile_link_color":"1DA1F2","profile_sidebar_border_color":"C0DEED","profile_sidebar_fill_color":"DDEEF6","profile_text_color":"333333","profile_use_background_image":true,"profile_image_url":"http:\/\/pbs.twimg.com\/profile_images\/1227661163028254727\/99ZcFieA_normal.jpg","profile_image_url_https":"https:\/\/pbs.twimg.com\/profile_images\/1227661163028254727\/99ZcFieA_normal.jpg","profile_banner_url":"https:\/\/pbs.twimg.com\/profile_banners\/1189524941227601920\/1572545966","default_profile":true,"default_profile_image":false,"following":null,"follow_request_sent":null,"notifications":null},"geo":null,"coordinates":null,"place":null,"contributors":null,"retweeted_status":{"created_at":"Thu Apr 09 23:53:02 +0000 2020","id":1248398548850245634,"id_str":"1248398548850245634","text":"I'm ready. https:\/\/t.co\/sAMnCSwZxO","display_text_range":[0,10],"source":"\u003ca href=\"https:\/\/buffer.com\" rel=\"nofollow\"\u003eBuffer\u003c\/a\u003e","truncated":false,"in_reply_to_status_id":null,"in_reply_to_status_id_str":null,"in_reply_to_user_id":null,"in_reply_to_user_id_str":null,"in_reply_to_screen_name":null,"user":{"id":1212515621264478208,"id_str":"1212515621264478208","name":"Oldmasc","screen_name":"oldmasc","location":"Spain","url":null,"description":"Vintage men from a gay point of view.\n\ud83d\udd1e\nI don't own the pictures. Eng\/Esp","translator_type":"none","protected":false,"verified":false,"followers_count":5774,"friends_count":212,"listed_count":28,"favourites_count":1273,"statuses_count":1656,"created_at":"Wed Jan 01 23:27:14 +0000 2020","utc_offset":null,"time_zone":null,"geo_enabled":false,"lang":null,"contributors_enabled":false,"is_translator":false,"profile_background_color":"F5F8FA","profile_background_image_url":"","profile_background_image_url_https":"","profile_background_tile":false,"profile_link_color":"1DA1F2","profile_sidebar_border_color":"C0DEED","profile_sidebar_fill_color":"DDEEF6","profile_text_color":"333333","profile_use_background_image":true,"profile_image_url":"http:\/\/pbs.twimg.com\/profile_images\/1212516874585427968\/KJPknWfU_normal.jpg","profile_image_url_https":"https:\/\/pbs.twimg.com\/profile_images\/1212516874585427968\/KJPknWfU_normal.jpg","profile_banner_url":"https:\/\/pbs.twimg.com\/profile_banners\/1212515621264478208\/1577921547","default_profile":true,"default_profile_image":false,"following":null,"follow_request_sent":null,"notifications":null},"geo":null,"coordinates":null,"place":null,"contributors":null,"is_quote_status":false,"quote_count":0,"reply_count":1,"retweet_count":23,"favorite_count":90,"entities":{"hashtags":[],"urls":[],"user_mentions":[],"symbols":[],"media":[{"id":1248398545725476865,"id_str":"1248398545725476865","indices":[11,34],"media_url":"http:\/\/pbs.twimg.com\/media\/EVMz3PAU0AEonvA.jpg","media_url_https":"https:\/\/pbs.twimg.com\/media\/EVMz3PAU0AEonvA.jpg","url":"https:\/\/t.co\/sAMnCSwZxO","display_url":"pic.twitter.com\/sAMnCSwZxO","expanded_url":"https:\/\/twitter.com\/oldmasc\/status\/1248398548850245634\/photo\/1","type":"photo","sizes":{"thumb":{"w":150,"h":150,"resize":"crop"},"large":{"w":872,"h":1194,"resize":"fit"},"small":{"w":497,"h":680,"resize":"fit"},"medium":{"w":872,"h":1194,"resize":"fit"}}}]},"extended_entities":{"media":[{"id":1248398545725476865,"id_str":"1248398545725476865","indices":[11,34],"media_url":"http:\/\/pbs.twimg.com\/media\/EVMz3PAU0AEonvA.jpg","media_url_https":"https:\/\/pbs.twimg.com\/media\/EVMz3PAU0AEonvA.jpg","url":"https:\/\/t.co\/sAMnCSwZxO","display_url":"pic.twitter.com\/sAMnCSwZxO","expanded_url":"https:\/\/twitter.com\/oldmasc\/status\/1248398548850245634\/photo\/1","type":"photo","sizes":{"thumb":{"w":150,"h":150,"resize":"crop"},"large":{"w":872,"h":1194,"resize":"fit"},"small":{"w":497,"h":680,"resize":"fit"},"medium":{"w":872,"h":1194,"resize":"fit"}}}]},"favorited":false,"retweeted":false,"possibly_sensitive":false,"filter_level":"low","lang":"en"},"is_quote_status":false,"quote_count":0,"reply_count":0,"retweet_count":0,"favorite_count":0,"entities":{"hashtags":[],"urls":[],"user_mentions":[{"screen_name":"oldmasc","name":"Oldmasc","id":1212515621264478208,"id_str":"1212515621264478208","indices":[3,11]}],"symbols":[],"media":[{"id":1248398545725476865,"id_str":"1248398545725476865","indices":[24,47],"media_url":"http:\/\/pbs.twimg.com\/media\/EVMz3PAU0AEonvA.jpg","media_url_https":"https:\/\/pbs.twimg.com\/media\/EVMz3PAU0AEonvA.jpg","url":"https:\/\/t.co\/sAMnCSwZxO","display_url":"pic.twitter.com\/sAMnCSwZxO","expanded_url":"https:\/\/twitter.com\/oldmasc\/status\/1248398548850245634\/photo\/1","type":"photo","sizes":{"thumb":{"w":150,"h":150,"resize":"crop"},"large":{"w":872,"h":1194,"resize":"fit"},"small":{"w":497,"h":680,"resize":"fit"},"medium":{"w":872,"h":1194,"resize":"fit"}},"source_status_id":1248398548850245634,"source_status_id_str":"1248398548850245634","source_user_id":1212515621264478208,"source_user_id_str":"1212515621264478208"}]},"extended_entities":{"media":[{"id":1248398545725476865,"id_str":"1248398545725476865","indices":[24,47],"media_url":"http:\/\/pbs.twimg.com\/media\/EVMz3PAU0AEonvA.jpg","media_url_https":"https:\/\/pbs.twimg.com\/media\/EVMz3PAU0AEonvA.jpg","url":"https:\/\/t.co\/sAMnCSwZxO","display_url":"pic.twitter.com\/sAMnCSwZxO","expanded_url":"https:\/\/twitter.com\/oldmasc\/status\/1248398548850245634\/photo\/1","type":"photo","sizes":{"thumb":{"w":150,"h":150,"resize":"crop"},"large":{"w":872,"h":1194,"resize":"fit"},"small":{"w":497,"h":680,"resize":"fit"},"medium":{"w":872,"h":1194,"resize":"fit"}},"source_status_id":1248398548850245634,"source_status_id_str":"1248398548850245634","source_user_id":1212515621264478208,"source_user_id_str":"1212515621264478208"}]},"favorited":false,"retweeted":false,"possibly_sensitive":true,"filter_level":"low","lang":"en","timestamp_ms":"1586538231666"}
