{"created_at":"Fri Apr 10 17:03:53 +0000 2020","id":1248657970050633729,"id_str":"1248657970050633729","text":"RT @MiDss_: \u0e41\u0e1a\u0e1a\u0e1c\u0e21\u0e44\u0e21\u0e48\u0e44\u0e14\u0e49\u0e25\u0e37\u0e21\u0e23\u0e2b\u0e31\u0e2a\u0e17\u0e27\u0e34\u0e15\u0e19\u0e30\u0e04\u0e23\u0e31\u0e1a! \u0e1c\u0e21\u0e44\u0e21\u0e48\u0e44\u0e14\u0e49\u0e25\u0e37\u0e21\u0e44\u0e2d\u0e14\u0e35\u0e19\u0e30\u0e04\u0e23\u0e31\u0e1a \u0e1c\u0e21\u0e01\u0e47\u0e40\u0e02\u0e49\u0e32\u0e44\u0e1b\u0e1a\u0e32\u0e07\u0e40\u0e27\u0e25\u0e32 \u0e04\u0e23\u0e31\u0e49\u0e07\u0e25\u0e48\u0e32\u0e2a\u0e38\u0e14\u0e17\u0e35\u0e48\u0e40\u0e02\u0e49\u0e32\u0e01\u0e47\u0e2a\u0e31\u0e1b\u0e14\u0e32\u0e2b\u0e4c\u0e17\u0e35\u0e48\u0e41\u0e25\u0e49\u0e27 \u0e41\u0e15\u0e48\u0e1c\u0e21\u0e41\u0e04\u0e48\u0e44\u0e21\u0e48\u0e21\u0e35\u0e2d\u0e30\u0e44\u0e23\u0e08\u0e30\u0e1e\u0e39\u0e14\u2026","source":"\u003ca href=\"http:\/\/twitter.com\/download\/android\" rel=\"nofollow\"\u003eTwitter for Android\u003c\/a\u003e","truncated":false,"in_reply_to_status_id":null,"in_reply_to_status_id_str":null,"in_reply_to_user_id":null,"in_reply_to_user_id_str":null,"in_reply_to_screen_name":null,"user":{"id":1095904408007655424,"id_str":"1095904408007655424","name":"\ud83d\udc28\u0e21\u0e34\u0e19\u0e08\u0e38\u0e19\u0e15\u0e30\ud83d\udc28","screen_name":"minjunta","location":null,"url":null,"description":"\u0e08\u0e38\u0e19\u0e14\u0e31\u0e21 \u0e42\u0e19\u0e2d\u0e32\u0e41\u0e23 \u0e01\u0e19\u0e2e\u0e38\u0e19 \u0e08\u0e35\u0e0b\u0e2d\u0e01 \ud83d\udca5\ud83d\udca5\u0e42\u0e14\u0e15\u0e30\ud83d\udca5\ud83d\udca5\ud83d\ude18","translator_type":"none","protected":false,"verified":false,"followers_count":67,"friends_count":349,"listed_count":0,"favourites_count":636,"statuses_count":13431,"created_at":"Thu Feb 14 04:35:46 +0000 2019","utc_offset":null,"time_zone":null,"geo_enabled":false,"lang":null,"contributors_enabled":false,"is_translator":false,"profile_background_color":"F5F8FA","profile_background_image_url":"","profile_background_image_url_https":"","profile_background_tile":false,"profile_link_color":"1DA1F2","profile_sidebar_border_color":"C0DEED","profile_sidebar_fill_color":"DDEEF6","profile_text_color":"333333","profile_use_background_image":true,"profile_image_url":"http:\/\/pbs.twimg.com\/profile_images\/1227422226623823872\/7ueRTIf__normal.jpg","profile_image_url_https":"https:\/\/pbs.twimg.com\/profile_images\/1227422226623823872\/7ueRTIf__normal.jpg","profile_banner_url":"https:\/\/pbs.twimg.com\/profile_banners\/1095904408007655424\/1584985939","default_profile":true,"default_profile_image":false,"following":null,"follow_request_sent":null,"notifications":null},"geo":null,"coordinates":null,"place":null,"contributors":null,"retweeted_status":{"created_at":"Fri Apr 10 17:00:56 +0000 2020","id":1248657228669714432,"id_str":"1248657228669714432","text":"\u0e41\u0e1a\u0e1a\u0e1c\u0e21\u0e44\u0e21\u0e48\u0e44\u0e14\u0e49\u0e25\u0e37\u0e21\u0e23\u0e2b\u0e31\u0e2a\u0e17\u0e27\u0e34\u0e15\u0e19\u0e30\u0e04\u0e23\u0e31\u0e1a! \u0e1c\u0e21\u0e44\u0e21\u0e48\u0e44\u0e14\u0e49\u0e25\u0e37\u0e21\u0e44\u0e2d\u0e14\u0e35\u0e19\u0e30\u0e04\u0e23\u0e31\u0e1a \u0e1c\u0e21\u0e01\u0e47\u0e40\u0e02\u0e49\u0e32\u0e44\u0e1b\u0e1a\u0e32\u0e07\u0e40\u0e27\u0e25\u0e32 \u0e04\u0e23\u0e31\u0e49\u0e07\u0e25\u0e48\u0e32\u0e2a\u0e38\u0e14\u0e17\u0e35\u0e48\u0e40\u0e02\u0e49\u0e32\u0e01\u0e47\u0e2a\u0e31\u0e1b\u0e14\u0e32\u0e2b\u0e4c\u0e17\u0e35\u0e48\u0e41\u0e25\u0e49\u0e27 \u0e41\u0e15\u0e48\u0e1c\u0e21\u0e41\u0e04\u0e48\u0e44\u2026 https:\/\/t.co\/0n5efDcf2J","source":"\u003ca href=\"http:\/\/twitter.com\/download\/iphone\" rel=\"nofollow\"\u003eTwitter for iPhone\u003c\/a\u003e","truncated":true,"in_reply_to_status_id":null,"in_reply_to_status_id_str":null,"in_reply_to_user_id":null,"in_reply_to_user_id_str":null,"in_reply_to_screen_name":null,"user":{"id":1050797014022144000,"id_str":"1050797014022144000","name":"Mis\ud83c\udf3b\ud83e\udd92","screen_name":"MiDss_","location":null,"url":"https:\/\/ask.fm\/MiDss___?utm_source=copy_link&utm_medium=iOS&shareBy=MiDss___","description":null,"translator_type":"none","protected":false,"verified":false,"followers_count":182,"friends_count":165,"listed_count":0,"favourites_count":684,"statuses_count":12288,"created_at":"Fri Oct 12 17:15:05 +0000 2018","utc_offset":null,"time_zone":null,"geo_enabled":false,"lang":null,"contributors_enabled":false,"is_translator":false,"profile_background_color":"F5F8FA","profile_background_image_url":"","profile_background_image_url_https":"","profile_background_tile":false,"profile_link_color":"1DA1F2","profile_sidebar_border_color":"C0DEED","profile_sidebar_fill_color":"DDEEF6","profile_text_color":"333333","profile_use_background_image":true,"profile_image_url":"http:\/\/pbs.twimg.com\/profile_images\/1247957369096568832\/bJSIgEuR_normal.jpg","profile_image_url_https":"https:\/\/pbs.twimg.com\/profile_images\/1247957369096568832\/bJSIgEuR_normal.jpg","profile_banner_url":"https:\/\/pbs.twimg.com\/profile_banners\/1050797014022144000\/1586371237","default_profile":true,"default_profile_image":false,"following":null,"follow_request_sent":null,"notifications":null},"geo":null,"coordinates":null,"place":null,"contributors":null,"is_quote_status":false,"extended_tweet":{"full_text":"\u0e41\u0e1a\u0e1a\u0e1c\u0e21\u0e44\u0e21\u0e48\u0e44\u0e14\u0e49\u0e25\u0e37\u0e21\u0e23\u0e2b\u0e31\u0e2a\u0e17\u0e27\u0e34\u0e15\u0e19\u0e30\u0e04\u0e23\u0e31\u0e1a! \u0e1c\u0e21\u0e44\u0e21\u0e48\u0e44\u0e14\u0e49\u0e25\u0e37\u0e21\u0e44\u0e2d\u0e14\u0e35\u0e19\u0e30\u0e04\u0e23\u0e31\u0e1a \u0e1c\u0e21\u0e01\u0e47\u0e40\u0e02\u0e49\u0e32\u0e44\u0e1b\u0e1a\u0e32\u0e07\u0e40\u0e27\u0e25\u0e32 \u0e04\u0e23\u0e31\u0e49\u0e07\u0e25\u0e48\u0e32\u0e2a\u0e38\u0e14\u0e17\u0e35\u0e48\u0e40\u0e02\u0e49\u0e32\u0e01\u0e47\u0e2a\u0e31\u0e1b\u0e14\u0e32\u0e2b\u0e4c\u0e17\u0e35\u0e48\u0e41\u0e25\u0e49\u0e27 \u0e41\u0e15\u0e48\u0e1c\u0e21\u0e41\u0e04\u0e48\u0e44\u0e21\u0e48\u0e21\u0e35\u0e2d\u0e30\u0e44\u0e23\u0e08\u0e30\u0e1e\u0e39\u0e14 \u0e1c\u0e21\u0e44\u0e21\u0e48\u0e44\u0e14\u0e49\u0e25\u0e37\u0e21\u0e23\u0e2b\u0e31\u0e2a\u0e19\u0e30\ud83d\ude02\ud83d\ude02\ud83d\ude02\ud83d\ude02\ud83d\ude02","display_text_range":[0,150],"entities":{"hashtags":[],"urls":[],"user_mentions":[],"symbols":[]}},"quote_count":0,"reply_count":0,"retweet_count":1,"favorite_count":0,"entities":{"hashtags":[],"urls":[{"url":"https:\/\/t.co\/0n5efDcf2J","expanded_url":"https:\/\/twitter.com\/i\/web\/status\/1248657228669714432","display_url":"twitter.com\/i\/web\/status\/1\u2026","indices":[116,139]}],"user_mentions":[],"symbols":[]},"favorited":false,"retweeted":false,"filter_level":"low","lang":"th"},"is_quote_status":false,"quote_count":0,"reply_count":0,"retweet_count":0,"favorite_count":0,"entities":{"hashtags":[],"urls":[],"user_mentions":[{"screen_name":"MiDss_","name":"Mis\ud83c\udf3b\ud83e\udd92","id":1050797014022144000,"id_str":"1050797014022144000","indices":[3,10]}],"symbols":[]},"favorited":false,"retweeted":false,"filter_level":"low","lang":"th","timestamp_ms":"1586538233660"}
