{"created_at":"Fri Apr 10 17:03:55 +0000 2020","id":1248657978426867717,"id_str":"1248657978426867717","text":"RT @poxataynaro: Resident Ivy foi o MELHOR apelido at\u00e9 agora nesse BBB HAHAHAHAHAHAHA","source":"\u003ca href=\"http:\/\/twitter.com\/download\/android\" rel=\"nofollow\"\u003eTwitter for Android\u003c\/a\u003e","truncated":false,"in_reply_to_status_id":null,"in_reply_to_status_id_str":null,"in_reply_to_user_id":null,"in_reply_to_user_id_str":null,"in_reply_to_screen_name":null,"user":{"id":183796071,"id_str":"183796071","name":"quarentobi de laurentena","screen_name":"suzerain_","location":null,"url":null,"description":"No feudo do meu twitter eu sou a suserana. Hist\u00f3ria\u30fbPaganismo\u30fbFolk Metal\u30fbTokusatsu\u30fbWWE\u30fbPlantas\u30fb@BleedWellForMe","translator_type":"none","protected":false,"verified":false,"followers_count":444,"friends_count":1076,"listed_count":10,"favourites_count":757,"statuses_count":16369,"created_at":"Fri Aug 27 22:40:26 +0000 2010","utc_offset":null,"time_zone":null,"geo_enabled":true,"lang":null,"contributors_enabled":false,"is_translator":false,"profile_background_color":"030303","profile_background_image_url":"http:\/\/abs.twimg.com\/images\/themes\/theme19\/bg.gif","profile_background_image_url_https":"https:\/\/abs.twimg.com\/images\/themes\/theme19\/bg.gif","profile_background_tile":true,"profile_link_color":"FFB90F","profile_sidebar_border_color":"000000","profile_sidebar_fill_color":"FCFDFF","profile_text_color":"030303","profile_use_background_image":true,"profile_image_url":"http:\/\/pbs.twimg.com\/profile_images\/1241557489872777217\/R6Gu94Ne_normal.jpg","profile_image_url_https":"https:\/\/pbs.twimg.com\/profile_images\/1241557489872777217\/R6Gu94Ne_normal.jpg","profile_banner_url":"https:\/\/pbs.twimg.com\/profile_banners\/183796071\/1549499351","default_profile":false,"default_profile_image":false,"following":null,"follow_request_sent":null,"notifications":null},"geo":null,"coordinates":null,"place":null,"contributors":null,"retweeted_status":{"created_at":"Fri Apr 10 16:47:40 +0000 2020","id":1248653887474720768,"id_str":"1248653887474720768","text":"Resident Ivy foi o MELHOR apelido at\u00e9 agora nesse BBB HAHAHAHAHAHAHA","source":"\u003ca href=\"http:\/\/twitter.com\/download\/android\" rel=\"nofollow\"\u003eTwitter for Android\u003c\/a\u003e","truncated":false,"in_reply_to_status_id":null,"in_reply_to_status_id_str":null,"in_reply_to_user_id":null,"in_reply_to_user_id_str":null,"in_reply_to_screen_name":null,"user":{"id":56482120,"id_str":"56482120","name":"Taynaro #ForaBolsonaro","screen_name":"poxataynaro","location":"Juiz de Fora Bozo","url":"https:\/\/www.instagram.com\/taynaramiguel\/","description":"All the furfles feelings\nFAN ACCOUNT","translator_type":"none","protected":false,"verified":false,"followers_count":3696,"friends_count":1101,"listed_count":70,"favourites_count":24305,"statuses_count":204806,"created_at":"Mon Jul 13 20:27:08 +0000 2009","utc_offset":null,"time_zone":null,"geo_enabled":true,"lang":null,"contributors_enabled":false,"is_translator":false,"profile_background_color":"000000","profile_background_image_url":"http:\/\/abs.twimg.com\/images\/themes\/theme17\/bg.gif","profile_background_image_url_https":"https:\/\/abs.twimg.com\/images\/themes\/theme17\/bg.gif","profile_background_tile":false,"profile_link_color":"E81C4F","profile_sidebar_border_color":"000000","profile_sidebar_fill_color":"000000","profile_text_color":"000000","profile_use_background_image":false,"profile_image_url":"http:\/\/pbs.twimg.com\/profile_images\/1064854060480823296\/DmM2oGx3_normal.jpg","profile_image_url_https":"https:\/\/pbs.twimg.com\/profile_images\/1064854060480823296\/DmM2oGx3_normal.jpg","profile_banner_url":"https:\/\/pbs.twimg.com\/profile_banners\/56482120\/1515011242","default_profile":false,"default_profile_image":false,"following":null,"follow_request_sent":null,"notifications":null},"geo":null,"coordinates":null,"place":null,"contributors":null,"is_quote_status":false,"quote_count":0,"reply_count":0,"retweet_count":2,"favorite_count":4,"entities":{"hashtags":[],"urls":[],"user_mentions":[],"symbols":[]},"favorited":false,"retweeted":false,"filter_level":"low","lang":"pt"},"is_quote_status":false,"quote_count":0,"reply_count":0,"retweet_count":0,"favorite_count":0,"entities":{"hashtags":[],"urls":[],"user_mentions":[{"screen_name":"poxataynaro","name":"Taynaro #ForaBolsonaro","id":56482120,"id_str":"56482120","indices":[3,15]}],"symbols":[]},"favorited":false,"retweeted":false,"filter_level":"low","lang":"pt","timestamp_ms":"1586538235657"}
