{"created_at":"Fri Apr 10 17:03:51 +0000 2020","id":1248657961670578181,"id_str":"1248657961670578181","text":"@camperocarlo Son pendejos, gente ignorante e incr\u00e9dula.","display_text_range":[14,56],"source":"\u003ca href=\"http:\/\/twitter.com\/download\/android\" rel=\"nofollow\"\u003eTwitter for Android\u003c\/a\u003e","truncated":false,"in_reply_to_status_id":1248466066415599618,"in_reply_to_status_id_str":"1248466066415599618","in_reply_to_user_id":1015697002431119360,"in_reply_to_user_id_str":"1015697002431119360","in_reply_to_screen_name":"camperocarlo","user":{"id":158177327,"id_str":"158177327","name":"Diego","screen_name":"DiegoRamvel","location":"Cuernavaca, Morelos.","url":"http:\/\/www.facebook.com\/Sadtuiteando","description":"Inventor de mi alterego @Sadtuiteando.\nEstudiante de d\u00eda, sadtuitero de noche.\nEscribo s\u00f3lo por pasatiempo.","translator_type":"none","protected":false,"verified":false,"followers_count":840,"friends_count":358,"listed_count":4,"favourites_count":8610,"statuses_count":1033,"created_at":"Tue Jun 22 00:25:18 +0000 2010","utc_offset":null,"time_zone":null,"geo_enabled":false,"lang":null,"contributors_enabled":false,"is_translator":false,"profile_background_color":"000000","profile_background_image_url":"http:\/\/abs.twimg.com\/images\/themes\/theme1\/bg.png","profile_background_image_url_https":"https:\/\/abs.twimg.com\/images\/themes\/theme1\/bg.png","profile_background_tile":false,"profile_link_color":"CC3300","profile_sidebar_border_color":"FFFFFF","profile_sidebar_fill_color":"F7DA93","profile_text_color":"000000","profile_use_background_image":true,"profile_image_url":"http:\/\/pbs.twimg.com\/profile_images\/1245608901602463744\/naSHMvzm_normal.jpg","profile_image_url_https":"https:\/\/pbs.twimg.com\/profile_images\/1245608901602463744\/naSHMvzm_normal.jpg","profile_banner_url":"https:\/\/pbs.twimg.com\/profile_banners\/158177327\/1549340733","default_profile":false,"default_profile_image":false,"following":null,"follow_request_sent":null,"notifications":null},"geo":null,"coordinates":null,"place":null,"contributors":null,"is_quote_status":false,"quote_count":0,"reply_count":0,"retweet_count":0,"favorite_count":0,"entities":{"hashtags":[],"urls":[],"user_mentions":[{"screen_name":"camperocarlo","name":"Campero \ud83d\udc79","id":1015697002431119360,"id_str":"1015697002431119360","indices":[0,13]}],"symbols":[]},"favorited":false,"retweeted":false,"filter_level":"low","lang":"es","timestamp_ms":"1586538231662"}
