{"created_at":"Fri Apr 10 17:03:57 +0000 2020","id":1248657986815320064,"id_str":"1248657986815320064","text":"@IntolerantMano2 @iwelost \u092e\u094b\u0939\u0924\u0930\u092e\u093e Hydroxychloroquine \u092c\u094b\u0932\u0928\u0947 \u0915\u0940 \u092a\u094d\u0930\u0948\u0915\u094d\u091f\u093f\u0938 \u0915\u0930 \u0930\u0939\u0940 \u0939\u0948","display_text_range":[26,81],"source":"\u003ca href=\"http:\/\/twitter.com\/download\/android\" rel=\"nofollow\"\u003eTwitter for Android\u003c\/a\u003e","truncated":false,"in_reply_to_status_id":1248581189025148928,"in_reply_to_status_id_str":"1248581189025148928","in_reply_to_user_id":754291101981220864,"in_reply_to_user_id_str":"754291101981220864","in_reply_to_screen_name":"IntolerantMano2","user":{"id":1247400118141124609,"id_str":"1247400118141124609","name":"\u092e\u094c\u0932\u093e\u0928\u093e \u0928\u0938\u092c\u0902\u0926\u0942\u0926\u094d\u0926\u0940\u0928","screen_name":"mol_nasbandudin","location":"72 \u0939\u0942\u0930 , \u091c\u0928\u094d\u0928\u0924","url":null,"description":null,"translator_type":"none","protected":false,"verified":false,"followers_count":78,"friends_count":242,"listed_count":0,"favourites_count":379,"statuses_count":181,"created_at":"Tue Apr 07 05:45:47 +0000 2020","utc_offset":null,"time_zone":null,"geo_enabled":false,"lang":null,"contributors_enabled":false,"is_translator":false,"profile_background_color":"F5F8FA","profile_background_image_url":"","profile_background_image_url_https":"","profile_background_tile":false,"profile_link_color":"1DA1F2","profile_sidebar_border_color":"C0DEED","profile_sidebar_fill_color":"DDEEF6","profile_text_color":"333333","profile_use_background_image":true,"profile_image_url":"http:\/\/pbs.twimg.com\/profile_images\/1248140747460628480\/iph9C6ea_normal.jpg","profile_image_url_https":"https:\/\/pbs.twimg.com\/profile_images\/1248140747460628480\/iph9C6ea_normal.jpg","default_profile":true,"default_profile_image":false,"following":null,"follow_request_sent":null,"notifications":null},"geo":null,"coordinates":null,"place":null,"contributors":null,"is_quote_status":false,"quote_count":0,"reply_count":0,"retweet_count":0,"favorite_count":0,"entities":{"hashtags":[],"urls":[],"user_mentions":[{"screen_name":"IntolerantMano2","name":"\u0932\u0902\u0915\u093e \u092a\u0924\u093f , \u0930\u093e\u0935\u0923","id":754291101981220864,"id_str":"754291101981220864","indices":[0,16]},{"screen_name":"iwelost","name":"\u092e\u094c\u0932\u0935\u0940 \u0939\u093f\u0932\u094d\u0932\u094c\u0926\u094d\u0926\u0940\u0928 \u0905\u0915\u092c\u0930\u0935\u093e\u0926\u0940","id":825754462564315138,"id_str":"825754462564315138","indices":[17,25]}],"symbols":[]},"favorited":false,"retweeted":false,"filter_level":"low","lang":"hi","timestamp_ms":"1586538237657"}
