{"created_at":"Fri Apr 10 17:03:48 +0000 2020","id":1248657949070741506,"id_str":"1248657949070741506","text":"https:\/\/t.co\/ASjs24m4yi","display_text_range":[0,0],"source":"\u003ca href=\"http:\/\/twitter.com\/download\/android\" rel=\"nofollow\"\u003eTwitter for Android\u003c\/a\u003e","truncated":false,"in_reply_to_status_id":null,"in_reply_to_status_id_str":null,"in_reply_to_user_id":null,"in_reply_to_user_id_str":null,"in_reply_to_screen_name":null,"user":{"id":1151669936122580992,"id_str":"1151669936122580992","name":"Ayustina10","screen_name":"Ayustina101","location":"VERRERDISE","url":null,"description":"\ud83d\udc96\ud83d\udc9c\ud83d\udc51VERIVERY \ud83d\udc51\ud83d\udc9c\ud83d\udc96\n\nJust like Han river can't be completed without ramen, VERIVERY can't be completed without VERRER (Bae Hoyoung)","translator_type":"none","protected":false,"verified":false,"followers_count":77,"friends_count":231,"listed_count":2,"favourites_count":3975,"statuses_count":3524,"created_at":"Thu Jul 18 01:48:04 +0000 2019","utc_offset":null,"time_zone":null,"geo_enabled":false,"lang":null,"contributors_enabled":false,"is_translator":false,"profile_background_color":"F5F8FA","profile_background_image_url":"","profile_background_image_url_https":"","profile_background_tile":false,"profile_link_color":"1DA1F2","profile_sidebar_border_color":"C0DEED","profile_sidebar_fill_color":"DDEEF6","profile_text_color":"333333","profile_use_background_image":true,"profile_image_url":"http:\/\/pbs.twimg.com\/profile_images\/1246781839173283843\/lXxYqBQl_normal.jpg","profile_image_url_https":"https:\/\/pbs.twimg.com\/profile_images\/1246781839173283843\/lXxYqBQl_normal.jpg","profile_banner_url":"https:\/\/pbs.twimg.com\/profile_banners\/1151669936122580992\/1585318835","default_profile":true,"default_profile_image":false,"following":null,"follow_request_sent":null,"notifications":null},"geo":null,"coordinates":null,"place":null,"contributors":null,"quoted_status_id":1248619322802487299,"quoted_status_id_str":"1248619322802487299","quoted_status":{"created_at":"Fri Apr 10 14:30:19 +0000 2020","id":1248619322802487299,"id_str":"1248619322802487299","text":"-idol siapa? https:\/\/t.co\/8DiIfkJG18","display_text_range":[0,12],"source":"\u003ca href=\"https:\/\/twitter.com\/idolfess\" rel=\"nofollow\"\u003eidolfess\u003c\/a\u003e","truncated":false,"in_reply_to_status_id":null,"in_reply_to_status_id_str":null,"in_reply_to_user_id":null,"in_reply_to_user_id_str":null,"in_reply_to_screen_name":null,"user":{"id":1074229621774737413,"id_str":"1074229621774737413","name":"USE-idol | JANGAN SPAM \u203c\ufe0f","screen_name":"idolfess","location":null,"url":"https:\/\/twitter.com\/idolfess\/status\/1210447685729173505?s=19","description":"Menfess Bot for sharing about idols |\nManaged by @pengaduanfess2\nOperated by @altenterx | Contact us through @pengaduanfess2 | Go follow our sub base @starfess.","translator_type":"none","protected":false,"verified":false,"followers_count":155917,"friends_count":26788,"listed_count":2145,"favourites_count":56,"statuses_count":371157,"created_at":"Sun Dec 16 09:07:54 +0000 2018","utc_offset":null,"time_zone":null,"geo_enabled":false,"lang":null,"contributors_enabled":false,"is_translator":false,"profile_background_color":"F5F8FA","profile_background_image_url":"","profile_background_image_url_https":"","profile_background_tile":false,"profile_link_color":"1DA1F2","profile_sidebar_border_color":"C0DEED","profile_sidebar_fill_color":"DDEEF6","profile_text_color":"333333","profile_use_background_image":true,"profile_image_url":"http:\/\/pbs.twimg.com\/profile_images\/1245249313246044161\/J5mqTMD0_normal.jpg","profile_image_url_https":"https:\/\/pbs.twimg.com\/profile_images\/1245249313246044161\/J5mqTMD0_normal.jpg","default_profile":true,"default_profile_image":false,"following":null,"follow_request_sent":null,"notifications":null},"geo":null,"coordinates":null,"place":null,"contributors":null,"is_quote_status":false,"quote_count":20,"reply_count":124,"retweet_count":4,"favorite_count":87,"entities":{"hashtags":[],"urls":[],"user_mentions":[],"symbols":[],"media":[{"id":1248615551934410753,"id_str":"1248615551934410753","indices":[13,36],"media_url":"http:\/\/pbs.twimg.com\/media\/EVP5OqIUMAE3oKA.jpg","media_url_https":"https:\/\/pbs.twimg.com\/media\/EVP5OqIUMAE3oKA.jpg","url":"https:\/\/t.co\/8DiIfkJG18","display_url":"pic.twitter.com\/8DiIfkJG18","expanded_url":"https:\/\/twitter.com\/idolfess\/status\/1248619322802487299\/photo\/1","type":"photo","sizes":{"thumb":{"w":150,"h":150,"resize":"crop"},"medium":{"w":1200,"h":675,"resize":"fit"},"large":{"w":1280,"h":720,"resize":"fit"},"small":{"w":680,"h":383,"resize":"fit"}}}]},"extended_entities":{"media":[{"id":1248615551934410753,"id_str":"1248615551934410753","indices":[13,36],"media_url":"http:\/\/pbs.twimg.com\/media\/EVP5OqIUMAE3oKA.jpg","media_url_https":"https:\/\/pbs.twimg.com\/media\/EVP5OqIUMAE3oKA.jpg","url":"https:\/\/t.co\/8DiIfkJG18","display_url":"pic.twitter.com\/8DiIfkJG18","expanded_url":"https:\/\/twitter.com\/idolfess\/status\/1248619322802487299\/photo\/1","type":"photo","sizes":{"thumb":{"w":150,"h":150,"resize":"crop"},"medium":{"w":1200,"h":675,"resize":"fit"},"large":{"w":1280,"h":720,"resize":"fit"},"small":{"w":680,"h":383,"resize":"fit"}}}]},"favorited":false,"retweeted":false,"possibly_sensitive":false,"filter_level":"low","lang":"in"},"quoted_status_permalink":{"url":"https:\/\/t.co\/Qx7P1fp5Rq","expanded":"https:\/\/twitter.com\/idolfess\/status\/1248619322802487299","display":"twitter.com\/idolfess\/statu\u2026"},"is_quote_status":true,"quote_count":0,"reply_count":0,"retweet_count":0,"favorite_count":0,"entities":{"hashtags":[],"urls":[],"user_mentions":[],"symbols":[],"media":[{"id":1248657931559563264,"id_str":"1248657931559563264","indices":[0,23],"media_url":"http:\/\/pbs.twimg.com\/media\/EVQfxeiU8AAFbku.jpg","media_url_https":"https:\/\/pbs.twimg.com\/media\/EVQfxeiU8AAFbku.jpg","url":"https:\/\/t.co\/ASjs24m4yi","display_url":"pic.twitter.com\/ASjs24m4yi","expanded_url":"https:\/\/twitter.com\/Ayustina101\/status\/1248657949070741506\/photo\/1","type":"photo","sizes":{"thumb":{"w":150,"h":150,"resize":"crop"},"small":{"w":445,"h":680,"resize":"fit"},"large":{"w":1340,"h":2048,"resize":"fit"},"medium":{"w":785,"h":1200,"resize":"fit"}}}]},"extended_entities":{"media":[{"id":1248657931559563264,"id_str":"1248657931559563264","indices":[0,23],"media_url":"http:\/\/pbs.twimg.com\/media\/EVQfxeiU8AAFbku.jpg","media_url_https":"https:\/\/pbs.twimg.com\/media\/EVQfxeiU8AAFbku.jpg","url":"https:\/\/t.co\/ASjs24m4yi","display_url":"pic.twitter.com\/ASjs24m4yi","expanded_url":"https:\/\/twitter.com\/Ayustina101\/status\/1248657949070741506\/photo\/1","type":"photo","sizes":{"thumb":{"w":150,"h":150,"resize":"crop"},"small":{"w":445,"h":680,"resize":"fit"},"large":{"w":1340,"h":2048,"resize":"fit"},"medium":{"w":785,"h":1200,"resize":"fit"}}}]},"favorited":false,"retweeted":false,"possibly_sensitive":false,"filter_level":"low","lang":"und","timestamp_ms":"1586538228658"}
