{"created_at":"Fri Apr 10 17:03:50 +0000 2020","id":1248657957488750592,"id_str":"1248657957488750592","text":"@1slagger","source":"\u003ca href=\"http:\/\/twitter.com\/download\/android\" rel=\"nofollow\"\u003eTwitter for Android\u003c\/a\u003e","truncated":false,"in_reply_to_status_id":null,"in_reply_to_status_id_str":null,"in_reply_to_user_id":1183307024982929408,"in_reply_to_user_id_str":"1183307024982929408","in_reply_to_screen_name":"1slagger","user":{"id":1183307024982929408,"id_str":"1183307024982929408","name":"\u0e0a\u0e32\u0e23\u0e4c\u0e08","screen_name":"1slagger","location":null,"url":null,"description":"\u0e08\u0e4a\u0e32\u0e1a\u0e1a\u0e1a\u0e1a\u0e1a\u0e1a\u0e1a\u0e1a\u0e1a\u0e1a\u0e1a\u0e1a\u0e1a\u0e1a\u0e1a\u0e1a\u0e1a\u0e1a","translator_type":"none","protected":false,"verified":false,"followers_count":361,"friends_count":362,"listed_count":0,"favourites_count":1479,"statuses_count":1255,"created_at":"Sun Oct 13 09:02:43 +0000 2019","utc_offset":null,"time_zone":null,"geo_enabled":false,"lang":null,"contributors_enabled":false,"is_translator":false,"profile_background_color":"F5F8FA","profile_background_image_url":"","profile_background_image_url_https":"","profile_background_tile":false,"profile_link_color":"1DA1F2","profile_sidebar_border_color":"C0DEED","profile_sidebar_fill_color":"DDEEF6","profile_text_color":"333333","profile_use_background_image":true,"profile_image_url":"http:\/\/pbs.twimg.com\/profile_images\/1248200070295515136\/0UyvszzZ_normal.jpg","profile_image_url_https":"https:\/\/pbs.twimg.com\/profile_images\/1248200070295515136\/0UyvszzZ_normal.jpg","profile_banner_url":"https:\/\/pbs.twimg.com\/profile_banners\/1183307024982929408\/1585475607","default_profile":true,"default_profile_image":false,"following":null,"follow_request_sent":null,"notifications":null},"geo":null,"coordinates":null,"place":null,"contributors":null,"quoted_status_id":1248657498808041479,"quoted_status_id_str":"1248657498808041479","quoted_status":{"created_at":"Fri Apr 10 17:02:01 +0000 2020","id":1248657498808041479,"id_str":"1248657498808041479","text":"00:00(+1)","source":"\u003ca href=\"http:\/\/twitter.com\/download\/android\" rel=\"nofollow\"\u003eTwitter for Android\u003c\/a\u003e","truncated":false,"in_reply_to_status_id":null,"in_reply_to_status_id_str":null,"in_reply_to_user_id":null,"in_reply_to_user_id_str":null,"in_reply_to_screen_name":null,"user":{"id":1107204051089788928,"id_str":"1107204051089788928","name":"\ud835\ude71\ud835\ude95\ud835\ude9e\ud835\ude8e\ud800\udc82","screen_name":"blue_zooft","location":null,"url":null,"description":"\u0e16\u0e49\u0e32\u0e40\u0e18\u0e2d\u0e0a\u0e2d\u0e1a\u0e43\u0e2a\u0e48\u0e2b\u0e21\u0e27\u0e01 \u0e07\u0e31\u0e49\u0e19\u0e40\u0e2d\u0e32\u0e2b\u0e48\u0e2d\u0e2b\u0e21\u0e01\u0e2e\u0e27\u0e01\u0e44\u0e1b\u0e1d\u0e32\u0e01\u0e1b\u0e49\u0e32\u0e40\u0e18\u0e2d\u0e19\u0e30\n#\u0e25\u0e31\u0e17\u0e18\u0e34\u0e1e\u0e48\u0e2d\u0e22\u0e39 \u0e2b\u0e19\u0e39\u0e23\u0e31\u0e01\u0e1e\u0e48\u0e2d\u0e2e\u0e31\u0e1a","translator_type":"none","protected":false,"verified":false,"followers_count":603,"friends_count":503,"listed_count":0,"favourites_count":5456,"statuses_count":14695,"created_at":"Sun Mar 17 08:56:31 +0000 2019","utc_offset":null,"time_zone":null,"geo_enabled":false,"lang":null,"contributors_enabled":false,"is_translator":false,"profile_background_color":"F5F8FA","profile_background_image_url":"","profile_background_image_url_https":"","profile_background_tile":false,"profile_link_color":"1DA1F2","profile_sidebar_border_color":"C0DEED","profile_sidebar_fill_color":"DDEEF6","profile_text_color":"333333","profile_use_background_image":true,"profile_image_url":"http:\/\/pbs.twimg.com\/profile_images\/1248266993171456008\/KOyZi6be_normal.jpg","profile_image_url_https":"https:\/\/pbs.twimg.com\/profile_images\/1248266993171456008\/KOyZi6be_normal.jpg","profile_banner_url":"https:\/\/pbs.twimg.com\/profile_banners\/1107204051089788928\/1581938895","default_profile":true,"default_profile_image":false,"following":null,"follow_request_sent":null,"notifications":null},"geo":null,"coordinates":null,"place":null,"contributors":null,"is_quote_status":false,"quote_count":0,"reply_count":0,"retweet_count":0,"favorite_count":0,"entities":{"hashtags":[],"urls":[],"user_mentions":[],"symbols":[]},"favorited":false,"retweeted":false,"filter_level":"low","lang":"und"},"quoted_status_permalink":{"url":"https:\/\/t.co\/PqmNNO3pGn","expanded":"https:\/\/twitter.com\/blue_zooft\/status\/1248657498808041479","display":"twitter.com\/blue_zooft\/sta\u2026"},"is_quote_status":true,"quote_count":0,"reply_count":0,"retweet_count":0,"favorite_count":0,"entities":{"hashtags":[],"urls":[],"user_mentions":[{"screen_name":"1slagger","name":"\u0e0a\u0e32\u0e23\u0e4c\u0e08","id":1183307024982929408,"id_str":"1183307024982929408","indices":[0,9]}],"symbols":[]},"favorited":false,"retweeted":false,"filter_level":"low","lang":"und","timestamp_ms":"1586538230665"}
