{"created_at":"Fri Apr 10 17:03:56 +0000 2020","id":1248657982658760704,"id_str":"1248657982658760704","text":"RT @choers1: luvstory_&lt;3","source":"\u003ca href=\"http:\/\/twitter.com\/download\/android\" rel=\"nofollow\"\u003eTwitter for Android\u003c\/a\u003e","truncated":false,"in_reply_to_status_id":null,"in_reply_to_status_id_str":null,"in_reply_to_user_id":null,"in_reply_to_user_id_str":null,"in_reply_to_screen_name":null,"user":{"id":948484929129562113,"id_str":"948484929129562113","name":"\ud83c\udf3e","screen_name":"_shashaxxi","location":null,"url":null,"description":"even though fresh wind is blowing being alone is lonely","translator_type":"none","protected":false,"verified":false,"followers_count":103,"friends_count":282,"listed_count":0,"favourites_count":76786,"statuses_count":54059,"created_at":"Wed Jan 03 09:23:23 +0000 2018","utc_offset":null,"time_zone":null,"geo_enabled":false,"lang":null,"contributors_enabled":false,"is_translator":false,"profile_background_color":"F5F8FA","profile_background_image_url":"","profile_background_image_url_https":"","profile_background_tile":false,"profile_link_color":"1DA1F2","profile_sidebar_border_color":"C0DEED","profile_sidebar_fill_color":"DDEEF6","profile_text_color":"333333","profile_use_background_image":true,"profile_image_url":"http:\/\/pbs.twimg.com\/profile_images\/1243274256013619200\/hFPXdYwD_normal.jpg","profile_image_url_https":"https:\/\/pbs.twimg.com\/profile_images\/1243274256013619200\/hFPXdYwD_normal.jpg","profile_banner_url":"https:\/\/pbs.twimg.com\/profile_banners\/948484929129562113\/1585254654","default_profile":true,"default_profile_image":false,"following":null,"follow_request_sent":null,"notifications":null},"geo":null,"coordinates":null,"place":null,"contributors":null,"retweeted_status":{"created_at":"Fri Apr 10 16:58:04 +0000 2020","id":1248656504732844032,"id_str":"1248656504732844032","text":"luvstory_&lt;3","source":"\u003ca href=\"https:\/\/mobile.twitter.com\" rel=\"nofollow\"\u003eTwitter Web App\u003c\/a\u003e","truncated":false,"in_reply_to_status_id":null,"in_reply_to_status_id_str":null,"in_reply_to_user_id":null,"in_reply_to_user_id_str":null,"in_reply_to_screen_name":null,"user":{"id":490031047,"id_str":"490031047","name":"\ucd5c\ub798\uc131","screen_name":"choers1","location":null,"url":null,"description":"prod.millennium","translator_type":"none","protected":false,"verified":false,"followers_count":21043,"friends_count":0,"listed_count":70,"favourites_count":71,"statuses_count":8,"created_at":"Sun Feb 12 04:43:55 +0000 2012","utc_offset":null,"time_zone":null,"geo_enabled":false,"lang":null,"contributors_enabled":false,"is_translator":false,"profile_background_color":"C0DEED","profile_background_image_url":"http:\/\/abs.twimg.com\/images\/themes\/theme1\/bg.png","profile_background_image_url_https":"https:\/\/abs.twimg.com\/images\/themes\/theme1\/bg.png","profile_background_tile":false,"profile_link_color":"ABB8C2","profile_sidebar_border_color":"C0DEED","profile_sidebar_fill_color":"DDEEF6","profile_text_color":"333333","profile_use_background_image":true,"profile_image_url":"http:\/\/pbs.twimg.com\/profile_images\/1096027999579729920\/kTqzg6Vd_normal.png","profile_image_url_https":"https:\/\/pbs.twimg.com\/profile_images\/1096027999579729920\/kTqzg6Vd_normal.png","profile_banner_url":"https:\/\/pbs.twimg.com\/profile_banners\/490031047\/1550148502","default_profile":false,"default_profile_image":false,"following":null,"follow_request_sent":null,"notifications":null},"geo":null,"coordinates":null,"place":null,"contributors":null,"is_quote_status":false,"quote_count":178,"reply_count":461,"retweet_count":384,"favorite_count":550,"entities":{"hashtags":[],"urls":[],"user_mentions":[],"symbols":[]},"favorited":false,"retweeted":false,"filter_level":"low","lang":"und"},"is_quote_status":false,"quote_count":0,"reply_count":0,"retweet_count":0,"favorite_count":0,"entities":{"hashtags":[],"urls":[],"user_mentions":[{"screen_name":"choers1","name":"\ucd5c\ub798\uc131","id":490031047,"id_str":"490031047","indices":[3,11]}],"symbols":[]},"favorited":false,"retweeted":false,"filter_level":"low","lang":"und","timestamp_ms":"1586538236666"}
