{"created_at":"Fri Apr 10 17:03:55 +0000 2020","id":1248657978443481088,"id_str":"1248657978443481088","text":"RT @wanlange01: #\uc870\uc774 #joy https:\/\/t.co\/ou6ET23Idj","source":"\u003ca href=\"http:\/\/twitter.com\/download\/android\" rel=\"nofollow\"\u003eTwitter for Android\u003c\/a\u003e","truncated":false,"in_reply_to_status_id":null,"in_reply_to_status_id_str":null,"in_reply_to_user_id":null,"in_reply_to_user_id_str":null,"in_reply_to_screen_name":null,"user":{"id":767723128407531525,"id_str":"767723128407531525","name":"Steven Tseng","screen_name":"StevenTseng9","location":null,"url":null,"description":null,"translator_type":"none","protected":false,"verified":false,"followers_count":0,"friends_count":85,"listed_count":0,"favourites_count":1930,"statuses_count":74,"created_at":"Mon Aug 22 14:00:32 +0000 2016","utc_offset":null,"time_zone":null,"geo_enabled":false,"lang":null,"contributors_enabled":false,"is_translator":false,"profile_background_color":"F5F8FA","profile_background_image_url":"","profile_background_image_url_https":"","profile_background_tile":false,"profile_link_color":"1DA1F2","profile_sidebar_border_color":"C0DEED","profile_sidebar_fill_color":"DDEEF6","profile_text_color":"333333","profile_use_background_image":true,"profile_image_url":"http:\/\/abs.twimg.com\/sticky\/default_profile_images\/default_profile_normal.png","profile_image_url_https":"https:\/\/abs.twimg.com\/sticky\/default_profile_images\/default_profile_normal.png","default_profile":true,"default_profile_image":false,"following":null,"follow_request_sent":null,"notifications":null},"geo":null,"coordinates":null,"place":null,"contributors":null,"retweeted_status":{"created_at":"Fri Apr 10 08:55:11 +0000 2020","id":1248534986073894913,"id_str":"1248534986073894913","text":"#\uc870\uc774 #joy https:\/\/t.co\/ou6ET23Idj","display_text_range":[0,8],"source":"\u003ca href=\"http:\/\/twitter.com\/download\/android\" rel=\"nofollow\"\u003eTwitter for Android\u003c\/a\u003e","truncated":false,"in_reply_to_status_id":null,"in_reply_to_status_id_str":null,"in_reply_to_user_id":null,"in_reply_to_user_id_str":null,"in_reply_to_screen_name":null,"user":{"id":993424087283261441,"id_str":"993424087283261441","name":"\uc644\ub791\uc774","screen_name":"wanlange01","location":null,"url":null,"description":"\uc800\ub294 \uc644\ub791\uc774\uc5d0\uc694 \ub9de\ud314 \ud574\uc694","translator_type":"none","protected":false,"verified":false,"followers_count":2455,"friends_count":144,"listed_count":9,"favourites_count":336,"statuses_count":131,"created_at":"Mon May 07 09:35:34 +0000 2018","utc_offset":null,"time_zone":null,"geo_enabled":false,"lang":null,"contributors_enabled":false,"is_translator":false,"profile_background_color":"F5F8FA","profile_background_image_url":"","profile_background_image_url_https":"","profile_background_tile":false,"profile_link_color":"1DA1F2","profile_sidebar_border_color":"C0DEED","profile_sidebar_fill_color":"DDEEF6","profile_text_color":"333333","profile_use_background_image":true,"profile_image_url":"http:\/\/pbs.twimg.com\/profile_images\/1127974995282415629\/WBnhvTs7_normal.jpg","profile_image_url_https":"https:\/\/pbs.twimg.com\/profile_images\/1127974995282415629\/WBnhvTs7_normal.jpg","profile_banner_url":"https:\/\/pbs.twimg.com\/profile_banners\/993424087283261441\/1557472590","default_profile":true,"default_profile_image":false,"following":null,"follow_request_sent":null,"notifications":null},"geo":null,"coordinates":null,"place":null,"contributors":null,"is_quote_status":false,"quote_count":1,"reply_count":0,"retweet_count":31,"favorite_count":107,"entities":{"hashtags":[{"text":"\uc870\uc774","indices":[0,3]},{"text":"joy","indices":[4,8]}],"urls":[],"user_mentions":[],"symbols":[],"media":[{"id":1248534924056858624,"id_str":"1248534924056858624","indices":[9,32],"media_url":"http:\/\/pbs.twimg.com\/tweet_video_thumb\/EVOv5f4UEAA6Wkb.jpg","media_url_https":"https:\/\/pbs.twimg.com\/tweet_video_thumb\/EVOv5f4UEAA6Wkb.jpg","url":"https:\/\/t.co\/ou6ET23Idj","display_url":"pic.twitter.com\/ou6ET23Idj","expanded_url":"https:\/\/twitter.com\/wanlange01\/status\/1248534986073894913\/photo\/1","type":"photo","sizes":{"thumb":{"w":150,"h":150,"resize":"crop"},"small":{"w":346,"h":418,"resize":"fit"},"medium":{"w":346,"h":418,"resize":"fit"},"large":{"w":346,"h":418,"resize":"fit"}}}]},"extended_entities":{"media":[{"id":1248534924056858624,"id_str":"1248534924056858624","indices":[9,32],"media_url":"http:\/\/pbs.twimg.com\/tweet_video_thumb\/EVOv5f4UEAA6Wkb.jpg","media_url_https":"https:\/\/pbs.twimg.com\/tweet_video_thumb\/EVOv5f4UEAA6Wkb.jpg","url":"https:\/\/t.co\/ou6ET23Idj","display_url":"pic.twitter.com\/ou6ET23Idj","expanded_url":"https:\/\/twitter.com\/wanlange01\/status\/1248534986073894913\/photo\/1","type":"animated_gif","video_info":{"aspect_ratio":[173,209],"variants":[{"bitrate":0,"content_type":"video\/mp4","url":"https:\/\/video.twimg.com\/tweet_video\/EVOv5f4UEAA6Wkb.mp4"}]},"sizes":{"thumb":{"w":150,"h":150,"resize":"crop"},"small":{"w":346,"h":418,"resize":"fit"},"medium":{"w":346,"h":418,"resize":"fit"},"large":{"w":346,"h":418,"resize":"fit"}}}]},"favorited":false,"retweeted":false,"possibly_sensitive":false,"filter_level":"low","lang":"und"},"is_quote_status":false,"quote_count":0,"reply_count":0,"retweet_count":0,"favorite_count":0,"entities":{"hashtags":[{"text":"\uc870\uc774","indices":[16,19]},{"text":"joy","indices":[20,24]}],"urls":[],"user_mentions":[{"screen_name":"wanlange01","name":"\uc644\ub791\uc774","id":993424087283261441,"id_str":"993424087283261441","indices":[3,14]}],"symbols":[],"media":[{"id":1248534924056858624,"id_str":"1248534924056858624","indices":[25,48],"media_url":"http:\/\/pbs.twimg.com\/tweet_video_thumb\/EVOv5f4UEAA6Wkb.jpg","media_url_https":"https:\/\/pbs.twimg.com\/tweet_video_thumb\/EVOv5f4UEAA6Wkb.jpg","url":"https:\/\/t.co\/ou6ET23Idj","display_url":"pic.twitter.com\/ou6ET23Idj","expanded_url":"https:\/\/twitter.com\/wanlange01\/status\/1248534986073894913\/photo\/1","type":"photo","sizes":{"thumb":{"w":150,"h":150,"resize":"crop"},"small":{"w":346,"h":418,"resize":"fit"},"medium":{"w":346,"h":418,"resize":"fit"},"large":{"w":346,"h":418,"resize":"fit"}},"source_status_id":1248534986073894913,"source_status_id_str":"1248534986073894913","source_user_id":993424087283261441,"source_user_id_str":"993424087283261441"}]},"extended_entities":{"media":[{"id":1248534924056858624,"id_str":"1248534924056858624","indices":[25,48],"media_url":"http:\/\/pbs.twimg.com\/tweet_video_thumb\/EVOv5f4UEAA6Wkb.jpg","media_url_https":"https:\/\/pbs.twimg.com\/tweet_video_thumb\/EVOv5f4UEAA6Wkb.jpg","url":"https:\/\/t.co\/ou6ET23Idj","display_url":"pic.twitter.com\/ou6ET23Idj","expanded_url":"https:\/\/twitter.com\/wanlange01\/status\/1248534986073894913\/photo\/1","type":"animated_gif","video_info":{"aspect_ratio":[173,209],"variants":[{"bitrate":0,"content_type":"video\/mp4","url":"https:\/\/video.twimg.com\/tweet_video\/EVOv5f4UEAA6Wkb.mp4"}]},"sizes":{"thumb":{"w":150,"h":150,"resize":"crop"},"small":{"w":346,"h":418,"resize":"fit"},"medium":{"w":346,"h":418,"resize":"fit"},"large":{"w":346,"h":418,"resize":"fit"}},"source_status_id":1248534986073894913,"source_status_id_str":"1248534986073894913","source_user_id":993424087283261441,"source_user_id_str":"993424087283261441"}]},"favorited":false,"retweeted":false,"possibly_sensitive":false,"filter_level":"low","lang":"und","timestamp_ms":"1586538235661"}
