{"created_at":"Fri Apr 10 17:03:52 +0000 2020","id":1248657965877526536,"id_str":"1248657965877526536","text":"RT @realDonaldTrump: https:\/\/t.co\/HGD0GHUOjt","source":"\u003ca href=\"https:\/\/mobile.twitter.com\" rel=\"nofollow\"\u003eTwitter Web App\u003c\/a\u003e","truncated":false,"in_reply_to_status_id":null,"in_reply_to_status_id_str":null,"in_reply_to_user_id":null,"in_reply_to_user_id_str":null,"in_reply_to_screen_name":null,"user":{"id":4614670817,"id_str":"4614670817","name":"Ava Barlow","screen_name":"AuthorAvaBarlow","location":"Michigan, USA","url":"http:\/\/bit.ly\/AuthorAB","description":"Author of Fiction Action\/Adventure Novels.    If I wrote my bio, unbelievable. I have a lot more on my list to do. #AuthorAvaBarlow","translator_type":"none","protected":false,"verified":false,"followers_count":1817,"friends_count":860,"listed_count":36,"favourites_count":1135,"statuses_count":1070,"created_at":"Sat Dec 26 21:22:40 +0000 2015","utc_offset":null,"time_zone":null,"geo_enabled":false,"lang":null,"contributors_enabled":false,"is_translator":false,"profile_background_color":"000000","profile_background_image_url":"http:\/\/abs.twimg.com\/images\/themes\/theme1\/bg.png","profile_background_image_url_https":"https:\/\/abs.twimg.com\/images\/themes\/theme1\/bg.png","profile_background_tile":false,"profile_link_color":"ABB8C2","profile_sidebar_border_color":"000000","profile_sidebar_fill_color":"000000","profile_text_color":"000000","profile_use_background_image":false,"profile_image_url":"http:\/\/pbs.twimg.com\/profile_images\/680862529522917376\/qqrT4GZL_normal.jpg","profile_image_url_https":"https:\/\/pbs.twimg.com\/profile_images\/680862529522917376\/qqrT4GZL_normal.jpg","profile_banner_url":"https:\/\/pbs.twimg.com\/profile_banners\/4614670817\/1458613100","default_profile":false,"default_profile_image":false,"following":null,"follow_request_sent":null,"notifications":null},"geo":null,"coordinates":null,"place":null,"contributors":null,"retweeted_status":{"created_at":"Fri Apr 10 16:44:53 +0000 2020","id":1248653185969016833,"id_str":"1248653185969016833","text":"https:\/\/t.co\/HGD0GHUOjt","source":"\u003ca href=\"http:\/\/twitter.com\/download\/iphone\" rel=\"nofollow\"\u003eTwitter for iPhone\u003c\/a\u003e","truncated":false,"in_reply_to_status_id":null,"in_reply_to_status_id_str":null,"in_reply_to_user_id":null,"in_reply_to_user_id_str":null,"in_reply_to_screen_name":null,"user":{"id":25073877,"id_str":"25073877","name":"Donald J. Trump","screen_name":"realDonaldTrump","location":"Washington, DC","url":"http:\/\/www.Instagram.com\/realDonaldTrump","description":"45th President of the United States of America\ud83c\uddfa\ud83c\uddf8","translator_type":"regular","protected":false,"verified":true,"followers_count":76556792,"friends_count":47,"listed_count":118979,"favourites_count":6,"statuses_count":50581,"created_at":"Wed Mar 18 13:46:38 +0000 2009","utc_offset":null,"time_zone":null,"geo_enabled":true,"lang":null,"contributors_enabled":false,"is_translator":false,"profile_background_color":"6D5C18","profile_background_image_url":"http:\/\/abs.twimg.com\/images\/themes\/theme1\/bg.png","profile_background_image_url_https":"https:\/\/abs.twimg.com\/images\/themes\/theme1\/bg.png","profile_background_tile":true,"profile_link_color":"1B95E0","profile_sidebar_border_color":"BDDCAD","profile_sidebar_fill_color":"C5CEC0","profile_text_color":"333333","profile_use_background_image":true,"profile_image_url":"http:\/\/pbs.twimg.com\/profile_images\/874276197357596672\/kUuht00m_normal.jpg","profile_image_url_https":"https:\/\/pbs.twimg.com\/profile_images\/874276197357596672\/kUuht00m_normal.jpg","profile_banner_url":"https:\/\/pbs.twimg.com\/profile_banners\/25073877\/1583212785","default_profile":false,"default_profile_image":false,"following":null,"follow_request_sent":null,"notifications":null},"geo":null,"coordinates":null,"place":null,"contributors":null,"is_quote_status":false,"quote_count":462,"reply_count":2154,"retweet_count":5068,"favorite_count":15763,"entities":{"hashtags":[],"urls":[],"user_mentions":[],"symbols":[],"media":[{"id":1248650731512573954,"id_str":"1248650731512573954","indices":[0,23],"additional_media_info":{"title":"","description":"","embeddable":true,"monetizable":false},"media_url":"http:\/\/pbs.twimg.com\/amplify_video_thumb\/1248650731512573954\/img\/WouRQOAkMEmpK_z8.jpg","media_url_https":"https:\/\/pbs.twimg.com\/amplify_video_thumb\/1248650731512573954\/img\/WouRQOAkMEmpK_z8.jpg","url":"https:\/\/t.co\/HGD0GHUOjt","display_url":"pic.twitter.com\/HGD0GHUOjt","expanded_url":"https:\/\/twitter.com\/DailyCaller\/status\/1248651185508298758\/video\/1","type":"photo","sizes":{"medium":{"w":720,"h":400,"resize":"fit"},"thumb":{"w":150,"h":150,"resize":"crop"},"large":{"w":720,"h":400,"resize":"fit"},"small":{"w":680,"h":378,"resize":"fit"}},"source_status_id":1248651185508298758,"source_status_id_str":"1248651185508298758","source_user_id":39308549,"source_user_id_str":"39308549"}]},"extended_entities":{"media":[{"id":1248650731512573954,"id_str":"1248650731512573954","indices":[0,23],"additional_media_info":{"title":"","description":"","embeddable":true,"monetizable":false},"media_url":"http:\/\/pbs.twimg.com\/amplify_video_thumb\/1248650731512573954\/img\/WouRQOAkMEmpK_z8.jpg","media_url_https":"https:\/\/pbs.twimg.com\/amplify_video_thumb\/1248650731512573954\/img\/WouRQOAkMEmpK_z8.jpg","url":"https:\/\/t.co\/HGD0GHUOjt","display_url":"pic.twitter.com\/HGD0GHUOjt","expanded_url":"https:\/\/twitter.com\/DailyCaller\/status\/1248651185508298758\/video\/1","type":"video","video_info":{"aspect_ratio":[9,5],"duration_millis":388722,"variants":[{"content_type":"application\/x-mpegURL","url":"https:\/\/video.twimg.com\/amplify_video\/1248650731512573954\/pl\/wHyIjAhYBTDUEwuS.m3u8?tag=13"},{"bitrate":832000,"content_type":"video\/mp4","url":"https:\/\/video.twimg.com\/amplify_video\/1248650731512573954\/vid\/720x400\/9zmvIN45Uf4bd3NR.mp4?tag=13"},{"bitrate":288000,"content_type":"video\/mp4","url":"https:\/\/video.twimg.com\/amplify_video\/1248650731512573954\/vid\/486x270\/DfwAhhqmZvfSZlJ6.mp4?tag=13"}]},"sizes":{"medium":{"w":720,"h":400,"resize":"fit"},"thumb":{"w":150,"h":150,"resize":"crop"},"large":{"w":720,"h":400,"resize":"fit"},"small":{"w":680,"h":378,"resize":"fit"}},"source_status_id":1248651185508298758,"source_status_id_str":"1248651185508298758","source_user_id":39308549,"source_user_id_str":"39308549"}]},"favorited":false,"retweeted":false,"possibly_sensitive":false,"filter_level":"low","lang":"und"},"is_quote_status":false,"quote_count":0,"reply_count":0,"retweet_count":0,"favorite_count":0,"entities":{"hashtags":[],"urls":[],"user_mentions":[{"screen_name":"realDonaldTrump","name":"Donald J. Trump","id":25073877,"id_str":"25073877","indices":[3,19]}],"symbols":[],"media":[{"id":1248650731512573954,"id_str":"1248650731512573954","indices":[21,44],"additional_media_info":{"title":"","description":"","embeddable":true,"monetizable":false},"media_url":"http:\/\/pbs.twimg.com\/amplify_video_thumb\/1248650731512573954\/img\/WouRQOAkMEmpK_z8.jpg","media_url_https":"https:\/\/pbs.twimg.com\/amplify_video_thumb\/1248650731512573954\/img\/WouRQOAkMEmpK_z8.jpg","url":"https:\/\/t.co\/HGD0GHUOjt","display_url":"pic.twitter.com\/HGD0GHUOjt","expanded_url":"https:\/\/twitter.com\/DailyCaller\/status\/1248651185508298758\/video\/1","type":"photo","sizes":{"medium":{"w":720,"h":400,"resize":"fit"},"thumb":{"w":150,"h":150,"resize":"crop"},"large":{"w":720,"h":400,"resize":"fit"},"small":{"w":680,"h":378,"resize":"fit"}},"source_status_id":1248651185508298758,"source_status_id_str":"1248651185508298758","source_user_id":39308549,"source_user_id_str":"39308549"}]},"extended_entities":{"media":[{"id":1248650731512573954,"id_str":"1248650731512573954","indices":[21,44],"additional_media_info":{"title":"","description":"","embeddable":true,"monetizable":false},"media_url":"http:\/\/pbs.twimg.com\/amplify_video_thumb\/1248650731512573954\/img\/WouRQOAkMEmpK_z8.jpg","media_url_https":"https:\/\/pbs.twimg.com\/amplify_video_thumb\/1248650731512573954\/img\/WouRQOAkMEmpK_z8.jpg","url":"https:\/\/t.co\/HGD0GHUOjt","display_url":"pic.twitter.com\/HGD0GHUOjt","expanded_url":"https:\/\/twitter.com\/DailyCaller\/status\/1248651185508298758\/video\/1","type":"video","video_info":{"aspect_ratio":[9,5],"duration_millis":388722,"variants":[{"content_type":"application\/x-mpegURL","url":"https:\/\/video.twimg.com\/amplify_video\/1248650731512573954\/pl\/wHyIjAhYBTDUEwuS.m3u8?tag=13"},{"bitrate":832000,"content_type":"video\/mp4","url":"https:\/\/video.twimg.com\/amplify_video\/1248650731512573954\/vid\/720x400\/9zmvIN45Uf4bd3NR.mp4?tag=13"},{"bitrate":288000,"content_type":"video\/mp4","url":"https:\/\/video.twimg.com\/amplify_video\/1248650731512573954\/vid\/486x270\/DfwAhhqmZvfSZlJ6.mp4?tag=13"}]},"sizes":{"medium":{"w":720,"h":400,"resize":"fit"},"thumb":{"w":150,"h":150,"resize":"crop"},"large":{"w":720,"h":400,"resize":"fit"},"small":{"w":680,"h":378,"resize":"fit"}},"source_status_id":1248651185508298758,"source_status_id_str":"1248651185508298758","source_user_id":39308549,"source_user_id_str":"39308549"}]},"favorited":false,"retweeted":false,"possibly_sensitive":false,"filter_level":"low","lang":"und","timestamp_ms":"1586538232665"}
