{"created_at":"Fri Apr 10 17:03:51 +0000 2020","id":1248657961687437312,"id_str":"1248657961687437312","text":"@fellipechb Amg nojenta a quantidade de \u00f3leo e sal, o neg\u00f3cio vira sal puro kkkk","display_text_range":[12,80],"source":"\u003ca href=\"http:\/\/twitter.com\/download\/iphone\" rel=\"nofollow\"\u003eTwitter for iPhone\u003c\/a\u003e","truncated":false,"in_reply_to_status_id":1248657342549417984,"in_reply_to_status_id_str":"1248657342549417984","in_reply_to_user_id":2859299303,"in_reply_to_user_id_str":"2859299303","in_reply_to_screen_name":"fellipechb","user":{"id":2202334762,"id_str":"2202334762","name":"Maria","screen_name":"maria_ferreiira","location":"Rio de Janeiro ","url":"http:\/\/Instagram.com\/maria_ferreirasp","description":"Divers\u00e3o pura meus amores!!","translator_type":"none","protected":false,"verified":false,"followers_count":1113,"friends_count":913,"listed_count":4,"favourites_count":20444,"statuses_count":40439,"created_at":"Sat Nov 30 22:04:33 +0000 2013","utc_offset":null,"time_zone":null,"geo_enabled":true,"lang":null,"contributors_enabled":false,"is_translator":false,"profile_background_color":"C0DEED","profile_background_image_url":"http:\/\/abs.twimg.com\/images\/themes\/theme1\/bg.png","profile_background_image_url_https":"https:\/\/abs.twimg.com\/images\/themes\/theme1\/bg.png","profile_background_tile":false,"profile_link_color":"1DA1F2","profile_sidebar_border_color":"C0DEED","profile_sidebar_fill_color":"DDEEF6","profile_text_color":"333333","profile_use_background_image":true,"profile_image_url":"http:\/\/pbs.twimg.com\/profile_images\/1244140840873865218\/1Rd2Gh57_normal.jpg","profile_image_url_https":"https:\/\/pbs.twimg.com\/profile_images\/1244140840873865218\/1Rd2Gh57_normal.jpg","profile_banner_url":"https:\/\/pbs.twimg.com\/profile_banners\/2202334762\/1569083377","default_profile":true,"default_profile_image":false,"following":null,"follow_request_sent":null,"notifications":null},"geo":null,"coordinates":null,"place":null,"contributors":null,"is_quote_status":false,"quote_count":0,"reply_count":0,"retweet_count":0,"favorite_count":0,"entities":{"hashtags":[],"urls":[],"user_mentions":[{"screen_name":"fellipechb","name":"Fellipe","id":2859299303,"id_str":"2859299303","indices":[0,11]}],"symbols":[]},"favorited":false,"retweeted":false,"filter_level":"low","lang":"pt","timestamp_ms":"1586538231666"}
