{"created_at":"Fri Apr 10 17:03:56 +0000 2020","id":1248657982629568512,"id_str":"1248657982629568512","text":"RT @anjodeamorls: luan santana eu estou pronta pra te ver cantando esse hino, por favor https:\/\/t.co\/74CdiWEqvt","source":"\u003ca href=\"http:\/\/twitter.com\/download\/android\" rel=\"nofollow\"\u003eTwitter for Android\u003c\/a\u003e","truncated":false,"in_reply_to_status_id":null,"in_reply_to_status_id_str":null,"in_reply_to_user_id":null,"in_reply_to_user_id_str":null,"in_reply_to_screen_name":null,"user":{"id":1241526885659611137,"id_str":"1241526885659611137","name":"Ketllyn","screen_name":"kitkat_637","location":null,"url":null,"description":null,"translator_type":"none","protected":false,"verified":false,"followers_count":40,"friends_count":99,"listed_count":0,"favourites_count":122,"statuses_count":261,"created_at":"Sun Mar 22 00:48:18 +0000 2020","utc_offset":null,"time_zone":null,"geo_enabled":false,"lang":null,"contributors_enabled":false,"is_translator":false,"profile_background_color":"F5F8FA","profile_background_image_url":"","profile_background_image_url_https":"","profile_background_tile":false,"profile_link_color":"1DA1F2","profile_sidebar_border_color":"C0DEED","profile_sidebar_fill_color":"DDEEF6","profile_text_color":"333333","profile_use_background_image":true,"profile_image_url":"http:\/\/pbs.twimg.com\/profile_images\/1247295619087118343\/HnsWJHqd_normal.jpg","profile_image_url_https":"https:\/\/pbs.twimg.com\/profile_images\/1247295619087118343\/HnsWJHqd_normal.jpg","default_profile":true,"default_profile_image":false,"following":null,"follow_request_sent":null,"notifications":null},"geo":null,"coordinates":null,"place":null,"contributors":null,"retweeted_status":{"created_at":"Thu Apr 09 01:05:20 +0000 2020","id":1248054356584382467,"id_str":"1248054356584382467","text":"luan santana eu estou pronta pra te ver cantando esse hino, por favor https:\/\/t.co\/74CdiWEqvt","display_text_range":[0,69],"source":"\u003ca href=\"http:\/\/twitter.com\/download\/android\" rel=\"nofollow\"\u003eTwitter for Android\u003c\/a\u003e","truncated":false,"in_reply_to_status_id":null,"in_reply_to_status_id_str":null,"in_reply_to_user_id":null,"in_reply_to_user_id_str":null,"in_reply_to_screen_name":null,"user":{"id":851861608657805316,"id_str":"851861608657805316","name":"\u0618","screen_name":"anjodeamorls","location":null,"url":null,"description":"a medida do amor \u00e9 amar sem medida.\n\n\u2022fan account\u2022","translator_type":"none","protected":false,"verified":false,"followers_count":15859,"friends_count":12979,"listed_count":33,"favourites_count":8577,"statuses_count":84060,"created_at":"Tue Apr 11 18:16:49 +0000 2017","utc_offset":null,"time_zone":null,"geo_enabled":true,"lang":null,"contributors_enabled":false,"is_translator":false,"profile_background_color":"F5F8FA","profile_background_image_url":"","profile_background_image_url_https":"","profile_background_tile":false,"profile_link_color":"1DA1F2","profile_sidebar_border_color":"C0DEED","profile_sidebar_fill_color":"DDEEF6","profile_text_color":"333333","profile_use_background_image":true,"profile_image_url":"http:\/\/pbs.twimg.com\/profile_images\/1248419660531290116\/fkpMJvn4_normal.jpg","profile_image_url_https":"https:\/\/pbs.twimg.com\/profile_images\/1248419660531290116\/fkpMJvn4_normal.jpg","profile_banner_url":"https:\/\/pbs.twimg.com\/profile_banners\/851861608657805316\/1586481786","default_profile":true,"default_profile_image":false,"following":null,"follow_request_sent":null,"notifications":null},"geo":null,"coordinates":null,"place":null,"contributors":null,"is_quote_status":false,"quote_count":104,"reply_count":25,"retweet_count":399,"favorite_count":833,"entities":{"hashtags":[],"urls":[],"user_mentions":[],"symbols":[],"media":[{"id":1248054195351101441,"id_str":"1248054195351101441","indices":[70,93],"additional_media_info":{"monetizable":false},"media_url":"http:\/\/pbs.twimg.com\/ext_tw_video_thumb\/1248054195351101441\/pu\/img\/VfSznovOJhr9H45A.jpg","media_url_https":"https:\/\/pbs.twimg.com\/ext_tw_video_thumb\/1248054195351101441\/pu\/img\/VfSznovOJhr9H45A.jpg","url":"https:\/\/t.co\/74CdiWEqvt","display_url":"pic.twitter.com\/74CdiWEqvt","expanded_url":"https:\/\/twitter.com\/anjodeamorls\/status\/1248054356584382467\/video\/1","type":"photo","sizes":{"thumb":{"w":150,"h":150,"resize":"crop"},"large":{"w":640,"h":360,"resize":"fit"},"medium":{"w":640,"h":360,"resize":"fit"},"small":{"w":640,"h":360,"resize":"fit"}}}]},"extended_entities":{"media":[{"id":1248054195351101441,"id_str":"1248054195351101441","indices":[70,93],"additional_media_info":{"monetizable":false},"media_url":"http:\/\/pbs.twimg.com\/ext_tw_video_thumb\/1248054195351101441\/pu\/img\/VfSznovOJhr9H45A.jpg","media_url_https":"https:\/\/pbs.twimg.com\/ext_tw_video_thumb\/1248054195351101441\/pu\/img\/VfSznovOJhr9H45A.jpg","url":"https:\/\/t.co\/74CdiWEqvt","display_url":"pic.twitter.com\/74CdiWEqvt","expanded_url":"https:\/\/twitter.com\/anjodeamorls\/status\/1248054356584382467\/video\/1","type":"video","video_info":{"aspect_ratio":[16,9],"duration_millis":140007,"variants":[{"bitrate":256000,"content_type":"video\/mp4","url":"https:\/\/video.twimg.com\/ext_tw_video\/1248054195351101441\/pu\/vid\/480x270\/AsRONUHei2fxUMLZ.mp4?tag=10"},{"bitrate":832000,"content_type":"video\/mp4","url":"https:\/\/video.twimg.com\/ext_tw_video\/1248054195351101441\/pu\/vid\/640x360\/vjFPUB49KhhJdsS2.mp4?tag=10"},{"content_type":"application\/x-mpegURL","url":"https:\/\/video.twimg.com\/ext_tw_video\/1248054195351101441\/pu\/pl\/iEhbG6nawxe6DEJU.m3u8?tag=10"}]},"sizes":{"thumb":{"w":150,"h":150,"resize":"crop"},"large":{"w":640,"h":360,"resize":"fit"},"medium":{"w":640,"h":360,"resize":"fit"},"small":{"w":640,"h":360,"resize":"fit"}}}]},"favorited":false,"retweeted":false,"possibly_sensitive":false,"filter_level":"low","lang":"pt"},"is_quote_status":false,"quote_count":0,"reply_count":0,"retweet_count":0,"favorite_count":0,"entities":{"hashtags":[],"urls":[],"user_mentions":[{"screen_name":"anjodeamorls","name":"\u0618","id":851861608657805316,"id_str":"851861608657805316","indices":[3,16]}],"symbols":[],"media":[{"id":1248054195351101441,"id_str":"1248054195351101441","indices":[88,111],"additional_media_info":{"monetizable":false},"media_url":"http:\/\/pbs.twimg.com\/ext_tw_video_thumb\/1248054195351101441\/pu\/img\/VfSznovOJhr9H45A.jpg","media_url_https":"https:\/\/pbs.twimg.com\/ext_tw_video_thumb\/1248054195351101441\/pu\/img\/VfSznovOJhr9H45A.jpg","url":"https:\/\/t.co\/74CdiWEqvt","display_url":"pic.twitter.com\/74CdiWEqvt","expanded_url":"https:\/\/twitter.com\/anjodeamorls\/status\/1248054356584382467\/video\/1","type":"photo","sizes":{"thumb":{"w":150,"h":150,"resize":"crop"},"large":{"w":640,"h":360,"resize":"fit"},"medium":{"w":640,"h":360,"resize":"fit"},"small":{"w":640,"h":360,"resize":"fit"}},"source_status_id":1248054356584382467,"source_status_id_str":"1248054356584382467","source_user_id":851861608657805316,"source_user_id_str":"851861608657805316"}]},"extended_entities":{"media":[{"id":1248054195351101441,"id_str":"1248054195351101441","indices":[88,111],"additional_media_info":{"monetizable":false},"media_url":"http:\/\/pbs.twimg.com\/ext_tw_video_thumb\/1248054195351101441\/pu\/img\/VfSznovOJhr9H45A.jpg","media_url_https":"https:\/\/pbs.twimg.com\/ext_tw_video_thumb\/1248054195351101441\/pu\/img\/VfSznovOJhr9H45A.jpg","url":"https:\/\/t.co\/74CdiWEqvt","display_url":"pic.twitter.com\/74CdiWEqvt","expanded_url":"https:\/\/twitter.com\/anjodeamorls\/status\/1248054356584382467\/video\/1","type":"video","video_info":{"aspect_ratio":[16,9],"duration_millis":140007,"variants":[{"bitrate":256000,"content_type":"video\/mp4","url":"https:\/\/video.twimg.com\/ext_tw_video\/1248054195351101441\/pu\/vid\/480x270\/AsRONUHei2fxUMLZ.mp4?tag=10"},{"bitrate":832000,"content_type":"video\/mp4","url":"https:\/\/video.twimg.com\/ext_tw_video\/1248054195351101441\/pu\/vid\/640x360\/vjFPUB49KhhJdsS2.mp4?tag=10"},{"content_type":"application\/x-mpegURL","url":"https:\/\/video.twimg.com\/ext_tw_video\/1248054195351101441\/pu\/pl\/iEhbG6nawxe6DEJU.m3u8?tag=10"}]},"sizes":{"thumb":{"w":150,"h":150,"resize":"crop"},"large":{"w":640,"h":360,"resize":"fit"},"medium":{"w":640,"h":360,"resize":"fit"},"small":{"w":640,"h":360,"resize":"fit"}},"source_status_id":1248054356584382467,"source_status_id_str":"1248054356584382467","source_user_id":851861608657805316,"source_user_id_str":"851861608657805316"}]},"favorited":false,"retweeted":false,"possibly_sensitive":false,"filter_level":"low","lang":"pt","timestamp_ms":"1586538236659"}
