{"created_at":"Fri Apr 10 17:03:50 +0000 2020","id":1248657957463695361,"id_str":"1248657957463695361","text":"no","source":"\u003ca href=\"http:\/\/twitter.com\/download\/android\" rel=\"nofollow\"\u003eTwitter for Android\u003c\/a\u003e","truncated":false,"in_reply_to_status_id":null,"in_reply_to_status_id_str":null,"in_reply_to_user_id":null,"in_reply_to_user_id_str":null,"in_reply_to_screen_name":null,"user":{"id":1186100714323480577,"id_str":"1186100714323480577","name":"\u064b","screen_name":"haseullies","location":"\u30ce\u30fc\u30de\u30f3","url":"https:\/\/haseul.xn--p3h","description":null,"translator_type":"none","protected":false,"verified":false,"followers_count":452,"friends_count":340,"listed_count":20,"favourites_count":23975,"statuses_count":10763,"created_at":"Mon Oct 21 02:03:57 +0000 2019","utc_offset":null,"time_zone":null,"geo_enabled":false,"lang":null,"contributors_enabled":false,"is_translator":false,"profile_background_color":"F5F8FA","profile_background_image_url":"","profile_background_image_url_https":"","profile_background_tile":false,"profile_link_color":"1DA1F2","profile_sidebar_border_color":"C0DEED","profile_sidebar_fill_color":"DDEEF6","profile_text_color":"333333","profile_use_background_image":true,"profile_image_url":"http:\/\/pbs.twimg.com\/profile_images\/1247931052783534081\/FJnKsGi5_normal.jpg","profile_image_url_https":"https:\/\/pbs.twimg.com\/profile_images\/1247931052783534081\/FJnKsGi5_normal.jpg","profile_banner_url":"https:\/\/pbs.twimg.com\/profile_banners\/1186100714323480577\/1584885388","default_profile":true,"default_profile_image":false,"following":null,"follow_request_sent":null,"notifications":null},"geo":null,"coordinates":null,"place":null,"contributors":null,"quoted_status_id":1248365163184402432,"quoted_status_id_str":"1248365163184402432","quoted_status":{"created_at":"Thu Apr 09 21:40:23 +0000 2020","id":1248365163184402432,"id_str":"1248365163184402432","text":"https:\/\/t.co\/rtRnW9XfiO","display_text_range":[0,0],"source":"\u003ca href=\"http:\/\/twitter.com\/download\/iphone\" rel=\"nofollow\"\u003eTwitter for iPhone\u003c\/a\u003e","truncated":false,"in_reply_to_status_id":null,"in_reply_to_status_id_str":null,"in_reply_to_user_id":null,"in_reply_to_user_id_str":null,"in_reply_to_screen_name":null,"user":{"id":908874092782243840,"id_str":"908874092782243840","name":"abi","screen_name":"kooiry","location":null,"url":null,"description":"\u2800 \u2800 \u2800 \uc815\uad6d \u2229 \u2018 \ud835\udfff\ud835\udffd \u02d2 \ufe5f \ud835\uddef\ud835\uddeeb\ud835\uddf6e.","translator_type":"none","protected":false,"verified":false,"followers_count":269,"friends_count":200,"listed_count":3,"favourites_count":1593,"statuses_count":1046,"created_at":"Sat Sep 16 02:04:04 +0000 2017","utc_offset":null,"time_zone":null,"geo_enabled":false,"lang":null,"contributors_enabled":false,"is_translator":false,"profile_background_color":"F5F8FA","profile_background_image_url":"","profile_background_image_url_https":"","profile_background_tile":false,"profile_link_color":"1DA1F2","profile_sidebar_border_color":"C0DEED","profile_sidebar_fill_color":"DDEEF6","profile_text_color":"333333","profile_use_background_image":true,"profile_image_url":"http:\/\/pbs.twimg.com\/profile_images\/1247743234849325056\/ZekEfy14_normal.jpg","profile_image_url_https":"https:\/\/pbs.twimg.com\/profile_images\/1247743234849325056\/ZekEfy14_normal.jpg","profile_banner_url":"https:\/\/pbs.twimg.com\/profile_banners\/908874092782243840\/1586319927","default_profile":true,"default_profile_image":false,"following":null,"follow_request_sent":null,"notifications":null},"geo":null,"coordinates":null,"place":null,"contributors":null,"is_quote_status":false,"quote_count":158,"reply_count":216,"retweet_count":127,"favorite_count":600,"entities":{"hashtags":[],"urls":[],"user_mentions":[],"symbols":[],"media":[{"id":1248365142452011009,"id_str":"1248365142452011009","indices":[0,23],"media_url":"http:\/\/pbs.twimg.com\/media\/EVMVe6HVAAErpAe.jpg","media_url_https":"https:\/\/pbs.twimg.com\/media\/EVMVe6HVAAErpAe.jpg","url":"https:\/\/t.co\/rtRnW9XfiO","display_url":"pic.twitter.com\/rtRnW9XfiO","expanded_url":"https:\/\/twitter.com\/kooiry\/status\/1248365163184402432\/photo\/1","type":"photo","sizes":{"large":{"w":2048,"h":2048,"resize":"fit"},"medium":{"w":1200,"h":1200,"resize":"fit"},"small":{"w":680,"h":680,"resize":"fit"},"thumb":{"w":150,"h":150,"resize":"crop"}}}]},"extended_entities":{"media":[{"id":1248365142452011009,"id_str":"1248365142452011009","indices":[0,23],"media_url":"http:\/\/pbs.twimg.com\/media\/EVMVe6HVAAErpAe.jpg","media_url_https":"https:\/\/pbs.twimg.com\/media\/EVMVe6HVAAErpAe.jpg","url":"https:\/\/t.co\/rtRnW9XfiO","display_url":"pic.twitter.com\/rtRnW9XfiO","expanded_url":"https:\/\/twitter.com\/kooiry\/status\/1248365163184402432\/photo\/1","type":"photo","sizes":{"large":{"w":2048,"h":2048,"resize":"fit"},"medium":{"w":1200,"h":1200,"resize":"fit"},"small":{"w":680,"h":680,"resize":"fit"},"thumb":{"w":150,"h":150,"resize":"crop"}}},{"id":1248365142451965952,"id_str":"1248365142451965952","indices":[0,23],"media_url":"http:\/\/pbs.twimg.com\/media\/EVMVe6HUUAA4oiK.jpg","media_url_https":"https:\/\/pbs.twimg.com\/media\/EVMVe6HUUAA4oiK.jpg","url":"https:\/\/t.co\/rtRnW9XfiO","display_url":"pic.twitter.com\/rtRnW9XfiO","expanded_url":"https:\/\/twitter.com\/kooiry\/status\/1248365163184402432\/photo\/1","type":"photo","sizes":{"thumb":{"w":150,"h":150,"resize":"crop"},"small":{"w":680,"h":378,"resize":"fit"},"large":{"w":1080,"h":600,"resize":"fit"},"medium":{"w":1080,"h":600,"resize":"fit"}}},{"id":1248365142456168448,"id_str":"1248365142456168448","indices":[0,23],"media_url":"http:\/\/pbs.twimg.com\/media\/EVMVe6IUcAA7RNK.jpg","media_url_https":"https:\/\/pbs.twimg.com\/media\/EVMVe6IUcAA7RNK.jpg","url":"https:\/\/t.co\/rtRnW9XfiO","display_url":"pic.twitter.com\/rtRnW9XfiO","expanded_url":"https:\/\/twitter.com\/kooiry\/status\/1248365163184402432\/photo\/1","type":"photo","sizes":{"large":{"w":2048,"h":2048,"resize":"fit"},"thumb":{"w":150,"h":150,"resize":"crop"},"medium":{"w":1200,"h":1200,"resize":"fit"},"small":{"w":680,"h":680,"resize":"fit"}}}]},"favorited":false,"retweeted":false,"possibly_sensitive":false,"filter_level":"low","lang":"und"},"quoted_status_permalink":{"url":"https:\/\/t.co\/ed8SZV9Dus","expanded":"https:\/\/twitter.com\/kooiry\/status\/1248365163184402432","display":"twitter.com\/kooiry\/status\/\u2026"},"is_quote_status":true,"quote_count":0,"reply_count":0,"retweet_count":0,"favorite_count":0,"entities":{"hashtags":[],"urls":[],"user_mentions":[],"symbols":[]},"favorited":false,"retweeted":false,"filter_level":"low","lang":"und","timestamp_ms":"1586538230659"}
