{"created_at":"Fri Apr 10 17:03:50 +0000 2020","id":1248657957455384576,"id_str":"1248657957455384576","text":"@mario_dico50 @lopezobrador_ igual que el dictador de Benito Ju\u00e1rez, comprometiendo la soberan\u00eda nacional","display_text_range":[14,105],"source":"\u003ca href=\"http:\/\/twitter.com\/download\/android\" rel=\"nofollow\"\u003eTwitter for Android\u003c\/a\u003e","truncated":false,"in_reply_to_status_id":1248604765870870528,"in_reply_to_status_id_str":"1248604765870870528","in_reply_to_user_id":155342172,"in_reply_to_user_id_str":"155342172","in_reply_to_screen_name":"mario_dico50","user":{"id":249244190,"id_str":"249244190","name":"Sam","screen_name":"sscartago","location":"Toluca","url":null,"description":"Fui verde, negro y tambi\u00e9n azul.  hoy aprendiz ma\u00f1ana maestro","translator_type":"none","protected":false,"verified":false,"followers_count":757,"friends_count":1082,"listed_count":2,"favourites_count":591,"statuses_count":13206,"created_at":"Tue Feb 08 17:19:52 +0000 2011","utc_offset":null,"time_zone":null,"geo_enabled":false,"lang":null,"contributors_enabled":false,"is_translator":false,"profile_background_color":"C0DEED","profile_background_image_url":"http:\/\/abs.twimg.com\/images\/themes\/theme1\/bg.png","profile_background_image_url_https":"https:\/\/abs.twimg.com\/images\/themes\/theme1\/bg.png","profile_background_tile":false,"profile_link_color":"1DA1F2","profile_sidebar_border_color":"C0DEED","profile_sidebar_fill_color":"DDEEF6","profile_text_color":"333333","profile_use_background_image":true,"profile_image_url":"http:\/\/pbs.twimg.com\/profile_images\/1176190939703984128\/_WnoXFG9_normal.jpg","profile_image_url_https":"https:\/\/pbs.twimg.com\/profile_images\/1176190939703984128\/_WnoXFG9_normal.jpg","default_profile":true,"default_profile_image":false,"following":null,"follow_request_sent":null,"notifications":null},"geo":null,"coordinates":null,"place":null,"contributors":null,"is_quote_status":false,"quote_count":0,"reply_count":0,"retweet_count":0,"favorite_count":0,"entities":{"hashtags":[],"urls":[],"user_mentions":[{"screen_name":"mario_dico50","name":"Mario Di Costanzo","id":155342172,"id_str":"155342172","indices":[0,13]},{"screen_name":"lopezobrador_","name":"Andr\u00e9s Manuel","id":82119937,"id_str":"82119937","indices":[14,28]}],"symbols":[]},"favorited":false,"retweeted":false,"filter_level":"low","lang":"es","timestamp_ms":"1586538230657"}
