{"created_at":"Fri Apr 10 17:03:55 +0000 2020","id":1248657978464407554,"id_str":"1248657978464407554","text":"RT @vicfc7: Que Trump y el acordaron que Mexico bajaba los 100,000 y USA bajar\u00eda los 250,000 restantes, pero...\nLa producci\u00f3n de petr\u00f3leo d\u2026","source":"\u003ca href=\"http:\/\/twitter.com\/download\/iphone\" rel=\"nofollow\"\u003eTwitter for iPhone\u003c\/a\u003e","truncated":false,"in_reply_to_status_id":null,"in_reply_to_status_id_str":null,"in_reply_to_user_id":null,"in_reply_to_user_id_str":null,"in_reply_to_screen_name":null,"user":{"id":2243181092,"id_str":"2243181092","name":"Gaby Antuna","screen_name":"soygabiiyya","location":"Cuauti Ranch","url":null,"description":"Vive y deja vivir | Buena onda con todo y mis 5 mn milky way \ud83d\ude02\ud83e\udd2d | De Chivas toda la vida \ud83d\udc10\u2764\ufe0f | Se agradecido siempre.","translator_type":"none","protected":false,"verified":false,"followers_count":844,"friends_count":1918,"listed_count":4,"favourites_count":6606,"statuses_count":13902,"created_at":"Fri Dec 13 01:42:21 +0000 2013","utc_offset":null,"time_zone":null,"geo_enabled":true,"lang":null,"contributors_enabled":false,"is_translator":false,"profile_background_color":"000000","profile_background_image_url":"http:\/\/abs.twimg.com\/images\/themes\/theme1\/bg.png","profile_background_image_url_https":"https:\/\/abs.twimg.com\/images\/themes\/theme1\/bg.png","profile_background_tile":false,"profile_link_color":"009999","profile_sidebar_border_color":"000000","profile_sidebar_fill_color":"DDEEF6","profile_text_color":"333333","profile_use_background_image":true,"profile_image_url":"http:\/\/pbs.twimg.com\/profile_images\/1233137026326679552\/uCCXqnuX_normal.jpg","profile_image_url_https":"https:\/\/pbs.twimg.com\/profile_images\/1233137026326679552\/uCCXqnuX_normal.jpg","profile_banner_url":"https:\/\/pbs.twimg.com\/profile_banners\/2243181092\/1538445210","default_profile":false,"default_profile_image":false,"following":null,"follow_request_sent":null,"notifications":null},"geo":null,"coordinates":null,"place":null,"contributors":null,"retweeted_status":{"created_at":"Fri Apr 10 16:48:08 +0000 2020","id":1248654004503998470,"id_str":"1248654004503998470","text":"Que Trump y el acordaron que Mexico bajaba los 100,000 y USA bajar\u00eda los 250,000 restantes, pero...\nLa producci\u00f3n d\u2026 https:\/\/t.co\/cA2R53uC3q","source":"\u003ca href=\"http:\/\/twitter.com\/download\/iphone\" rel=\"nofollow\"\u003eTwitter for iPhone\u003c\/a\u003e","truncated":true,"in_reply_to_status_id":1248653998409670656,"in_reply_to_status_id_str":"1248653998409670656","in_reply_to_user_id":276752149,"in_reply_to_user_id_str":"276752149","in_reply_to_screen_name":"vicfc7","user":{"id":276752149,"id_str":"276752149","name":"Victor Ramirez C.","screen_name":"vicfc7","location":"CDMx-Huauchinango, Pue.","url":null,"description":"Scribo\/Twitteo ergo sum. Tejo hilos el\u00e9ctricos y renovables. Escribo en @NexosMexico voceo a @PMCE7. @MIRECnews adviser #WeTweetEnergy. RT\u2260endorsement","translator_type":"none","protected":false,"verified":false,"followers_count":25982,"friends_count":1691,"listed_count":141,"favourites_count":55678,"statuses_count":89558,"created_at":"Mon Apr 04 00:56:36 +0000 2011","utc_offset":null,"time_zone":null,"geo_enabled":true,"lang":null,"contributors_enabled":false,"is_translator":false,"profile_background_color":"C0DEED","profile_background_image_url":"http:\/\/abs.twimg.com\/images\/themes\/theme1\/bg.png","profile_background_image_url_https":"https:\/\/abs.twimg.com\/images\/themes\/theme1\/bg.png","profile_background_tile":false,"profile_link_color":"1DA1F2","profile_sidebar_border_color":"C0DEED","profile_sidebar_fill_color":"DDEEF6","profile_text_color":"333333","profile_use_background_image":true,"profile_image_url":"http:\/\/pbs.twimg.com\/profile_images\/1214324151604916224\/dZSngNiw_normal.jpg","profile_image_url_https":"https:\/\/pbs.twimg.com\/profile_images\/1214324151604916224\/dZSngNiw_normal.jpg","profile_banner_url":"https:\/\/pbs.twimg.com\/profile_banners\/276752149\/1560636135","default_profile":true,"default_profile_image":false,"following":null,"follow_request_sent":null,"notifications":null},"geo":null,"coordinates":null,"place":null,"contributors":null,"is_quote_status":false,"extended_tweet":{"full_text":"Que Trump y el acordaron que Mexico bajaba los 100,000 y USA bajar\u00eda los 250,000 restantes, pero...\nLa producci\u00f3n de petr\u00f3leo de USA NO depende del gobierno federal. Es privada. Entonces Trump no puede decidir sobre la producci\u00f3n, pero m\u00e1s importante:","display_text_range":[0,251],"entities":{"hashtags":[],"urls":[],"user_mentions":[],"symbols":[]}},"quote_count":0,"reply_count":2,"retweet_count":5,"favorite_count":34,"entities":{"hashtags":[],"urls":[{"url":"https:\/\/t.co\/cA2R53uC3q","expanded_url":"https:\/\/twitter.com\/i\/web\/status\/1248654004503998470","display_url":"twitter.com\/i\/web\/status\/1\u2026","indices":[117,140]}],"user_mentions":[],"symbols":[]},"favorited":false,"retweeted":false,"filter_level":"low","lang":"es"},"is_quote_status":false,"quote_count":0,"reply_count":0,"retweet_count":0,"favorite_count":0,"entities":{"hashtags":[],"urls":[],"user_mentions":[{"screen_name":"vicfc7","name":"Victor Ramirez C.","id":276752149,"id_str":"276752149","indices":[3,10]}],"symbols":[]},"favorited":false,"retweeted":false,"filter_level":"low","lang":"es","timestamp_ms":"1586538235666"}
