{"created_at":"Fri Apr 10 17:03:54 +0000 2020","id":1248657974240911360,"id_str":"1248657974240911360","text":"RT @ftm_rahimzadeh: \u0647\u0631 \u0627\u0646\u0633\u0627\u0646\u0649 \u0639\u0645\u0644 \u062e\u0648\u062f \u0631\u0627 \u0645\u0649 \u0628\u064a\u0646\u062f \u0648 \u0633\u0632\u0627\u0649 \u0643\u0631\u062f\u0627\u0631\u0634 \u0631\u0627 \u0645\u0649 \u06af\u064a\u0631\u062f.\n\n\u0627\u0645\u0627\u0645 \u0639\u0644\u06cc \u0639\u0644\u06cc\u0647 \u0627\u0644\u0633\u0644\u0627\u0645","source":"\u003ca href=\"http:\/\/twitter.com\/download\/android\" rel=\"nofollow\"\u003eTwitter for Android\u003c\/a\u003e","truncated":false,"in_reply_to_status_id":null,"in_reply_to_status_id_str":null,"in_reply_to_user_id":null,"in_reply_to_user_id_str":null,"in_reply_to_screen_name":null,"user":{"id":1242820724970192896,"id_str":"1242820724970192896","name":"\u0631\u06cc\u062d\u0640\u0640\u0640\u0627\u0646\u064e\u0629 \u0627\u0644\u0646\u064e\u0628\u0640\u0640\u06cd \ud83c\uddee\ud83c\uddf7","screen_name":"reihhan_Fayz","location":"Mshd","url":null,"description":"\u200f\u200f\u200f\u200f\u200f\u200f\u200f\u200f\u200f\u200f\u200f\u200f\u200f\u200f\u200f\u200f\u200f\u200f\u200f\u200f\u200f\u200f\u200f\u200f\u200f\u200f\u200f\u200f\u200f\u200f\u200f\u200f\u200f\u200f\u200f\u200f\u200f\u200f\u200f\u200f\u200f\u200f\u200f\u200f\u200f\u200f\u200f\u200f\ufdfd \u00a6\u0647\u0645\u0633\u0631\u00a6 \u0645\u0642\u062f\u0627\u0631\u06cc \u0639\u06aa\u0627\u0633|| \u0627\u0646\u062f\u06a9\u06cc \u0637\u0631\u0627\u062d\u270d\ufe0f\u0639\u0627\u0634\u0640\u0642 \u0634\u0640\u0639\u0631 \u2615\u060c \n\n\u0641\u06cc\u0644\u0645\ud83c\udfac\u0648\u06a9\u062a\u0627\u0628\ud83d\udcda\n\u0648\u0645\u0640\u06c1\u0640\u0631\u0628\u0627\u0646\u06cc :) \n\u0627\u06a9\u0627\u0646\u062a \u0642\u0628\u0644\u06cc \u0646\u0627\u0628\u0648\u062f\u0634\u062f :(","translator_type":"none","protected":false,"verified":false,"followers_count":657,"friends_count":321,"listed_count":1,"favourites_count":3987,"statuses_count":973,"created_at":"Wed Mar 25 14:29:00 +0000 2020","utc_offset":null,"time_zone":null,"geo_enabled":false,"lang":null,"contributors_enabled":false,"is_translator":false,"profile_background_color":"F5F8FA","profile_background_image_url":"","profile_background_image_url_https":"","profile_background_tile":false,"profile_link_color":"1DA1F2","profile_sidebar_border_color":"C0DEED","profile_sidebar_fill_color":"DDEEF6","profile_text_color":"333333","profile_use_background_image":true,"profile_image_url":"http:\/\/pbs.twimg.com\/profile_images\/1246428984914718721\/nWHFqnLo_normal.jpg","profile_image_url_https":"https:\/\/pbs.twimg.com\/profile_images\/1246428984914718721\/nWHFqnLo_normal.jpg","profile_banner_url":"https:\/\/pbs.twimg.com\/profile_banners\/1242820724970192896\/1586444086","default_profile":true,"default_profile_image":false,"following":null,"follow_request_sent":null,"notifications":null},"geo":null,"coordinates":null,"place":null,"contributors":null,"retweeted_status":{"created_at":"Fri Apr 10 14:41:38 +0000 2020","id":1248622171284328450,"id_str":"1248622171284328450","text":"\u0647\u0631 \u0627\u0646\u0633\u0627\u0646\u0649 \u0639\u0645\u0644 \u062e\u0648\u062f \u0631\u0627 \u0645\u0649 \u0628\u064a\u0646\u062f \u0648 \u0633\u0632\u0627\u0649 \u0643\u0631\u062f\u0627\u0631\u0634 \u0631\u0627 \u0645\u0649 \u06af\u064a\u0631\u062f.\n\n\u0627\u0645\u0627\u0645 \u0639\u0644\u06cc \u0639\u0644\u06cc\u0647 \u0627\u0644\u0633\u0644\u0627\u0645","source":"\u003ca href=\"http:\/\/twitter.com\/download\/android\" rel=\"nofollow\"\u003eTwitter for Android\u003c\/a\u003e","truncated":false,"in_reply_to_status_id":null,"in_reply_to_status_id_str":null,"in_reply_to_user_id":null,"in_reply_to_user_id_str":null,"in_reply_to_screen_name":null,"user":{"id":1244612883696287746,"id_str":"1244612883696287746","name":"\u0641\u0627\u0637\u0645\u0647 \u0631\u062d\u06cc\u0645 \u0632\u0627\u062f\u0647 \ud83c\uddee\ud83c\uddf7","screen_name":"ftm_rahimzadeh","location":"mashhad","url":"http:\/\/Instagram.com\/ftm_rahimzadeh","description":"\u200f\u200f\u200f\u200f\u200f\u0633\u0640\u06cc\u0640\u0640\u062f \u0639\u0632\u06cc\u0640\u0640\u0632\u0627\u0646 \u0627\u0647\u0640\u0640\u0644 \u063a\u0640\u0640\u0632\u0644 \ud83d\udcda","translator_type":"none","protected":false,"verified":false,"followers_count":456,"friends_count":349,"listed_count":0,"favourites_count":1458,"statuses_count":434,"created_at":"Mon Mar 30 13:10:21 +0000 2020","utc_offset":null,"time_zone":null,"geo_enabled":false,"lang":null,"contributors_enabled":false,"is_translator":false,"profile_background_color":"F5F8FA","profile_background_image_url":"","profile_background_image_url_https":"","profile_background_tile":false,"profile_link_color":"1DA1F2","profile_sidebar_border_color":"C0DEED","profile_sidebar_fill_color":"DDEEF6","profile_text_color":"333333","profile_use_background_image":true,"profile_image_url":"http:\/\/pbs.twimg.com\/profile_images\/1247879933528928257\/Ccu30o6n_normal.jpg","profile_image_url_https":"https:\/\/pbs.twimg.com\/profile_images\/1247879933528928257\/Ccu30o6n_normal.jpg","profile_banner_url":"https:\/\/pbs.twimg.com\/profile_banners\/1244612883696287746\/1586439632","default_profile":true,"default_profile_image":false,"following":null,"follow_request_sent":null,"notifications":null},"geo":null,"coordinates":null,"place":null,"contributors":null,"quoted_status_id":1248377315395899392,"quoted_status_id_str":"1248377315395899392","quoted_status":{"created_at":"Thu Apr 09 22:28:40 +0000 2020","id":1248377315395899392,"id_str":"1248377315395899392","text":"\u0645\u0631\u062f\u0645 \u0647\u0631\u0686\u0647 \u0628\u0643\u0627\u0631\u0646\u062f \u0647\u0645\u0627\u0646 \u0631\u0627 \u062f\u0631\u0648 \u062e\u0648\u0627\u0647\u0646\u062f \u0643\u0631\u062f.\n\n\u0635\u0627\u062f\u0642 \u0647\u062f\u0627\u06cc\u062a","source":"\u003ca href=\"http:\/\/twitter.com\/download\/iphone\" rel=\"nofollow\"\u003eTwitter for iPhone\u003c\/a\u003e","truncated":false,"in_reply_to_status_id":null,"in_reply_to_status_id_str":null,"in_reply_to_user_id":null,"in_reply_to_user_id_str":null,"in_reply_to_screen_name":null,"user":{"id":1726305288,"id_str":"1726305288","name":"Mahnaz Afshar","screen_name":"AfsharMahnaz","location":"IRAN","url":"http:\/\/Mahnazafshar.com","description":"Actress.... Who looks outside, dreams who looks inside, awakes. \ud83c\udf1e","translator_type":"none","protected":false,"verified":true,"followers_count":307721,"friends_count":203,"listed_count":396,"favourites_count":18030,"statuses_count":4573,"created_at":"Tue Sep 03 18:47:10 +0000 2013","utc_offset":null,"time_zone":null,"geo_enabled":false,"lang":null,"contributors_enabled":false,"is_translator":false,"profile_background_color":"ACDED6","profile_background_image_url":"http:\/\/abs.twimg.com\/images\/themes\/theme18\/bg.gif","profile_background_image_url_https":"https:\/\/abs.twimg.com\/images\/themes\/theme18\/bg.gif","profile_background_tile":false,"profile_link_color":"038543","profile_sidebar_border_color":"EEEEEE","profile_sidebar_fill_color":"F6F6F6","profile_text_color":"333333","profile_use_background_image":true,"profile_image_url":"http:\/\/pbs.twimg.com\/profile_images\/1247992939566862336\/yuhDIko8_normal.jpg","profile_image_url_https":"https:\/\/pbs.twimg.com\/profile_images\/1247992939566862336\/yuhDIko8_normal.jpg","profile_banner_url":"https:\/\/pbs.twimg.com\/profile_banners\/1726305288\/1573497733","default_profile":false,"default_profile_image":false,"following":null,"follow_request_sent":null,"notifications":null},"geo":null,"coordinates":null,"place":null,"contributors":null,"is_quote_status":false,"quote_count":278,"reply_count":1058,"retweet_count":99,"favorite_count":4407,"entities":{"hashtags":[],"urls":[],"user_mentions":[],"symbols":[]},"favorited":false,"retweeted":false,"filter_level":"low","lang":"fa"},"quoted_status_permalink":{"url":"https:\/\/t.co\/AnLLOzr0Pj","expanded":"https:\/\/twitter.com\/AfsharMahnaz\/status\/1248377315395899392","display":"twitter.com\/AfsharMahnaz\/s\u2026"},"is_quote_status":true,"quote_count":1,"reply_count":0,"retweet_count":1,"favorite_count":10,"entities":{"hashtags":[],"urls":[],"user_mentions":[],"symbols":[]},"favorited":false,"retweeted":false,"filter_level":"low","lang":"fa"},"quoted_status_id":1248377315395899392,"quoted_status_id_str":"1248377315395899392","quoted_status":{"created_at":"Thu Apr 09 22:28:40 +0000 2020","id":1248377315395899392,"id_str":"1248377315395899392","text":"\u0645\u0631\u062f\u0645 \u0647\u0631\u0686\u0647 \u0628\u0643\u0627\u0631\u0646\u062f \u0647\u0645\u0627\u0646 \u0631\u0627 \u062f\u0631\u0648 \u062e\u0648\u0627\u0647\u0646\u062f \u0643\u0631\u062f.\n\n\u0635\u0627\u062f\u0642 \u0647\u062f\u0627\u06cc\u062a","source":"\u003ca href=\"http:\/\/twitter.com\/download\/iphone\" rel=\"nofollow\"\u003eTwitter for iPhone\u003c\/a\u003e","truncated":false,"in_reply_to_status_id":null,"in_reply_to_status_id_str":null,"in_reply_to_user_id":null,"in_reply_to_user_id_str":null,"in_reply_to_screen_name":null,"user":{"id":1726305288,"id_str":"1726305288","name":"Mahnaz Afshar","screen_name":"AfsharMahnaz","location":"IRAN","url":"http:\/\/Mahnazafshar.com","description":"Actress.... Who looks outside, dreams who looks inside, awakes. \ud83c\udf1e","translator_type":"none","protected":false,"verified":true,"followers_count":307721,"friends_count":203,"listed_count":396,"favourites_count":18030,"statuses_count":4573,"created_at":"Tue Sep 03 18:47:10 +0000 2013","utc_offset":null,"time_zone":null,"geo_enabled":false,"lang":null,"contributors_enabled":false,"is_translator":false,"profile_background_color":"ACDED6","profile_background_image_url":"http:\/\/abs.twimg.com\/images\/themes\/theme18\/bg.gif","profile_background_image_url_https":"https:\/\/abs.twimg.com\/images\/themes\/theme18\/bg.gif","profile_background_tile":false,"profile_link_color":"038543","profile_sidebar_border_color":"EEEEEE","profile_sidebar_fill_color":"F6F6F6","profile_text_color":"333333","profile_use_background_image":true,"profile_image_url":"http:\/\/pbs.twimg.com\/profile_images\/1247992939566862336\/yuhDIko8_normal.jpg","profile_image_url_https":"https:\/\/pbs.twimg.com\/profile_images\/1247992939566862336\/yuhDIko8_normal.jpg","profile_banner_url":"https:\/\/pbs.twimg.com\/profile_banners\/1726305288\/1573497733","default_profile":false,"default_profile_image":false,"following":null,"follow_request_sent":null,"notifications":null},"geo":null,"coordinates":null,"place":null,"contributors":null,"is_quote_status":false,"quote_count":278,"reply_count":1058,"retweet_count":99,"favorite_count":4407,"entities":{"hashtags":[],"urls":[],"user_mentions":[],"symbols":[]},"favorited":false,"retweeted":false,"filter_level":"low","lang":"fa"},"quoted_status_permalink":{"url":"https:\/\/t.co\/AnLLOzr0Pj","expanded":"https:\/\/twitter.com\/AfsharMahnaz\/status\/1248377315395899392","display":"twitter.com\/AfsharMahnaz\/s\u2026"},"is_quote_status":true,"quote_count":0,"reply_count":0,"retweet_count":0,"favorite_count":0,"entities":{"hashtags":[],"urls":[],"user_mentions":[{"screen_name":"ftm_rahimzadeh","name":"\u0641\u0627\u0637\u0645\u0647 \u0631\u062d\u06cc\u0645 \u0632\u0627\u062f\u0647 \ud83c\uddee\ud83c\uddf7","id":1244612883696287746,"id_str":"1244612883696287746","indices":[3,18]}],"symbols":[]},"favorited":false,"retweeted":false,"filter_level":"low","lang":"fa","timestamp_ms":"1586538234659"}
