{"created_at":"Fri Apr 10 17:03:52 +0000 2020","id":1248657965852299265,"id_str":"1248657965852299265","text":"\ud83e\uddff\ud83d\udd25 https:\/\/t.co\/GuEn9IxAZp","display_text_range":[0,2],"source":"\u003ca href=\"http:\/\/twitter.com\/download\/iphone\" rel=\"nofollow\"\u003eTwitter for iPhone\u003c\/a\u003e","truncated":false,"in_reply_to_status_id":null,"in_reply_to_status_id_str":null,"in_reply_to_user_id":null,"in_reply_to_user_id_str":null,"in_reply_to_screen_name":null,"user":{"id":1207102831792185344,"id_str":"1207102831792185344","name":"Basem Besso","screen_name":"BasemBesso16","location":null,"url":null,"description":null,"translator_type":"none","protected":false,"verified":false,"followers_count":83,"friends_count":121,"listed_count":0,"favourites_count":336,"statuses_count":34,"created_at":"Wed Dec 18 00:58:52 +0000 2019","utc_offset":null,"time_zone":null,"geo_enabled":false,"lang":null,"contributors_enabled":false,"is_translator":false,"profile_background_color":"F5F8FA","profile_background_image_url":"","profile_background_image_url_https":"","profile_background_tile":false,"profile_link_color":"1DA1F2","profile_sidebar_border_color":"C0DEED","profile_sidebar_fill_color":"DDEEF6","profile_text_color":"333333","profile_use_background_image":true,"profile_image_url":"http:\/\/pbs.twimg.com\/profile_images\/1243556975683809280\/WHqWhXa-_normal.jpg","profile_image_url_https":"https:\/\/pbs.twimg.com\/profile_images\/1243556975683809280\/WHqWhXa-_normal.jpg","profile_banner_url":"https:\/\/pbs.twimg.com\/profile_banners\/1207102831792185344\/1585697737","default_profile":true,"default_profile_image":false,"following":null,"follow_request_sent":null,"notifications":null},"geo":null,"coordinates":null,"place":null,"contributors":null,"is_quote_status":false,"quote_count":0,"reply_count":0,"retweet_count":0,"favorite_count":0,"entities":{"hashtags":[],"urls":[],"user_mentions":[],"symbols":[],"media":[{"id":1248657944348168194,"id_str":"1248657944348168194","indices":[3,26],"media_url":"http:\/\/pbs.twimg.com\/media\/EVQfyOLXkAIn-t8.jpg","media_url_https":"https:\/\/pbs.twimg.com\/media\/EVQfyOLXkAIn-t8.jpg","url":"https:\/\/t.co\/GuEn9IxAZp","display_url":"pic.twitter.com\/GuEn9IxAZp","expanded_url":"https:\/\/twitter.com\/BasemBesso16\/status\/1248657965852299265\/photo\/1","type":"photo","sizes":{"thumb":{"w":150,"h":150,"resize":"crop"},"small":{"w":680,"h":680,"resize":"fit"},"medium":{"w":1200,"h":1200,"resize":"fit"},"large":{"w":2048,"h":2048,"resize":"fit"}}}]},"extended_entities":{"media":[{"id":1248657944348168194,"id_str":"1248657944348168194","indices":[3,26],"media_url":"http:\/\/pbs.twimg.com\/media\/EVQfyOLXkAIn-t8.jpg","media_url_https":"https:\/\/pbs.twimg.com\/media\/EVQfyOLXkAIn-t8.jpg","url":"https:\/\/t.co\/GuEn9IxAZp","display_url":"pic.twitter.com\/GuEn9IxAZp","expanded_url":"https:\/\/twitter.com\/BasemBesso16\/status\/1248657965852299265\/photo\/1","type":"photo","sizes":{"thumb":{"w":150,"h":150,"resize":"crop"},"small":{"w":680,"h":680,"resize":"fit"},"medium":{"w":1200,"h":1200,"resize":"fit"},"large":{"w":2048,"h":2048,"resize":"fit"}}}]},"favorited":false,"retweeted":false,"possibly_sensitive":false,"filter_level":"low","lang":"und","timestamp_ms":"1586538232659"}
