{"created_at":"Fri Apr 10 17:03:55 +0000 2020","id":1248657978443603976,"id_str":"1248657978443603976","text":"@Mooncrab_96 I feel u","display_text_range":[13,21],"source":"\u003ca href=\"http:\/\/twitter.com\/download\/iphone\" rel=\"nofollow\"\u003eTwitter for iPhone\u003c\/a\u003e","truncated":false,"in_reply_to_status_id":1248657706329804800,"in_reply_to_status_id_str":"1248657706329804800","in_reply_to_user_id":2271558725,"in_reply_to_user_id_str":"2271558725","in_reply_to_screen_name":"Mooncrab_96","user":{"id":785932844820553728,"id_str":"785932844820553728","name":"\ud835\udd30\ud835\udd2c\ud835\udd2d\ud835\udd25\u2077\ud83d\udda4\u2078","screen_name":"sophieuphoria","location":"London, England","url":null,"description":"23, \ud835\udd1f\ud835\udd26\ud835\udd30\ud835\udd22\ud835\udd35\ud835\udd32\ud835\udd1e\ud835\udd29, \ud835\udd30\ud835\udd25\ud835\udd22\/\ud835\udd25\ud835\udd22\ud835\udd2f. \ud835\udd22\ud835\udd2a\ud835\udd2c \ud835\udd1e\ud835\udd23. \ud835\udd0e\ud835\udd2d\ud835\udd2c\ud835\udd2d & \ud835\udd31\ud835\udd1e\ud835\udd31\ud835\udd31\ud835\udd2c\ud835\udd2c\ud835\udd30 \ud83d\udda4","translator_type":"none","protected":false,"verified":false,"followers_count":3449,"friends_count":468,"listed_count":34,"favourites_count":143860,"statuses_count":62650,"created_at":"Tue Oct 11 19:59:27 +0000 2016","utc_offset":null,"time_zone":null,"geo_enabled":true,"lang":null,"contributors_enabled":false,"is_translator":false,"profile_background_color":"000000","profile_background_image_url":"http:\/\/abs.twimg.com\/images\/themes\/theme1\/bg.png","profile_background_image_url_https":"https:\/\/abs.twimg.com\/images\/themes\/theme1\/bg.png","profile_background_tile":false,"profile_link_color":"981CEB","profile_sidebar_border_color":"000000","profile_sidebar_fill_color":"000000","profile_text_color":"000000","profile_use_background_image":false,"profile_image_url":"http:\/\/pbs.twimg.com\/profile_images\/1178653546096594945\/fLfF79HI_normal.jpg","profile_image_url_https":"https:\/\/pbs.twimg.com\/profile_images\/1178653546096594945\/fLfF79HI_normal.jpg","profile_banner_url":"https:\/\/pbs.twimg.com\/profile_banners\/785932844820553728\/1583346699","default_profile":false,"default_profile_image":false,"following":null,"follow_request_sent":null,"notifications":null},"geo":null,"coordinates":null,"place":null,"contributors":null,"is_quote_status":false,"quote_count":0,"reply_count":0,"retweet_count":0,"favorite_count":0,"entities":{"hashtags":[],"urls":[],"user_mentions":[{"screen_name":"Mooncrab_96","name":"Sabrina\u2077","id":2271558725,"id_str":"2271558725","indices":[0,12]}],"symbols":[]},"favorited":false,"retweeted":false,"filter_level":"low","lang":"en","timestamp_ms":"1586538235661"}
