{"created_at":"Fri Apr 10 17:03:49 +0000 2020","id":1248657953294626816,"id_str":"1248657953294626816","text":"@yusa_l \ud83d\ude0c https:\/\/t.co\/30VJbhyB8x","display_text_range":[8,9],"source":"\u003ca href=\"http:\/\/twitter.com\/download\/android\" rel=\"nofollow\"\u003eTwitter for Android\u003c\/a\u003e","truncated":false,"in_reply_to_status_id":1248656065106935812,"in_reply_to_status_id_str":"1248656065106935812","in_reply_to_user_id":1048549808460447745,"in_reply_to_user_id_str":"1048549808460447745","in_reply_to_screen_name":"yusa_l","user":{"id":771833246,"id_str":"771833246","name":"\u0410\u043a\u043a\u0430\u0443\u043d\u0442 \u041d\u044b\u0442\u0438\u043a\u0430 \u0441\u0438\u0434\u0438\u0442 \u0434\u043e\u043c\u0430 \u0438 \u0442\u044b \u0441\u0438\u0434\u0438","screen_name":"The_Ozz1","location":"https:\/\/vk.com\/the_ozz","url":null,"description":"\u0417\u0430\u0442\u043e \u043c\u0435\u043d\u044f \u043b\u044e\u0431\u0438\u0442 \u043c\u0430\u043c\u0430. \u0422\u0432\u043e\u044f \u043c\u0430\u043c\u0430.","translator_type":"none","protected":false,"verified":false,"followers_count":161,"friends_count":241,"listed_count":1,"favourites_count":3640,"statuses_count":3748,"created_at":"Tue Aug 21 16:40:06 +0000 2012","utc_offset":null,"time_zone":null,"geo_enabled":true,"lang":null,"contributors_enabled":false,"is_translator":false,"profile_background_color":"1A1B1F","profile_background_image_url":"http:\/\/abs.twimg.com\/images\/themes\/theme9\/bg.gif","profile_background_image_url_https":"https:\/\/abs.twimg.com\/images\/themes\/theme9\/bg.gif","profile_background_tile":false,"profile_link_color":"ABB8C2","profile_sidebar_border_color":"C0DEED","profile_sidebar_fill_color":"DDEEF6","profile_text_color":"333333","profile_use_background_image":true,"profile_image_url":"http:\/\/pbs.twimg.com\/profile_images\/832669002254032896\/hKZbuFZ7_normal.jpg","profile_image_url_https":"https:\/\/pbs.twimg.com\/profile_images\/832669002254032896\/hKZbuFZ7_normal.jpg","profile_banner_url":"https:\/\/pbs.twimg.com\/profile_banners\/771833246\/1426700203","default_profile":false,"default_profile_image":false,"following":null,"follow_request_sent":null,"notifications":null},"geo":null,"coordinates":null,"place":null,"contributors":null,"is_quote_status":false,"quote_count":0,"reply_count":0,"retweet_count":0,"favorite_count":0,"entities":{"hashtags":[],"urls":[],"user_mentions":[{"screen_name":"yusa_l","name":"\u0432\u0435\u0441\u0451\u043b\u044b\u0439 \u043a\u0430\u043c\u0435\u043d\u044c","id":1048549808460447745,"id_str":"1048549808460447745","indices":[0,7]}],"symbols":[],"media":[{"id":1248657935443648523,"id_str":"1248657935443648523","indices":[10,33],"media_url":"http:\/\/pbs.twimg.com\/media\/EVQfxtAXYAs1O0h.jpg","media_url_https":"https:\/\/pbs.twimg.com\/media\/EVQfxtAXYAs1O0h.jpg","url":"https:\/\/t.co\/30VJbhyB8x","display_url":"pic.twitter.com\/30VJbhyB8x","expanded_url":"https:\/\/twitter.com\/The_Ozz1\/status\/1248657953294626816\/photo\/1","type":"photo","sizes":{"thumb":{"w":150,"h":150,"resize":"crop"},"large":{"w":2048,"h":1536,"resize":"fit"},"medium":{"w":1200,"h":900,"resize":"fit"},"small":{"w":680,"h":510,"resize":"fit"}}}]},"extended_entities":{"media":[{"id":1248657935443648523,"id_str":"1248657935443648523","indices":[10,33],"media_url":"http:\/\/pbs.twimg.com\/media\/EVQfxtAXYAs1O0h.jpg","media_url_https":"https:\/\/pbs.twimg.com\/media\/EVQfxtAXYAs1O0h.jpg","url":"https:\/\/t.co\/30VJbhyB8x","display_url":"pic.twitter.com\/30VJbhyB8x","expanded_url":"https:\/\/twitter.com\/The_Ozz1\/status\/1248657953294626816\/photo\/1","type":"photo","sizes":{"thumb":{"w":150,"h":150,"resize":"crop"},"large":{"w":2048,"h":1536,"resize":"fit"},"medium":{"w":1200,"h":900,"resize":"fit"},"small":{"w":680,"h":510,"resize":"fit"}}}]},"favorited":false,"retweeted":false,"possibly_sensitive":false,"filter_level":"low","lang":"und","timestamp_ms":"1586538229665"}
