{"created_at":"Fri Apr 10 17:03:50 +0000 2020","id":1248657957463699456,"id_str":"1248657957463699456","text":"@CashApp Cashapp been in bio but just in case you forgot $afropuff20","display_text_range":[9,68],"source":"\u003ca href=\"http:\/\/twitter.com\/download\/iphone\" rel=\"nofollow\"\u003eTwitter for iPhone\u003c\/a\u003e","truncated":false,"in_reply_to_status_id":1248642212046475265,"in_reply_to_status_id_str":"1248642212046475265","in_reply_to_user_id":1445650784,"in_reply_to_user_id_str":"1445650784","in_reply_to_screen_name":"CashApp","user":{"id":365729871,"id_str":"365729871","name":"Payton Milhollan","screen_name":"PMillyrock22","location":"Washington,pennsylvania","url":"http:\/\/crushinghearts-raisinghell.tumblr.com\/","description":"No weirdo has rocked the bells as hard as me since Quasimodo\ud83d\udc4c\ud83d\udc4c\ud83d\udc4c\u2663\ufe0f\ud83d\udc4d.    $afropuff20","translator_type":"none","protected":false,"verified":false,"followers_count":155,"friends_count":797,"listed_count":3,"favourites_count":13108,"statuses_count":4904,"created_at":"Wed Aug 31 22:44:59 +0000 2011","utc_offset":null,"time_zone":null,"geo_enabled":true,"lang":null,"contributors_enabled":false,"is_translator":false,"profile_background_color":"000000","profile_background_image_url":"http:\/\/abs.twimg.com\/images\/themes\/theme14\/bg.gif","profile_background_image_url_https":"https:\/\/abs.twimg.com\/images\/themes\/theme14\/bg.gif","profile_background_tile":false,"profile_link_color":"981CEB","profile_sidebar_border_color":"000000","profile_sidebar_fill_color":"000000","profile_text_color":"000000","profile_use_background_image":false,"profile_image_url":"http:\/\/pbs.twimg.com\/profile_images\/1032702896574488578\/L99BgA5u_normal.jpg","profile_image_url_https":"https:\/\/pbs.twimg.com\/profile_images\/1032702896574488578\/L99BgA5u_normal.jpg","profile_banner_url":"https:\/\/pbs.twimg.com\/profile_banners\/365729871\/1558224418","default_profile":false,"default_profile_image":false,"following":null,"follow_request_sent":null,"notifications":null},"geo":null,"coordinates":null,"place":null,"contributors":null,"is_quote_status":false,"quote_count":0,"reply_count":0,"retweet_count":0,"favorite_count":0,"entities":{"hashtags":[],"urls":[],"user_mentions":[{"screen_name":"CashApp","name":"Cash App","id":1445650784,"id_str":"1445650784","indices":[0,8]}],"symbols":[]},"favorited":false,"retweeted":false,"filter_level":"low","lang":"en","timestamp_ms":"1586538230659"}
