{"created_at":"Fri Apr 10 17:03:54 +0000 2020","id":1248657974249361408,"id_str":"1248657974249361408","text":"RT @Tatiano666: Dime... \u00bfest\u00e1s cansado del aislamiento? \n\nEs una gran lecci\u00f3n para todos. https:\/\/t.co\/6vHkTB9cvH","source":"\u003ca href=\"http:\/\/twitter.com\/download\/iphone\" rel=\"nofollow\"\u003eTwitter for iPhone\u003c\/a\u003e","truncated":false,"in_reply_to_status_id":null,"in_reply_to_status_id_str":null,"in_reply_to_user_id":null,"in_reply_to_user_id_str":null,"in_reply_to_screen_name":null,"user":{"id":116599539,"id_str":"116599539","name":"Gianko Riviello","screen_name":"GiankoRiviello","location":"Irapuato, Guanajuato","url":null,"description":"Heath Ledger es el mejor Joker.","translator_type":"none","protected":false,"verified":false,"followers_count":170,"friends_count":443,"listed_count":0,"favourites_count":18748,"statuses_count":6830,"created_at":"Tue Feb 23 01:39:01 +0000 2010","utc_offset":null,"time_zone":null,"geo_enabled":true,"lang":null,"contributors_enabled":false,"is_translator":false,"profile_background_color":"000000","profile_background_image_url":"http:\/\/abs.twimg.com\/images\/themes\/theme1\/bg.png","profile_background_image_url_https":"https:\/\/abs.twimg.com\/images\/themes\/theme1\/bg.png","profile_background_tile":true,"profile_link_color":"730E22","profile_sidebar_border_color":"C0DEED","profile_sidebar_fill_color":"000000","profile_text_color":"C70828","profile_use_background_image":true,"profile_image_url":"http:\/\/pbs.twimg.com\/profile_images\/1216948946070724608\/YL0o653p_normal.jpg","profile_image_url_https":"https:\/\/pbs.twimg.com\/profile_images\/1216948946070724608\/YL0o653p_normal.jpg","profile_banner_url":"https:\/\/pbs.twimg.com\/profile_banners\/116599539\/1581323786","default_profile":false,"default_profile_image":false,"following":null,"follow_request_sent":null,"notifications":null},"geo":null,"coordinates":null,"place":null,"contributors":null,"retweeted_status":{"created_at":"Fri Apr 10 14:57:41 +0000 2020","id":1248626210889805824,"id_str":"1248626210889805824","text":"Dime... \u00bfest\u00e1s cansado del aislamiento? \n\nEs una gran lecci\u00f3n para todos. https:\/\/t.co\/6vHkTB9cvH","display_text_range":[0,73],"source":"\u003ca href=\"http:\/\/twitter.com\/download\/android\" rel=\"nofollow\"\u003eTwitter for Android\u003c\/a\u003e","truncated":false,"in_reply_to_status_id":null,"in_reply_to_status_id_str":null,"in_reply_to_user_id":null,"in_reply_to_user_id_str":null,"in_reply_to_screen_name":null,"user":{"id":1109490788990357506,"id_str":"1109490788990357506","name":"El T\u00edo Tatiano #RxM #AmorAM\u00e9xico","screen_name":"Tatiano666","location":null,"url":null,"description":"antichairo.\npesadilla de Obrador, aqu\u00ed todos tienen voz, luchamos como equipo, nos apoyamos y crecemos juntos.\n\nmandame DM para ingresarte a la\n#RxM","translator_type":"none","protected":false,"verified":false,"followers_count":6654,"friends_count":4174,"listed_count":12,"favourites_count":41155,"statuses_count":24565,"created_at":"Sat Mar 23 16:23:12 +0000 2019","utc_offset":null,"time_zone":null,"geo_enabled":false,"lang":null,"contributors_enabled":false,"is_translator":false,"profile_background_color":"F5F8FA","profile_background_image_url":"","profile_background_image_url_https":"","profile_background_tile":false,"profile_link_color":"1DA1F2","profile_sidebar_border_color":"C0DEED","profile_sidebar_fill_color":"DDEEF6","profile_text_color":"333333","profile_use_background_image":true,"profile_image_url":"http:\/\/pbs.twimg.com\/profile_images\/1248605810810208256\/3pbtd14S_normal.jpg","profile_image_url_https":"https:\/\/pbs.twimg.com\/profile_images\/1248605810810208256\/3pbtd14S_normal.jpg","profile_banner_url":"https:\/\/pbs.twimg.com\/profile_banners\/1109490788990357506\/1586525772","default_profile":true,"default_profile_image":false,"following":null,"follow_request_sent":null,"notifications":null},"geo":null,"coordinates":null,"place":null,"contributors":null,"is_quote_status":false,"quote_count":3,"reply_count":11,"retweet_count":98,"favorite_count":140,"entities":{"hashtags":[],"urls":[],"user_mentions":[],"symbols":[],"media":[{"id":1248626178123919360,"id_str":"1248626178123919360","indices":[74,97],"media_url":"http:\/\/pbs.twimg.com\/media\/EVQC5LxUcAAr0zD.jpg","media_url_https":"https:\/\/pbs.twimg.com\/media\/EVQC5LxUcAAr0zD.jpg","url":"https:\/\/t.co\/6vHkTB9cvH","display_url":"pic.twitter.com\/6vHkTB9cvH","expanded_url":"https:\/\/twitter.com\/Tatiano666\/status\/1248626210889805824\/photo\/1","type":"photo","sizes":{"thumb":{"w":150,"h":150,"resize":"crop"},"large":{"w":720,"h":701,"resize":"fit"},"small":{"w":680,"h":662,"resize":"fit"},"medium":{"w":720,"h":701,"resize":"fit"}}}]},"extended_entities":{"media":[{"id":1248626178123919360,"id_str":"1248626178123919360","indices":[74,97],"media_url":"http:\/\/pbs.twimg.com\/media\/EVQC5LxUcAAr0zD.jpg","media_url_https":"https:\/\/pbs.twimg.com\/media\/EVQC5LxUcAAr0zD.jpg","url":"https:\/\/t.co\/6vHkTB9cvH","display_url":"pic.twitter.com\/6vHkTB9cvH","expanded_url":"https:\/\/twitter.com\/Tatiano666\/status\/1248626210889805824\/photo\/1","type":"photo","sizes":{"thumb":{"w":150,"h":150,"resize":"crop"},"large":{"w":720,"h":701,"resize":"fit"},"small":{"w":680,"h":662,"resize":"fit"},"medium":{"w":720,"h":701,"resize":"fit"}}},{"id":1248626189586952194,"id_str":"1248626189586952194","indices":[74,97],"media_url":"http:\/\/pbs.twimg.com\/media\/EVQC52eUcAIlKUn.jpg","media_url_https":"https:\/\/pbs.twimg.com\/media\/EVQC52eUcAIlKUn.jpg","url":"https:\/\/t.co\/6vHkTB9cvH","display_url":"pic.twitter.com\/6vHkTB9cvH","expanded_url":"https:\/\/twitter.com\/Tatiano666\/status\/1248626210889805824\/photo\/1","type":"photo","sizes":{"small":{"w":680,"h":666,"resize":"fit"},"thumb":{"w":150,"h":150,"resize":"crop"},"large":{"w":720,"h":705,"resize":"fit"},"medium":{"w":720,"h":705,"resize":"fit"}}},{"id":1248626201721110530,"id_str":"1248626201721110530","indices":[74,97],"media_url":"http:\/\/pbs.twimg.com\/media\/EVQC6jrVAAIuh7G.jpg","media_url_https":"https:\/\/pbs.twimg.com\/media\/EVQC6jrVAAIuh7G.jpg","url":"https:\/\/t.co\/6vHkTB9cvH","display_url":"pic.twitter.com\/6vHkTB9cvH","expanded_url":"https:\/\/twitter.com\/Tatiano666\/status\/1248626210889805824\/photo\/1","type":"photo","sizes":{"thumb":{"w":150,"h":150,"resize":"crop"},"small":{"w":680,"h":660,"resize":"fit"},"medium":{"w":720,"h":699,"resize":"fit"},"large":{"w":720,"h":699,"resize":"fit"}}},{"id":1248626206695555074,"id_str":"1248626206695555074","indices":[74,97],"media_url":"http:\/\/pbs.twimg.com\/media\/EVQC62NVAAI0IeT.jpg","media_url_https":"https:\/\/pbs.twimg.com\/media\/EVQC62NVAAI0IeT.jpg","url":"https:\/\/t.co\/6vHkTB9cvH","display_url":"pic.twitter.com\/6vHkTB9cvH","expanded_url":"https:\/\/twitter.com\/Tatiano666\/status\/1248626210889805824\/photo\/1","type":"photo","sizes":{"thumb":{"w":150,"h":150,"resize":"crop"},"medium":{"w":720,"h":709,"resize":"fit"},"large":{"w":720,"h":709,"resize":"fit"},"small":{"w":680,"h":670,"resize":"fit"}}}]},"favorited":false,"retweeted":false,"possibly_sensitive":false,"filter_level":"low","lang":"es"},"is_quote_status":false,"quote_count":0,"reply_count":0,"retweet_count":0,"favorite_count":0,"entities":{"hashtags":[],"urls":[],"user_mentions":[{"screen_name":"Tatiano666","name":"El T\u00edo Tatiano #RxM #AmorAM\u00e9xico","id":1109490788990357506,"id_str":"1109490788990357506","indices":[3,14]}],"symbols":[],"media":[{"id":1248626178123919360,"id_str":"1248626178123919360","indices":[90,113],"media_url":"http:\/\/pbs.twimg.com\/media\/EVQC5LxUcAAr0zD.jpg","media_url_https":"https:\/\/pbs.twimg.com\/media\/EVQC5LxUcAAr0zD.jpg","url":"https:\/\/t.co\/6vHkTB9cvH","display_url":"pic.twitter.com\/6vHkTB9cvH","expanded_url":"https:\/\/twitter.com\/Tatiano666\/status\/1248626210889805824\/photo\/1","type":"photo","sizes":{"thumb":{"w":150,"h":150,"resize":"crop"},"large":{"w":720,"h":701,"resize":"fit"},"small":{"w":680,"h":662,"resize":"fit"},"medium":{"w":720,"h":701,"resize":"fit"}},"source_status_id":1248626210889805824,"source_status_id_str":"1248626210889805824","source_user_id":1109490788990357506,"source_user_id_str":"1109490788990357506"}]},"extended_entities":{"media":[{"id":1248626178123919360,"id_str":"1248626178123919360","indices":[90,113],"media_url":"http:\/\/pbs.twimg.com\/media\/EVQC5LxUcAAr0zD.jpg","media_url_https":"https:\/\/pbs.twimg.com\/media\/EVQC5LxUcAAr0zD.jpg","url":"https:\/\/t.co\/6vHkTB9cvH","display_url":"pic.twitter.com\/6vHkTB9cvH","expanded_url":"https:\/\/twitter.com\/Tatiano666\/status\/1248626210889805824\/photo\/1","type":"photo","sizes":{"thumb":{"w":150,"h":150,"resize":"crop"},"large":{"w":720,"h":701,"resize":"fit"},"small":{"w":680,"h":662,"resize":"fit"},"medium":{"w":720,"h":701,"resize":"fit"}},"source_status_id":1248626210889805824,"source_status_id_str":"1248626210889805824","source_user_id":1109490788990357506,"source_user_id_str":"1109490788990357506"},{"id":1248626189586952194,"id_str":"1248626189586952194","indices":[90,113],"media_url":"http:\/\/pbs.twimg.com\/media\/EVQC52eUcAIlKUn.jpg","media_url_https":"https:\/\/pbs.twimg.com\/media\/EVQC52eUcAIlKUn.jpg","url":"https:\/\/t.co\/6vHkTB9cvH","display_url":"pic.twitter.com\/6vHkTB9cvH","expanded_url":"https:\/\/twitter.com\/Tatiano666\/status\/1248626210889805824\/photo\/1","type":"photo","sizes":{"small":{"w":680,"h":666,"resize":"fit"},"thumb":{"w":150,"h":150,"resize":"crop"},"large":{"w":720,"h":705,"resize":"fit"},"medium":{"w":720,"h":705,"resize":"fit"}},"source_status_id":1248626210889805824,"source_status_id_str":"1248626210889805824","source_user_id":1109490788990357506,"source_user_id_str":"1109490788990357506"},{"id":1248626201721110530,"id_str":"1248626201721110530","indices":[90,113],"media_url":"http:\/\/pbs.twimg.com\/media\/EVQC6jrVAAIuh7G.jpg","media_url_https":"https:\/\/pbs.twimg.com\/media\/EVQC6jrVAAIuh7G.jpg","url":"https:\/\/t.co\/6vHkTB9cvH","display_url":"pic.twitter.com\/6vHkTB9cvH","expanded_url":"https:\/\/twitter.com\/Tatiano666\/status\/1248626210889805824\/photo\/1","type":"photo","sizes":{"thumb":{"w":150,"h":150,"resize":"crop"},"small":{"w":680,"h":660,"resize":"fit"},"medium":{"w":720,"h":699,"resize":"fit"},"large":{"w":720,"h":699,"resize":"fit"}},"source_status_id":1248626210889805824,"source_status_id_str":"1248626210889805824","source_user_id":1109490788990357506,"source_user_id_str":"1109490788990357506"},{"id":1248626206695555074,"id_str":"1248626206695555074","indices":[90,113],"media_url":"http:\/\/pbs.twimg.com\/media\/EVQC62NVAAI0IeT.jpg","media_url_https":"https:\/\/pbs.twimg.com\/media\/EVQC62NVAAI0IeT.jpg","url":"https:\/\/t.co\/6vHkTB9cvH","display_url":"pic.twitter.com\/6vHkTB9cvH","expanded_url":"https:\/\/twitter.com\/Tatiano666\/status\/1248626210889805824\/photo\/1","type":"photo","sizes":{"thumb":{"w":150,"h":150,"resize":"crop"},"medium":{"w":720,"h":709,"resize":"fit"},"large":{"w":720,"h":709,"resize":"fit"},"small":{"w":680,"h":670,"resize":"fit"}},"source_status_id":1248626210889805824,"source_status_id_str":"1248626210889805824","source_user_id":1109490788990357506,"source_user_id_str":"1109490788990357506"}]},"favorited":false,"retweeted":false,"possibly_sensitive":false,"filter_level":"low","lang":"es","timestamp_ms":"1586538234661"}
