{"created_at":"Fri Apr 10 17:03:57 +0000 2020","id":1248657986848985092,"id_str":"1248657986848985092","text":"He made it look bad","source":"\u003ca href=\"http:\/\/twitter.com\/download\/iphone\" rel=\"nofollow\"\u003eTwitter for iPhone\u003c\/a\u003e","truncated":false,"in_reply_to_status_id":null,"in_reply_to_status_id_str":null,"in_reply_to_user_id":null,"in_reply_to_user_id_str":null,"in_reply_to_screen_name":null,"user":{"id":2446583341,"id_str":"2446583341","name":"FATBOI\ud83e\udd8d\ud83d\udc3e","screen_name":"Darealfatboii_","location":null,"url":null,"description":"GOD\u2019S GIFT\ud83d\ude4f\ud83c\udffe \ud83d\udcabNo Weapon Formed Against Me Shall Prosper\ud83d\udcab IG:darealfatboii_","translator_type":"none","protected":false,"verified":false,"followers_count":1385,"friends_count":1617,"listed_count":5,"favourites_count":41579,"statuses_count":51701,"created_at":"Wed Apr 16 04:56:05 +0000 2014","utc_offset":null,"time_zone":null,"geo_enabled":true,"lang":null,"contributors_enabled":false,"is_translator":false,"profile_background_color":"C0DEED","profile_background_image_url":"http:\/\/abs.twimg.com\/images\/themes\/theme1\/bg.png","profile_background_image_url_https":"https:\/\/abs.twimg.com\/images\/themes\/theme1\/bg.png","profile_background_tile":false,"profile_link_color":"1DA1F2","profile_sidebar_border_color":"C0DEED","profile_sidebar_fill_color":"DDEEF6","profile_text_color":"333333","profile_use_background_image":true,"profile_image_url":"http:\/\/pbs.twimg.com\/profile_images\/1227116631366782977\/47HYRRZZ_normal.jpg","profile_image_url_https":"https:\/\/pbs.twimg.com\/profile_images\/1227116631366782977\/47HYRRZZ_normal.jpg","profile_banner_url":"https:\/\/pbs.twimg.com\/profile_banners\/2446583341\/1585844388","default_profile":true,"default_profile_image":false,"following":null,"follow_request_sent":null,"notifications":null},"geo":null,"coordinates":null,"place":null,"contributors":null,"quoted_status_id":1248448159900147712,"quoted_status_id_str":"1248448159900147712","quoted_status":{"created_at":"Fri Apr 10 03:10:11 +0000 2020","id":1248448159900147712,"id_str":"1248448159900147712","text":"This how all DMV Niggas finna be inna function after quarantine https:\/\/t.co\/YDpYfo3GJC","display_text_range":[0,63],"source":"\u003ca href=\"https:\/\/mobile.twitter.com\" rel=\"nofollow\"\u003eTwitter Web App\u003c\/a\u003e","truncated":false,"in_reply_to_status_id":null,"in_reply_to_status_id_str":null,"in_reply_to_user_id":null,"in_reply_to_user_id_str":null,"in_reply_to_screen_name":null,"user":{"id":4050417533,"id_str":"4050417533","name":"Renaissance Mic \ud83c\uddff\ud83c\udde6\u2660\ufe0f\ud83e\udde9","screen_name":"renaissance_boi","location":"Largo, MD","url":"https:\/\/music.apple.com\/us\/album\/rock-feat-dan-chapplinnn-single\/1499156274","description":"IG:renaissance_mic Your modern day Renaissance Man\/Local Maryland Fuckup who raps, sings, produces, and saxophones\ud83c\udfa4\ud83c\udfb7\ud83c\udfb9 buy some beats and sax feats","translator_type":"none","protected":false,"verified":false,"followers_count":3222,"friends_count":2620,"listed_count":8,"favourites_count":28274,"statuses_count":34082,"created_at":"Tue Oct 27 02:37:05 +0000 2015","utc_offset":null,"time_zone":null,"geo_enabled":true,"lang":null,"contributors_enabled":false,"is_translator":false,"profile_background_color":"000000","profile_background_image_url":"http:\/\/abs.twimg.com\/images\/themes\/theme1\/bg.png","profile_background_image_url_https":"https:\/\/abs.twimg.com\/images\/themes\/theme1\/bg.png","profile_background_tile":false,"profile_link_color":"981CEB","profile_sidebar_border_color":"000000","profile_sidebar_fill_color":"000000","profile_text_color":"000000","profile_use_background_image":false,"profile_image_url":"http:\/\/pbs.twimg.com\/profile_images\/1248357231285936130\/JmJ60V66_normal.jpg","profile_image_url_https":"https:\/\/pbs.twimg.com\/profile_images\/1248357231285936130\/JmJ60V66_normal.jpg","profile_banner_url":"https:\/\/pbs.twimg.com\/profile_banners\/4050417533\/1586466574","default_profile":false,"default_profile_image":false,"following":null,"follow_request_sent":null,"notifications":null},"geo":null,"coordinates":null,"place":null,"contributors":null,"is_quote_status":false,"quote_count":6,"reply_count":3,"retweet_count":61,"favorite_count":163,"entities":{"hashtags":[],"urls":[],"user_mentions":[],"symbols":[],"media":[{"id":1248447891712045056,"id_str":"1248447891712045056","indices":[64,87],"additional_media_info":{"monetizable":false},"media_url":"http:\/\/pbs.twimg.com\/ext_tw_video_thumb\/1248447891712045056\/pu\/img\/cCxFcqVvsr8wNaRF.jpg","media_url_https":"https:\/\/pbs.twimg.com\/ext_tw_video_thumb\/1248447891712045056\/pu\/img\/cCxFcqVvsr8wNaRF.jpg","url":"https:\/\/t.co\/YDpYfo3GJC","display_url":"pic.twitter.com\/YDpYfo3GJC","expanded_url":"https:\/\/twitter.com\/renaissance_boi\/status\/1248448159900147712\/video\/1","type":"photo","sizes":{"thumb":{"w":150,"h":150,"resize":"crop"},"medium":{"w":1200,"h":675,"resize":"fit"},"small":{"w":680,"h":383,"resize":"fit"},"large":{"w":1280,"h":720,"resize":"fit"}}}]},"extended_entities":{"media":[{"id":1248447891712045056,"id_str":"1248447891712045056","indices":[64,87],"additional_media_info":{"monetizable":false},"media_url":"http:\/\/pbs.twimg.com\/ext_tw_video_thumb\/1248447891712045056\/pu\/img\/cCxFcqVvsr8wNaRF.jpg","media_url_https":"https:\/\/pbs.twimg.com\/ext_tw_video_thumb\/1248447891712045056\/pu\/img\/cCxFcqVvsr8wNaRF.jpg","url":"https:\/\/t.co\/YDpYfo3GJC","display_url":"pic.twitter.com\/YDpYfo3GJC","expanded_url":"https:\/\/twitter.com\/renaissance_boi\/status\/1248448159900147712\/video\/1","type":"video","video_info":{"aspect_ratio":[16,9],"duration_millis":31200,"variants":[{"bitrate":832000,"content_type":"video\/mp4","url":"https:\/\/video.twimg.com\/ext_tw_video\/1248447891712045056\/pu\/vid\/640x360\/mRjr1o6PJMJcv5YL.mp4?tag=10"},{"content_type":"application\/x-mpegURL","url":"https:\/\/video.twimg.com\/ext_tw_video\/1248447891712045056\/pu\/pl\/B8jRqz-ClRsHeLNP.m3u8?tag=10"},{"bitrate":2176000,"content_type":"video\/mp4","url":"https:\/\/video.twimg.com\/ext_tw_video\/1248447891712045056\/pu\/vid\/1280x720\/-EpdzCKFQbh7H8BG.mp4?tag=10"},{"bitrate":256000,"content_type":"video\/mp4","url":"https:\/\/video.twimg.com\/ext_tw_video\/1248447891712045056\/pu\/vid\/480x270\/0Cs4ZAfry_WUiz8S.mp4?tag=10"}]},"sizes":{"thumb":{"w":150,"h":150,"resize":"crop"},"medium":{"w":1200,"h":675,"resize":"fit"},"small":{"w":680,"h":383,"resize":"fit"},"large":{"w":1280,"h":720,"resize":"fit"}}}]},"favorited":false,"retweeted":false,"possibly_sensitive":false,"filter_level":"low","lang":"en"},"quoted_status_permalink":{"url":"https:\/\/t.co\/dOB0fKVGMK","expanded":"https:\/\/twitter.com\/renaissance_boi\/status\/1248448159900147712","display":"twitter.com\/renaissance_bo\u2026"},"is_quote_status":true,"quote_count":0,"reply_count":0,"retweet_count":0,"favorite_count":0,"entities":{"hashtags":[],"urls":[],"user_mentions":[],"symbols":[]},"favorited":false,"retweeted":false,"filter_level":"low","lang":"en","timestamp_ms":"1586538237665"}
