{"created_at":"Fri Apr 10 17:03:56 +0000 2020","id":1248657982646173697,"id_str":"1248657982646173697","text":"@__NSBJ \uadf8\ub7ec\ub098 \ubc1c\ubaa9 \ubfcc\uac1c\uc838","display_text_range":[8,18],"source":"\u003ca href=\"http:\/\/twitter.com\/download\/android\" rel=\"nofollow\"\u003eTwitter for Android\u003c\/a\u003e","truncated":false,"in_reply_to_status_id":1248657659986755584,"in_reply_to_status_id_str":"1248657659986755584","in_reply_to_user_id":1148743712760987648,"in_reply_to_user_id_str":"1148743712760987648","in_reply_to_screen_name":"__NSBJ","user":{"id":1175061491654877184,"id_str":"1175061491654877184","name":"\ub0b4\uc77c \ud2b8\uc704\ud130 \ub4e4\uc5b4\uc624\uba74 \ucc10 \uae30\uc548\ud3144\u314f\ud568","screen_name":"pprin_love","location":null,"url":null,"description":"\ud5e4\ud14c\ub85c\uc5d0 \uc8fd\uace0 \ud5e4\ud14c\ub85c\uc5d0 \uc0ac\ub294 \ub140 \uae40\ud3ad\ub9b0 \ud5e4\ub354 \ubbf8\ub4c0\ub2d8","translator_type":"none","protected":false,"verified":false,"followers_count":232,"friends_count":259,"listed_count":0,"favourites_count":3730,"statuses_count":3758,"created_at":"Fri Sep 20 14:58:04 +0000 2019","utc_offset":null,"time_zone":null,"geo_enabled":false,"lang":null,"contributors_enabled":false,"is_translator":false,"profile_background_color":"F5F8FA","profile_background_image_url":"","profile_background_image_url_https":"","profile_background_tile":false,"profile_link_color":"1DA1F2","profile_sidebar_border_color":"C0DEED","profile_sidebar_fill_color":"DDEEF6","profile_text_color":"333333","profile_use_background_image":true,"profile_image_url":"http:\/\/pbs.twimg.com\/profile_images\/1245360626416766976\/Ocm20HUX_normal.jpg","profile_image_url_https":"https:\/\/pbs.twimg.com\/profile_images\/1245360626416766976\/Ocm20HUX_normal.jpg","profile_banner_url":"https:\/\/pbs.twimg.com\/profile_banners\/1175061491654877184\/1585704462","default_profile":true,"default_profile_image":false,"following":null,"follow_request_sent":null,"notifications":null},"geo":null,"coordinates":null,"place":null,"contributors":null,"is_quote_status":false,"quote_count":0,"reply_count":0,"retweet_count":0,"favorite_count":0,"entities":{"hashtags":[],"urls":[],"user_mentions":[{"screen_name":"__NSBJ","name":"\ub0a8\uc0c8\ubcbd","id":1148743712760987648,"id_str":"1148743712760987648","indices":[0,7]}],"symbols":[]},"favorited":false,"retweeted":false,"filter_level":"low","lang":"ko","timestamp_ms":"1586538236663"}
