{"created_at":"Fri Apr 10 17:03:48 +0000 2020","id":1248657949104324608,"id_str":"1248657949104324608","text":"@psmark1821 9","display_text_range":[12,13],"source":"\u003ca href=\"http:\/\/twitter.com\/download\/iphone\" rel=\"nofollow\"\u003eTwitter for iPhone\u003c\/a\u003e","truncated":false,"in_reply_to_status_id":1248593164904157185,"in_reply_to_status_id_str":"1248593164904157185","in_reply_to_user_id":867523838,"in_reply_to_user_id_str":"867523838","in_reply_to_screen_name":"psmark1821","user":{"id":908006903451545601,"id_str":"908006903451545601","name":"\u2728\ud835\uddf7\ud835\uddf2\ud835\uddf9\ud835\uddf9\ud835\ude06\ud835\uddef\ud835\uddfc\ud835\uddfc \u66c9\u96e8 \u2601\ufe0f","screen_name":"yu_shuii","location":"\ud83d\ude8f","url":"http:\/\/jellyboo.com","description":"\u270e \ud835\uddb7\ud835\uddc2\ud835\uddba\ud835\uddc8\ud835\uddc4\ud835\uddba\ud835\uddc2 \u263b \ud835\uddb2\ud835\uddc8\ud835\uddc6\ud835\uddbe\ud835\uddcd\ud835\uddc2\ud835\uddc6\ud835\uddbe\ud835\uddcc \ud835\udda8 \ud835\uddbc\ud835\uddba\ud835\uddc7\u2019\ud835\uddcd \ud835\uddcc\ud835\uddbe\ud835\uddbe \ud835\uddc6\ud835\uddd2\ud835\uddcc\ud835\uddbe\ud835\uddc5\ud835\uddbf \ud835\uddd0\ud835\uddc1\ud835\uddbe\ud835\uddc7 \ud835\udda8\u2019\ud835\uddc6 \ud835\uddd0\ud835\uddc2\ud835\uddcd\ud835\uddc1 \ud835\uddd2\ud835\uddc8\ud835\uddce. \ud835\udda8 \ud835\uddbc\ud835\uddba\ud835\uddc7 \ud835\uddc8\ud835\uddc7\ud835\uddc5\ud835\uddd2 \ud835\uddc3\ud835\uddce\ud835\uddcc\ud835\uddcd \ud835\uddcc\ud835\uddbe\ud835\uddbe \ud835\uddd2\ud835\uddc8\ud835\uddce .","translator_type":"none","protected":false,"verified":false,"followers_count":65,"friends_count":38,"listed_count":0,"favourites_count":2495,"statuses_count":2288,"created_at":"Wed Sep 13 16:38:10 +0000 2017","utc_offset":null,"time_zone":null,"geo_enabled":true,"lang":null,"contributors_enabled":false,"is_translator":false,"profile_background_color":"000000","profile_background_image_url":"http:\/\/abs.twimg.com\/images\/themes\/theme1\/bg.png","profile_background_image_url_https":"https:\/\/abs.twimg.com\/images\/themes\/theme1\/bg.png","profile_background_tile":false,"profile_link_color":"91D2FA","profile_sidebar_border_color":"000000","profile_sidebar_fill_color":"000000","profile_text_color":"000000","profile_use_background_image":false,"profile_image_url":"http:\/\/pbs.twimg.com\/profile_images\/1240353726696583168\/2CyngSwA_normal.jpg","profile_image_url_https":"https:\/\/pbs.twimg.com\/profile_images\/1240353726696583168\/2CyngSwA_normal.jpg","profile_banner_url":"https:\/\/pbs.twimg.com\/profile_banners\/908006903451545601\/1584470421","default_profile":false,"default_profile_image":false,"following":null,"follow_request_sent":null,"notifications":null},"geo":null,"coordinates":null,"place":null,"contributors":null,"is_quote_status":false,"quote_count":0,"reply_count":0,"retweet_count":0,"favorite_count":0,"entities":{"hashtags":[],"urls":[],"user_mentions":[{"screen_name":"psmark1821","name":"\u0e0a\u0e48\u0e32\u0e07\u0e41\u0e21\u0e48\u0e07\ud83d\udc30","id":867523838,"id_str":"867523838","indices":[0,11]}],"symbols":[]},"favorited":false,"retweeted":false,"filter_level":"low","lang":"und","timestamp_ms":"1586538228666"}
