"0","library(ggplot2)"
"0","library(gridExtra)"
"0","set.seed(123)"
"0","var=rnorm(1000)"
"0","# Con qplot: no requiere dataframe"
"0","plot1 <- qplot(var , bins = 30,fill=I(rgb(0.1,0.2,0.4,0.6)) ) # sin Tema"
"0","plot2 = plot1+theme_bw()+"
"0","  annotate(""text"", x = -1.9, y = 75, label = ""bw()"" , col=""orange"" , size=4)"
"0","plot3 = plot1+theme_classic()+"
"0","  annotate(""text"", x = -1.9, y = 75, label = ""classic()"" , col=""red"" , size=4)"
"0","plot4 = plot1+theme_gray()+"
"0","  annotate(""text"", x = -1.9, y = 75, label = ""gray()"" , col=""green"" , size=4)"
"0","grid.arrange(plot1,plot2,plot3,plot4, ncol=2) # disposicion en 2x1 "
