"0","# geom_boxplot proposes several arguments to custom appearance"
"0","ggplot(mpg, aes(x=class, y=hwy)) + "
"0","    geom_boxplot("
"0","        "
"0","        # custom boxes"
"0","        color=""blue"","
"0","        fill=""blue"","
"0","        alpha=0.2,"
"0","        "
"0","        # Notch?"
"0","        notch=TRUE,"
"0","        notchwidth = 0.8,"
"0","        "
"0","        # custom outliers"
"0","        outlier.colour=""red"","
"0","        outlier.fill=""red"","
"0","        outlier.size=3"
"0","    )"
