﻿{ "_id" : { "$oid" : "53172c1ea85874ad0f8f1c6e" }, "a" : 1, "b" : { "$date" : 1394027550038 }, "c" : true, "d" : "documento 1" }
{ "_id" : { "$oid" : "53172c1ea85874ad0f8f1c6f" }, "a" : 2, "b" : { "$date" : 1394027550091 }, "c" : true, "d" : "documento 2" }
{ "_id" : { "$oid" : "53172c1ea85874ad0f8f1c70" }, "a" : 3, "b" : { "$date" : 1394027550091 }, "c" : true, "d" : "documento 3" }
{ "_id" : { "$oid" : "53172c1ea85874ad0f8f1c71" }, "a" : 4, "b" : { "$date" : 1394027550092 }, "c" : true, "d" : "documento 4" }
{ "_id" : { "$oid" : "53172c1ea85874ad0f8f1c72" }, "a" : 5, "b" : { "$date" : 1394027550092 }, "c" : true, "d" : "documento 5" }
{ "_id" : { "$oid" : "53172c1ea85874ad0f8f1c73" }, "a" : 6, "b" : { "$date" : 1394027550092 }, "c" : true, "d" : "documento 6" }
{ "_id" : { "$oid" : "53172c1ea85874ad0f8f1c74" }, "a" : 7, "b" : { "$date" : 1394027550092 }, "c" : true, "d" : "documento 7" }
{ "_id" : { "$oid" : "53172c1ea85874ad0f8f1c75" }, "a" : 8, "b" : { "$date" : 1394027550092 }, "c" : true, "d" : "documento 8" }
{ "_id" : { "$oid" : "53172c1ea85874ad0f8f1c76" }, "a" : 9, "b" : { "$date" : 1394027550092 }, "c" : true, "d" : "documento 9" }
{ "_id" : { "$oid" : "53172c1ea85874ad0f8f1c77" }, "a" : 10, "b" : { "$date" : 1394027550092 }, "c" : true, "d" : "documento 10" }
{ "_id" : { "$oid" : "53172c1ea85874ad0f8f1c78" }, "a" : 11, "b" : { "$date" : 1394027550092 }, "c" : true, "d" : "documento 11" }
{ "_id" : { "$oid" : "53172c1ea85874ad0f8f1c79" }, "a" : 12, "b" : { "$date" : 1394027550093 }, "c" : true, "d" : "documento 12" }
{ "_id" : { "$oid" : "53172c1ea85874ad0f8f1c7a" }, "a" : 13, "b" : { "$date" : 1394027550093 }, "c" : true, "d" : "documento 13" }
{ "_id" : { "$oid" : "53172c1ea85874ad0f8f1c7b" }, "a" : 14, "b" : { "$date" : 1394027550093 }, "c" : true, "d" : "documento 14" }
{ "_id" : { "$oid" : "53172c1ea85874ad0f8f1c7c" }, "a" : 15, "b" : { "$date" : 1394027550093 }, "c" : true, "d" : "documento 15" }
{ "_id" : { "$oid" : "53172c1ea85874ad0f8f1c7d" }, "a" : 16, "b" : { "$date" : 1394027550093 }, "c" : true, "d" : "documento 16" }
{ "_id" : { "$oid" : "53172c1ea85874ad0f8f1c7e" }, "a" : 17, "b" : { "$date" : 1394027550093 }, "c" : true, "d" : "documento 17" }
{ "_id" : { "$oid" : "53172c1ea85874ad0f8f1c7f" }, "a" : 18, "b" : { "$date" : 1394027550094 }, "c" : true, "d" : "documento 18" }
{ "_id" : { "$oid" : "53172c1ea85874ad0f8f1c80" }, "a" : 19, "b" : { "$date" : 1394027550094 }, "c" : true, "d" : "documento 19" }
{ "_id" : { "$oid" : "53172c1ea85874ad0f8f1c81" }, "a" : 20, "b" : { "$date" : 1394027550094 }, "c" : true, "d" : "documento 20" }
{ "_id" : { "$oid" : "53172c1ea85874ad0f8f1c82" }, "a" : 21, "b" : { "$date" : 1394027550094 }, "c" : true, "d" : "documento 21" }
{ "_id" : { "$oid" : "53172c1ea85874ad0f8f1c83" }, "a" : 22, "b" : { "$date" : 1394027550094 }, "c" : true, "d" : "documento 22" }
{ "_id" : { "$oid" : "53172c1ea85874ad0f8f1c84" }, "a" : 23, "b" : { "$date" : 1394027550094 }, "c" : true, "d" : "documento 23" }
{ "_id" : { "$oid" : "53172c1ea85874ad0f8f1c85" }, "a" : 24, "b" : { "$date" : 1394027550094 }, "c" : true, "d" : "documento 24" }
{ "_id" : { "$oid" : "53172c1ea85874ad0f8f1c86" }, "a" : 25, "b" : { "$date" : 1394027550094 }, "c" : true, "d" : "documento 25" }
{ "_id" : { "$oid" : "53172c1ea85874ad0f8f1c87" }, "a" : 26, "b" : { "$date" : 1394027550095 }, "c" : true, "d" : "documento 26" }
{ "_id" : { "$oid" : "53172c1ea85874ad0f8f1c88" }, "a" : 27, "b" : { "$date" : 1394027550095 }, "c" : true, "d" : "documento 27" }
{ "_id" : { "$oid" : "53172c1ea85874ad0f8f1c89" }, "a" : 28, "b" : { "$date" : 1394027550095 }, "c" : true, "d" : "documento 28" }
{ "_id" : { "$oid" : "53172c1ea85874ad0f8f1c8a" }, "a" : 29, "b" : { "$date" : 1394027550095 }, "c" : true, "d" : "documento 29" }
{ "_id" : { "$oid" : "53172c1ea85874ad0f8f1c8b" }, "a" : 30, "b" : { "$date" : 1394027550095 }, "c" : true, "d" : "documento 30" }
{ "_id" : { "$oid" : "53172c1ea85874ad0f8f1c8c" }, "a" : 31, "b" : { "$date" : 1394027550095 }, "c" : true, "d" : "documento 31" }
{ "_id" : { "$oid" : "53172c1ea85874ad0f8f1c8d" }, "a" : 32, "b" : { "$date" : 1394027550095 }, "c" : true, "d" : "documento 32" }
{ "_id" : { "$oid" : "53172c1ea85874ad0f8f1c8e" }, "a" : 33, "b" : { "$date" : 1394027550095 }, "c" : true, "d" : "documento 33" }
{ "_id" : { "$oid" : "53172c1ea85874ad0f8f1c8f" }, "a" : 34, "b" : { "$date" : 1394027550096 }, "c" : true, "d" : "documento 34" }
{ "_id" : { "$oid" : "53172c1ea85874ad0f8f1c90" }, "a" : 35, "b" : { "$date" : 1394027550096 }, "c" : true, "d" : "documento 35" }
{ "_id" : { "$oid" : "53172c1ea85874ad0f8f1c91" }, "a" : 36, "b" : { "$date" : 1394027550096 }, "c" : true, "d" : "documento 36" }
{ "_id" : { "$oid" : "53172c1ea85874ad0f8f1c92" }, "a" : 37, "b" : { "$date" : 1394027550096 }, "c" : true, "d" : "documento 37" }
{ "_id" : { "$oid" : "53172c1ea85874ad0f8f1c93" }, "a" : 38, "b" : { "$date" : 1394027550096 }, "c" : true, "d" : "documento 38" }
{ "_id" : { "$oid" : "53172c1ea85874ad0f8f1c94" }, "a" : 39, "b" : { "$date" : 1394027550096 }, "c" : true, "d" : "documento 39" }
{ "_id" : { "$oid" : "53172c1ea85874ad0f8f1c95" }, "a" : 40, "b" : { "$date" : 1394027550096 }, "c" : true, "d" : "documento 40" }
{ "_id" : { "$oid" : "53172c1ea85874ad0f8f1c96" }, "a" : 41, "b" : { "$date" : 1394027550096 }, "c" : true, "d" : "documento 41" }
{ "_id" : { "$oid" : "53172c1ea85874ad0f8f1c97" }, "a" : 42, "b" : { "$date" : 1394027550097 }, "c" : true, "d" : "documento 42" }
{ "_id" : { "$oid" : "53172c1ea85874ad0f8f1c98" }, "a" : 43, "b" : { "$date" : 1394027550097 }, "c" : true, "d" : "documento 43" }
{ "_id" : { "$oid" : "53172c1ea85874ad0f8f1c99" }, "a" : 44, "b" : { "$date" : 1394027550097 }, "c" : true, "d" : "documento 44" }
{ "_id" : { "$oid" : "53172c1ea85874ad0f8f1c9a" }, "a" : 45, "b" : { "$date" : 1394027550097 }, "c" : true, "d" : "documento 45" }
{ "_id" : { "$oid" : "53172c1ea85874ad0f8f1c9b" }, "a" : 46, "b" : { "$date" : 1394027550097 }, "c" : true, "d" : "documento 46" }
{ "_id" : { "$oid" : "53172c1ea85874ad0f8f1c9c" }, "a" : 47, "b" : { "$date" : 1394027550097 }, "c" : true, "d" : "documento 47" }
{ "_id" : { "$oid" : "53172c1ea85874ad0f8f1c9d" }, "a" : 48, "b" : { "$date" : 1394027550097 }, "c" : true, "d" : "documento 48" }
{ "_id" : { "$oid" : "53172c1ea85874ad0f8f1c9e" }, "a" : 49, "b" : { "$date" : 1394027550097 }, "c" : true, "d" : "documento 49" }
{ "_id" : { "$oid" : "53172c1ea85874ad0f8f1c9f" }, "a" : 50, "b" : { "$date" : 1394027550098 }, "c" : true, "d" : "documento 50" }
{ "_id" : { "$oid" : "53172c1ea85874ad0f8f1ca0" }, "a" : 51, "b" : { "$date" : 1394027550098 }, "c" : true, "d" : "documento 51" }
{ "_id" : { "$oid" : "53172c1ea85874ad0f8f1ca1" }, "a" : 52, "b" : { "$date" : 1394027550098 }, "c" : true, "d" : "documento 52" }
{ "_id" : { "$oid" : "53172c1ea85874ad0f8f1ca2" }, "a" : 53, "b" : { "$date" : 1394027550098 }, "c" : true, "d" : "documento 53" }
{ "_id" : { "$oid" : "53172c1ea85874ad0f8f1ca3" }, "a" : 54, "b" : { "$date" : 1394027550098 }, "c" : true, "d" : "documento 54" }
{ "_id" : { "$oid" : "53172c1ea85874ad0f8f1ca4" }, "a" : 55, "b" : { "$date" : 1394027550098 }, "c" : true, "d" : "documento 55" }
{ "_id" : { "$oid" : "53172c1ea85874ad0f8f1ca5" }, "a" : 56, "b" : { "$date" : 1394027550098 }, "c" : true, "d" : "documento 56" }
{ "_id" : { "$oid" : "53172c1ea85874ad0f8f1ca6" }, "a" : 57, "b" : { "$date" : 1394027550098 }, "c" : true, "d" : "documento 57" }
{ "_id" : { "$oid" : "53172c1ea85874ad0f8f1ca7" }, "a" : 58, "b" : { "$date" : 1394027550099 }, "c" : true, "d" : "documento 58" }
{ "_id" : { "$oid" : "53172c1ea85874ad0f8f1ca8" }, "a" : 59, "b" : { "$date" : 1394027550099 }, "c" : true, "d" : "documento 59" }
{ "_id" : { "$oid" : "53172c1ea85874ad0f8f1ca9" }, "a" : 60, "b" : { "$date" : 1394027550099 }, "c" : true, "d" : "documento 60" }
{ "_id" : { "$oid" : "53172c1ea85874ad0f8f1caa" }, "a" : 61, "b" : { "$date" : 1394027550099 }, "c" : true, "d" : "documento 61" }
{ "_id" : { "$oid" : "53172c1ea85874ad0f8f1cab" }, "a" : 62, "b" : { "$date" : 1394027550099 }, "c" : true, "d" : "documento 62" }
{ "_id" : { "$oid" : "53172c1ea85874ad0f8f1cac" }, "a" : 63, "b" : { "$date" : 1394027550099 }, "c" : true, "d" : "documento 63" }
{ "_id" : { "$oid" : "53172c1ea85874ad0f8f1cad" }, "a" : 64, "b" : { "$date" : 1394027550099 }, "c" : true, "d" : "documento 64" }
{ "_id" : { "$oid" : "53172c1ea85874ad0f8f1cae" }, "a" : 65, "b" : { "$date" : 1394027550099 }, "c" : true, "d" : "documento 65" }
{ "_id" : { "$oid" : "53172c1ea85874ad0f8f1caf" }, "a" : 66, "b" : { "$date" : 1394027550100 }, "c" : true, "d" : "documento 66" }
