{"chunk_definitions":[{"chunk_id":"csetup_chunk","chunk_label":"setup","document_id":"880C8C03","expansion_state":0,"options":{"engine":"r","include":false,"label":"setup"},"row":30,"row_count":1,"visible":true},{"chunk_id":"czbk86gnert0s","chunk_label":"unnamed-chunk-1","document_id":"880C8C03","expansion_state":0,"options":{"engine":"r","fig.height":2,"label":"unnamed-chunk-30"},"row":62,"row_count":1,"visible":true},{"chunk_id":"cfp9ardvmuyxy","chunk_label":"unnamed-chunk-2","document_id":"880C8C03","expansion_state":0,"options":{"engine":"r","label":"unnamed-chunk-31"},"row":68,"row_count":1,"visible":true},{"chunk_id":"cy48g8x54d1r0","chunk_label":"unnamed-chunk-3","document_id":"880C8C03","expansion_state":0,"options":{"engine":"r","label":"unnamed-chunk-32"},"row":77,"row_count":1,"visible":true},{"chunk_id":"c95ocvy06l7yp","chunk_label":"unnamed-chunk-4","document_id":"880C8C03","expansion_state":0,"options":{"engine":"r","label":"unnamed-chunk-33"},"row":82,"row_count":1,"visible":true},{"chunk_id":"cxd5pca0w6l45","chunk_label":"unnamed-chunk-5","document_id":"880C8C03","expansion_state":0,"options":{"engine":"r","label":"unnamed-chunk-34"},"row":94,"row_count":1,"visible":true},{"chunk_id":"cidv7330helb3","chunk_label":"unnamed-chunk-6","document_id":"880C8C03","expansion_state":0,"options":{"engine":"r","label":"unnamed-chunk-35"},"row":122,"row_count":1,"visible":true},{"chunk_id":"crg0ku1bdte6z","chunk_label":"unnamed-chunk-7","document_id":"880C8C03","expansion_state":0,"options":{"engine":"r","label":"unnamed-chunk-36"},"row":128,"row_count":1,"visible":true},{"chunk_id":"crmhew0cn0oag","chunk_label":"unnamed-chunk-8","document_id":"880C8C03","expansion_state":0,"options":{"engine":"r","fig.height":6,"label":"unnamed-chunk-37"},"row":139,"row_count":1,"visible":true},{"chunk_id":"c27gt3khq0gy5","chunk_label":"unnamed-chunk-9","document_id":"880C8C03","expansion_state":0,"options":{"engine":"r","label":"unnamed-chunk-38","warning":false},"row":166,"row_count":1,"visible":true},{"chunk_id":"cv2thdrli7wb9","chunk_label":"unnamed-chunk-10","document_id":"880C8C03","expansion_state":0,"options":{"engine":"r","label":"unnamed-chunk-39","warning":false},"row":175,"row_count":1,"visible":true},{"chunk_id":"chycr65i49279","chunk_label":"unnamed-chunk-11","document_id":"880C8C03","expansion_state":0,"options":{"engine":"r","label":"unnamed-chunk-40","warning":false},"row":187,"row_count":1,"visible":true},{"chunk_id":"cvgq31dzjdvlw","chunk_label":"unnamed-chunk-12","document_id":"880C8C03","expansion_state":0,"options":{"engine":"r","fig.width":10,"label":"unnamed-chunk-41","out.height":"50%"},"row":208,"row_count":1,"visible":true},{"chunk_id":"cxghyrjgwcggc","chunk_label":"unnamed-chunk-13","document_id":"880C8C03","expansion_state":0,"options":{"engine":"r","label":"unnamed-chunk-42"},"row":216,"row_count":1,"visible":true},{"chunk_id":"cgq9lje0bpywa","chunk_label":"unnamed-chunk-14","document_id":"880C8C03","expansion_state":0,"options":{"engine":"r","label":"unnamed-chunk-43"},"row":224,"row_count":1,"visible":true},{"chunk_id":"cb0fdugreeg1g","chunk_label":"unnamed-chunk-15","document_id":"880C8C03","expansion_state":0,"options":{"engine":"r","label":"unnamed-chunk-44"},"row":233,"row_count":1,"visible":true},{"chunk_id":"cgzdpni0wxhl3","chunk_label":"unnamed-chunk-16","document_id":"880C8C03","expansion_state":0,"options":{"engine":"r","label":"unnamed-chunk-45"},"row":237,"row_count":1,"visible":true},{"chunk_id":"c996fscf1qhwa","chunk_label":"unnamed-chunk-17","document_id":"880C8C03","expansion_state":0,"options":{"engine":"r","label":"unnamed-chunk-46"},"row":245,"row_count":1,"visible":true},{"chunk_id":"cxz0a5f3h743o","chunk_label":"unnamed-chunk-18","document_id":"880C8C03","expansion_state":0,"options":{"engine":"r","label":"unnamed-chunk-47"},"row":253,"row_count":1,"visible":true},{"chunk_id":"csrv4o6421aap","chunk_label":"unnamed-chunk-19","document_id":"880C8C03","expansion_state":0,"options":{"engine":"r","label":"unnamed-chunk-48"},"row":271,"row_count":1,"visible":true},{"chunk_id":"ch4vnfkowxc21","chunk_label":"unnamed-chunk-20","document_id":"880C8C03","expansion_state":0,"options":{"engine":"r","label":"unnamed-chunk-49"},"row":281,"row_count":1,"visible":true},{"chunk_id":"cu5kl3exee3ju","chunk_label":"unnamed-chunk-21","document_id":"880C8C03","expansion_state":0,"options":{"engine":"r","label":"unnamed-chunk-50"},"row":289,"row_count":1,"visible":true},{"chunk_id":"cm132ymnotnql","chunk_label":"unnamed-chunk-22","document_id":"880C8C03","expansion_state":0,"options":{"engine":"r","label":"unnamed-chunk-51"},"row":298,"row_count":1,"visible":true},{"chunk_id":"cliyhxw377h7w","chunk_label":"unnamed-chunk-23","document_id":"880C8C03","expansion_state":0,"options":{"engine":"r","label":"unnamed-chunk-52"},"row":314,"row_count":1,"visible":true},{"chunk_id":"cilrm0uqj6nos","chunk_label":"unnamed-chunk-24","document_id":"880C8C03","expansion_state":0,"options":{"engine":"r","label":"unnamed-chunk-53"},"row":323,"row_count":1,"visible":true},{"chunk_id":"c8i49asl5hjyc","chunk_label":"unnamed-chunk-25","document_id":"880C8C03","expansion_state":0,"options":{"engine":"r","label":"unnamed-chunk-54"},"row":347,"row_count":1,"visible":true},{"chunk_id":"ch6b20z5a23f5","chunk_label":"unnamed-chunk-26","document_id":"880C8C03","expansion_state":0,"options":{"engine":"r","label":"unnamed-chunk-55"},"row":375,"row_count":1,"visible":true},{"chunk_id":"cv8lacsqqmnae","chunk_label":"unnamed-chunk-27","document_id":"880C8C03","expansion_state":0,"options":{"engine":"r","label":"unnamed-chunk-56"},"row":386,"row_count":1,"visible":true},{"chunk_id":"c9dsuqgnj8o6k","chunk_label":"unnamed-chunk-28","document_id":"880C8C03","expansion_state":0,"options":{"engine":"r","label":"unnamed-chunk-57"},"row":405,"row_count":1,"visible":true},{"chunk_id":"c4jgvrtvw0gjr","chunk_label":"unnamed-chunk-29","document_id":"880C8C03","expansion_state":0,"options":{"engine":"r","label":"unnamed-chunk-58"},"row":414,"row_count":1,"visible":true},{"chunk_id":"cdvtq5kq5wpwu","chunk_label":"unnamed-chunk-30","document_id":"880C8C03","expansion_state":0,"options":{"engine":"r","label":"unnamed-chunk-59"},"row":422,"row_count":1,"visible":true},{"chunk_id":"chhpw8jp2kdr4","chunk_label":"unnamed-chunk-31","document_id":"880C8C03","expansion_state":0,"options":{"engine":"r","label":"unnamed-chunk-60"},"row":437,"row_count":1,"visible":true},{"chunk_id":"cu5xm83oujxgu","chunk_label":"unnamed-chunk-32","document_id":"880C8C03","expansion_state":0,"options":{"engine":"r","label":"unnamed-chunk-61"},"row":452,"row_count":1,"visible":true},{"chunk_id":"caxr7vyk72bf1","chunk_label":"unnamed-chunk-33","document_id":"880C8C03","expansion_state":0,"options":{"engine":"r","label":"unnamed-chunk-62"},"row":461,"row_count":1,"visible":true},{"chunk_id":"cfl65p4b74yvi","chunk_label":"unnamed-chunk-34","document_id":"880C8C03","expansion_state":0,"options":{"engine":"r","label":"unnamed-chunk-63"},"row":472,"row_count":1,"visible":true},{"chunk_id":"cwq1adz6gs65m","chunk_label":"unnamed-chunk-35","document_id":"880C8C03","expansion_state":0,"options":{"engine":"r","label":"unnamed-chunk-64"},"row":484,"row_count":1,"visible":true},{"chunk_id":"cxbp8iugnbn69","chunk_label":"unnamed-chunk-36","document_id":"880C8C03","expansion_state":0,"options":{"engine":"r","label":"unnamed-chunk-65","warning":false},"row":502,"row_count":1,"visible":true},{"chunk_id":"cnymhh8f4sdyp","chunk_label":"unnamed-chunk-37","document_id":"880C8C03","expansion_state":0,"options":{"engine":"r","label":"unnamed-chunk-66"},"row":507,"row_count":1,"visible":true},{"chunk_id":"caxi18lm19gyl","chunk_label":"unnamed-chunk-38","document_id":"880C8C03","expansion_state":0,"options":{"engine":"r","label":"unnamed-chunk-67","warning":false},"row":543,"row_count":1,"visible":true},{"chunk_id":"cseoudcmbf56c","chunk_label":"unnamed-chunk-39","document_id":"880C8C03","expansion_state":0,"options":{"engine":"r","label":"unnamed-chunk-68","warning":false},"row":566,"row_count":1,"visible":true},{"chunk_id":"ccux754dt6r1m","chunk_label":"unnamed-chunk-40","document_id":"880C8C03","expansion_state":0,"options":{"engine":"r","label":"unnamed-chunk-69"},"row":577,"row_count":1,"visible":true},{"chunk_id":"ce0refqo1l4sd","chunk_label":"unnamed-chunk-41","document_id":"880C8C03","expansion_state":0,"options":{"engine":"r","label":"unnamed-chunk-70"},"row":594,"row_count":1,"visible":true},{"chunk_id":"cqwpqjzhqrdhe","chunk_label":"unnamed-chunk-42","document_id":"880C8C03","expansion_state":0,"options":{"engine":"r","label":"unnamed-chunk-71"},"row":606,"row_count":1,"visible":true},{"chunk_id":"cdz55xtozfxpi","chunk_label":"unnamed-chunk-43","document_id":"880C8C03","expansion_state":0,"options":{"engine":"r","label":"unnamed-chunk-72"},"row":619,"row_count":1,"visible":true},{"chunk_id":"cnkbd2seihn6g","chunk_label":"unnamed-chunk-44","document_id":"880C8C03","expansion_state":0,"options":{"engine":"r","label":"unnamed-chunk-73"},"row":634,"row_count":1,"visible":true},{"chunk_id":"cqw2l9xce2wz2","chunk_label":"unnamed-chunk-45","document_id":"880C8C03","expansion_state":0,"options":{"engine":"r","label":"unnamed-chunk-74"},"row":643,"row_count":1,"visible":true},{"chunk_id":"cmquzvhus5bex","chunk_label":"unnamed-chunk-46","document_id":"880C8C03","expansion_state":0,"options":{"engine":"r","fig.height":5,"fig.width":6,"label":"unnamed-chunk-75"},"row":652,"row_count":1,"visible":true},{"chunk_id":"cq1gq3dfgcqd8","chunk_label":"unnamed-chunk-47","document_id":"880C8C03","expansion_state":0,"options":{"engine":"r","label":"unnamed-chunk-76"},"row":668,"row_count":1,"visible":true},{"chunk_id":"ceurtxk1c9n5w","chunk_label":"unnamed-chunk-48","document_id":"880C8C03","expansion_state":0,"options":{"engine":"r","label":"unnamed-chunk-77"},"row":681,"row_count":1,"visible":true},{"chunk_id":"cuangkc3vkz0z","chunk_label":"unnamed-chunk-49","document_id":"880C8C03","expansion_state":0,"options":{"engine":"r","label":"unnamed-chunk-78"},"row":695,"row_count":1,"visible":true},{"chunk_id":"cybwoheo6aava","chunk_label":"unnamed-chunk-50","document_id":"880C8C03","expansion_state":0,"options":{"engine":"r","label":"unnamed-chunk-79"},"row":707,"row_count":1,"visible":true},{"chunk_id":"c7wrfgnr0kbtv","chunk_label":"unnamed-chunk-51","document_id":"880C8C03","expansion_state":0,"options":{"engine":"r","label":"unnamed-chunk-80"},"row":718,"row_count":1,"visible":true},{"chunk_id":"co8q46c76drw8","chunk_label":"unnamed-chunk-52","document_id":"880C8C03","expansion_state":0,"options":{"engine":"r","label":"unnamed-chunk-81"},"row":726,"row_count":1,"visible":true},{"chunk_id":"cs46yr4iwh9rl","chunk_label":"unnamed-chunk-53","document_id":"880C8C03","expansion_state":0,"options":{"engine":"r","label":"unnamed-chunk-82"},"row":739,"row_count":1,"visible":true},{"chunk_id":"c2obvganp3uk6","chunk_label":"unnamed-chunk-54","document_id":"880C8C03","expansion_state":0,"options":{"engine":"r","label":"unnamed-chunk-83"},"row":751,"row_count":1,"visible":true},{"chunk_id":"cxiv8mqqiwflj","chunk_label":"unnamed-chunk-55","document_id":"880C8C03","expansion_state":0,"options":{"engine":"r","label":"unnamed-chunk-84"},"row":762,"row_count":1,"visible":true},{"chunk_id":"c9hyt8rvbh9s6","chunk_label":"unnamed-chunk-56","document_id":"880C8C03","expansion_state":0,"options":{"engine":"r","label":"unnamed-chunk-85"},"row":778,"row_count":1,"visible":true},{"chunk_id":"c8zzt0ex2npeb","chunk_label":"unnamed-chunk-57","document_id":"880C8C03","expansion_state":0,"options":{"engine":"r","label":"unnamed-chunk-86"},"row":786,"row_count":1,"visible":true},{"chunk_id":"c5ixkc6vk2qli","chunk_label":"unnamed-chunk-58","document_id":"880C8C03","expansion_state":0,"options":{"engine":"r","label":"unnamed-chunk-87"},"row":793,"row_count":1,"visible":true},{"chunk_id":"clh16tp1em57z","chunk_label":"unnamed-chunk-59","document_id":"880C8C03","expansion_state":0,"options":{"engine":"r","label":"unnamed-chunk-88"},"row":808,"row_count":1,"visible":true},{"chunk_id":"c126ndgbhrs9o","chunk_label":"unnamed-chunk-60","document_id":"880C8C03","expansion_state":0,"options":{"engine":"r","label":"unnamed-chunk-89","warning":false},"row":829,"row_count":1,"visible":true},{"chunk_id":"ceg368cat3wxj","chunk_label":"unnamed-chunk-61","document_id":"880C8C03","expansion_state":0,"options":{"engine":"r","label":"unnamed-chunk-90","warning":false},"row":843,"row_count":1,"visible":true},{"chunk_id":"c03vdroqtjo48","chunk_label":"unnamed-chunk-62","document_id":"880C8C03","expansion_state":0,"options":{"engine":"r","label":"unnamed-chunk-91"},"row":855,"row_count":1,"visible":true},{"chunk_id":"cpagqmsvo7gr3","chunk_label":"unnamed-chunk-63","document_id":"880C8C03","expansion_state":0,"options":{"engine":"r","fig.height":8,"fig.width":12,"label":"unnamed-chunk-92"},"row":862,"row_count":1,"visible":true},{"chunk_id":"crkay1rw2eo39","chunk_label":"unnamed-chunk-64","document_id":"880C8C03","expansion_state":0,"options":{"engine":"r","fig.height":8,"fig.width":12,"label":"unnamed-chunk-93"},"row":872,"row_count":1,"visible":true},{"chunk_id":"cuf7gkj2v0rd2","chunk_label":"unnamed-chunk-65","document_id":"880C8C03","expansion_state":0,"options":{"engine":"r","label":"unnamed-chunk-94"},"row":885,"row_count":1,"visible":true},{"chunk_id":"cpufq8mjr7fl6","chunk_label":"unnamed-chunk-66","document_id":"880C8C03","expansion_state":0,"options":{"engine":"r","label":"unnamed-chunk-95"},"row":919,"row_count":1,"visible":true},{"chunk_id":"cvbota3oblbeb","chunk_label":"unnamed-chunk-67","document_id":"880C8C03","expansion_state":0,"options":{"engine":"r","label":"unnamed-chunk-96"},"row":944,"row_count":1,"visible":true},{"chunk_id":"cc1p2k1cl41ew","chunk_label":"unnamed-chunk-68","document_id":"880C8C03","expansion_state":0,"options":{"engine":"r","label":"unnamed-chunk-97","warning":false},"row":952,"row_count":1,"visible":true},{"chunk_id":"cki8vwv79umzc","chunk_label":"unnamed-chunk-69","document_id":"880C8C03","expansion_state":0,"options":{"engine":"r","label":"unnamed-chunk-98","warning":false},"row":961,"row_count":1,"visible":true}],"doc_write_time":1606221098}